Time (cycle),Amplitude_Mean,Amplitude_Standard_deviation,Amplitude_Skewness,Amplitude_Kurtosis,Counts_Mean,Counts_Standard_deviation,Counts_Skewness,Counts_Kurtosis,Duration_Mean,Duration_Standard_deviation,Duration_Skewness,Duration_Kurtosis,Energy_Mean,Energy_Standard_deviation,Energy_Skewness,Energy_Kurtosis,Rise-Time_Mean,Rise-Time_Standard_deviation,Rise-Time_Skewness,Rise-Time_Kurtosis,RMS_Mean,RMS_Standard_deviation,RMS_Skewness,RMS_Kurtosis
501,18.42248448,14.47602288,2.260346389,7.252636464,50.61901391,29.45067616,0.98326064,1.369010287,2309.353227,1251.083477,0.669432146,-0.074783523,1.75923E+12,4.82912E+11,-0.938571814,1.520736394,87.72087618,34.9149088,0.129445062,-0.471132813,9.658272039,5.658172744,1.098513706,1.808890955
1001,25.73984945,34.71723127,5.186361815,31.47803784,61.37317133,34.41642205,0.796098641,0.908374101,3175.574577,1541.363128,0.492194713,-0.203717903,2.77204E+12,1.0765E+12,-0.271703872,-1.014625631,102.3858465,41.15326116,0.349273623,0.045792718,12.37663311,9.458779721,2.836901886,11.94467086
1501,19.83690789,31.61451583,5.475648222,34.67453719,41.68127815,23.10099942,0.69527463,0.356775496,2396.770602,1141.291818,0.681350866,0.432671217,2.73322E+12,1.39753E+12,-0.336393429,-1.308232922,62.75204836,29.40737394,1.160579498,2.722734542,8.197021553,7.302411774,4.024979451,22.23892097
2001,14.34110017,33.99574438,6.491569618,44.89783793,20.36124578,35.91788515,5.108057362,27.76008233,1117.250133,1641.996707,5.128972397,28.06215405,2.06968E+12,5.23221E+11,-0.423683259,-0.159528699,18.03678502,10.31158833,2.265585447,8.570108198,3.74407299,6.041908985,6.226034035,43.43612228
2501,13.4655862,32.40342583,6.575448645,46.38200715,9.852142023,24.27907261,4.358597589,19.46901987,434.3312497,977.7169464,5.058105319,27.97113042,7.61495E+11,1.95976E+11,4.048481296,26.86999266,6.886090604,13.24755588,4.417920506,23.61122114,2.837196174,6.085801698,6.519424687,46.88856432
3001,13.59768488,32.50225923,6.606737454,46.98348025,7.739224308,15.59660913,4.528329287,25.17040096,364.5170549,700.1732129,4.549611052,23.64165911,68543285932,91449021253,4.091593105,20.1367679,7.896349438,15.98710196,3.655561099,14.81479774,2.999040658,7.004872261,6.324984181,42.92174916
3501,13.74224648,32.89231506,6.488093051,45.18301174,7.001127845,11.74664481,3.817439607,18.0120245,367.7692226,677.2114101,5.507588253,35.82229124,39103800054,41723409573,1.868492334,4.468605746,9.26633225,20.32825099,3.219094273,10.15392541,2.743422147,5.565200815,6.2340956,43.49113596
4001,13.42281424,31.63528136,6.576225237,46.61159372,7.122945024,14.40957431,5.367426216,33.4616337,393.6195112,840.6761252,5.658265143,35.66558081,36422338770,48823912344,4.497154612,25.3132835,8.146506974,19.58806422,3.755286159,14.59986492,2.885257994,5.944582551,5.868900166,39.07822735
4501,13.30393715,30.38399758,6.429680885,44.6995694,6.204392623,12.65762049,4.644363761,23.47990666,311.6163214,603.7458539,5.854939366,38.85629847,19961516851,33018646114,3.933230196,16.72033376,8.130034022,22.49570156,4.567448213,21.97165063,3.025475629,7.649457505,6.443839088,44.14734233
5001,12.79547368,27.64830378,6.462880024,46.02277222,4.866763232,8.954503951,4.768954763,25.55032367,300.5996954,582.4569877,5.237989677,30.46183922,10677602541,19759695196,4.011193081,16.86349394,4.269561358,8.080549144,4.000939586,17.78460307,2.994986312,7.682424496,6.4428822,44.07570885
5501,12.82102971,29.45598385,6.56313608,46.56530674,5.128316656,10.81465592,5.847125309,38.83519711,315.1441911,793.6538533,6.56567052,45.81604724,7988352196,15034572362,6.01636656,41.72594588,3.721860435,7.371826686,5.245216735,31.53652026,2.756041991,6.617058837,6.551155601,46.02528436
6001,12.99068185,30.3762592,6.476448743,45.11868897,6.285854783,15.89287015,4.965017007,25.42524395,362.838951,938.465792,5.974966034,38.0850885,7686276205,16114715602,5.79100129,37.12700228,3.042663291,4.688938929,4.309501482,21.17108617,2.554475339,5.66981191,6.550360454,46.68330654
6501,12.63951124,28.90788323,6.565979491,46.72203832,5.027656181,10.53075476,5.55080891,35.16416824,308.3049893,704.6010304,6.515581082,46.11193757,6068816353,12015944951,6.287662104,44.44278605,2.948693466,4.794672498,5.294023318,34.212159,2.534980377,5.5182407,6.475489962,45.98626343
7001,12.67312183,29.69496522,6.585193127,46.6945669,4.988207565,12.18194067,6.540397093,45.93245517,304.4619667,671.6456374,6.462042917,46.02360681,5566894157,11142321611,6.353214467,45.00345901,3.178899418,5.586906126,5.350391881,33.36610591,2.521076468,5.473824296,6.340186255,43.87600674
7501,12.77712057,30.4422594,6.554926912,46.12657762,5.432694376,12.80432349,6.013777343,39.40464601,312.7700558,741.9200286,6.500613671,45.35947361,5255700994,10901003233,6.369312219,44.7944674,3.935622855,6.044017941,4.08438958,21.40957521,2.386811685,4.940880181,6.398672743,45.46145322
8001,12.66973711,29.86627295,6.552534921,46.15221451,5.031706892,11.12282886,6.314258593,44.14103247,304.7904222,723.5221314,6.559681219,46.18867947,4926812460,10380633169,6.382896933,44.79624451,6.112467657,10.31630087,4.385905131,23.74413061,2.398553161,5.325201752,6.584342625,47.30575902
8501,12.44025459,28.42083289,6.54124905,46.2682397,4.75900906,10.74610573,6.445942283,44.95483605,298.9001824,693.8088267,6.583053769,46.80797299,4608392487,9531821295,6.371342171,44.79309159,8.544194205,11.69022157,2.715748167,8.244226978,2.483845072,6.093874192,6.482626526,44.85751348
9001,12.39896609,27.96618518,6.561055207,46.7611599,4.695254073,10.17533058,6.496059714,46.46503327,300.4681939,720.2164037,6.639590654,47.31086691,4364494170,8792666755,6.360386349,44.9832108,9.549122523,11.31153487,2.585486251,8.764430875,2.453768261,6.096919926,6.687840989,47.76003981
9501,12.57240581,29.33920791,6.541441458,46.08723218,4.862133301,11.08208519,6.453880205,45.08503773,308.6152844,740.7969669,6.39299382,43.66068311,4219881179,8586737826,6.342261159,44.61777254,10.2980065,12.87729424,3.361073468,15.66218903,2.563142801,6.372995224,6.35189332,42.95674961
10001,12.50530506,29.11385595,6.537588924,46.04897745,4.936199221,11.19346272,6.585264523,46.83819374,282.0837058,597.4140277,6.505437179,46.62361806,4058789451,8326336162,6.354359069,44.67130153,11.69629788,26.70717628,5.764754344,35.92774796,2.239178738,4.863018581,6.499980778,46.14124376
10501,12.48750818,28.76494314,6.574249362,46.76745077,5.002874589,11.75181447,6.483845628,45.08874187,297.0600483,636.0149223,6.236327006,43.36745051,3957245533,8124777616,6.37793526,45.00742731,10.73063549,27.92935407,5.787769883,35.74254018,2.235677973,4.625696703,6.237927789,43.83143553
11001,12.65745383,29.95748423,6.568027959,46.35665499,4.763471598,10.94374234,6.479159037,45.5262071,307.4074336,722.9884445,6.412807052,44.40438684,4183163735,8084371601,6.132267669,42.19050886,9.753361762,27.04603093,6.028728285,39.33362073,2.27867469,5.452686235,6.472572321,44.84932493
11501,12.70870479,30.06312861,6.537672066,45.91229216,4.742027712,10.29456811,6.297424172,43.39083974,306.0604121,730.4770971,6.414836639,44.05340575,4836647802,7867421195,5.181979534,32.08144743,11.55837696,34.72245701,5.989284131,37.63411758,2.234044707,4.905767591,6.22107967,42.24455227
12001,12.53617943,28.7525155,6.551077665,46.37400989,4.38645661,8.628897394,6.375566056,45.55745079,281.5266213,588.0063107,6.420000425,45.5015576,49832643069,10356462162,-2.415364399,8.034599131,11.14335146,24.5050482,4.788741342,23.77924377,2.123737367,4.30291655,6.127542069,42.48843426
12501,12.49858619,28.351299,6.564768366,46.76831688,4.662216774,9.615557113,6.113711268,42.16476818,299.3095478,621.6576197,5.935125243,39.76636149,2.55474E+11,47328076484,-3.958999465,14.56866065,10.48829699,17.53267238,4.698292257,27.74705537,2.102494737,4.643446037,6.399087664,44.55392362
13001,12.73851118,30.28378622,6.609832327,46.95397634,5.088383816,12.70028146,6.585994325,46.42059181,320.3954658,791.9861698,6.547767107,45.96147587,5.38174E+11,84271064826,-4.657986343,21.27089821,8.571081602,12.83015356,4.11706039,21.14532517,2.075535927,4.687315313,6.60310949,47.37168173
13501,12.99486116,31.73558746,6.506828582,45.22633323,5.561938411,15.40284842,6.2815201,41.21522883,341.4397606,938.9079771,6.403068214,42.99477601,5.42683E+11,69349859806,-1.0787503,33.39867817,9.888184298,24.51928553,5.299454092,29.82617962,2.17734991,5.231042297,6.501826065,45.22696233
14001,12.65913834,29.71472681,6.587846526,46.69504161,4.787955468,11.39500361,6.470975049,45.28674956,308.7818116,775.4272949,6.519400611,45.28684105,2.38562E+11,48537563994,-0.023514719,18.97841535,8.400993884,23.36228046,6.557250316,45.15273007,2.138789422,4.94956129,6.490899167,45.44200888
14501,12.58498276,28.62683144,6.506122093,45.84635156,4.727326145,9.831740375,6.080050148,41.5498977,291.4765227,639.0782216,6.362391182,44.32281073,41130319305,16153853211,3.271484005,15.51470229,8.349504625,21.8905562,6.514362991,44.7458547,2.096598134,4.549183957,6.42932958,45.26138553
15001,12.4547394,27.80051409,6.556738607,46.76886605,4.324822851,8.624865231,6.338693638,44.94544862,266.5249963,523.9419408,6.302796052,44.57851999,5303977845,8423262565,4.035897022,18.57627186,8.215354305,18.70189427,6.553418109,46.60279878,2.017531105,4.340232602,6.526182757,46.70552409
15501,12.64155935,29.16816984,6.54634309,46.29344008,4.329833146,9.048199748,6.42654299,45.84981489,263.7997196,519.1449394,6.197136701,43.5889455,4129448081,7493859204,5.990019729,41.1340469,8.182652005,17.9657815,6.408952708,44.9303069,2.075874537,4.727367383,6.550124785,46.52466227
16001,12.75245378,30.25252768,6.584091997,46.53990362,4.377766546,10.63561964,6.562188546,45.96649501,261.2148359,602.9048646,6.587279728,46.80743823,3984244678,8339638793,6.387925098,44.88526335,8.043595879,17.37094403,6.439125513,45.49475038,2.198853206,5.077540806,6.346564606,43.35956883
16501,12.82490354,30.63576802,6.563189039,46.23463105,4.307071411,10.59672454,6.61142308,46.8235145,265.9324896,677.1393039,6.606833169,46.37962063,4132186654,8744957318,6.32639909,43.9130653,8.033834132,17.83367374,6.550847021,46.8892784,2.064854009,4.161958429,6.259644991,43.54757879
17001,12.79894329,30.52102961,6.605927968,46.8352352,4.670754764,12.11710638,6.642139524,47.04484304,270.2601473,717.2158555,6.638729087,46.55110555,4147132553,8471703664,6.369684985,44.94626633,9.853293919,21.11616774,6.193199691,42.90606844,2.087853497,3.899262773,5.776942862,38.63308192
17501,12.83304339,30.48322068,6.540973151,45.92969866,5.328708964,12.85670633,5.484288589,32.10021809,289.9140777,694.3644401,6.239433203,41.74274145,4264239948,8655400151,6.387979298,45.278775,17.96809379,28.77292156,4.776153871,28.68946016,2.142008016,4.730677402,6.621399302,48.19698192
18001,12.57180469,29.04248508,6.575247009,46.70207758,4.36981709,6.790476687,4.521140233,25.05892575,268.0847709,473.6860977,5.712776696,38.51185805,4525669452,9565086418,6.385194387,44.78187003,23.8412252,33.17803904,3.444229999,15.70000307,2.544022956,7.321702854,6.526403086,44.57141583
18501,12.58059458,29.17309565,6.56190108,46.49283297,4.691791129,9.155020388,5.133541131,29.21069229,257.7439747,442.1887377,5.019093817,30.17035298,4723015947,9606914848,6.231967778,42.94690294,17.37413111,21.5040456,2.734594945,10.81589396,2.778426981,7.242808245,5.59369183,33.1942973
19001,12.53925226,29.54989184,6.583393254,46.61501712,5.345969694,13.90327679,5.323418792,29.72919312,234.1546249,478.3700281,6.228524562,43.47345387,4869726992,9211326884,6.164386297,43.22861056,11.25875619,21.24299739,5.359069278,34.69406185,2.335105594,4.849842018,5.798684863,38.07533678
19501,12.68056968,30.07173952,6.522141255,45.68005768,4.289436983,10.38116181,6.37620249,43.69759843,241.4185847,575.0889715,6.490192215,45.22030071,5215386295,9965447955,6.146850898,42.48032086,12.3056715,27.33256659,5.181004145,29.17665128,2.178052399,4.214805858,6.075541984,41.49132512
20001,12.25051238,27.54047894,6.468929086,45.32514747,3.876884783,7.297500566,5.905576624,39.37095361,248.1180166,556.3706906,5.961595784,38.60551837,5548467317,10062147578,6.08248647,42.29525467,10.12554642,13.60709075,2.973060468,11.08126535,2.052703878,3.520110902,5.816706298,40.03951454
20501,12.10647693,25.76980279,6.440339759,45.9509566,3.956445201,6.35269867,4.612186343,24.43571683,218.4566629,401.2896832,5.82793775,39.47504944,6351999424,11508248381,6.067625694,42.44272985,10.08486815,15.22197735,3.477479335,13.99070132,2.189804634,4.209773788,6.116320027,42.72651662
21001,12.50049981,28.9244292,6.542187158,46.20423062,4.919951815,8.415593994,6.094419889,43.18313403,234.3225723,487.0801101,6.230661981,43.71161273,7857427592,14912429223,5.998239684,40.38848705,8.536511256,17.78397095,5.606041475,35.85127438,2.616660666,5.781959669,6.021553701,39.4470582
21501,12.97787574,30.48778462,6.454813023,44.73465088,7.076743006,16.33073859,5.730709336,34.70307988,282.5762316,703.7752581,6.047716075,38.9962192,9160109046,14729522724,5.553717878,36.66059224,9.035073246,26.47279445,6.287229297,41.77653918,2.550726873,5.031020014,6.148428721,42.04791436
22001,12.57965156,28.1004459,6.483397129,45.59686412,6.588707925,12.21953743,4.179617652,19.53269882,304.0702899,632.7709707,5.102598253,29.74352032,12192047128,16765716934,4.175063287,22.20764166,11.79431408,33.03068745,5.59539751,34.25168287,2.668071191,4.557300575,5.435222376,35.06993298
22501,12.44147603,26.39925986,6.499258345,46.77075223,6.964333211,12.67723977,3.273575997,10.63910831,373.7503402,661.4184207,3.040491876,8.815636895,26446402227,31017716786,3.360778684,15.2809043,12.40893494,23.31608136,2.768116907,6.945311443,3.206838488,7.222405354,6.36644386,45.08116436
23001,13.63675533,32.88235814,6.591121756,46.84279847,9.089834769,18.63510708,3.512738547,12.33579068,534.6344791,1056.112548,3.267389484,10.52254941,86101671340,95677048013,1.828468786,2.995837655,13.38773125,24.92810405,3.7967945,17.78202599,4.833151889,14.70981771,5.965660311,36.86375776
23501,15.54970269,38.54668658,5.984231024,38.42361808,12.84995174,27.69670016,3.324575688,10.35753805,759.3076246,1613.209244,3.261483397,9.87886869,6.1672E+11,9.15294E+11,2.5350224,6.887893535,11.16079049,18.84017701,3.371054631,11.8059665,4.678400499,12.3110561,6.011852011,38.5579589
24001,13.55706798,29.95590503,6.463247754,46.02152745,14.40702974,31.00295461,4.112734488,18.35050472,822.0775705,1760.922031,3.964327603,17.09014422,2.08372E+12,3.67931E+12,3.026629644,9.429114701,10.37766629,14.10893595,2.789425828,9.008607534,4.366970988,8.989604666,5.959633151,40.59467397
24501,13.87139896,31.58625099,6.359804003,44.44094394,17.43946933,37.13578271,3.391829583,11.78440615,1000.227619,2182.482355,3.368754263,11.51963412,3.76969E+12,7.41715E+12,3.020788744,9.121807595,12.99715919,19.79648951,3.264468097,13.16423966,4.63610791,10.45944453,6.289707288,43.75045608
25001,14.62272349,35.46130016,6.483379439,45.44720025,17.444872,33.94582869,2.651174833,6.361015265,1048.649055,2094.292326,2.759910893,7.246929055,4.01644E+12,8.18466E+12,2.924101881,8.463164479,15.83853859,28.16981849,2.711809639,6.443552853,5.185338551,12.97627909,6.251833079,42.36020847
25501,15.42181446,38.69156296,6.281915864,42.03138571,15.96212044,36.53258472,4.320725449,21.32052624,923.0639908,2075.834285,4.228762482,20.58020034,2.55E+12,5.08218E+12,2.625922648,6.65295436,22.35516896,49.94113598,3.386431498,11.25877434,5.401638736,14.56552359,6.361020091,42.83225442
26001,13.50103237,28.90264913,6.361426583,44.68960401,13.70790241,27.75384661,3.535506711,13.60424025,775.5430499,1585.307181,3.626824802,14.38489711,9.37923E+11,1.97533E+12,2.750851044,7.773890936,46.9370008,105.0112452,3.312234167,10.92920741,5.118964433,11.07145233,5.705110076,36.78125931
26501,14.10671168,28.87560879,6.018218259,41.02657559,13.50993292,24.26479123,3.545460298,15.95135617,775.2523678,1446.157068,3.470417809,14.56039108,89690851466,1.80305E+11,2.998421705,8.792525231,82.40422099,172.2562923,2.911192969,8.481687876,5.396452449,11.61703889,5.212623183,29.86986182
27001,14.34238173,32.87366454,6.373229491,43.88979384,12.91767793,23.38687048,3.091968365,9.914529902,810.9629786,1706.189895,3.721156039,14.77549014,38636722233,71813845881,3.307830666,11.15134668,96.69698368,195.2557728,2.595827131,5.995176388,5.394264763,12.58275926,5.873544475,38.11923787
27501,13.93429416,33.21923856,6.635036507,47.45036138,9.700754775,19.23095447,4.50118793,22.99399438,558.3032238,1164.836172,4.660439535,24.09601216,29796103605,42392107781,2.751050045,7.741513512,65.78580099,119.2967014,2.863855459,8.021268434,5.452704866,14.22232817,6.372213681,44.01122311
28001,14.5131021,37.4448564,6.613783829,46.40423819,10.55758076,28.49665564,5.861865169,36.42842225,565.3203449,1570.123992,6.198269065,40.56688103,34451176642,50447420181,4.20858748,20.11709883,44.07206734,52.89456676,2.2620231,5.347953047,6.34287416,17.64745645,5.935522135,37.18830698
28501,14.91568824,38.26080904,6.476685211,44.4338473,10.92726582,31.26253781,6.089872273,38.78999368,646.0078535,1843.969146,6.114669228,39.2653298,26343656089,23340862091,2.01428229,6.589706224,44.99090838,51.29702304,2.128615985,6.040319291,5.541366617,12.40590145,6.092194417,40.27683586
29001,13.45707216,30.74252341,6.493688697,45.55799724,9.858752895,19.90386535,4.472024443,21.31205202,627.4274846,1238.173185,4.606343232,22.98020237,21733071728,17856349137,1.135092647,0.782805786,51.93692959,69.47188044,2.828493739,10.78421844,4.976734995,7.670740271,4.779390631,28.43448144
29501,13.50452452,28.22779304,6.264682614,43.99579059,8.311870618,13.04887962,3.972667787,20.37873595,553.6134123,789.3817189,3.590811259,16.53125449,20635590104,19307844543,1.70188144,4.411884584,45.66858221,53.7163625,1.895422414,3.623861002,5.829000286,11.4755534,4.86740736,27.05150268
30001,14.04193028,31.12374453,6.278968431,42.83301306,6.804825233,9.39877708,2.882042344,8.909281896,474.4735237,627.7684482,2.676168064,7.794421677,19892065928,20374114951,2.292465516,6.59067451,25.94061433,27.01111066,1.423473197,1.68189382,7.938811115,21.15232474,5.180852162,28.80411648
30501,13.42650345,27.88915044,6.400387692,45.17382728,6.482466726,10.16799172,3.463126636,13.69196395,422.1055961,628.2997825,3.116280373,10.73961805,29372630681,53686972239,3.07044135,9.058699176,15.29430411,17.60243688,2.717559312,9.675965653,6.364087523,12.65802148,3.513903762,13.0119651
31001,13.58957333,27.11679691,6.316093626,44.78138442,7.412099438,13.69764733,3.435891917,11.86629755,479.9060134,843.3712103,3.212439019,10.31072964,1.05785E+11,2.57855E+11,2.94294475,7.929928554,10.11325572,15.26074138,2.841244472,8.261072023,7.042639067,13.99107215,3.193784772,9.539925169
31501,14.5341723,32.96567708,6.60201611,47.5256319,11.25785554,26.20564184,4.448677786,22.7065558,731.5215187,1673.619236,4.312349831,21.43723892,2.73809E+11,6.47565E+11,2.524437658,5.237500774,9.581494922,17.78348994,3.666673084,15.18622336,6.400066532,12.4032356,3.483094307,12.04687465
32001,16.81181912,43.12465405,6.303230432,42.12030294,12.75472986,33.73891137,4.97612493,26.80825073,842.5554923,2206.433046,4.791804213,24.75688715,3.09002E+11,6.77623E+11,2.533818181,5.447520091,8.54810693,18.84075528,4.878407171,26.68078921,5.698840491,10.55157774,3.863849474,16.80712667
32501,15.93536437,39.93263327,6.666532663,47.3245969,10.78517539,24.60607124,5.389115685,33.54111331,706.441275,1627.993294,5.18743966,30.89496327,2.3268E+11,4.75221E+11,3.489707991,14.71514457,11.51167465,21.13631781,3.597295083,13.04055369,5.404392917,11.04716385,5.347546454,33.3930759
33001,16.68962509,40.78592575,6.574592194,46.25378822,12.29025206,29.68684024,5.883230038,37.97998824,787.4722454,2014.291051,5.949658878,38.28308733,1.96022E+11,3.85968E+11,3.75167317,16.23235598,17.88674696,27.87121032,3.225315699,11.03624096,6.584512497,17.35546896,5.980977581,37.82209554
33501,16.45515145,39.573832,6.584140332,46.4859266,11.48739822,26.03535325,6.010516837,40.25683669,714.2694083,1673.814792,6.111744733,41.2098088,1.27591E+11,2.22767E+11,4.355881572,24.08130993,20.75976367,41.2218865,4.640777865,24.08734646,5.840633636,15.12709744,6.564330768,45.79431973
34001,16.881927,40.2739208,6.594540952,46.89236628,11.32607932,27.32652817,6.166275848,42.04667161,711.503901,1727.958808,6.089189978,40.95627083,1.11993E+11,2.37765E+11,5.111897333,29.9784387,10.06594708,17.60900061,3.778188991,16.01277635,6.175644996,15.54032079,6.516911618,45.7613179
34501,17.30693763,42.25671459,6.489892648,44.97936763,12.42479487,31.80236084,5.944082468,37.7977394,778.6107946,1996.402661,5.884036622,37.0662167,1.12762E+11,2.5944E+11,4.775999993,23.59231927,6.964551353,13.38949339,3.986500359,16.54905683,6.501032566,15.97657717,6.166168575,40.77548737
35001,16.62502774,38.95539139,6.582748139,46.69740216,10.45373041,23.4297605,6.535513164,46.60876639,644.6832806,1435.627626,6.519055548,46.44716101,94940631622,1.63023E+11,4.780845473,26.21144247,5.558807352,10.98650938,6.016455285,41.05764523,5.879610496,12.67759938,6.408887679,45.42623986
35501,16.63460793,38.76171469,6.595998141,46.97545643,10.7831711,24.47782021,6.39260895,45.07234428,659.5002156,1490.615537,6.371490361,44.83504643,93594730082,1.48289E+11,5.251554589,33.87751765,5.480333097,12.45663742,6.491070956,45.88747302,5.884474975,12.68555198,6.435702816,45.74380722
36001,16.75269203,40.20555872,6.583747763,46.45961857,11.25500342,28.84998698,6.473493264,44.50515079,690.556176,1777.63391,6.448778897,44.12125688,1.03807E+11,1.9565E+11,5.335802157,33.15646247,5.687793071,13.4867232,6.191750842,41.39718676,6.163546123,14.86215078,6.651781476,47.58920012
36501,16.78386966,40.95548391,6.639296573,47.20877596,11.00988271,30.19589061,6.795318422,48.95023399,662.0089777,1811.553736,6.802588891,49.05910863,1.2958E+11,3.75858E+11,6.542362265,45.61870626,5.205999458,11.83446476,6.510977125,46.24845126,6.621048589,17.75645995,6.501427579,44.64537132
37001,17.16085298,43.79950878,6.613813538,46.44642824,12.69270951,39.50300388,6.517124258,44.17449702,758.6915033,2374.551611,6.560155824,44.78569804,2.59675E+11,8.47284E+11,5.57372328,32.71022664,5.090197251,11.95599657,6.550978743,46.11263764,6.653054401,18.74401112,6.738936181,47.70436309
37501,16.99192734,41.55870087,6.446253479,44.28506043,13.96671308,34.85806198,5.247904067,29.26632064,871.6205611,2180.155065,5.107805077,27.58148068,3.50112E+11,9.66561E+11,4.373961801,19.89254048,5.07384342,11.32383314,6.413842705,44.64206303,7.080622104,19.09653354,6.220754421,40.67533578
38001,16.29222402,35.13987964,6.519483123,46.84903151,15.46939855,20.7992347,3.35624207,13.67601494,938.516216,1289.795809,3.372645913,13.54015366,3.75896E+11,6.76297E+11,3.333317579,11.22383488,6.989465028,10.15629384,5.540946572,36.69076565,7.9075103,13.767471,5.620164189,37.3900569
38501,22.0500682,40.31306045,5.638884508,36.92517322,32.35141418,32.16631498,1.931027896,3.546880366,1889.043468,1886.977912,2.008272631,3.787033354,6.83789E+11,8.60235E+11,2.26464215,4.578964334,17.50111584,13.09102567,1.667564146,3.651421753,17.31147784,18.85547826,2.746560709,10.59684545
39001,30.1779817,47.18808507,4.33429074,23.70565127,50.75245343,52.79033461,1.872901686,2.649490538,2975.482034,3188.546325,2.027380516,3.425616254,1.0638E+12,1.31636E+12,2.013675463,3.304324847,28.41418027,19.45276908,1.136677605,0.552616786,26.77573984,26.35228218,1.779291631,3.762459804
39501,24.50047192,39.04880543,4.598379269,27.14245466,40.8373762,42.3264268,1.924404789,3.057257711,2377.0234,2498.922335,1.973697952,3.070709058,8.57079E+11,1.04493E+12,1.989370344,3.296380738,25.9128831,18.85945778,1.327821754,1.416740423,22.38463786,22.71079933,1.790297017,3.731746686
40001,6.254371535,5.254952425,2.765136712,11.05422063,126.8028389,77.71001671,1.11504474,1.468903195,767.7469002,399.9384775,0.917003412,1.423685439,53993084455,36480851754,1.099564506,0.30038691,17.73894099,10.8571384,1.273191498,1.487159391,8.012767572,3.935762762,0.608911523,-0.231236171
40501,12.62002416,25.18791833,6.267773442,41.75554272,221.9949866,232.5414784,5.440777836,35.23414166,1345.880138,870.7839313,2.747183616,13.37510731,84255854737,47034865867,0.956454618,0.292955459,30.23931168,17.47336416,1.590456873,3.400824825,13.59843799,7.467286041,1.174874794,2.686696881
41001,16.717891,43.78489372,6.168655421,39.18651691,220.2966937,259.4480671,5.062083089,28.27549599,1322.138616,1216.714981,4.382692775,23.96730871,71270933544,37113040361,1.207398617,1.378790587,28.90747481,19.86705345,2.721823644,9.848434587,12.5070148,9.009699543,3.003312334,14.05855313
41501,14.76860103,35.03193814,6.65076498,47.22030988,126.370381,158.9586246,5.590355328,38.13275409,735.0897462,982.1632612,6.135189117,42.7815947,31979504111,16650181080,1.611269099,3.152188685,14.4472664,12.43205039,4.386165793,26.37198444,6.650812387,6.828160623,4.780035519,29.16051411
42001,14.81675003,34.88310671,6.594764764,46.73516331,85.74328202,148.4752742,6.000989144,41.50076943,500.1189319,1059.761417,6.497294141,45.98417214,6716228480,6759393382,4.3063133,23.19597766,7.655522081,15.05447613,6.32410599,44.63303093,3.446162323,7.227477619,6.395905941,44.55726566
42501,15.03835689,35.03461599,6.57619114,46.63647053,74.29105066,135.7820362,6.046014778,41.71764513,492.337943,1105.919327,6.503820475,45.87919258,3354680869,5795876693,5.784221724,39.29060083,7.97998284,18.89539362,5.690981805,34.55965749,3.212384203,7.084170528,6.384705171,44.45632003
43001,15.04308159,35.4926879,6.569857401,46.39959945,68.36310445,124.9725952,6.122423382,42.94449493,493.9485428,1122.143647,6.54696131,46.39272914,2878600932,5470737562,6.21733439,43.68270344,6.374924143,11.82436958,6.153828698,43.26394942,3.156604229,6.719156721,6.48437894,46.28393722
43501,15.05988083,35.77672522,6.604809522,46.8786077,66.12031804,125.7686448,6.104138947,42.01554517,502.9933595,1170.170269,6.587848974,46.83435203,2695767895,5701511525,6.464546873,46.23999324,6.449364035,10.9146262,5.584852417,37.2462892,3.277750537,7.302341375,6.51907758,46.32888001
44001,15.13859664,36.38579921,6.542437547,45.8505896,63.73052685,116.9243105,6.16687157,43.50179353,515.7873031,1238.159188,6.502830981,45.27743715,2647748220,6370780799,6.419027876,44.00354394,6.643699673,12.60621968,6.208411863,44.19779668,3.429623506,8.206455616,6.556009297,46.17812258
44501,14.77644592,34.32739609,6.568867733,46.51144526,66.76065506,131.8171429,6.233343325,43.627582,497.7197964,1131.159036,6.530204327,46.12586493,2373766891,5252319169,6.38904786,44.41448502,7.693320688,19.15681439,6.506084435,45.12374,3.521084925,8.748579179,6.515008095,45.22307697
45001,14.7160885,33.67513518,6.555760193,46.57043224,67.57585058,140.8767929,6.310160931,43.91919946,500.9903639,1114.846583,6.523024378,46.64775095,2159856553,4411438242,6.277039802,44.31006193,8.899705222,21.35971589,5.843292923,36.66129337,3.394495134,7.988087361,6.563134229,46.36669842
45501,14.65176096,34.27452342,6.56183721,46.35357656,69.92480848,153.5168604,6.413342925,45.5819319,508.797128,1247.828665,6.565279139,46.01079795,1998437887,4544208342,6.574040073,46.77268534,7.856743421,15.657751,6.180732467,43.38992361,3.46780875,7.930831568,6.516459023,46.1705129
46001,14.5739441,34.30373574,6.577001732,46.55252193,74.92970827,197.2678137,6.57891154,45.8272324,497.6689665,1240.99995,6.605694436,46.56155092,1926558928,4443722151,6.338156276,43.41676872,9.404526614,17.36094881,5.793304539,39.19399302,3.463730017,7.910069223,6.427014614,44.62662437
46501,14.54411006,34.44263787,6.565051004,46.31128255,78.17796084,217.0692289,6.460906784,43.83852927,501.0543175,1259.532723,6.611323689,46.46888544,1673924215,3658572298,6.470972129,45.68674111,14.75612762,22.9525806,5.659962575,38.37144033,3.399420327,7.529530078,6.501202242,46.28020385
47001,14.39511171,33.5681034,6.546218983,46.14295613,69.85321496,178.2551085,6.392297478,43.24644057,494.1406014,1112.233428,6.16135306,41.11912557,1513746748,3059018617,6.311212747,44.13553881,21.43936099,33.72276289,5.007910764,29.54207517,3.443405634,7.880319868,6.460446104,45.11629783
47501,14.24481174,32.32122099,6.540301762,46.34503211,59.73281281,124.9972627,6.439564099,46.08836243,445.4750777,815.5463219,5.981252062,41.47324775,1419530975,2600500875,6.101767615,42.66010024,22.85753677,25.33054547,3.106259196,14.23600545,3.418629617,7.639948191,6.535568277,46.54731195
48001,14.17648425,31.94188969,6.520407146,46.11339199,56.78101727,112.8820497,6.160893319,42.50223199,446.2704851,817.3191945,6.045569562,42.07490959,1357753281,2439417839,5.982144452,41.13911777,26.81461594,28.75072891,2.729476161,11.62847329,3.568358163,8.366471659,6.564566522,46.56655649
48501,14.16242822,32.06470275,6.568570642,46.80424976,51.49401684,96.91605422,6.148423365,43.20250955,448.028738,886.1597758,6.316196182,44.70725546,1327950952,2347818567,6.033577678,42.35800945,27.07933618,32.45151104,3.15788406,12.45960495,3.718072108,9.079382097,6.45439729,44.58929491
49001,14.57848993,34.64079423,6.58017224,46.52898876,51.4386577,101.2258493,6.178400902,43.02294934,481.9336796,1095.459651,6.523667529,46.19159158,1410512996,2909328629,6.376887692,45.04198948,19.3597216,19.18947175,2.214749035,6.184253366,3.523680619,8.477832679,6.589302611,46.53099853
49501,14.8120735,35.39241965,6.472516877,44.86325089,50.02069776,101.1668016,6.190808131,42.29964371,541.1153961,1227.512499,6.093795171,39.85333289,1535272335,3237889943,5.962280955,39.00817773,19.95267883,19.69829629,2.692818667,11.35573045,3.504476244,8.444117934,6.687872814,48.03484113
50001,14.30309928,32.25999982,6.584899866,47.1097181,47.57228092,87.15747216,6.13204445,43.34133212,520.5273681,961.4040394,6.198647455,44.0090405,1465057676,2787709313,6.075341124,42.33253814,27.03463513,35.80603777,4.399192653,25.10740847,3.654502941,8.950857132,6.331881119,42.80855113
50501,14.70972102,33.92498056,6.560571474,46.58967239,51.04065456,105.4365266,6.35329942,45.20712218,582.9416184,1243.375991,6.35158522,44.41033264,1627483765,3549588935,6.497064759,46.00841333,31.0128499,43.04611939,4.099661455,20.99848233,3.255969063,7.122434741,6.548128339,46.84518033
51001,15.06122287,36.26806626,6.54898415,45.95105976,58.27018306,146.4446854,6.387910572,43.32712016,640.5023852,1535.334257,6.088203095,40.03457915,1904140924,4445416006,6.266235292,42.32110494,25.81371629,26.63388459,2.48013238,9.752743837,3.339092852,7.142402294,6.377787855,45.06932226
51501,15.02888555,35.66529462,6.497492229,45.33961617,56.83209301,136.4763757,6.193454878,41.04898094,600.8495161,1387.998143,6.44693028,44.81598968,1910667969,3962094823,5.894186894,38.00108577,26.12152906,33.22275619,3.76820922,19.13202353,3.379914317,7.595150095,6.371528789,43.93078888
52001,14.65550315,32.95290226,6.574814538,46.94967506,50.57371652,105.3069676,6.265130517,44.00939778,583.159918,1282.802923,6.596545816,47.34132305,1815288707,2864486056,4.854274965,28.20253096,26.1536534,55.09221562,5.067670909,28.23183536,3.19382215,6.73968531,6.417621755,45.23439013
52501,14.99253934,34.48372674,6.582041619,46.93018382,50.24174329,109.2798283,6.485915467,46.03355714,601.6016353,1390.830561,6.586404866,46.74097467,2002235789,3854204008,5.746061145,37.99947954,17.93872973,33.83567257,5.531430631,34.2059972,3.217715502,6.683079173,6.406411206,45.85528617
53001,15.31274111,37.68511427,6.585173089,46.24792008,49.94878748,114.7742628,6.522595725,45.89516322,606.1676073,1525.212783,6.650699238,46.83415067,2794072757,8146879333,6.249149778,40.98133713,13.64948307,21.85725808,5.28850727,32.98254001,3.438584242,8.417038044,6.619458768,46.80595737
53501,15.12737653,37.60831771,6.623247027,46.78322433,48.63273825,113.1542486,6.570315694,46.53656125,573.4783306,1515.254332,6.688429017,47.30079234,2963466217,8863289025,5.402940939,30.06380641,11.34473008,17.37169438,4.931590722,29.61352358,3.719465835,9.37694093,6.353198316,43.06758487
54001,15.18671175,38.33847206,6.666617524,47.33250071,47.70635489,112.5107411,6.566820257,46.38395273,576.5096142,1659.192826,6.780892885,48.39086173,2264546328,5931947438,5.754180807,35.91418439,10.14135397,15.97823557,4.444006697,23.13491996,3.522999356,8.600239107,6.596856942,46.70196991
54501,15.23860388,38.6319986,6.51001265,44.99318693,46.22133519,108.4315778,6.527638441,45.88903928,628.497771,1851.608289,6.092637694,38.72663171,2116564728,5858058577,6.335423464,42.35463513,10.9898491,19.67568661,5.875552329,39.80792396,3.459312083,8.553357295,6.623486091,46.77561706
55001,14.04622456,33.24748568,6.552042838,46.11080742,44.53467984,99.65434846,6.41762126,44.64631357,500.5576619,1141.275969,6.233710539,41.8263779,1839172359,4410879010,6.113129087,40.26821189,13.80680577,24.05950393,5.144934535,29.98796419,3.428970503,7.960150623,6.385361852,43.86942015
55501,13.29327968,28.96618465,6.497181844,46.1518674,41.5779543,81.09427034,6.230297253,43.40796538,419.3972216,626.5499335,5.444827579,36.49381026,1349843649,2354774840,5.645589723,37.92401664,12.53038244,15.81210287,3.601091055,18.0769111,3.23666528,6.549817682,6.410642212,45.88479828
56001,12.91923551,27.54841536,6.463613129,45.88288621,40.63273266,71.26344099,5.910487897,40.84095611,401.7166321,502.7441807,4.359713655,25.5067525,1224485759,1955628369,4.730512655,26.70945506,13.74911428,16.00540101,3.264825532,15.46010907,3.350053166,6.858283893,6.281893817,43.86227066
56501,12.69192814,27.60909266,6.46933368,45.67846965,39.97572877,71.38452634,5.986927067,41.13673576,366.0556495,486.0876218,4.98230145,31.90480918,1090370005,1726833053,5.215191093,32.98844158,15.23552349,20.07270879,4.312269486,25.27168471,3.306553553,7.018331311,6.453509338,45.97012163
57001,12.44213442,27.22343009,6.502707154,46.15795601,40.58739522,71.25279856,6.004846557,42.07336056,330.8704093,484.0735898,5.226081945,34.48306346,1021320764,1594364131,5.274834215,34.34275116,17.03531945,24.06182416,4.358975286,24.49179079,3.53484995,8.175099554,6.482694387,45.80515059
57501,12.81840864,29.3771253,6.589797049,47.06033255,46.52741138,94.63429719,6.314168754,44.36455025,376.2935662,760.8552843,6.083699265,42.17871324,1065560552,1972426492,6.144489795,43.0104221,19.87973459,26.42841712,4.580640574,28.32045729,3.842276157,10.07329961,6.522150309,45.05764509
58001,13.72977716,32.11348554,6.285153622,42.36219325,56.516552,112.7630886,5.383898236,32.02371578,525.9263713,1287.891334,5.26759491,29.0332665,1244481465,2356662247,5.480660349,33.75910929,25.34858297,42.84655106,5.445027874,33.92494707,3.91397069,9.310114793,5.913903812,37.38707159
58501,12.52510406,25.22369373,6.395951504,45.45758286,53.25333793,79.23891489,4.686282825,26.63632364,424.6234985,620.0324444,3.423108839,12.9597089,1191908628,1764183664,4.880495785,29.62844201,27.35134756,44.46260289,5.019626596,29.4914184,3.456685827,6.577730165,5.553317977,35.15032995
59001,13.28203693,26.65638285,6.102555196,42.29034323,63.72559454,114.6886177,5.341202456,32.93916804,469.2400781,860.3446373,5.043234787,28.62153149,1408265681,2538553180,5.529152245,35.62764467,23.31951397,38.30226946,5.370994472,33.85956527,3.539968505,7.570399056,6.431780372,45.71974137
59501,14.2358493,34.72716734,6.528599096,45.48696672,93.91878159,250.5316872,6.135967182,40.10866008,628.4497507,1668.49258,5.583804054,33.01834375,1868911694,4684294029,6.142740541,40.24867891,17.2878544,26.34933776,4.336296754,23.52146981,3.865105786,9.643156344,6.44985819,44.3546927
60001,14.9813103,37.54844369,6.483291094,44.73593526,112.9507805,301.3042321,5.673554376,33.87652858,616.0074502,1740.745849,6.049319927,38.6200462,2006652801,5429948818,6.497376971,44.51727236,13.93326977,21.76643898,4.40864445,22.48144597,3.806023617,9.673989379,6.461186645,44.32674563
60501,14.8728113,36.5121315,6.617989255,46.83043717,111.4231979,246.8102277,5.908956041,38.85697526,605.1079666,1611.012754,6.42045147,44.37422712,2178322452,5921596485,6.629500222,46.28465411,13.170597,26.42897476,6.324679202,43.97772642,3.596776507,8.464030838,6.627006506,47.33704464
61001,14.81268856,35.88504958,6.554116778,45.93193773,125.6218904,299.6872754,6.475821883,44.7481133,614.7815575,1521.865668,6.107215736,39.9356741,2285509184,5747107017,6.381946875,43.31511591,14.22774153,30.28911266,5.181525794,28.71457905,3.64406953,8.446976562,6.567781979,46.60659921
61501,14.65327803,33.8867123,6.587180286,46.91490386,137.0539372,308.9435321,6.450983821,44.93425781,559.9462308,1181.334673,6.17715254,42.90046776,2186582502,4833111127,6.503666417,46.42383604,11.21190768,20.48427018,5.060311281,28.85311273,3.634405496,8.578272739,6.563794858,46.2470305
62001,14.75359147,34.42247822,6.544952484,46.1645261,149.9344237,335.4044936,6.476334634,45.64793731,573.3462818,1283.261188,6.417703711,44.77679056,2219210603,4913387725,6.43632554,45.01039964,11.09215213,23.16872655,6.176462807,42.60791144,3.593382126,8.266221735,6.512169116,45.79601481
62501,14.64544353,34.00962414,6.566302009,46.48629797,161.7483641,377.0302944,6.365171908,43.37046571,569.2346733,1287.687815,6.54257741,46.40365277,2190545078,4676104439,6.507027904,46.50317261,11.97322807,26.01783311,6.265177573,42.99003252,3.525342733,7.825698229,6.519072355,46.31267334
63001,14.72800651,34.23408238,6.560001141,46.42739245,152.5516099,358.9458253,6.59595914,46.53963878,591.6171534,1364.409282,6.519409035,45.8945435,2314391601,5103988451,6.432391996,45.18530289,12.64587174,26.81950207,6.422912036,45.22779977,3.558522183,8.089270312,6.590436938,47.14575228
63501,14.7081491,34.44266399,6.568106713,46.43378835,146.5298468,352.3806674,6.490852258,45.10639198,584.2373737,1386.245807,6.586588702,46.62874954,2386623398,5297456199,6.383500096,44.22174893,13.95305031,29.93726696,6.472294353,45.68450525,3.712756354,9.034192908,6.530447557,45.59919372
64001,14.8311644,34.67994083,6.558740829,46.34754186,148.6993673,320.3886937,6.176338004,42.16741632,608.4335276,1472.074118,6.554885645,46.04523068,2412203821,4785042520,6.113325288,41.64755389,15.49378185,35.91640375,6.365721953,43.28776184,3.71315716,8.690133739,6.45067879,44.7072788
64501,14.85024819,34.43980466,6.533718534,46.02471159,149.1262939,269.1394869,5.484864591,35.08855741,612.3449812,1406.011565,6.317144324,43.09891187,2499818193,3998592812,5.624504552,37.96128554,14.43792986,29.40129753,5.791638687,37.27651318,3.598204445,7.678233177,6.45871421,46.00797993
65001,14.86721777,33.68619038,6.534018209,46.28044278,143.0789466,200.6929101,4.425682513,25.7284568,579.8657848,1179.297138,6.318812122,44.63396499,2818705063,4278154883,5.299999216,34.76372103,13.12794996,25.48520611,5.479047075,33.7668268,3.726299997,8.232661846,6.524033753,46.52790072
65501,15.01697587,34.02976306,6.53869888,46.31432801,160.6644884,242.4229873,4.505864148,25.12704835,590.0908173,1186.143476,6.319358905,44.47020578,3245569322,5538314907,5.822329023,39.82422704,13.9070793,34.11374737,6.368305085,43.33945836,3.867704768,9.041236932,6.425346589,44.38819175
66001,15.21387609,34.78730775,6.550784317,46.4253238,176.0509312,253.3824435,4.20278581,22.18595165,601.1949145,1223.394681,6.410114575,45.61999549,3996223101,8299632029,6.448880208,46.24906637,15.16960619,31.58643162,5.176208732,30.18701602,3.790087919,8.748577569,6.660231917,48.15727746
66501,15.65096591,36.72354131,6.591988094,46.78935466,230.0164047,443.385759,4.942216518,26.73213125,662.4617217,1501.417823,6.536185532,46.63578198,5527880293,14850851603,6.470171729,44.14514476,16.40268991,31.44610952,4.939182311,28.18168072,4.15665391,10.7417658,6.633291764,46.63682997
67001,16.10785692,38.80940883,6.550605974,45.98253414,365.8063107,1037.56275,5.946115529,37.4504995,764.837376,1929.150819,6.351800651,43.02009419,7027981547,19223368229,6.374904933,43.08179763,16.14160209,37.42219885,4.975245585,25.72256204,4.443253787,11.0883179,6.133864028,40.29038768
67501,16.2665591,39.07182573,6.594929126,46.62140949,483.0767864,1610.637788,6.196720134,39.59423952,760.3054047,1945.517783,6.621886144,46.4681523,8176347639,22917320215,6.543978225,45.33349403,9.096046247,14.88818086,4.750150811,27.02862268,3.959814416,8.68330064,6.425790822,45.46388239
68001,16.38434169,39.22418181,6.597527012,46.66190911,497.6850267,1718.177131,6.59689739,44.79019556,771.9282424,1902.622823,6.62441491,46.81181676,9301739910,26875629023,6.518573798,44.52573624,8.211065029,13.05363024,4.908523283,28.87606399,3.885390323,8.458854352,6.511650837,46.3923057
68501,16.56503414,39.51240878,6.589010421,46.61360251,502.3579694,1692.104563,6.593614112,44.85820165,805.2060779,1917.717464,6.580116051,46.52250951,9797445469,26602602033,6.476069195,44.18497836,8.243044927,16.469899,6.157254724,42.25592968,3.948049021,8.794136192,6.470603746,45.52854094
69001,16.62451511,39.73112846,6.581402548,46.4348384,487.6780085,1571.681108,6.736358141,46.97744762,814.8820468,1916.959279,6.533155974,45.83826625,9631118688,23740729564,6.616364482,46.70191866,8.559225066,17.56029099,6.169096733,42.25594034,3.989984958,8.998041926,6.542741519,46.42921355
69501,16.54532099,39.05376653,6.585377428,46.63418582,506.1922472,1502.162681,6.243814227,40.3944867,819.8620916,1857.071765,6.57584337,46.98382994,9495694939,21227711645,6.475190247,45.65771489,9.103187739,18.84942395,6.282081343,44.22290199,4.047635555,9.402171239,6.574405452,46.63342306
70001,16.60408357,39.28866792,6.599608256,46.84845518,418.0974607,770.5379237,4.62625477,23.56579303,860.0578863,2058.462714,6.629231246,47.27026557,10260609828,23934407395,6.29564513,43.99984104,10.61048181,22.6059179,6.166549098,41.47283667,4.186787964,10.3161715,6.683993496,47.79275487
70501,16.73740265,40.39446767,6.580748738,46.35700863,365.2262313,555.9452213,4.93223634,30.20164266,914.0035287,2361.765324,6.582945458,45.88778889,12703538832,39116688778,6.505736594,44.1391888,11.37559333,21.10314181,6.17126687,43.65811291,4.451402916,11.7564854,6.560332559,45.46032201
71001,16.5512816,39.37249724,6.556867474,46.1529925,336.9433565,488.5201764,4.585465145,26.1430288,913.761948,2345.351812,6.57534412,45.84208324,13876336149,40929031210,5.570483131,32.18803011,14.00134115,30.589485,6.359165844,44.27682868,4.436433968,11.38197856,6.523244689,45.07949773
71501,16.38088648,38.08603137,6.586956741,46.83405123,387.1908729,955.9381033,6.207837457,40.86979483,899.633509,2217.382287,6.674030151,47.65620072,11008428077,27537291581,5.856447577,37.48353434,16.7939021,40.28502609,5.468127519,31.70626722,4.182196462,9.415296957,6.436614438,44.91787313
72001,16.41988642,38.57377332,6.559939277,46.28982042,443.7783667,1239.329754,5.954501739,37.50560361,920.5297568,2325.313705,6.60689955,46.3906818,11078221315,28316479789,6.16682672,40.35916339,13.81733909,28.44234209,6.145606858,42.42742326,4.056262732,8.099138238,6.260652534,44.24688508
72501,16.31492876,37.89644052,6.541980916,46.1356855,412.6407907,1000.663327,6.076399739,39.3142288,912.9502769,2153.405431,6.420254116,44.23015358,9228725014,16162795551,5.337057755,33.61435287,12.90335723,28.13965677,6.512077707,46.02662868,4.113657567,8.885942623,6.496182883,46.41379304
73001,16.22765388,37.16819539,6.566209017,46.65171546,395.8866742,697.0829828,5.342209108,33.76959817,870.4408742,1867.09145,6.433283114,45.84668743,9833206198,17898471277,4.854835901,25.80787671,12.50216871,28.39429974,6.50257445,45.49000003,4.320141751,10.63183675,6.600220832,46.50686326
73501,16.35962188,38.05173753,6.560092339,46.40859725,417.9445151,810.459637,6.033233521,41.53172036,887.6811783,2012.922158,6.519586441,46.08436602,10367228584,19464515511,5.416721207,33.67317123,11.97949798,27.00088269,6.438358123,44.71683891,4.527721946,11.86833053,6.567262079,45.60601527
74001,16.47988478,38.88595043,6.582182179,46.56848977,430.7985534,995.5815404,6.362860872,43.73865304,901.1581956,2123.189209,6.567355397,46.3213517,10110741729,20115428852,6.080842967,41.92877308,10.89985181,21.64374823,6.17945846,42.39309145,4.469165914,11.20636177,6.51610438,45.1500586
74501,16.59778198,39.43017547,6.576437789,46.45065978,444.2770821,1059.289297,6.600186105,46.80138319,916.1557272,2188.552626,6.604708578,46.867521,11506127693,27653314205,6.735632549,49.05935659,11.04760241,20.20345082,5.522013273,35.29459892,4.304345504,9.936484034,6.583523268,47.00147096
75001,16.6866601,39.70532995,6.588078763,46.59584502,499.2035945,1280.271903,6.667880352,47.15137814,947.7329881,2346.021948,6.623110844,46.78369781,15882461914,48273904139,6.469880078,43.43784335,11.99231792,28.61321302,6.568193183,46.30555534,4.311096801,9.98383655,6.533391945,46.04893533
75501,16.74678882,39.74069853,6.573498852,46.39847931,565.7806765,1478.24341,6.377825811,42.86618153,971.6359248,2422.671527,6.581892338,46.14304054,18921798404,50528053399,5.717371159,34.7004028,13.92364853,34.42175309,5.838410885,36.50827435,4.249290196,9.648027821,6.535970984,46.22464625
76001,16.71786277,39.22408613,6.570202709,46.47113723,553.2506428,1317.897263,6.642675424,47.06851797,974.1680405,2371.575599,6.603055756,46.64520263,17429355752,37143821175,5.926644221,39.48630488,12.48575635,27.97211972,6.308174674,44.1799909,4.256169987,9.651400341,6.567751455,46.85655311
76501,16.71410115,39.14099956,6.589369739,46.75780723,573.8964806,1337.525314,6.577537535,46.54002947,973.9677801,2360.595454,6.645000692,47.26815215,19202346219,45439846576,6.587809654,46.94309653,13.2190298,34.19425309,6.65087934,46.83468178,4.351270067,10.42695636,6.590039284,46.55974763
77001,16.84387905,40.00734052,6.586919753,46.6031974,587.0942101,1503.269561,6.680627391,47.23712202,991.4826483,2460.355301,6.64131453,47.06713262,23301124660,62124282038,6.406656951,43.29191322,14.28967583,35.72522101,6.233302786,41.52759851,4.421635839,10.82062993,6.590597939,46.39641627
77501,16.82202064,40.60279753,6.598671319,46.62671422,666.5051225,1690.964226,6.394070389,42.80971757,1008.398335,2577.243804,6.647972277,46.87098707,26260834320,70493566716,6.627233367,45.86803783,14.08300026,30.99031799,6.528471015,46.5493205,4.477956326,10.89598376,6.609119215,46.66133475
78001,16.40992455,40.38089879,6.684659923,47.5187287,1141.27107,1225.000556,5.618737563,37.26683437,1158.069599,2573.471303,6.633250002,46.70712865,53492787894,70792500955,5.900600891,38.79948308,27.73592894,32.64856224,5.494729182,36.0037832,5.427212933,10.52649922,6.590010083,46.65974938
78501,16.64569842,40.79020837,6.762103696,48.10138527,2192.27686,1304.814551,1.908704416,7.535854262,1641.161147,2480.785764,6.308087807,44.01779101,98854695102,65636120046,2.943799418,14.96586488,56.17777504,34.94242261,1.640356632,6.560011067,8.532749636,10.53211841,6.097846555,42.57090231
79001,16.49081618,42.14152533,6.887076432,49.62994181,2523.191605,1547.289303,1.85422802,7.043328157,1845.435743,2546.937992,6.219851536,43.80389974,1.14043E+11,67325255442,2.069735451,8.968216963,72.76155444,45.60861194,1.537768296,4.733032463,9.97730212,11.45448068,5.861934869,39.96182464
79501,11.69836246,30.25598891,7.110153646,53.19687884,1602.514846,1112.10166,2.617046592,12.62821552,1215.834011,1894.401784,6.617782325,48.38527411,72098410814,46242168697,3.057760359,16.67583219,50.12645514,33.81318309,2.63592934,13.0324117,6.678349644,8.28542052,6.149707639,43.49347127
80001,13.72581077,12.4026597,3.232089588,14.81707713,1048.962061,578.7768509,0.634092499,-0.32426259,2156.055972,1227.328994,0.796456374,0.197697231,99102525784,53380475337,0.493508614,-0.538173644,66.72208212,33.9729517,0.390893096,-0.302165906,7.641705586,3.782368023,0.957873192,2.1820427
80501,23.44247442,42.96463167,6.045898281,39.53038514,1551.028531,990.524759,1.564789769,4.023547649,3385.789087,2613.111506,3.341448081,16.53653536,1.45351E+11,78241094553,0.545914776,-0.362401901,112.2273442,58.55619155,0.661870797,0.365398041,12.17590856,10.88220233,4.856065738,29.85788171
81001,21.73126226,41.59461338,5.8961603,37.94482613,1215.886582,952.6295425,2.505886325,7.880301681,2708.407352,2179.444405,3.621466947,18.9091842,1.12382E+11,60438191561,0.487585489,-0.34977146,98.05484101,53.87103884,1.093228411,1.944097131,10.01851895,10.10019746,5.061068634,31.44691077
81501,17.19334092,38.30641925,6.584230497,46.76211822,432.5793578,308.573388,2.174440882,6.913454432,1346.824211,1902.909812,6.063517565,41.90425933,47919371669,34353953791,2.470979258,11.36531305,47.64597775,45.56911571,4.217816899,23.12577803,5.596622929,9.871837955,6.543932759,46.38985045
82001,16.76295504,39.52100589,6.582991442,46.57053858,158.0420508,218.5086632,4.254860034,21.10111995,894.3462351,1861.592517,6.377259625,44.7342732,32639479606,36251540745,3.919690634,21.84092701,24.28087306,31.67405265,3.680015063,17.23458895,4.305017638,9.823038099,6.377378885,43.86850672
82501,16.90879375,40.21113644,6.588723005,46.6320237,130.95545,209.2556397,5.312952038,34.26923444,934.028785,1964.688454,6.385543962,45.50361841,42494291668,52031850370,4.44904208,26.6435337,31.62179231,35.35348135,3.136129711,13.26007129,4.213816631,9.206344846,6.395523443,45.39057044
83001,17.0775414,41.17570978,6.588216923,46.52334028,121.0913197,225.0415168,5.665581228,37.02976448,1027.536985,2506.56691,6.387417359,43.47927056,47313408079,82579897931,5.252466829,31.18677081,42.73982703,55.1871133,4.725210146,28.31835729,4.482995544,10.83072816,6.400099139,44.06582587
83501,17.00831706,41.1373808,6.579093877,46.317896,110.61075,182.9059221,5.302444379,33.78003267,976.193896,2253.179463,6.353641422,43.48915293,34226144041,60215791821,5.225311325,31.41088786,43.60018695,57.93727117,3.602467004,14.49320124,4.363444453,10.2585004,6.433483084,44.47023389
84001,16.77663936,39.85959703,6.598997306,46.7745887,115.3969673,185.9804462,5.282984341,32.81348384,918.2133879,2016.79212,6.358498246,44.83771867,27239319571,43071819212,4.862201193,28.15726526,32.6391292,48.93067773,4.280194514,21.6783588,4.219727784,9.441293347,6.557639768,47.24392847
84501,16.61743782,39.37794697,6.587232598,46.65382258,123.8566285,241.7117075,6.197145486,41.87435102,920.6721089,2299.780394,6.579523944,46.12280465,28016811124,44575349115,5.820636787,39.32796247,29.16574074,52.23112331,5.340860867,33.26511036,4.503320277,11.57823282,6.622410191,46.42781268
85001,16.52861798,39.4461262,6.587863535,46.55242404,123.5958915,242.9811694,6.236507511,42.76062888,940.5175598,2388.305805,6.504371042,44.86682832,29339205845,51783034995,5.975239474,39.5738303,29.61081905,63.26062745,5.965635674,39.19150939,4.660539705,11.77058367,6.154450488,40.4712542
85501,16.2673701,37.98455989,6.51315119,45.6921037,114.4076111,226.9617738,6.109073333,41.44334326,886.08224,1940.925933,6.219575661,42.22244052,23423415339,37779195870,4.333081181,20.40455644,26.19014732,55.18511321,5.454941207,32.22216742,3.930958885,8.828547687,6.470978315,45.82018468
86001,15.95976989,35.95579605,6.542631749,46.53083185,98.00605742,195.4877951,6.190135821,43.14222501,823.2337706,1576.911153,5.903129661,40.07292364,15838242545,25511809984,4.298197663,20.83673477,20.18962221,33.27928668,5.029120463,29.37207852,3.749471807,8.146762565,6.493622936,46.48108805
86501,15.83630178,36.0536637,6.518473635,45.99696945,93.82295563,185.0458987,5.974706096,40.21780933,802.241716,1669.55902,6.420885704,45.48021787,13180708843,19656614266,4.257714638,21.39320304,18.96714929,34.83575465,6.168262168,42.90755059,3.837663866,8.810253873,6.464016955,44.97521156
87001,15.79699402,36.07863648,6.562498567,46.5971508,82.81048664,142.0268499,5.802001361,39.39439242,820.7706567,1870.9596,6.583022825,46.8084766,13619352448,13512173929,2.476758798,8.282160457,18.41030439,37.39099251,6.080733484,40.92652527,3.774550261,7.545522755,5.988718457,39.89856882
87501,15.88697575,36.82443475,6.538558705,46.10747217,89.29785604,135.851404,5.255031872,34.12548891,854.7348983,2041.922807,6.477889268,44.98998347,18335614997,18293235216,2.717403985,10.54225763,16.58573327,35.87795288,6.400511659,44.91084048,3.503682898,6.119068768,5.559868588,36.64905327
88001,15.95865858,37.05236098,6.566698997,46.53566805,103.6261179,189.442192,5.982846636,40.10598247,863.5758687,2016.183127,6.597375059,46.8749427,24650500769,38171841818,4.655295892,26.43818958,15.88329085,35.49561734,6.351997574,43.40282099,3.612965614,7.106512402,6.219309316,43.4687797
88501,16.10727813,37.7208875,6.54156371,46.04848347,109.268846,180.8489245,5.210741119,32.02674684,892.8961926,2064.28042,6.463479895,44.89301296,25628213619,50901109812,4.619223818,23.21005676,14.96492767,27.73707511,6.142952324,42.70893905,3.821793652,8.266180729,6.375721386,44.67322466
89001,16.05298246,37.00566028,6.565731796,46.55090687,113.2979817,192.0133723,5.099847985,30.05596253,861.0239083,1857.597312,6.511250035,46.35038132,15487597814,21076023557,3.480000633,15.49178801,15.62955142,25.8054801,5.620589522,37.64133083,4.110014578,9.676306526,6.528944881,46.07124712
89501,16.24527483,37.68766078,6.57322395,46.67226698,117.9577718,240.1313299,6.218324354,42.4730804,881.587828,1934.641235,6.470388772,46.10311329,15971692806,24927907681,4.537895979,23.52347326,16.72276067,29.878918,6.46331926,46.56259927,4.367560412,11.23425681,6.553053412,45.46860533
90001,16.47177588,39.60294217,6.594581451,46.58520503,125.8009627,299.5132428,6.459898658,44.4476202,909.4563577,2308.725163,6.640057848,46.79749494,21816188416,43185295801,5.499582955,34.60660043,18.34304142,40.22301315,6.419252215,43.67444031,4.495349274,11.09961118,6.508356498,45.2083209
90501,16.56365653,39.86723217,6.547257235,45.91581795,129.6049921,272.493535,5.580877532,33.69934942,958.2368139,2416.08048,6.377373194,43.20728995,25083009813,52059514947,4.968470053,26.84718479,16.85540632,34.76447162,5.965583907,39.13083121,4.470154921,10.27044442,6.541385529,46.31025672
91001,16.40007818,38.43446605,6.593133229,46.8192385,114.6875243,200.4753821,5.100699384,29.10080773,879.8313726,2031.299225,6.59185131,46.98977978,19160081730,30877813091,4.945200813,29.66799547,14.80503136,29.62390698,5.875313895,38.96433785,4.463160638,10.18786565,6.587493877,47.06886235
91501,16.43699392,38.3684539,6.544235486,46.14159571,114.9255063,231.1039677,6.260325747,43.72170297,876.4602887,1931.982968,6.477804002,45.72813145,17274580893,29462930641,5.588315659,36.92517889,14.12657845,30.52973064,6.167992965,41.65276976,4.607736154,11.23414256,6.635804174,47.16648497
92001,16.30963185,37.58245868,6.569054786,46.59192607,126.242153,281.4100555,6.317925132,43.43004582,867.0793976,1884.266267,6.538109372,46.77541903,17400628512,29611660689,5.684632111,38.5654502,12.63547987,25.52106891,6.268523333,43.46362366,4.79428281,12.39541832,6.566277619,45.66268811
92501,16.37041029,37.99107088,6.571921993,46.62509578,127.9128695,307.6181807,6.546524136,45.87153919,894.0624905,2064.851442,6.546817508,46.35345862,19099482503,34119777306,5.817703094,39.05653111,12.18868956,21.52889968,6.070700858,42.95740495,4.667214897,11.80415153,6.587782819,46.13279982
93001,16.50619489,39.2058526,6.577514565,46.4544912,130.1394137,307.0536151,6.527055736,45.77070183,905.567875,2224.085545,6.574446179,46.12702114,20114230102,37071943871,5.968826912,40.54622841,13.44012535,27.38418672,6.210203598,43.37439307,4.54707912,11.02809332,6.632735653,47.17814613
93501,16.52798668,39.42801204,6.575888221,46.39028689,141.142709,342.0517952,6.629911126,47.31629079,905.6526098,2232.82975,6.589101579,46.35498698,20861584404,42030298406,6.372772471,44.66578686,15.84962556,37.40063382,6.086333264,40.08989782,4.473497039,10.89937109,6.594422467,46.49832988
94001,16.47068384,38.82818711,6.564780952,46.3517673,158.5623462,401.097296,5.878852974,36.42637096,894.6203737,2142.833608,6.54695627,45.95331021,21789200563,48977206383,5.992823906,38.41913838,15.31038538,36.39751372,6.220688038,41.33920297,4.370174282,10.46514749,6.549985297,45.96918493
94501,16.35676947,38.05865779,6.574168202,46.587169,120.0996958,213.2810348,5.828141022,39.9621828,877.2608899,2004.694772,6.574553662,46.77350847,16515892055,31212447577,5.832458612,38.95093747,13.48673432,24.08975377,5.799844774,39.07472165,4.077293918,9.211642466,6.545802409,46.45724561
95001,16.38807905,38.05125124,6.557576814,46.38696298,129.1703519,263.1822039,5.277861813,30.44274076,878.3702981,1981.944811,6.493179814,45.74735493,15516789598,27249479516,5.298525447,32.99658239,14.27877381,22.90426994,4.8238321,27.64040223,4.094372364,9.46543731,6.538683805,46.82714202
95501,16.34619019,38.00081525,6.557415884,46.36538131,155.6684168,398.9579694,5.876333556,36.59345934,870.4728971,1947.466225,6.532533783,46.41284072,14977632002,29631924083,6.034185234,40.84740304,15.79701603,28.34158679,6.016416585,41.39227167,4.39367648,11.50167132,6.405619569,43.33080581
96001,16.3723311,38.22006428,6.578897543,46.64389835,137.5712227,283.3542206,5.536073423,34.48507,882.7885819,2042.164209,6.563093924,46.51950091,14994487369,30079658737,6.365041797,45.09770303,19.85139751,39.76750263,6.26630405,43.12280871,4.062340121,9.568153795,6.330256738,43.07458517
96501,16.42769096,38.83306196,6.572718052,46.42961632,132.1312911,231.3876836,4.945613327,27.61096002,886.6103326,2112.169132,6.566454675,46.27464249,16310217265,32165184204,6.266329646,43.28243956,21.27894417,46.77612004,6.022565384,38.83422017,3.646319548,7.306569317,6.231659344,43.81477876
97001,16.46579692,39.04917946,6.585246512,46.58800056,131.4520637,259.5703702,6.56947265,47.74522533,897.9269801,2166.367177,6.625540176,47.0656214,17487320775,34990617229,6.49015448,46.40789127,17.48828464,39.57544321,6.501580947,46.18956916,3.560826048,7.3122419,6.406746045,45.72208751
97501,16.47678987,39.01561295,6.56065492,46.24667432,156.5490891,393.5781593,6.500431303,44.50215275,914.6637083,2224.675586,6.514501862,45.3815345,20155556088,42910695464,5.954497829,38.1270165,17.49756193,40.56341786,6.013456958,39.13481109,3.698141474,8.399831557,6.470327264,45.28063433
98001,16.35032236,38.09040018,6.55791597,46.34525583,170.0051633,403.3550701,5.703785339,34.5126019,890.2173616,2079.53543,6.546924661,46.153545,17395026418,27100811876,5.510581023,36.28114266,15.06718564,30.17855581,6.22623806,43.71790986,3.702884338,8.133930619,6.307581074,43.28991602
98501,16.22720077,37.31640124,6.569484394,46.64769406,134.2343289,235.4586742,5.925110015,40.73104398,865.3963895,1920.152754,6.525924631,46.38009691,18132260139,26779826984,4.706472338,25.81077999,14.53477824,27.21151061,5.898154997,39.68252436,3.614805072,7.603065913,6.347228324,45.01371429
99001,16.37466495,38.26087941,6.574903288,46.60053811,131.7905677,211.8385945,5.646475151,38.32700885,885.2838245,1985.269631,6.514352488,46.31526917,19753288385,38223705663,6.156762808,41.47222461,14.93258601,23.64107423,5.444904653,36.30598343,3.77116394,9.035325489,6.538277135,45.79566535
99501,16.43629636,39.01981648,6.547243508,46.02032712,138.5069882,260.4164012,6.232533052,43.86476704,908.8782477,2114.42978,6.454777934,44.8844291,20893700961,38618671271,5.018576208,27.96603366,18.43191603,29.43178777,6.039663845,42.42304324,3.871233064,9.439674113,6.538319851,45.69839288
100001,16.30478475,38.1641167,6.581706769,46.65165846,151.9238044,320.4561118,6.25206134,42.8347742,891.6631811,2058.435827,6.560194491,46.51593275,18968279566,33113073749,4.947261278,27.53148859,22.15997744,38.24273588,5.514744421,34.3207976,3.852955202,9.231653489,6.56564929,46.3116324
100501,16.31330634,38.18722491,6.56916399,46.47933816,157.9194845,362.7518311,6.595802418,46.9268242,892.3052739,2083.711335,6.584636653,46.71026257,17738399403,37943033064,6.416622197,44.82343059,21.07022764,31.23912566,5.208935003,34.17635754,3.828153812,9.289427635,6.631285717,47.05776407
101001,16.3322151,38.29246569,6.568049739,46.43320546,171.0433101,410.0221518,6.31854744,42.49837079,913.5094702,2158.393211,6.555772283,46.21397511,18025604759,44397808017,6.256141615,41.47160747,23.69443527,37.33756191,5.052308574,31.47668803,3.846227838,9.096095022,6.42140841,44.22128524
101501,16.30867559,38.06341169,6.55525097,46.29149395,168.888265,373.6320753,6.558427929,47.22053737,912.4791345,2152.366391,6.562312929,46.29759104,16686133926,32600325473,6.103570125,42.13689119,26.8361918,40.26580785,5.299443389,34.2386736,3.638188114,7.730956263,6.515783079,46.87411503
102001,16.26602751,37.62725681,6.562169791,46.48395668,189.2172444,451.3075406,6.344507111,43.18363289,920.791085,2129.736753,6.531636413,46.05846839,19092735093,33460061642,5.450893334,35.09705608,32.27211184,51.72443338,5.769602138,38.46985385,3.836998463,8.652039121,6.501597442,46.15621215
102501,16.33072135,37.99236267,6.57071776,46.55012107,179.5101272,397.4725129,6.363012968,44.36953507,913.479755,2091.887359,6.573542855,46.72811732,20752202067,41875918604,6.246860895,42.94606519,33.00496502,54.21048829,5.427120554,33.76841723,4.028101822,9.688303689,6.366954253,43.39106179
103001,16.40846048,38.51705972,6.559659611,46.29871869,191.7625357,433.7791256,6.238176295,43.09968338,936.5092301,2184.704873,6.548945453,46.25190122,21433289064,42745226651,6.076846176,40.57460733,28.21555872,49.93132125,5.748943475,38.4940659,3.753838432,8.517816926,6.50619195,45.84612305
103501,16.40317199,38.4892302,6.587426745,46.72033025,205.7417767,511.9086305,6.104121422,39.75898913,932.3246198,2179.867056,6.528536996,45.88643494,20228303782,38272614363,6.144416337,43.02856037,25.7144972,49.22385838,4.887813259,26.33228972,3.735028962,8.014777079,6.464501507,46.05694752
104001,16.58608848,39.41574185,6.577730208,46.46351067,181.7132251,419.7488155,6.599252013,46.9824053,954.6309915,2215.52486,6.588041304,46.97649696,22695665971,50015843908,6.503618354,45.81441743,21.87759901,32.12506564,4.271948489,21.47202987,3.81488668,8.720405526,6.600755068,47.19464959
104501,16.56498721,39.22990938,6.551866366,46.10397493,180.6136095,393.1554435,6.450123558,45.31106922,996.6333236,2346.274302,6.40599008,44.03384085,28025980988,58957673208,5.884397285,37.93247325,30.97264367,35.15532938,3.650381837,19.88825115,4.007545674,9.958372457,6.561652957,45.89886315
105001,16.40912456,38.05553807,6.57677305,46.69427488,185.4329657,395.6502792,6.569556051,47.34776626,943.8248894,2064.119739,6.552146165,47.00849878,27106175477,49058053922,5.961215782,41.08185606,71.88435372,68.42454001,2.016165658,4.465508371,4.061649373,10.12891218,6.544295576,45.62819952
105501,16.47064949,38.64593457,6.588017781,46.72785468,204.5830807,464.7489683,6.359812118,43.26274176,1016.0064,2363.370364,6.582722601,47.17486102,27249606296,54878770704,6.146081242,42.54460475,131.5238402,124.5050392,1.890934218,3.966710884,3.969108438,9.415322988,6.558655391,46.20418613
106001,16.57664612,39.50181491,6.563860096,46.23476573,195.6536678,419.0623235,6.426202241,44.90805126,1144.101046,2999.30836,6.349296593,42.52409835,28288783501,67090762219,6.233215915,41.78413715,153.7804667,172.8320385,3.098095307,12.84844773,3.922053785,8.935287737,6.581483707,46.97194959
106501,16.43969456,38.75863879,6.561799895,46.29218238,185.47751,373.8463159,6.28885131,44.07352209,1025.378674,2553.135591,6.471139925,44.46993985,26085842220,59663655511,6.068922772,39.82922416,86.58596926,77.86358578,1.689544428,3.626155096,3.941114103,9.191730574,6.567598294,46.54961365
107001,16.30139671,37.84871856,6.579007015,46.69048275,185.0156201,409.3001797,6.398404838,45.35348065,936.4088573,2069.113604,6.479691054,46.16370931,21969837429,45592285252,6.157026647,42.56035981,35.15682683,53.9549338,4.668403762,25.71034244,3.977368571,9.75837205,6.649667525,47.25270318
107501,16.30333831,38.0254167,6.563088382,46.42960016,201.0894349,529.7041869,6.354916389,42.74493231,914.5258845,2042.3125,6.508361799,46.13830795,19244795952,40289981680,6.218032229,43.01684907,24.39748882,41.99841689,5.254836795,31.94586248,4.06640122,10.0973119,6.494892152,44.96825608
108001,16.31750343,38.36896631,6.576806477,46.5457072,189.8384867,521.4031935,6.630654746,46.17985845,910.3058731,2107.57699,6.577290513,46.70056551,19425755290,43119574827,6.296187813,43.99627043,20.08526744,35.39612219,5.990923317,40.99201872,3.891278303,9.322344023,6.594453113,46.66066427
108501,16.30464256,38.38462841,6.54487995,46.05973165,183.9385084,451.99079,6.364589863,43.09679011,905.8166504,2124.311937,6.427515972,44.39020503,22448456779,45627652129,5.028348121,27.53138891,20.30018797,30.34838225,5.676259556,38.2772655,3.759493197,8.585992576,6.498525473,45.65095637
109001,16.12657842,37.31132983,6.578038346,46.702291,164.6432822,356.070589,6.406854859,45.40501823,863.0325274,1896.40168,6.584424257,47.37745755,22692818588,31047395919,3.495095307,15.21084184,26.48429182,31.02042949,4.52023331,28.16350668,3.677159093,8.140358251,6.548452997,46.97464377
109501,16.20293102,37.69136613,6.563228716,46.45634111,155.3648251,347.0599942,6.404446821,44.67357319,897.9446433,2036.485391,6.4989512,45.81517346,25775681105,33355434084,3.506784104,17.09125373,33.69427296,45.28502397,4.881045656,29.83984875,3.723161317,8.818942916,6.518499362,45.64226224
110001,16.23625998,38.05049002,6.563238213,46.34482201,152.0256262,355.5588026,6.54612168,46.22904787,904.1791392,2126.737598,6.514203093,45.65526587,25341766635,35725443795,4.147107124,23.13532556,32.01039086,48.25921269,4.679482809,26.81901463,3.712452513,8.964645169,6.62014321,46.90469767
110501,16.17813728,37.67266694,6.556950379,46.37125004,155.9905516,316.3060849,5.375728415,31.99636085,887.8029801,2015.248109,6.392186378,44.364231,22844488756,33502406022,4.008563502,19.84766304,22.41632247,38.39597676,5.50188102,35.76864119,3.760053228,8.696976303,6.316450194,42.98308256
111001,16.22848983,37.93795221,6.581105026,46.67327075,144.7504692,253.4979228,4.94305978,27.14409361,865.6625133,1896.569425,6.479047459,46.17645008,18087181006,27287958420,4.243609346,21.03508917,17.37205832,30.87269837,6.098523798,42.33648597,3.448854897,7.07650677,6.404681609,45.71462126
111501,16.31395247,38.70313349,6.570744685,46.36698013,141.6579324,295.6154334,6.285075108,43.37343815,885.5231713,2113.407639,6.600351228,46.75277141,17163933240,33236584677,6.007118135,41.0688423,18.71874826,30.70717421,5.779894335,39.54932774,3.534807023,7.715678559,6.515099633,46.70643349
112001,16.27070124,38.39772563,6.559862423,46.26552384,140.128072,315.517111,5.965655197,38.39450644,903.373506,2232.304053,6.494438117,44.94681074,21299903681,43909622596,5.435746786,32.0177081,24.56574113,42.20640693,6.276039991,43.85064595,3.750558768,9.134004822,6.414158204,43.83614661
112501,16.17024953,37.70332655,6.583489919,46.70464066,115.9001496,223.5890946,6.233302479,44.28290439,878.4380795,2059.741075,6.609494718,47.03636214,19605944710,25992510623,4.58959097,28.55749212,30.89410302,53.37775253,5.921656387,39.36349481,3.57513515,8.411963274,6.58684216,46.6962162
113001,16.2298607,37.86836102,6.548552634,46.23154092,120.8569748,233.7352045,6.057420142,41.403434,893.1031763,2043.464896,6.460730331,45.22407284,21778195934,26980714654,3.818241351,20.77131035,30.22643085,54.54086647,6.004564603,40.39820109,3.642632823,8.331093367,6.385883605,44.03545196
113501,16.15048363,37.5875454,6.559003875,46.3600891,117.0385441,213.2816076,5.992665169,41.07360167,864.9234823,1918.113528,6.456305579,45.32800406,23745650784,26864445013,2.730356094,10.96992428,25.10415513,50.51462503,6.035027561,39.87264658,3.399383016,6.950645761,6.268278902,43.931609
114001,16.0467822,37.22680748,6.582642194,46.75336827,124.5843907,231.5015609,5.899387198,40.29693784,840.7802959,1806.969326,6.50280271,46.63515727,29994968421,32716237027,2.767654962,11.32663245,19.20488872,33.7838567,5.88212214,40.77152926,3.527835615,7.124504378,6.034889557,41.40919886
114501,16.21190037,38.36772729,6.592685013,46.73217944,138.9226769,315.0926229,6.42129606,44.29552877,890.7449676,2100.565993,6.569293467,46.6454373,36609724088,51259742643,4.395755024,24.80353141,21.34898554,39.99813975,5.276805952,32.12618547,3.441906291,7.860822694,6.527264181,46.14207144
115001,16.34622673,39.25211079,6.552675151,45.99607824,159.927892,345.6170393,5.82054048,36.76592045,975.1467181,2408.173682,6.305062925,42.49955652,39601548196,60834524579,4.67969198,26.05380343,25.82908634,48.8012815,5.338727001,32.46794097,3.625978696,8.975805356,6.619312103,46.81103
115501,16.1046406,37.6603434,6.546070225,46.19121825,133.3222361,212.9230167,5.600138941,37.80389337,886.3436152,1983.07549,6.333508998,43.74888318,30974909288,33325608569,3.371837726,16.91968024,24.08098134,40.80496963,5.889493643,39.79010591,3.818954387,9.53898921,6.316632871,42.3907344
116001,16.0124125,36.72199528,6.549917756,46.40677389,138.6566544,223.5544837,5.011500832,29.71646297,862.2300516,1782.167893,6.163687591,42.64848259,27941716688,28376643964,2.671671509,10.4199015,20.39009101,35.33615366,6.027474532,41.43572262,3.371728587,7.303619129,6.539817326,46.93846626
116501,15.9186522,36.36207507,6.542925618,46.28470757,143.2263305,254.9908137,5.623344275,36.52074246,859.567127,1772.914818,6.277517276,43.66321949,29190534867,29447165657,2.798034474,13.11161221,19.40751639,32.93371268,5.889533286,40.85349424,3.578584992,7.872987782,6.335789163,44.57643026
117001,15.98603288,36.50839972,6.549594553,46.46059429,152.7354356,267.1054578,5.78893726,39.47752252,876.9100438,1785.263166,6.352656283,44.91759853,34747271152,40066178367,4.209532164,23.98018436,22.05233474,42.75103826,5.857528862,38.6880575,3.851124411,9.350696729,6.208865687,41.25478259
117501,16.13076351,37.48026799,6.620433524,46.97964249,229.8984188,302.9125667,5.913685654,39.41659538,1059.513357,1914.975347,6.448997719,45.59596238,49852389346,47614059493,4.209882502,24.48804605,38.87906291,33.72711104,4.35240118,25.2404126,4.064106141,7.610185831,6.522128322,46.25865517
118001,18.63831839,37.66015476,6.67110739,47.61721989,578.1439072,334.8788636,1.518249756,4.948371636,2295.186851,2153.464416,4.837675442,30.99278442,1.24889E+11,70917124148,0.872843437,1.009230913,107.0130253,58.636862,0.957697862,1.246018555,8.571729971,7.481685333,3.964984959,23.48069416
118501,22.825745,39.65752649,6.570592985,46.31065759,989.8110156,482.4040327,0.72343292,0.46911808,3597.796249,2652.191255,3.260212266,16.70462165,2.01274E+11,1.12793E+11,0.683945597,-0.003378117,176.2011502,95.93935714,0.851554858,1.269167277,13.70554673,9.37907576,1.811370159,6.597662169
119001,20.14463459,37.06473364,6.885778622,50.58560035,890.2274075,454.0916092,0.886287359,0.952980989,3141.144289,2388.989951,3.453074843,18.93127552,1.89842E+11,1.06645E+11,0.696752426,-0.073397015,151.7142261,82.00315184,0.64868394,0.697039027,12.57592731,8.652587013,2.11713613,8.985684084
119501,10.62928417,20.41470363,6.997719759,52.44796177,409.1061483,221.7322443,0.927162662,1.324679148,1464.989055,1265.193856,4.077705533,24.79982542,95768437380,54386394146,0.807387423,0.222608376,66.86369033,36.57644992,0.593882503,0.675760009,6.171729309,4.417772914,3.044911142,16.40022048
120001,21.23173056,21.07703743,4.572490948,26.91815643,769.8178985,445.6014142,1.009224738,1.064261502,3781.509266,2099.961516,0.756999118,0.233482132,2.25203E+11,1.21286E+11,0.388164416,-0.616487393,143.9118919,63.52606854,0.409956687,-0.214928064,14.02889042,7.124976466,0.350001015,-0.205774063
120501,27.87380278,47.58323841,5.904238595,37.35911565,874.0895731,519.6277372,0.97129825,0.790082552,4338.239887,2958.521943,2.247388357,8.284700102,2.57914E+11,1.367E+11,0.258865996,-0.736249334,168.1839078,73.14456353,0.291172216,-0.228098817,16.66889424,10.76518437,2.544545704,11.40030282
121001,20.16109838,37.23403269,6.400281831,44.80748549,513.8551821,323.5409291,1.267413279,2.511960669,2581.025534,2105.312998,3.703362758,20.70492156,1.55634E+11,82264743878,0.603842622,0.566247148,104.3271132,48.51496289,1.024800986,2.487185786,10.14378482,7.7583116,4.112309724,24.98114231
121501,15.99207503,36.64954033,6.606226572,46.93662152,198.5635891,213.9855356,5.118927503,33.46906678,1108.194964,1892.287721,6.472236252,46.26584193,52678525536,44749017243,4.209488233,24.86056646,45.17077607,50.53546234,5.227042619,33.45644638,4.433768586,8.244090378,6.608375818,46.84766312
122001,16.08231096,37.22334852,6.580031304,46.76034031,135.113717,243.5985762,6.146976244,42.42437552,919.9475474,2112.740796,6.590645033,46.9807968,33946144601,39879041112,4.068742529,23.53794417,36.62490505,64.61731588,5.78207011,37.21203183,3.470337609,8.17254623,6.155610787,41.08152239
122501,16.23669829,38.20928061,6.515368863,45.65712155,135.5435029,244.515429,5.830454806,38.31492152,980.7507882,2267.739513,6.256952515,42.17482985,37446687410,46219700982,4.601655311,27.57582846,26.85335702,53.09283165,5.9573509,38.63505033,3.189134275,6.97081048,6.269807617,43.54630071
123001,16.00363202,36.87653167,6.571640928,46.65631367,118.0194841,175.500458,5.762436817,40.08307978,892.2683507,1870.796054,6.482782955,46.38102305,37299351423,42656896367,4.298508453,25.67564365,19.2080518,33.60719822,6.11539186,43.1588787,3.025055247,6.542427938,6.37621278,44.59888494
123501,16.15653698,37.67057631,6.590851123,46.84241122,121.8790887,209.0078775,5.545726264,36.02582721,925.9104239,2038.394533,6.51090898,46.51072577,40421860936,60097677963,5.490372895,36.1337391,19.16445345,35.73371582,6.080780488,42.02146415,2.989333897,6.33551292,6.393371957,45.14208969
124001,16.35373661,38.87211525,6.51805878,45.61821682,132.1738465,271.3652216,5.688552863,36.00256946,999.5331123,2350.774293,6.238007222,41.85314375,43712125224,87377362050,4.887532998,24.98960897,20.42525107,41.21098987,5.868347998,38.03154624,2.882276276,6.313314828,6.421806255,44.85108302
124501,16.05361008,37.30259282,6.588074393,46.82057781,120.067487,243.5217231,6.297956603,44.301001,906.4564808,2018.369271,6.533458583,46.54001763,32164625947,47950479407,4.215884456,20.8220753,17.71238298,31.27145227,5.87451916,39.39625628,2.819832295,5.97968132,6.478374272,46.33894077
125001,16.26988022,38.20697421,6.579161095,46.62816818,124.2734135,267.5135509,6.436231453,45.09525759,940.9377786,2080.786642,6.485644479,45.9277067,31333154289,53000207551,5.853760921,39.86046151,26.72926972,26.91867883,3.172008395,15.59978229,2.956508261,6.842270841,6.549031086,46.41549953
125501,16.3586023,38.5758526,6.505232321,45.4729607,128.3753956,264.036044,6.241615389,42.84464277,1001.369935,2127.518263,6.336756574,43.75857333,36421038579,64320136616,4.739938606,24.28752952,72.2201315,40.64325614,1.397058285,4.802159567,3.147712822,7.457623228,6.322439193,42.99623669
126001,16.0179342,36.25281835,6.539426521,46.36226509,132.1808432,252.5747039,6.049607331,41.92282355,997.7011745,1998.071699,6.327957129,44.2145614,32766775624,40605921093,3.780405355,18.61667026,112.2537685,68.94273221,3.682526449,20.51720365,2.923254044,6.55538099,6.525290804,46.19797019
126501,16.02084372,36.09177626,6.560125012,46.76413282,152.0254525,308.2464436,6.194090662,43.05237193,945.2356825,1864.791526,6.357241752,45.13097194,38204545005,48645338769,3.546147808,17.58765339,89.4186598,64.21217681,2.997703266,11.50767606,2.887415839,6.389804292,6.589146055,47.44581329
127001,16.37249985,38.57267221,6.569353227,46.44024022,177.0206823,379.5817079,5.989801771,39.32377513,977.3385382,2142.872766,6.358221235,44.67754465,43343661098,71796769803,4.772266065,27.62145986,40.90415557,53.28459385,4.469697291,25.51793738,3.029068034,7.335938185,6.549515906,45.94032975
127501,16.57084712,39.9750806,6.566780457,46.15722577,162.7955304,316.5331786,6.184141663,42.4477045,1038.023089,2568.373039,6.369561905,43.32708941,41752976212,77520421213,5.132236858,29.83659276,27.20211357,39.1484021,3.975801197,20.26121708,3.056524569,7.290049183,6.44326124,44.51974676
128001,16.48700966,39.12943111,6.5581448,46.20895028,156.09005,297.8345067,6.153375053,42.71826611,984.7616067,2333.077319,6.418571963,44.26064062,34243594256,44821423857,4.74545847,29.40695762,28.56245621,47.61088317,5.150350701,31.51376755,2.950445517,6.729449066,6.51112651,46.04094969
128501,16.36955531,38.17548025,6.586377364,46.76185671,158.5930588,324.3934292,6.360396343,44.04376742,947.5374899,2046.209736,6.442180828,45.74646214,47770473452,50463148852,3.282820122,15.51824515,23.81497576,37.4956006,4.684997157,26.27452978,2.896753172,6.355129299,6.431015197,45.18208454
129001,16.34419316,38.14818283,6.560738258,46.39734038,154.2104746,301.7376109,6.249915528,43.00361393,945.1871482,2052.606624,6.508185945,46.31136751,66002606298,71817637876,3.843711373,21.57591186,20.41557257,25.58727563,3.727328037,18.22076203,2.948358586,6.405599352,6.41805508,45.40299079
129501,16.42846802,38.72103612,6.593632695,46.77656445,150.7649188,281.7461642,6.147402389,43.27636005,999.9432458,2295.537382,6.559886243,46.53442431,71237117156,81182263052,4.040889948,22.3374815,26.36391275,29.0742826,3.276950049,16.49785246,2.970831025,6.787920687,6.428653592,44.67153467
130001,16.46182275,38.89915101,6.509564179,45.54947906,161.148884,343.5622041,6.28241661,43.30623446,1065.650028,2348.959172,6.140944289,41.12239649,54340118474,60418145418,3.471682676,17.65157811,40.72897214,41.70841789,2.184513324,7.364222942,2.949258664,6.746180865,6.571047846,46.92846288
130501,16.23711972,37.23847122,6.575269925,46.80383033,170.2092411,359.0248383,6.181082186,41.60443344,1030.991664,2154.239742,6.207941586,43.33510902,48942029569,67198262854,4.178182212,22.91839983,64.38151566,58.5052965,1.98928093,6.976814876,3.042994124,7.307054329,6.464765258,44.71062417
131001,16.40545241,38.0135453,6.523180101,45.88668448,154.8251073,278.5619459,6.206530435,43.74387339,1084.754928,2500.857616,6.369098059,43.83778712,46655098897,75251035405,4.587447343,24.73329987,96.28612461,89.69663719,1.911057084,5.94245606,2.92503634,6.57769174,6.570218222,46.80003214
131501,16.16237207,36.66099418,6.535253335,46.24898394,166.3657548,317.6523436,5.895459805,39.75905937,1066.126727,2405.128241,6.498365028,45.88532356,41793327280,63829303194,4.746276133,27.13897103,114.2829037,115.8567962,1.768035135,4.385127173,3.055110307,6.869904293,6.51403023,46.35415498
132001,16.39121359,37.34806465,6.562864923,46.78297218,193.5532731,465.6367019,6.239558388,41.4406387,1101.439397,2568.96477,6.498707076,45.78860434,45766112424,90104478445,6.203738717,42.65901458,104.3502925,123.9799394,3.061559174,13.22225862,3.14282508,7.547962421,6.434548933,44.23962966
132501,16.77538828,40.24334622,6.545752352,45.95002819,187.0919122,400.094331,5.986079616,39.38895356,1121.760054,2641.320966,6.385684492,44.10306334,54569450563,1.12438E+11,5.599866334,34.67565789,56.84894189,61.88064645,2.345407794,6.569904846,2.960895101,6.662672347,6.533700114,46.35544274
133001,16.87649721,40.80673517,6.580545673,46.36856193,184.9563767,378.8494435,5.782856997,37.68336818,1124.448213,2690.106963,6.501490487,45.7310186,52440225950,1.12029E+11,6.253685906,43.18449109,25.54488123,43.16333762,4.948076269,28.65401795,3.077176472,6.856710864,6.487373105,46.05121756
133501,16.79628039,39.96729389,6.550516554,46.04198708,188.198111,418.684326,5.897867934,37.88528408,1134.81205,2658.602171,6.185993789,41.31252722,53315467656,1.21695E+11,5.435094162,31.14401588,16.63652397,27.75291786,4.625650003,24.57638349,3.153504031,7.081039821,6.283585293,42.76035277
134001,16.52807383,37.86486105,6.565131754,46.64147408,161.472469,346.1613353,6.309628971,44.57882389,1015.697743,2114.08268,6.390945839,45.54361986,37665361934,59030846252,5.106130443,31.77922714,15.28671489,25.58052295,5.531091486,36.71097792,3.003271211,6.402885623,6.408019822,45.73822591
134501,16.64210178,38.4520525,6.581094943,46.80330292,164.6369321,412.7420424,6.649255202,47.13908655,1024.729778,2293.772236,6.516320026,46.2563583,38036697545,66320848227,5.38008334,33.1817335,15.25187619,32.92619556,6.46611632,45.64188054,3.215521579,7.920212262,6.63281987,47.00903502
135001,16.85128821,39.86746032,6.533071195,45.87361109,181.6860442,469.47631,6.189320615,40.5920042,1074.924308,2417.889597,6.219537049,42.1681426,42066139402,87950852122,5.715414124,36.07999771,17.08825112,37.7676397,5.459131624,31.82651721,3.523515321,8.915241496,6.264338561,41.72555017
135501,16.74904746,39.22511666,6.557991819,46.33173827,156.7129766,334.2417123,6.165577179,41.2700645,1024.44706,2215.697786,6.380804077,44.99835131,36988850928,77594548219,6.124412553,40.98070181,16.02737527,24.84540968,4.72248511,27.10436288,3.108631701,7.081793286,6.549011395,46.4358557
136001,16.71537059,38.93525613,6.57124164,46.53536384,142.183926,232.298896,5.308871206,33.67470643,1014.954114,2281.428013,6.476963771,45.55541324,32970037120,60907822086,6.130902123,43.25798324,24.91793298,30.22247198,4.485152153,27.49736208,3.133869986,6.677948528,6.373213936,45.0926484
136501,16.7225448,38.81808561,6.549558005,46.2804986,142.3632514,271.7646362,6.031085449,41.70995303,1020.262103,2296.177628,6.518731916,46.15816799,34255073517,69853305917,6.280890429,43.88567737,33.29020418,43.08001085,5.030828192,30.87948956,3.184672561,7.343120224,6.573992154,46.69178837
137001,16.80128341,39.09517007,6.584687474,46.75366669,157.1484939,361.9720529,6.114791592,40.41063508,1046.175067,2399.65393,6.554187081,46.3921164,36393224143,74800843533,6.326945907,43.79728858,28.1396435,39.46417813,5.265807352,32.61233409,3.301534921,8.078622006,6.497575102,45.1400227
137501,16.96658907,40.02937066,6.550107555,46.12433324,144.1793957,334.1133099,6.586019806,46.56769103,1068.113573,2477.432562,6.540544412,46.07182545,40427773709,81349887929,6.335443146,44.51675876,17.92031243,26.46881628,5.478209815,37.07978475,3.187686415,7.577534642,6.533470625,45.78586647
138001,16.93085087,39.65859496,6.573179011,46.53268969,148.6715505,342.9708493,6.655141769,47.87091625,1080.380494,2481.024743,6.53426322,46.13503358,43764485207,91997302956,5.968458919,38.86760003,19.60718834,28.4043151,5.101857038,32.35271574,3.150122818,7.180459855,6.583551177,47.21091142
138501,16.98330249,39.95030778,6.589627435,46.73193305,160.01767,406.3145112,6.460538309,44.13948323,1086.257236,2525.1141,6.642035694,47.67384383,38495847724,69862226322,6.16180557,42.92100064,33.71396029,35.9299841,4.679354579,29.21526084,3.241122663,7.893103844,6.560024995,45.98380683
139001,17.13076935,40.90263277,6.579571557,46.44986457,153.7839636,332.8936623,5.954119099,39.05152719,1168.680948,2934.330962,6.602145359,46.37258797,41801912202,71049654639,5.626147631,37.82066172,47.66789551,45.79623895,4.966285153,31.89551889,3.252778719,7.688521284,6.481569225,45.12169025
139501,17.08261681,40.70096924,6.567779263,46.29062587,139.609562,262.763527,5.546049408,35.45293005,1209.168337,2920.418098,6.32332626,42.8489278,45718571674,82212502840,5.363730964,33.46063465,41.92418032,43.68194256,4.622204482,25.95016584,3.147047026,6.985801028,6.453917683,45.31223515
140001,16.97138064,39.68469582,6.570267026,46.49410803,134.6965594,269.9280069,6.254435669,44.17622123,1128.610587,2506.283149,6.452253932,45.66602047,40459913395,68841095381,5.359863953,34.54716124,22.55148938,34.84831101,5.029486732,29.12445236,3.044026251,6.402465607,6.4471207,45.78345386
140501,16.92141854,39.18218068,6.562285372,46.48068476,143.3431473,324.4896338,6.287326638,43.09940668,1114.303871,2512.336712,6.519560004,46.13713939,37192375149,60564042360,5.558072871,37.08550413,17.04143614,36.38615604,5.742818972,36.23665157,3.077683534,6.439131629,6.376350238,44.94253687
141001,16.942953,39.22585235,6.538407697,46.14369749,137.1213786,309.0575874,6.468357822,45.6014342,1113.488578,2492.213584,6.44377809,45.06099545,38365888341,62452074746,5.848400795,40.20736424,14.33072551,25.56061027,6.065773444,42.6518905,3.060402882,6.831765625,6.618418886,47.68081874
141501,16.83794912,38.84822134,6.578035621,46.73113993,149.9848085,351.0535044,6.463384493,45.55655399,1092.411551,2427.193066,6.601804149,47.59818985,40457694556,72300831639,6.109946147,42.14714462,15.61088848,29.46247515,5.911135667,40.14651729,3.305932287,8.366853468,6.59209086,46.16856539
142001,17.1288633,40.29275554,6.570925074,46.48033067,167.7615334,407.5673173,6.062837846,39.40149297,1169.027647,2859.723288,6.52326045,45.42861829,39330561818,79863431470,6.187394384,41.95879951,16.79503601,38.50182125,5.776243527,36.02398588,3.4693166,8.467612449,6.28459728,42.34341161
142501,17.17500297,40.63537931,6.535704415,45.87887654,150.2417016,337.0493499,6.520303636,46.23524625,1178.189152,2655.206173,6.226888284,42.15470262,36193156853,67987070253,6.183534287,42.9365204,12.86308883,26.64299303,6.357547404,44.53257077,3.246122423,7.270646203,6.478483394,45.96925411
143001,17.05480866,39.63939483,6.590582184,46.91689717,148.670941,323.7609483,6.456239362,45.27799289,1133.224568,2383.436386,6.165528054,42.72841095,39502416930,74736300774,6.045369532,41.57232431,12.80596232,24.24767807,5.782463107,38.55798542,3.20156395,7.260801837,6.503530267,45.72315213
143501,17.26691239,41.18970019,6.583602651,46.50776219,145.7754384,297.4323284,6.41987717,45.62893675,1162.732277,2867.529741,6.603172045,46.45107834,42797240035,92637604468,5.793795979,36.19989919,13.4410877,30.87045249,6.598136425,47.13948569,3.180688989,6.941951612,6.498145171,46.14519356
144001,17.31361192,41.3527192,6.555938598,46.08532346,152.3949152,322.3866516,6.39630504,45.08834384,1234.825186,3067.320521,6.428404509,44.03805019,34648916574,61921856974,6.01367909,41.05917982,15.57406799,39.05746972,6.181161061,40.62830031,3.268632629,7.222233736,6.47608652,45.73615928
144501,17.07786799,39.74178892,6.559252027,46.3971113,155.6839923,340.3244644,6.418918215,44.90336861,1155.450933,2702.45434,6.516121404,45.74811261,34497399966,48985001363,4.878546002,30.36920572,14.074512,29.5048092,6.282536633,43.38462052,3.290755767,7.391125515,6.498482551,45.84159478
145001,16.98484471,39.25073744,6.587445479,46.90312508,169.26023,396.4609662,6.492100349,45.98844593,1127.251668,2484.697404,6.536722564,46.84015984,49810049025,63398788376,4.078239573,22.51680949,14.6239252,26.26355628,5.747391178,38.47735284,3.397998121,7.714901297,6.553838709,46.77346181
145501,17.23507269,41.04819426,6.573762865,46.38699594,209.1437726,540.6533422,5.951486883,37.71744169,1172.510749,2724.169205,6.528204188,46.06437511,86613883021,1.3336E+11,5.108218429,32.14142743,18.16597423,28.42100842,6.01595257,41.73136246,3.607767236,9.174243293,6.633603537,46.71296134
146001,17.15627897,40.52084548,6.51390052,45.58791143,178.0045548,327.5485892,4.712672018,25.40676013,1202.90667,2757.097775,6.373313315,43.88661157,1.14278E+11,2.30284E+11,5.100210892,27.6728259,33.8225954,36.80682692,4.269676065,26.42519319,3.817465093,9.258122154,6.192619416,41.13153611
146501,16.86127731,38.43111327,6.575363545,46.89649492,170.8283463,328.8329796,5.140457751,29.46252459,1152.465404,2534.488683,6.498568399,46.26024829,60319275197,73592009207,3.361051543,14.31616587,49.02560567,61.26014219,4.325499833,25.35693504,3.530652779,7.870637714,6.369314575,44.87075901
147001,17.03214268,39.79874051,6.55816065,46.33964585,164.0212704,323.463797,5.490571573,33.93090711,1145.419047,2603.625039,6.490235009,45.6411098,40435117393,58827677522,3.663920679,15.52340046,43.76692502,59.41545659,3.785720324,17.20448305,3.596197446,8.269252055,6.386762937,44.04860215
147501,17.07488949,40.25180395,6.563525759,46.29844568,150.676782,319.4961387,6.444931078,45.66887811,1154.121079,2658.038481,6.570093291,46.5989889,34183493425,49552844788,4.679748821,27.73625689,26.91759665,39.63972275,4.076630719,19.38528851,3.460072127,7.529812457,6.513730805,46.49862545
148001,17.01491907,39.65739322,6.549521593,46.24463257,160.0456123,365.2448496,6.302294571,42.98370203,1179.525307,2660.394587,6.378075182,44.05082206,40842467905,55437194352,4.629522737,28.29852165,26.25475791,34.57646088,3.859484916,19.75968692,3.634645758,8.16516117,6.540985204,46.67315246
148501,16.9969078,39.42422832,6.583347166,46.78419828,152.4846194,337.7247927,6.345590388,43.95682153,1161.743233,2438.516502,6.419953305,45.78217491,54343828456,76708911845,4.917992275,30.22734851,49.91647466,37.51388941,1.765876994,4.764970008,3.834345804,9.506051527,6.464826293,44.42931318
149001,17.17805554,40.58039179,6.559548697,46.27320002,149.3969397,317.7540143,6.407029473,45.51784576,1259.800354,2779.372474,6.553542322,46.82070301,69672591347,79920311504,4.503488985,27.33605713,121.4521988,106.9882906,1.285089227,1.340364645,3.702925042,8.275486203,6.351911851,43.95089965
149501,17.17212342,40.60915171,6.568411965,46.33767518,154.0997779,353.0009581,6.497991675,45.65236561,1440.992049,3399.003472,6.523355448,45.18939549,94724188926,1.18438E+11,3.967076254,20.38392588,214.2868603,258.0360806,2.182526424,5.993744776,3.733692287,7.898735164,6.128191584,42.10931425
150001,17.11380303,39.89503599,6.569477156,46.5081334,157.3038967,371.4175457,6.46913172,44.84495457,1479.810453,3230.92049,6.212454083,41.84883151,1.17775E+11,1.81965E+11,3.972208414,18.56965155,210.8042387,284.4784948,2.775560565,9.123768769,3.76362384,8.764937846,6.499262061,45.52982491
150501,17.12752256,39.67262635,6.557680305,46.42422611,151.7959509,331.1886838,6.372716628,44.07763287,1360.639714,2760.307083,6.212068836,43.34862083,1.07806E+11,1.67006E+11,3.956101291,19.65052811,115.7604708,114.6386463,1.943145025,4.418116579,3.79396092,9.234037077,6.563429275,46.08907055
151001,17.20695321,40.31299795,6.599909023,46.92175961,147.5360522,292.9363529,6.311410254,45.00696933,1327.936984,2957.345471,6.558485969,46.78874025,1.01074E+11,1.60304E+11,4.760824608,28.7463019,79.39447265,68.1639878,1.089456411,0.611652427,3.74519717,9.200221363,6.57671126,46.25489435
151501,17.47104363,42.02703551,6.55732685,46.09063845,153.6345804,337.8130747,6.317576664,43.65521782,1366.812408,3423.446523,6.563615108,45.94296246,1.05506E+11,1.66318E+11,5.182784239,31.85491086,85.49429371,73.37441497,1.371064481,2.821590567,3.733594053,8.952930013,6.551838181,46.03951121
152001,17.29208338,41.27373907,6.57540397,46.36671004,151.1608388,329.7529721,6.389524798,45.0065661,1366.564952,3570.204829,6.531302399,45.14123899,1.02889E+11,1.32228E+11,4.676988914,28.79221952,90.79153619,89.39370289,3.067587891,15.11695283,3.649725274,8.49867039,6.583480748,46.77414045
152501,17.17764208,40.19112145,6.584859236,46.71269922,164.2851377,383.7317854,6.350709596,44.11308577,1302.374214,3265.140262,6.542987082,45.54699444,1.08395E+11,1.3333E+11,3.520103715,18.18257442,80.24880735,105.8539678,4.154594174,21.62505068,3.685409995,8.347221874,6.431971689,44.78387267
153001,17.17670181,40.04515471,6.551840377,46.2427521,171.1765308,417.1622855,6.145947214,40.73809172,1216.071346,2665.070384,6.377148738,44.41892802,1.06693E+11,1.17118E+11,2.128675898,5.9405458,43.22433536,50.34731813,3.060628112,13.37636052,3.538579911,7.674939275,6.522080514,46.58611851
153501,17.09783096,39.46064119,6.56184976,46.50608752,162.973246,380.8232645,6.477318768,45.64053863,1184.346519,2358.444049,6.171003136,43.32700916,91691656966,92779933554,1.906570305,3.944840306,27.37985278,45.71493269,4.738288537,26.60776253,3.659148683,8.023519718,6.422681362,45.07397458
154001,17.12302111,39.63905407,6.542748724,46.20999754,162.3737959,370.4227385,6.389361446,44.15026678,1187.702637,2583.802251,6.398925916,44.79043221,76223523396,88940146827,3.115261865,13.48680479,22.30017593,37.06537464,5.137759039,30.85473522,3.636829185,8.037145727,6.504387268,45.91536521
154501,17.08996223,39.88511659,6.605150469,47.01479217,159.8313308,348.0470323,6.424915854,45.3781779,1213.54417,2785.696665,6.651733295,47.84205027,66683764752,90697133628,3.942798399,21.46374357,24.29587366,35.23453432,5.466052402,36.66326214,3.769526114,8.32968639,6.520867273,46.33911999
155001,17.44161411,41.81029463,6.560549439,46.16053424,165.877033,346.3757065,6.288968751,43.26591697,1353.431812,3335.882877,6.427008649,43.85621567,74225333813,1.42197E+11,5.685415615,36.56136431,29.92493465,42.0375845,5.196861023,32.13679023,3.872325188,8.820371578,6.432254328,44.75330846
155501,17.31277229,41.13333372,6.551685445,46.06031667,165.1730574,311.1612997,6.343713317,45.01591234,1298.154175,2857.793125,6.310986287,43.28917785,79523304955,1.39825E+11,4.269354218,19.82039586,26.6749218,34.12057225,4.441148553,26.2486689,3.907782679,8.94985348,6.595809559,47.14773251
156001,17.15836064,39.56205927,6.570851202,46.68900497,166.6199462,326.7325021,6.451720077,45.62514297,1236.790124,2489.404141,6.096958166,42.11123491,66355836445,1.01809E+11,4.462130882,23.87497785,22.36697814,33.8272356,4.250529799,22.26983204,4.058476503,9.843967031,6.530451944,45.70364413
156501,17.23478762,40.24085552,6.58302967,46.71288132,162.3928193,331.089673,6.353500913,44.26531974,1249.323179,2882.828599,6.652510195,47.78574221,63302492598,1.07137E+11,5.714021546,38.35048833,22.19957966,28.16832142,3.507166146,14.72825837,4.16129165,10.47727791,6.642714348,46.94711755
157001,17.38258096,41.59455318,6.574829229,46.33915246,162.7544473,325.3332372,6.331178697,44.72775339,1373.426377,3495.290005,6.382249798,43.00752075,72596771184,1.5898E+11,5.897984213,37.59045489,31.58968128,39.93276627,4.153181765,21.29949121,4.30973416,10.46883578,6.469935715,44.72093217
157501,17.14915774,40.71798291,6.639058202,47.0613551,307.2552643,385.7318915,6.002567651,41.97037211,1589.040602,2807.226344,6.554556383,46.37627352,97311835864,1.20117E+11,5.558802882,34.93479686,63.57543972,56.52371473,3.716869104,16.78771887,5.720060436,9.697791325,6.528891847,46.51776179
158001,18.43806209,40.23332232,6.782597407,48.78502233,681.1775041,545.6176434,3.194464983,15.96110135,2745.723931,2660.224087,5.257949682,35.61383253,1.9424E+11,1.09497E+11,1.359044658,4.821454367,130.5314408,62.09925351,0.287842394,-0.298061711,10.38316167,9.838728584,5.167635332,33.60741311
158501,19.83030302,43.74084648,6.810407411,48.63553293,862.7601215,600.6873026,1.923831126,7.078571591,3469.36437,3171.891102,4.937225585,31.90074689,2.48946E+11,1.36436E+11,0.887427463,2.119260434,180.8433429,83.26076565,0.067676092,-0.641548731,12.92374104,10.06109276,4.494911697,28.19919446
159001,15.17356062,34.94301381,7.086186448,52.78690627,628.3881397,437.681751,2.147335207,9.341064637,2502.744141,2557.375719,5.639273259,39.45810499,1.76093E+11,1.02171E+11,1.371116265,5.106007406,139.5396027,62.70878227,0.136646484,-0.429850773,9.194240642,8.085629654,5.294377109,36.02339594
159501,11.20519013,8.497497306,3.228254383,15.28677697,662.4657883,353.4974161,1.070310118,1.887381571,2229.631064,1158.779342,0.494748361,-0.717185823,1.59879E+11,89049768325,0.375614193,-0.721209499,48.18190088,27.10148077,0.637848421,0.053459399,11.46713362,5.424911498,0.307565486,-0.37498172
160001,21.25977087,37.59445968,6.346235546,42.68754999,1090.423339,612.4122167,1.114199489,1.843838136,4043.60871,2844.759331,3.43135321,18.23656888,2.80837E+11,1.52339E+11,0.527075661,-0.223307949,83.33592106,50.5319767,1.191399899,2.354793842,19.6171854,11.6691203,2.313810755,10.38810737
160501,23.44275666,49.01522915,5.959705044,37.1801672,974.5814241,592.3295139,1.566390316,3.762927699,3905.585156,3724.650338,4.519656121,24.87261127,2.64049E+11,1.69268E+11,1.612422589,4.396550262,77.94904001,58.24211322,2.759616638,11.72347979,17.33733198,11.53962813,3.065598099,15.54238088
161001,18.17174304,40.86682345,6.639160083,47.26137316,474.026111,446.9782271,4.624971768,28.39129685,2008.483659,2782.674509,6.247983414,43.61928931,1.27115E+11,1.17029E+11,3.929122368,21.24560857,38.69865161,43.29038557,5.173771247,32.12120834,8.851219508,9.292095551,5.066717888,31.57938987
161501,17.64297921,41.19924631,6.560220474,46.36828903,225.9129994,433.9315288,6.331260045,44.07565273,1275.685175,2626.686239,6.353434655,44.83260863,53549798687,80800404513,5.391340062,35.09681529,17.46149801,30.13202733,6.190770229,43.71458124,4.858732026,11.05111988,6.370310143,43.57233171
162001,17.60028717,40.94338121,6.582202708,46.69962252,210.2079346,455.2438614,6.439281017,45.83901855,1236.52058,2800.396659,6.618413637,47.50908886,51537589463,95500954723,6.110136313,42.61132774,18.37986866,31.69335675,5.831193544,39.88227194,4.473148358,10.96598428,6.631374253,47.0231263
162501,17.81592326,42.13488669,6.595723259,46.79975642,230.3726382,547.7743299,6.353081213,43.27812852,1293.634744,3203.488588,6.536925663,45.58256778,59923931733,1.43752E+11,6.200967735,41.04942287,21.92410619,34.08087387,5.421188402,34.72118046,4.497700123,11.12858985,6.52019178,45.32732568
163001,17.95480991,43.34109799,6.556058434,46.00148279,223.8361891,507.5131259,6.500706517,45.68646888,1285.677036,3237.305121,6.611730094,46.46579536,58373911482,1.41776E+11,6.31107154,42.23944711,26.53397114,34.39323636,5.339571281,35.49270981,4.313355801,9.986329012,6.569184054,46.56493102
163501,17.75116746,42.01445735,6.581322094,46.56214607,229.5195226,495.7547951,6.528341568,46.7768213,1286.283003,3128.099649,6.507994995,45.3158416,51921699677,1.09497E+11,6.30726129,43.31077853,31.29931226,43.96095885,5.598451869,36.13597821,4.328783678,9.624191585,6.495035,45.98051682
164001,17.62897231,41.10712961,6.549702347,46.2378928,238.0191965,564.2042353,6.57460654,46.31534072,1215.297409,2714.421778,6.506722136,45.99483121,46699925577,75159809533,5.874677133,40.82394124,29.75826795,41.2329102,5.303063975,35.04093198,4.210145331,9.474672512,6.516749687,45.9980939
164501,17.45878349,40.22408915,6.577147165,46.70714763,241.3540684,602.9675112,6.550105128,45.74407199,1212.877181,2605.238831,6.37906663,45.0541697,51181838142,82745714282,4.96531361,29.19214147,30.59101204,45.04564211,5.123703629,32.23232379,4.206543323,9.383269679,6.519129235,46.3500637
165001,17.48440135,40.51564928,6.545212776,46.2454726,240.4892932,591.8367673,6.424045501,44.24830154,1236.112815,2823.171803,6.532583036,46.33381188,60344647726,1.08329E+11,5.834374427,39.1170747,31.49880696,36.18153944,4.109441918,24.06711219,4.306439069,10.10412845,6.55087713,46.27812716
165501,17.47442405,40.60009102,6.556032425,46.33162639,229.8628567,521.5749363,6.403152873,44.30194791,1320.022439,3184.405356,6.447913393,44.37577334,66030216750,1.28654E+11,6.034643641,39.98591815,34.65661583,39.78446232,4.545471901,26.78947584,4.351423506,10.30061115,6.437789297,44.44120369
166001,17.45345926,40.36558152,6.55749123,46.41953357,219.9564221,414.8716431,6.189321305,43.57417781,1293.849934,2746.461949,6.116790124,41.51051029,60125811648,1.05176E+11,5.896249695,40.0332903,30.46196269,45.07099921,4.580241871,23.45404852,4.203696326,9.232080704,6.575828729,47.25335109
166501,17.6035901,40.77810723,6.543440132,46.20583836,241.6867672,465.4569958,5.81064234,38.44851117,1272.806368,2553.686007,5.8537639,39.09381036,59065408200,1.08776E+11,5.590484799,36.50682536,19.41429268,31.8868604,4.827008933,26.75015955,4.415017451,9.900511667,6.460685892,45.42662776
167001,17.53409378,40.54173948,6.566435703,46.52847883,256.4597773,520.8306358,6.070917031,41.02143755,1200.617227,2599.050979,6.469096642,45.88941406,56036173781,96399451539,5.256412454,33.14305114,16.64093292,34.39963873,6.368484376,44.38581589,4.449136114,10.39454081,6.550217882,46.22635499
167501,17.81508456,41.60000329,6.574840776,46.62171711,260.9774734,575.542326,6.40272898,44.68288067,1269.43855,2978.799571,6.548675379,46.30324181,63230550028,1.22377E+11,5.147969901,29.88051816,16.98172609,35.40433792,6.18874872,42.05619641,4.521223519,10.57527934,6.417483328,44.32582764
168001,17.96000973,42.83719721,6.561426039,46.18090728,262.2882452,593.8637997,6.002978054,39.05727543,1326.125942,3200.204026,6.354319328,43.32375025,77675528158,1.83754E+11,5.521764924,32.53208854,16.12768718,34.35925318,6.287038877,44.05330179,4.264333544,9.659082093,6.579390912,46.79641265
168501,17.98384164,42.61033364,6.58154595,46.56340509,224.5959033,444.63386,6.248095493,43.96804251,1270.434315,2949.198931,6.550815605,46.52113038,62067196964,1.3612E+11,6.306831385,43.55072139,16.19330972,37.65538406,6.384622758,43.98393759,4.225671615,9.300502679,6.479988718,45.72674653
169001,17.99072286,42.52327757,6.568812969,46.36560968,222.5092816,464.9501577,6.414459239,45.92742614,1263.440225,3001.658607,6.573757317,46.42964418,56646437752,1.15477E+11,6.188480314,42.63243918,15.80011859,35.88297675,6.511630387,45.95370969,4.219630847,9.214116895,6.522585578,46.55344309
169501,17.92278138,41.79753763,6.570540937,46.52548922,239.2035746,578.935737,6.336939385,42.90372987,1267.850982,3010.860647,6.563454676,46.30860618,50583641285,97078744038,6.220459785,44.17783002,15.62882348,35.55102349,6.521407584,45.87539634,4.405101841,10.19814019,6.528081765,45.99414554
170001,17.98787498,42.01618222,6.575286135,46.58860566,226.4512117,518.5160559,6.533107617,46.30294465,1260.224203,2981.824359,6.57051281,46.39474127,55507780198,1.18215E+11,6.33271895,44.46485873,15.1116518,33.88368422,6.560444865,46.49921785,4.470066651,10.25380398,6.379899504,43.96214274
170501,17.99288386,42.14198419,6.54206865,46.0633708,240.5172288,544.0400305,6.387907617,44.59933764,1251.082286,2897.165494,6.53464627,46.05528202,63991553851,1.31968E+11,5.467973751,33.15915207,15.09385993,33.71422362,6.530651489,46.31283498,4.358875203,9.626512311,6.509102003,46.60917282
171001,17.93316519,41.57243165,6.590886226,46.89303489,239.7733144,536.547184,6.275770666,42.85080252,1246.482483,2815.077377,6.555189258,46.59748247,64274853018,1.19155E+11,5.351290034,33.26253695,15.13932036,34.18238969,6.394408675,44.17343211,4.568734125,11.22484071,6.597053592,46.49508595
171501,18.15817394,42.88050928,6.553636438,46.18016435,227.1430969,470.5210808,6.374215001,45.1161566,1256.815991,2846.427889,6.497937064,45.76758851,69128661957,1.47238E+11,5.937157389,38.64466982,14.45251417,29.58252695,6.321214977,44.38233766,4.74890982,11.92317662,6.489238261,44.72016999
172001,18.08897051,42.58226692,6.574254665,46.46848844,225.7077943,494.4176011,6.545613893,46.70147031,1260.463722,2879.093329,6.594188287,47.10997862,59280090943,1.3436E+11,6.555175584,46.31173883,14.43566514,28.99229493,6.211089538,43.54855027,4.495912771,10.56883013,6.547858477,46.18831495
172501,18.12573358,42.47225269,6.579494384,46.6292587,231.8241732,528.3903595,6.40771926,44.38895076,1301.344359,3136.387886,6.57732816,46.32586122,56874712359,1.27196E+11,6.452859057,45.23900494,14.56328433,31.74219496,6.524291802,46.5693421,4.501361776,10.1064467,6.503527512,46.12104033
173001,18.16645977,42.90346479,6.572497578,46.43510273,226.3796227,516.3474106,6.577825337,47.05769673,1312.854091,3219.985195,6.607874555,46.64168153,58660707597,1.2532E+11,6.487556191,46.44370975,17.75001068,39.45804992,6.545346254,46.04438289,4.425559806,9.968349038,6.484088313,45.59681071
173501,18.18403791,42.95593885,6.582093764,46.57277654,235.8873649,574.037943,6.6005238,46.61674718,1339.176149,3260.946936,6.554383742,45.914929,63856438973,1.46564E+11,6.561949614,46.10839861,20.13788609,41.96688516,5.779634589,35.79268879,4.493106834,10.18228159,6.560080538,46.81618222
174001,18.19210446,42.93343518,6.563261823,46.30202532,252.5006893,611.9119335,6.520058912,45.26598815,1304.690151,3053.879644,6.532351877,45.88847541,67710046785,1.56692E+11,6.433256804,44.14117345,16.23917505,25.08490274,5.546052131,37.39157166,4.636329457,10.78376217,6.398934654,44.0730803
174501,18.01695114,41.97308615,6.568121504,46.50541606,247.1307091,541.8883562,6.405547272,44.39785635,1269.473375,2787.048915,6.494638784,46.14777684,61675625005,1.26408E+11,6.331735452,44.12614978,18.95289265,26.99877955,5.25744414,34.27624952,4.518997347,10.27414962,6.580710079,47.18071284
175001,18.06856343,42.26910517,6.594148312,46.86573154,241.5752127,488.9889626,6.356325168,44.98011218,1284.826746,2932.753762,6.616140047,47.62911175,69624200750,1.37794E+11,5.937069732,39.86383049,25.06884658,31.03342022,5.317673309,35.45726481,4.694195443,11.41420015,6.529997854,45.64582686
175501,18.21969621,43.40338027,6.541113717,45.91016432,241.677376,491.2276477,6.273702337,43.38338173,1380.901961,3473.981205,6.447028111,44.14896746,82921316665,1.79609E+11,5.679273373,34.67330879,31.14757718,39.60584132,5.35912881,35.53255377,4.738668657,11.44846952,6.513225509,45.45197634
176001,17.95214964,41.91917911,6.568510315,46.48043196,242.3646418,494.2758683,6.351460168,44.9755664,1315.98019,3022.239888,6.420243021,44.50563391,69803750611,1.18435E+11,6.103452667,42.90346235,30.16017388,47.34548824,5.269531663,31.49159924,4.593847193,10.40394844,6.447792851,45.10325093
176501,17.90621118,41.38120125,6.564848173,46.56424414,253.9011533,581.7426628,6.434394693,44.62348237,1288.868501,2742.828604,6.286553305,44.11990089,69892043873,1.18052E+11,5.832519272,39.75609855,19.83535687,28.22646965,5.366310078,35.64395086,4.530384034,9.735890524,6.468862169,46.12900635
177001,17.96679483,42.15376221,6.584181052,46.66976054,252.5197408,600.6145834,6.530123673,45.69813982,1300.057062,3073.192257,6.572855436,46.43597781,71952565431,1.3302E+11,6.025541105,41.28332653,22.71250712,31.11605309,3.822193124,18.69675303,4.611522725,10.42738386,6.508247713,45.90491145
177501,18.0987103,42.89881638,6.536558074,45.88846065,257.8055412,611.8856436,6.443968297,44.37950043,1342.514732,3272.12219,6.486270021,44.9117582,83759845194,1.5758E+11,5.793037636,38.2836195,36.42132891,51.08487457,4.800443579,29.12285187,4.685672113,10.96540633,6.588963033,46.85887002
178001,17.78024307,41.10720506,6.572176134,46.60442304,241.7402066,469.3678463,6.12560682,42.28424914,1276.735395,2907.828535,6.518627188,46.03883636,89343807678,1.42139E+11,4.990063845,29.967463,52.86157631,76.14918837,4.105347704,19.71861518,4.912748938,12.18781518,6.576384386,46.1807374
178501,17.93833116,41.46952347,6.576024753,46.76882439,258.7845275,525.866855,5.549843217,34.43180795,1306.118779,2924.785909,6.469338025,46.07162824,82486097145,1.35579E+11,5.083035648,30.69242956,52.159904,52.30691343,2.434410034,8.853403961,5.052561682,12.27020647,6.437657885,44.38509262
179001,18.10499663,43.2158752,6.555009522,46.08026191,293.0197225,699.1006525,5.842387815,36.51135416,1366.078102,3478.950058,6.542213616,45.38027901,79636748190,1.81071E+11,6.102975654,39.75573055,50.23249132,49.79425432,3.171451137,15.21155372,4.8540609,11.14501448,6.568439947,46.76743898
179501,17.93428488,42.43228614,6.573724763,46.44057217,248.7415632,489.6943467,6.092586811,41.69721192,1337.010325,3242.414227,6.376310957,43.47329408,69851456496,1.33263E+11,5.59680261,35.42637962,38.89121106,46.87053971,4.189660666,22.78444682,4.798539323,11.26533623,6.584849753,46.64145117
180001,17.86728147,42.06318767,6.595438493,46.83028085,243.9528099,442.5691626,5.539600967,36.2576725,1242.085668,2776.028569,6.468196249,46.10217565,68856745178,1.19357E+11,5.164419074,30.03162953,23.40650361,33.43875799,4.68410786,28.0951277,4.829611016,11.39717506,6.585790069,46.65672206
180501,17.94645027,42.67476836,6.55529003,46.11749734,225.662731,470.7053722,6.202598339,42.47793478,1255.418824,3029.298952,6.523231448,45.51688822,73390922103,1.27932E+11,5.736952572,37.23605995,19.24314785,37.04735917,5.939452418,40.11033694,4.885799059,11.5857525,6.486601036,45.26926064
181001,17.69925014,41.02346199,6.541636879,46.13426968,211.268387,432.0914863,6.388032926,45.43138658,1247.534286,2795.445626,6.343139938,43.65787682,69518120646,1.08994E+11,5.752861413,38.587264,18.81343148,36.47068984,5.829810086,38.36203656,4.714127126,10.89666986,6.555034036,46.32830948
181501,17.5145198,39.50895562,6.539526343,46.46232271,226.1409052,502.1736818,6.392514305,44.85051755,1160.448769,2322.455652,6.287901091,44.39639131,59710008912,83716144934,5.576113431,37.56938994,16.50413554,29.36842112,5.9995491,41.61211935,4.64797958,10.52854069,6.544550686,46.47165631
182001,17.63159944,40.68619565,6.576166309,46.72526738,239.828197,542.2536916,6.070292435,40.19573171,1173.402059,2471.301903,6.429794936,46.00513791,58722797639,89784284099,4.925768754,29.82071676,18.47830843,32.53513453,6.324068463,45.27510665,4.613136582,10.6121667,6.540316265,46.20841312
182501,17.86429637,42.42751302,6.540337297,45.92069646,231.89213,514.7863603,6.361917938,44.72534356,1265.634227,3105.344124,6.454131679,44.37991568,65604519118,1.409E+11,5.988769476,39.68711802,22.12851606,43.61963645,6.140510384,40.4567744,4.584996785,10.58336378,6.572807518,46.63747824
183001,17.70091704,41.57480849,6.578726848,46.57643096,243.6040827,577.7588113,6.223282659,41.46940344,1238.4078,2945.93482,6.498237783,45.35166884,74335212498,1.44331E+11,4.898482736,26.63455635,19.11982335,36.15448761,6.36903539,44.54302367,4.61899285,10.88877563,6.596145763,46.84609278
183501,17.82018905,41.80696227,6.580094907,46.63890227,216.1939918,439.6763232,6.38467397,45.28515004,1254.563617,2899.141946,6.490185263,45.85916429,71242767298,1.18396E+11,4.978110489,28.58666523,16.91007818,33.41580535,6.139816367,42.36414221,4.687817248,11.52741796,6.593906368,46.42250797
184001,17.87828871,42.22599349,6.553923942,46.15077751,229.6351632,459.6294097,5.967573509,40.56759489,1269.97462,2956.195454,6.403577562,44.17909731,73576452275,1.32646E+11,5.620728074,34.75651767,15.3216163,32.28371289,6.472693371,45.99270204,4.661304683,11.2338797,6.479887984,44.91166602
184501,17.77186571,41.29203982,6.563675106,46.46725834,246.0115325,572.850556,6.364861347,43.73770688,1216.612886,2685.802397,6.498325793,46.13302,67032653016,95307825963,5.202706977,34.3333133,15.16632212,31.97316363,6.273584319,43.36213407,4.44392202,9.834826581,6.559227165,46.96134898
185001,17.77157821,41.14393561,6.563722153,46.5033115,243.7534595,553.2238822,6.280011662,42.63335223,1208.021288,2694.032856,6.544825917,46.57564298,73553228942,1.14543E+11,5.344904776,34.5756713,15.92336616,32.95883866,6.315435883,44.98665494,4.548983894,10.2778144,6.515348876,46.16817951
185501,17.8591557,41.66309261,6.571070027,46.52006709,244.4520929,510.5354518,6.301737415,44.6773635,1236.060787,2856.460496,6.565552111,46.53756531,72786975213,1.30476E+11,5.628625314,36.34230057,18.50885165,44.08411181,6.210068494,41.37390091,4.586448621,10.59018457,6.459383952,44.99175706
186001,17.96521577,42.22262592,6.565626246,46.39169663,273.5444032,654.6323669,6.344674757,42.9881047,1265.113949,3020.231217,6.548777066,46.02131585,64447543102,1.20821E+11,6.018034597,41.09550217,18.12954962,37.78773224,5.715325046,36.67378243,4.463265972,10.08236348,6.546366254,46.54213656
186501,18.0239731,42.51868252,6.572243167,46.44582725,269.3763915,550.4837973,6.011376101,40.29387446,1265.339257,3015.837992,6.557797905,46.17063874,61367146208,1.14165E+11,6.178937691,43.32290419,16.85046986,29.48685724,5.563587695,36.85290189,4.498275224,10.47152102,6.596875552,46.88722966
187001,18.00567322,42.3618608,6.574894237,46.49385759,277.9946039,525.2993787,5.684589254,36.87350559,1261.772843,2985.715512,6.620735431,47.16097356,66441493795,1.29251E+11,6.21697371,43.72825903,17.02068609,33.67268218,6.395133021,45.66793744,4.559602764,10.82654252,6.512134448,45.60135359
187501,18.0580309,42.41968577,6.585821316,46.69490596,297.2765994,632.9365131,6.327212834,43.54045819,1288.759342,3130.55384,6.590705772,46.4553143,75098019947,1.62799E+11,6.328743359,43.48638745,19.22523357,42.70573945,5.929417101,37.7649649,4.549464827,10.82584971,6.594980271,46.71542772
188001,18.17901088,43.12686198,6.564907914,46.28126249,294.2299135,645.6963365,6.368644947,43.80765405,1293.017832,3092.189994,6.511556875,45.45015022,79079146999,1.86941E+11,6.518054862,45.31009985,16.48804889,30.74375094,6.306375706,44.73187626,4.481547092,10.47079508,6.507765031,45.66114967
188501,18.01722859,42.28771784,6.567455044,46.41717314,275.5487195,585.8295108,6.464628114,45.92678835,1243.949926,2809.00273,6.553528334,46.63830446,81396748019,1.79646E+11,5.998752537,38.76742108,18.2339542,31.65494858,5.985405448,41.27123657,4.527838986,10.64445536,6.577057047,46.97483332
189001,18.04074492,42.12016672,6.583702406,46.73559629,284.9545522,641.0194823,6.444436698,45.63946323,1262.702277,2900.549699,6.570495851,46.86290534,74866648811,1.3569E+11,5.931542317,40.56700007,18.79621844,34.07346306,6.017073661,40.50866665,4.73753079,11.67627094,6.373213293,43.30787106
189501,18.08659249,42.7863108,6.560276448,46.24804978,301.6887286,753.1408977,6.428819933,44.22189136,1308.216637,3121.180826,6.463344751,44.83438969,76456312836,1.45872E+11,6.106646238,41.80419075,17.37598075,30.04777161,6.017331368,41.72511715,4.349922525,10.13284678,6.598683185,46.95352755
190001,18.01001623,42.31505471,6.566256712,46.40334278,301.3902051,769.3250826,6.513998997,44.94592813,1268.065785,2984.30189,6.559123198,46.28348735,73811068411,1.34051E+11,5.94429603,39.54823358,18.67279631,31.99518905,5.979448474,41.64498886,4.293573059,9.671159181,6.496914509,45.85351658
190501,17.92233969,41.88027632,6.578892018,46.61995077,293.1577804,618.8835803,6.191775832,42.30560074,1249.070189,2850.759703,6.550110786,46.39449834,73629654969,1.09155E+11,5.346682326,35.71001763,24.24604606,36.77222785,5.067754417,31.22362981,4.19675463,9.367370572,6.565638439,46.87605748
191001,17.94801301,42.05152764,6.561369215,46.36456907,292.8450205,573.5788528,5.703525308,37.14017365,1259.532691,2835.728147,6.537889523,46.48026867,97772346835,1.48243E+11,5.519443878,36.55288716,32.72516162,39.04016086,3.906902725,22.1320094,4.296537799,9.946421028,6.546613933,46.24115639
191501,17.84139339,41.83837791,6.579501743,46.58378844,299.0986566,643.9921462,6.332872376,43.79113289,1277.542342,2980.55505,6.56102892,46.32235535,1.4479E+11,1.96227E+11,5.096609603,31.41972783,44.98335849,60.57646143,3.98330523,21.36476218,4.313283407,9.956026405,6.448031391,44.78978793
192001,17.83512275,42.06720936,6.591402889,46.75418254,294.477026,671.7241884,6.493747154,45.18668401,1278.712064,2985.795977,6.583522745,46.63721088,1.67094E+11,1.99822E+11,5.109059902,32.85601666,52.78881538,60.38231228,2.683796193,10.73074461,4.127140431,9.023187624,6.516910627,46.55133409
192501,17.92955763,43.01172772,6.573268487,46.32049437,280.1840402,600.7754469,6.522177077,46.21778125,1325.230039,3188.624826,6.664205545,47.60376438,1.56492E+11,2.17604E+11,5.242309405,33.54290844,61.78983802,64.41723244,2.989415141,12.71470262,4.260287724,9.937178263,6.616646497,47.39760925
193001,17.7436729,42.03257523,6.556703312,46.17147885,302.392525,652.2168624,6.422881028,45.22994936,1396.849766,3487.699272,6.371552683,43.0339159,1.32181E+11,2.29678E+11,5.33984786,32.79256301,72.28779648,102.2379014,4.682513866,26.51433979,4.547223295,11.20842685,6.357153945,43.02385899
193501,17.53789892,40.43430033,6.552387824,46.38383342,328.9547679,662.344774,5.430002372,32.3759922,1255.050217,2739.575771,6.396009437,44.62340212,1.01083E+11,1.34625E+11,3.998894164,20.42769172,57.49445675,73.70103426,2.7959044,8.385975004,4.202119035,9.644810798,6.587311654,46.95753594
194001,17.27395219,39.25646145,6.537493275,46.27509868,274.3438761,438.7212474,4.974432805,29.66914949,1207.56356,2325.200381,6.09352232,42.47198739,89389636591,98661838401,3.101666808,12.6339377,45.43319913,61.32209583,3.570893349,15.74558392,4.248603348,9.458248945,6.477538659,45.85141797
194501,17.33167136,39.70231137,6.587773342,47.01899105,275.5143679,526.2046893,6.061653154,41.75050408,1202.371278,2608.100281,6.531745391,46.88139476,89293424531,1.01031E+11,4.392239757,26.52819869,47.64041159,50.98749935,2.382066548,7.276196295,4.227081965,10.0162257,6.647571197,47.46198226
195001,17.67253951,42.3218649,6.522728373,45.63162305,312.477439,629.4599822,5.689521646,35.94733556,1309.644329,3161.876773,6.276647795,42.17145304,1.04355E+11,1.66225E+11,5.237358228,31.68178617,56.86534583,66.64663527,2.779616593,10.03510051,4.372707847,10.56279864,6.41833872,44.04746336
195501,17.41329162,41.06492861,6.566973849,46.34790865,316.644636,603.1905245,6.11425777,42.20773155,1190.910172,2771.577366,6.575333294,46.52659998,95192277493,1.33726E+11,4.574317597,26.39069913,63.43073331,70.47427922,2.370238305,6.898003136,4.079973143,9.237619321,6.575128991,46.8429033
196001,17.34588763,40.05836832,6.563983855,46.56304583,317.2752898,657.9973691,6.185460089,41.94629285,1196.996696,2686.656703,6.550614684,46.81905267,80889890764,1.25188E+11,5.061935014,30.4830992,70.87302272,79.82393677,2.412589986,8.187767767,4.091359892,9.188457037,6.539586269,46.59166478
196501,17.37375792,40.35275578,6.552720732,46.28804131,302.6375889,685.1714173,6.376880103,44.92109493,1228.46399,2899.849459,6.467262455,44.91934907,75193398158,1.68143E+11,6.105031416,39.98902178,74.46042686,106.8227137,4.154852685,21.93675123,4.100983366,9.568088839,6.488431473,45.32739338
197001,17.15556179,39.79863061,6.57931603,46.62643466,374.3084297,849.4375038,6.54823405,45.26206947,1249.63372,2540.615126,6.481019723,45.60898415,83594055326,1.32839E+11,6.086066598,41.09950103,65.32346539,71.96789859,3.349086415,14.86612926,4.134800355,9.194630012,6.620456641,47.24186903
197501,17.58367804,39.94853056,6.726946413,48.33912574,807.3430676,873.6716723,5.441364817,35.66692272,2334.487637,2489.68777,5.652474284,39.27204441,2.18617E+11,1.37355E+11,2.162554927,9.98029824,123.0538854,63.08850661,1.040927547,1.364405804,6.27135028,8.966955106,6.299147716,44.14741466
198001,20.15925572,43.15929709,6.700922535,47.16054653,1448.035549,986.3056218,3.005319279,14.58135541,4145.73225,3416.85984,4.337639022,25.8252692,4.16318E+11,2.21443E+11,0.771318869,1.52911147,229.0064034,108.4267975,0.359982903,-0.467398086,9.78034495,9.129322622,5.186798155,34.40262311
198501,19.81418779,42.30118694,6.845828231,49.29914939,1498.929372,941.0480425,2.75698461,12.78043097,4327.600416,3479.116045,3.713366186,19.91867907,4.35758E+11,2.34418E+11,0.73711837,1.173215088,240.171133,118.6399302,0.424629061,-0.583481694,9.896951188,9.439021851,5.247110494,34.95689389
199001,12.09192877,26.07492765,7.040144166,52.59653528,824.9176936,536.4517427,3.3520226,17.98938032,2271.588556,1860.138411,4.321380939,27.15237107,2.3812E+11,1.3445E+11,1.119210732,3.056920788,133.256823,70.62228358,0.407682445,-0.626456547,5.339230951,5.942293898,5.892575015,41.35479243
199501,16.36754942,16.29909854,4.590536404,26.36737271,1467.488557,760.4291806,0.620289541,0.03477098,3063.740975,1818.127192,1.350871532,2.419727473,6.04468E+11,3.12929E+11,0.678003557,0.683058058,205.8450794,97.13392562,0.42882823,-0.431642198,8.542721043,4.85228469,1.198702998,2.286591307
200001,25.81878578,48.64256774,6.131831858,39.82194151,1931.820388,1076.397541,1.081666497,2.233108171,4174.169288,3511.844319,3.210054454,13.77489721,7.98196E+11,4.06298E+11,1.093515092,2.159302985,259.9986224,115.8525108,0.381633074,-0.416042335,11.82636857,10.70841842,4.597083137,27.02285273
200501,21.85075092,40.36834726,6.233775767,42.59033489,1327.240028,779.5297944,1.772754884,6.704860833,2999.440798,2842.930599,3.64443519,17.73538847,5.43957E+11,2.8428E+11,1.439225557,3.450636158,169.3657889,74.45472786,0.329993919,-0.437253457,8.564626544,9.105465639,5.264278469,33.82484877
201001,17.62011649,40.12827475,6.624818789,47.01110332,500.8355526,641.808184,5.902796542,40.3370293,1468.308214,2530.825902,6.279899219,43.69954346,1.8929E+11,1.44304E+11,4.307017616,25.62091276,54.32287359,32.4134421,2.294080094,8.916570662,4.596621478,9.176653743,6.469591324,45.00025498
201501,17.1063343,40.21391895,6.568936127,46.42555183,295.5118244,659.1155118,6.617678142,47.38629904,1095.52647,2501.08587,6.526892088,46.11471466,85024617122,1.24404E+11,5.393312208,35.71625407,21.32866609,35.72520293,5.280386657,33.30295214,3.761447417,8.737892117,6.627609731,47.447904
202001,17.22413388,40.34311463,6.564558225,46.42071123,302.4259724,733.5684999,6.610581212,46.56274131,1121.688785,2593.173136,6.538009201,46.21947503,86335028004,1.30922E+11,5.143198035,32.82189705,25.86782949,33.70791474,4.47330846,25.79456633,3.844925481,9.130246335,6.539483787,45.9258815
202501,17.15254183,39.99517743,6.547734021,46.18128697,313.1731518,758.1029603,6.429303369,44.12236405,1135.063823,2544.789758,6.384841274,44.35103791,87246347319,1.33693E+11,5.474235171,36.1739826,41.89663957,38.0048669,2.111136978,7.060929194,3.792805086,9.068204797,6.613175514,46.93626587
203001,17.17245377,39.58985973,6.564787287,46.59487347,283.3201586,632.8804914,6.293932525,42.78388991,1149.939644,2558.466807,6.420253686,45.3822783,95203465649,1.65928E+11,5.88800192,40.42257477,65.56912184,65.69280391,2.69934093,11.70657254,3.858455694,9.101937745,6.439242686,44.56880377
203501,17.24510811,40.29880777,6.555696381,46.26560187,260.276304,473.2313529,6.008426079,41.9230722,1197.380845,2817.543939,6.382224804,43.74839519,1.14867E+11,2.55038E+11,6.097669688,39.51760564,78.22346212,91.44745783,3.570776876,16.45704942,3.650971654,7.919580544,6.496941301,46.11559326
204001,17.29339741,40.34767073,6.577437805,46.64225687,276.3908692,559.5006413,6.224141776,43.55398139,1143.702369,2581.993919,6.535209006,46.39563269,1.07764E+11,2.20506E+11,6.241067331,42.35156375,57.8687813,59.30274507,3.876791516,21.92201244,3.729159609,7.925588729,6.430012348,45.75896142
204501,17.4784197,41.19686927,6.554034845,46.19405336,303.6768402,714.1438249,6.235386531,41.88796227,1163.425195,2591.682162,6.489073778,45.89399365,1.0344E+11,1.88636E+11,6.056011072,41.70270991,41.85636422,43.52366465,3.010488328,13.89156943,3.781180149,8.703919451,6.4766464,45.21344753
205001,17.39341865,40.88177981,6.594173564,46.77757694,284.3542904,660.9948585,6.435712824,44.62212308,1174.45871,2739.124203,6.626141729,47.41088457,1.0241E+11,1.88267E+11,6.285377128,44.56046298,41.10140707,40.93423924,2.270001006,7.436393811,3.804718922,8.745800593,6.60770592,47.2204654
205501,17.600923,41.60869872,6.573273357,46.46895872,278.6780078,613.8111962,6.484705336,46.12438684,1240.962592,3106.714024,6.552272033,45.76466368,1.13545E+11,2.22557E+11,6.354345919,44.48359426,52.41069052,55.23409592,2.60502943,9.369188427,3.988396817,9.543731958,6.538410665,45.91420926
206001,17.5532074,41.97608776,6.593922423,46.60685716,285.0518812,650.0371626,6.460009125,45.18600588,1237.647519,3159.856764,6.567115273,45.67565926,1.21902E+11,2.73765E+11,6.216348003,41.74435599,64.31393668,84.09485786,3.88905759,19.20411743,4.014879693,9.989334437,6.651716576,47.17857564
206501,17.54909873,41.66806003,6.557924561,46.19751834,277.755933,624.7181279,6.418969512,44.78139264,1173.549411,2778.336425,6.553606775,46.13673566,1.16233E+11,2.32619E+11,5.451451603,32.8481512,57.85996844,62.28502187,2.777206966,9.509746579,4.152242528,10.36812333,6.486550017,44.71726278
207001,17.32930979,40.44781546,6.570081979,46.51602731,274.1898224,598.535157,6.483876004,46.32276738,1173.866861,2667.146309,6.536052528,46.5958113,91278637047,1.48789E+11,5.335307217,33.94361948,42.27548116,47.94154957,2.44458443,8.02654443,3.901695746,8.902459517,6.580498429,46.86932674
207501,17.27799793,39.9578093,6.554995819,46.38549093,288.1769177,704.177162,6.668317245,47.55501675,1193.639048,2688.538802,6.25949572,42.3569839,81331119470,1.28064E+11,5.482534534,36.33795084,35.71892636,46.17607803,2.565470537,7.78803659,4.022009484,8.893336485,6.425735026,45.34048926
208001,17.24510653,39.79733839,6.558479872,46.41829414,317.1451192,809.787255,6.343813031,42.49314945,1108.21532,2255.713941,6.351992777,45.2061032,81202783959,1.39564E+11,5.433248647,35.03959939,35.24731892,44.30877929,2.914374544,10.42611896,4.006843041,9.255473316,6.489509643,45.44262996
208501,17.22898287,39.69820827,6.543476266,46.26779242,280.3400704,613.443257,6.437891081,45.15381279,1143.639018,2506.27179,6.485043753,46.09993496,90038599618,2.02399E+11,6.332398485,43.12241325,37.6589616,67.61086637,5.233015424,31.58943699,3.958501448,9.031402768,6.525177173,46.0790349
209001,17.28623014,40.1953279,6.585995484,46.79503967,284.4445537,573.9806267,5.995881963,40.8371624,1192.5762,2925.67012,6.586116728,46.24337145,97225787938,2.14482E+11,6.214404747,41.45985261,37.6995373,68.25959258,4.123618817,17.03262464,3.922650056,9.118003044,6.620004087,47.25859594
209501,17.52438183,41.82026912,6.57270465,46.34170827,286.4768431,629.3379733,6.391509104,44.41948106,1239.774873,3105.268642,6.481054125,44.55927716,95899699256,1.98121E+11,6.407235988,44.96722727,27.40460619,45.72279254,4.84524318,25.92745837,4.016299274,9.604648721,6.520787011,45.60766774
210001,17.48129774,41.58046964,6.566016585,46.29136553,294.5467153,644.3274614,6.495431504,45.9251844,1137.330874,2559.300448,6.5005509,45.81417208,94178585826,1.77181E+11,5.73274251,36.86461547,22.70314494,40.4417243,5.60467505,35.86947487,3.988480952,9.396820516,6.59722202,46.81265193
210501,17.4714583,41.32020989,6.604764057,46.93711301,302.2504686,670.3440609,6.440058405,45.11544994,1181.620989,2611.90635,6.255596168,43.44550472,88772052347,1.55168E+11,5.390427065,33.78898938,18.36718213,34.38233791,5.601725568,35.49817128,4.031248919,9.381325212,6.528830696,45.92497044
211001,17.55585493,41.97293568,6.543956152,45.90783652,308.3615456,733.2519364,6.506898458,45.36704022,1282.587863,3164.5916,6.255179663,41.66038549,90462660419,1.79616E+11,5.892761722,38.41246601,14.64256425,24.86988582,5.355108762,34.31748525,4.029204109,9.337875373,6.597686856,46.95135552
211501,17.25671722,40.17835442,6.582414067,46.7106908,312.1955537,661.4187099,5.733939672,36.62954892,1131.01589,2621.326651,6.483132487,45.21084369,79211629642,1.46948E+11,6.098340085,41.72748514,15.09982537,28.08000252,6.025356129,41.79835471,4.055680006,9.426800671,6.472215145,45.2689727
212001,17.29397563,40.04477984,6.544845244,46.23841488,292.1712256,552.2356906,5.581582151,35.86328704,1067.006685,2201.062775,6.361358576,44.97138184,79289320014,1.17099E+11,5.782338336,40.0078608,18.11910064,30.74233723,5.551806623,35.44952148,4.068309302,9.485267257,6.581493856,46.907696
212501,17.07669159,39.50526189,6.57317772,46.60510519,280.4837388,538.1458594,6.189693356,43.13998816,1047.59075,2153.970766,6.423862596,45.88301697,87296121344,1.28113E+11,5.562402683,37.41648994,21.54969934,30.15390722,5.155432763,33.26115482,4.181670053,10.22112547,6.530526285,45.61923222
213001,17.18844625,40.12479913,6.570463742,46.57052979,291.4183917,608.3209818,6.379779942,45.21223865,1074.962231,2463.374676,6.539184739,46.33678604,93165536563,1.59126E+11,5.910370294,39.92499804,28.31828149,41.26987838,5.536527031,35.6338159,4.108804151,10.10516253,6.601231625,46.55026843
213501,17.21885669,40.98870569,6.556263146,46.12610581,316.5611295,779.4580401,6.327380026,42.63498221,1111.114594,2731.459462,6.47707533,44.71333152,94165127471,1.85396E+11,6.186413173,42.48308726,32.25705265,38.2483077,4.32726253,24.4808691,4.01330829,10.00534057,6.649439715,47.11607934
214001,17.09241332,39.96050257,6.552263637,46.22270192,293.0218241,707.3518865,6.389486549,43.644088,1084.231542,2510.236566,6.500043132,45.51158979,1.03503E+11,1.87437E+11,5.888630205,38.99147525,37.08384091,37.90868445,2.585870099,9.477075445,3.963568259,9.858099258,6.534983343,45.59769121
214501,16.9198936,38.6229106,6.547349693,46.4030653,272.3101805,586.5867327,6.472118478,46.29596627,1073.641332,2272.985753,6.430642811,45.67732878,1.10805E+11,1.68078E+11,5.668269929,38.36108096,45.27825695,53.96111917,3.634243072,18.37519793,3.719896104,8.829898167,6.550032205,46.08072304
215001,16.98013072,38.92270755,6.565282001,46.64235361,281.0284251,605.8119426,6.397663483,44.64602165,1106.113893,2404.996122,6.464911288,45.85921593,1.17277E+11,1.74543E+11,5.541430516,36.5131933,51.726056,71.87111192,3.875058731,18.1467027,3.56875597,8.08056233,6.587343636,47.11971649
215501,17.12782956,40.15578427,6.551604695,46.17431003,275.9571627,582.4631977,6.431630907,45.3238342,1124.725804,2568.837687,6.472916467,45.32376312,1.34007E+11,1.57055E+11,4.095163118,23.13274835,39.36296472,41.62584416,2.274952687,6.885250785,3.541756824,8.011974861,6.369044082,43.9032713
216001,17.14806874,40.19628536,6.580889822,46.63434411,269.8819365,564.2595602,6.308079366,43.68888131,1162.396968,2730.668545,6.636352879,47.54223535,1.97511E+11,2.28348E+11,3.452792023,16.33890731,40.82155275,41.75964155,1.965618443,4.987077703,3.267428369,6.671830233,6.413355016,45.56302354
216501,17.30427177,40.78819182,6.556504756,46.23460856,251.5981474,538.5379765,6.530809214,46.92719358,1236.159011,3110.647661,6.417650861,43.66803397,2.52616E+11,4.07213E+11,4.750026884,26.38461667,47.41254447,44.56165104,2.562533047,10.63680603,3.318494303,6.735532689,6.269367864,44.20316702
217001,17.26769418,40.52340207,6.583185237,46.64162539,263.5165265,588.3841939,6.255366305,42.48455402,1157.597502,2674.750956,6.502362462,45.62651597,1.92615E+11,2.57977E+11,3.104356948,11.74596872,51.08713979,47.06520624,2.300421532,9.553835856,3.393381408,7.755954574,6.478940269,45.37479201
217501,17.38241872,40.73911677,6.554617397,46.27566522,250.3932742,511.4442121,6.380325455,45.14277672,1130.94687,2414.638943,6.411906023,45.49190821,1.44198E+11,2.1547E+11,3.51043572,13.74170396,47.78678253,49.88217823,3.08464227,14.44561989,3.444337798,8.027522125,6.460619121,44.96883893
218001,17.37435811,40.75427664,6.583292718,46.62789591,254.9670643,495.7743946,6.17675244,43.17457027,1126.557087,2535.262486,6.504799315,45.88363839,1.19117E+11,1.98226E+11,5.162788294,31.51725363,38.77755595,47.27862572,3.903907489,20.22050187,3.38010552,7.527946887,6.508052584,46.05115345
218501,17.40555791,40.60378115,6.539381233,46.08196321,267.8116615,599.5251465,6.60144372,47.79089061,1137.844868,2470.03047,6.378527304,44.54792054,99824848601,1.53495E+11,5.308356756,34.13563317,28.70779154,35.99439107,4.05356984,22.33570246,3.473237326,7.686077047,6.547511978,46.83068869
219001,17.36871447,40.21146524,6.582544612,46.78183251,321.4007656,874.9985432,6.209189835,40.3173573,1168.872757,2528.734173,6.367832405,44.84210151,1.02361E+11,1.47174E+11,4.731361246,27.33207856,26.45771437,28.03594551,3.140846801,14.92207026,3.654415219,8.627614978,6.464423803,44.90598534
219501,17.48932701,41.08767528,6.565439653,46.39712825,286.4227183,648.6733377,6.166404314,41.55733621,1178.828508,2727.133368,6.500075655,45.63609052,1.16623E+11,1.88518E+11,5.918923968,40.56185904,35.14176259,34.76199611,2.135663466,6.225421928,3.540073601,8.134038485,6.543618451,46.28164623
220001,17.65443541,42.05991888,6.597226947,46.72664113,280.7743041,563.4052747,5.696985215,36.97987047,1243.786134,3060.651409,6.630836549,47.27490155,1.39808E+11,2.5937E+11,6.016735685,40.28193985,50.9012689,55.17170391,2.535737371,8.854549283,3.731011367,8.830110682,6.600744979,47.41432879
220501,17.70587152,42.24558638,6.533027291,45.79742064,275.4508087,631.0298194,6.500434901,45.63653377,1361.485912,3448.003449,6.232073847,41.34121389,1.46174E+11,2.88128E+11,5.773040578,36.84008371,66.86718413,76.13256417,2.348596531,7.267912246,4.169196509,10.73632232,6.236024734,41.12673082
221001,17.51286482,40.86561915,6.599191883,46.98008735,285.8273092,678.3667574,6.412642541,44.26305412,1216.473456,2856.923834,6.61495782,47.33652498,1.18143E+11,2.12987E+11,5.811458446,38.70338126,71.44519171,73.66877809,1.665420386,2.535461288,3.659617599,8.228426209,6.550860143,46.79924259
221501,17.64750978,41.6886734,6.547240777,46.06108541,273.0823187,618.4792207,6.344565125,43.58183111,1224.97035,2883.359155,6.550246225,46.20827873,1.06119E+11,2.01874E+11,5.786563263,38.72836652,76.96719092,79.69873169,2.018591862,4.688725043,3.901161321,8.58697435,6.200158399,42.78880991
222001,17.42152591,40.38351564,6.563320678,46.47359649,259.2400376,520.9097157,6.353356016,45.33966897,1199.765328,2770.670356,6.524505298,46.0040393,1.08944E+11,2.33152E+11,5.889637432,38.13544976,74.96340273,79.74256166,2.298561772,5.76194841,3.944577712,9.198343568,6.315830691,43.18477944
222501,17.55845555,40.66820365,6.564829692,46.57019773,274.4682946,594.5681756,6.36968332,44.80036378,1213.022423,2788.29552,6.538044678,46.35197191,1.03231E+11,1.89936E+11,6.055963342,41.20397526,63.37372112,78.93463643,2.589670586,7.548090427,3.776755792,8.662982535,6.478052147,45.39502359
223001,17.56193383,41.32007718,6.54130437,46.01223948,294.6597821,658.145797,6.294070988,43.15903275,1211.004529,2813.983701,6.419198344,44.34318459,99430765466,1.48336E+11,5.243821761,33.72217472,49.3600864,60.38043451,2.556900453,7.633193504,3.596328896,7.812890334,6.485356835,46.05125936
223501,17.48527848,40.81158049,6.588559195,46.81626479,298.2218303,662.4958499,6.47228459,45.72362672,1135.623529,2504.193805,6.516652947,46.42023153,89540287546,1.16602E+11,4.755258261,30.03814086,38.7000815,41.60237957,2.547757555,9.164391713,3.794152774,8.383646054,6.34351742,44.44938191
224001,17.60041417,41.96377931,6.58627026,46.55087937,308.0262589,731.3244267,6.496894916,45.25764243,1134.231483,2580.329659,6.586884368,47.18820628,83734672554,1.34183E+11,5.671965162,38.32129752,41.82230679,50.34039834,2.676209745,8.137603327,3.979665224,9.478231222,6.3758924,43.82711034
224501,17.6314396,42.1675027,6.563908637,46.2028589,304.9477192,696.7758027,6.290664733,42.75179125,1176.791697,2927.879295,6.567903341,45.99689898,89562957378,1.62073E+11,5.636229378,36.83922373,53.84757115,68.79702841,2.383962921,6.233437476,3.912696809,9.47210579,6.562054973,46.22072415
225001,17.41913966,40.89997711,6.570887122,46.46516488,281.603536,597.3890004,6.434912862,45.73922948,1184.09978,2912.356028,6.475929513,44.74910387,95084813466,1.72815E+11,5.886202403,39.97008099,61.00010251,83.7342873,2.98431096,10.88151778,3.837293284,9.439046193,6.54019141,45.56819445
225501,17.2898537,40.03101689,6.563025958,46.49100742,280.5248969,593.1246731,6.350700142,44.18500694,1115.00384,2569.005739,6.557612676,46.54587101,1.05492E+11,1.78714E+11,5.710706843,37.45499036,49.62527726,57.67869764,2.376187963,6.992310547,3.673688889,8.273641616,6.505536308,45.85763563
226001,17.23545153,40.01026029,6.575512467,46.643637,281.8894645,560.7279856,6.416242287,45.83928789,1096.040871,2491.395601,6.574728823,46.93481129,1.08184E+11,1.68984E+11,5.757487619,39.49659141,50.65566062,54.88061847,2.364969331,8.104500196,3.652890408,7.840423636,6.434444396,45.85736942
226501,17.29772141,40.66926472,6.555177973,46.23892075,299.0953447,630.3204291,6.46005022,45.67405765,1105.905756,2608.549754,6.522047621,45.67510701,1.11806E+11,2.05373E+11,5.933769056,39.35174075,48.19138204,54.4002354,2.988707469,13.52545538,3.725371832,8.797869446,6.561341186,46.34222777
227001,17.164233,40.18442994,6.567504238,46.43625516,302.8183525,700.3051786,6.537125892,45.97314334,1066.64381,2399.441136,6.458460978,45.24679528,95166600441,1.75163E+11,5.946410024,39.21791992,36.82955496,41.98722994,3.947992143,21.99993298,3.797088285,9.402399674,6.553197352,45.80725744
227501,17.20883003,40.16315934,6.570076487,46.52556394,304.5431973,755.3629101,6.578129482,46.07066826,1051.341949,2291.675371,6.428546634,45.44535032,74057674504,1.29198E+11,6.147599089,43.13914406,26.00260054,32.70830964,4.864194296,31.20127542,3.735339697,9.133712154,6.560647802,46.01611649
228001,17.164308,39.94616782,6.531442532,45.96527206,299.9585771,738.7865556,6.545621308,45.61060448,1035.226718,2285.757222,6.4312671,45.03654567,67338341574,1.21102E+11,6.196052625,43.35616829,23.71595225,35.51195137,5.180992017,32.71642488,3.639545441,8.5288887,6.567783826,46.4218296
228501,17.06976052,39.00278418,6.563961812,46.65156555,290.3712005,679.331161,6.554767937,46.36056553,1040.464368,2299.07417,6.483384815,46.0306954,69619726194,1.21766E+11,6.053485805,42.30849526,22.82660829,34.90434607,5.574175186,36.86356573,3.581288934,8.035278768,6.531781201,46.34296385
229001,17.20831178,39.9867546,6.562453031,46.46696706,283.1856218,642.0487251,6.469282396,45.32872087,1062.294443,2412.724246,6.433343091,44.77342924,78801402076,1.31459E+11,5.934177913,40.98895387,22.69751502,32.45483671,5.328658887,34.49290081,3.592744144,8.03765195,6.523856459,46.27763932
229501,17.38272245,41.20977323,6.575721753,46.44850153,281.4188614,601.7560943,6.451345717,45.69069118,1056.332614,2363.772024,6.530552493,46.43167601,95522188976,1.65581E+11,6.077805799,42.40850398,22.79907715,31.29408528,4.69034284,29.08332705,3.59407855,8.148422428,6.503190732,45.75248566
230001,17.41098072,41.40913693,6.570709705,46.33350252,276.1235079,588.6065133,6.31698321,43.9659219,1076.547114,2486.561405,6.520759992,45.85875252,1.07629E+11,2.14275E+11,5.761274089,36.60683217,24.73232521,37.45324488,4.641048453,26.66228644,3.567551986,8.102913311,6.572726022,46.88207795
230501,17.36176965,40.83034973,6.584701575,46.67446159,269.2924446,584.9127715,6.461964415,46.02371072,1074.724276,2459.610332,6.52470452,46.04560375,91113450826,1.85755E+11,6.263688664,43.81737441,29.92209438,36.23021387,3.109840284,13.66147966,3.636115876,8.698330182,6.585834042,46.58243238
231001,17.45777226,41.36630575,6.58444563,46.58778617,277.3066392,660.0604013,6.527233534,45.82973641,1095.558602,2543.210846,6.625836225,47.5218718,92643923117,2.0856E+11,6.488067251,45.88345772,42.81229102,59.32627729,3.179938862,13.36754473,3.702444647,9.21302153,6.61613131,46.70354564
231501,17.41512262,41.17465674,6.544810389,46.01599091,283.5460164,699.0618115,6.513840577,45.42931436,1156.026397,2883.339514,6.515954189,45.16725174,1.01782E+11,2.36882E+11,5.993393325,38.64139543,61.21859107,109.6676568,4.635803905,25.35123197,3.753804375,9.372033179,6.495837313,44.9274699
232001,17.17732105,39.66509635,6.580135542,46.78137013,278.5845298,684.0012907,6.491636731,44.95043934,1129.381139,2673.724896,6.547381402,46.07390829,89113466081,1.62009E+11,5.901700194,40.9740365,52.54579847,81.90629016,3.597487317,14.32653085,3.504201593,8.117931167,6.56733752,46.44712767
232501,17.3127095,40.61105029,6.58304717,46.68214311,258.6545668,572.5791294,6.513854294,46.19163289,1153.950421,2655.24934,6.545144585,46.5716875,97961697377,2.01816E+11,5.776991675,37.94412269,38.45893031,51.21720339,3.484395409,15.58099944,3.469682087,7.574962751,6.50339916,46.45008428
233001,17.42349488,41.37782034,6.525947144,45.70466061,264.2132022,563.9465373,6.361651137,44.92607549,1176.917123,2790.828217,6.410325377,43.99657292,1.12505E+11,2.43339E+11,5.166174318,29.18335376,32.15395643,36.7694693,2.767504364,10.47683471,3.506407484,7.964837371,6.458811506,45.07790067
233501,17.04564155,39.10417291,6.561758595,46.54681852,268.507156,581.5544817,6.254889982,42.84831888,1092.442177,2402.643533,6.545348443,46.78957299,99306191374,1.67459E+11,5.336532342,34.62827354,34.02707953,38.39858411,3.123515278,13.70203421,3.424474303,7.315012781,6.405800388,44.99252943
234001,17.17278563,39.39121228,6.56380517,46.68048786,262.0774536,560.2725789,6.406884532,45.70556783,1131.107255,2535.240238,6.452967194,45.50526399,1.07443E+11,1.94647E+11,5.941959016,40.06318647,39.0651243,47.60188805,4.171789851,23.02933127,3.462650999,7.189467084,6.356421273,45.15903582
234501,17.32500305,41.03204587,6.55157761,46.12251615,276.223558,669.4398224,6.462459293,44.65868794,1151.587211,2594.910753,6.342287222,43.75425619,1.17917E+11,1.92126E+11,5.615591516,36.92289739,38.73824758,42.42176804,2.978406981,13.66896715,3.62444146,8.712879346,6.618375343,46.91232746
235001,17.35970135,41.26507929,6.579007122,46.48787825,276.4230285,624.9667802,6.370822024,44.03131976,1144.658869,2570.392884,6.480639558,45.99924122,1.32882E+11,2.23186E+11,5.728450705,37.99653141,48.23446982,56.2816261,2.51796296,8.616874328,3.916960522,9.478521707,6.274955419,42.17180949
235501,17.2764384,40.73775788,6.548393508,46.07845063,273.6444798,579.807871,6.301732653,44.24662702,1162.345487,2759.131569,6.421974169,44.14334915,1.43974E+11,2.67194E+11,5.290763344,30.91648695,66.78567225,87.66430028,3.760587426,18.74761733,3.647685482,8.26066001,6.537284071,46.61479184
236001,17.05760391,39.24832129,6.58197762,46.85672516,283.0803458,631.6562206,6.534860795,46.33458961,1096.995215,2415.953377,6.572899141,47.15111862,1.17881E+11,1.74695E+11,5.162114429,32.96335899,88.10820568,76.59407301,2.337406362,8.689797599,3.6910826,8.570728242,6.576800436,46.71374032
236501,17.24407425,40.68055405,6.590750301,46.75779356,307.608837,714.6803073,6.480865008,45.24034913,1174.299129,2717.937439,6.559083994,46.79530292,1.22838E+11,1.73942E+11,4.729223533,28.69303205,104.3290834,73.26601306,1.556910129,5.298357313,3.743212734,9.135275463,6.649129718,47.36883894
237001,17.46171125,41.8846378,6.588672806,46.2800118,434.793604,706.54115,6.125199219,41.06751416,1523.875037,3121.894751,6.188521958,40.81851454,1.7006E+11,1.86684E+11,4.417001086,24.97804519,114.3986501,82.92630109,2.353579019,8.845637581,4.57402019,10.25587479,6.675663729,47.0106355
237501,19.34827105,39.4738671,6.628761975,46.9310522,934.5774398,602.8138905,3.073076851,16.34409081,2582.139622,2406.22882,5.180769595,33.65925811,3.71923E+11,2.26695E+11,1.835256519,4.940225237,164.647539,86.05226674,0.966664396,1.391477171,7.900367651,9.609189091,5.619339404,36.18502982
238001,22.2032779,40.21951506,6.596716169,46.82722002,1384.495704,792.5218219,1.911171471,7.267123901,3618.428229,2461.611203,3.782442761,21.63891787,5.32785E+11,2.9114E+11,1.221793465,1.993260952,220.0202716,118.1959625,1.25917497,2.58368881,9.949774067,8.253466118,4.113170264,24.53666623
238501,18.44243454,35.86992829,6.887447101,50.94275126,1137.830946,726.8617673,2.575123658,11.67164476,2991.703914,2305.772645,4.254388869,26.38058223,4.21934E+11,2.42677E+11,1.20626779,1.746723253,180.8650278,99.46177589,1.166688454,1.913722215,7.855671604,7.265142868,4.44036712,27.81214985
239001,9.749871101,6.052247214,2.063141999,8.224995633,552.1423369,304.9226147,0.323600709,-0.620112387,1494.670671,691.4830379,0.569470134,0.459287036,2.34436E+11,1.23188E+11,0.406079177,-0.713243361,132.6731818,75.81291175,0.648494252,0.066869878,4.625643263,2.471885047,0.83006401,0.75449171
239501,19.705891,28.95493208,6.113009729,40.69538665,1021.167748,613.8368591,1.120958049,2.181447933,2941.005523,1846.383246,2.875466731,13.68845404,4.52391E+11,2.20829E+11,0.24502587,-0.700460585,259.2437311,144.280611,0.568742386,-0.229684813,9.038466741,6.574306075,2.981251297,14.13120585
240001,24.17992429,50.72819093,6.125954192,38.91574727,1038.900338,802.2760332,3.166405483,14.92002697,3167.269538,3002.537536,4.703099773,27.18336174,4.70683E+11,2.48133E+11,0.876380365,1.815119623,269.5416271,149.4948293,0.461437538,-0.702481722,9.649040504,10.2256548,4.771525821,27.85720001
240501,18.62328435,40.12494883,6.656903884,47.37087992,569.9026616,551.1385589,5.058952586,32.41705252,1894.076888,2565.432208,5.965132617,40.53007159,2.65907E+11,1.81435E+11,3.74768578,21.1469653,160.3296782,92.92328088,1.017748669,1.805950962,5.905976567,8.066546768,6.09823271,42.26597703
241001,17.1795411,40.559371,6.63916575,47.3250133,263.2695571,446.5462333,6.311049019,44.5566675,1126.42129,2655.184621,6.65695843,47.24150475,1.19557E+11,1.8475E+11,6.164209231,43.55923583,72.0661216,55.83940277,1.683611723,3.79635934,3.738094298,8.204468978,6.648925554,47.64383181
241501,17.53792195,41.85158248,6.532784969,45.78514397,236.6461251,444.9713823,5.948949534,40.9264803,1131.967655,2715.881138,6.486062974,45.12161516,1.32936E+11,2.70652E+11,6.124758744,40.9344473,58.5192082,61.60217842,2.016751546,4.523768033,3.724159586,8.787145555,6.466670242,44.94190095
242001,17.21208382,39.82729079,6.553766071,46.31171387,244.4334476,553.103006,6.458854779,45.36414144,1099.096928,2478.609744,6.453816676,45.07347592,1.40302E+11,2.79979E+11,5.152531423,29.27600659,58.90775004,72.04648927,2.788284266,10.30061211,3.553108085,7.851360911,6.457271228,45.25680607
242501,17.17378269,38.98895536,6.558166237,46.72741837,264.6573513,655.6153299,6.479704041,44.72074146,1050.985346,2180.551554,6.439319997,46.14616514,1.06531E+11,1.52949E+11,4.817729641,29.66649086,52.59603256,62.97166589,2.405218118,6.71511942,3.616817431,7.643237186,6.398444582,45.62591071
243001,17.41319518,41.35013827,6.582435123,46.54083415,272.0261576,619.8944905,6.275477798,42.66568899,1121.839102,2579.132447,6.566853697,47.00436799,1.07366E+11,1.74531E+11,4.987527275,29.43448606,50.2994401,58.44991629,2.514643087,7.598710686,3.82460548,9.031560669,6.37002473,43.5614796
243501,17.50869557,42.08243116,6.541932787,45.83624562,260.2171758,531.9999339,6.294614065,44.22438518,1266.779822,3191.712644,6.146987402,40.10001381,1.09741E+11,2.1471E+11,5.418202862,32.70971969,50.00774365,65.6462088,3.71384588,17.4736487,3.638007498,8.289058952,6.588227579,47.00880552
244001,17.22256149,40.30534294,6.581501432,46.6704372,258.8784909,558.5822236,6.575114932,47.29345748,1059.965005,2412.18624,6.56626282,46.66330756,94127041603,1.80574E+11,6.287621481,44.63103846,37.3528697,41.38608138,2.707342655,10.81304878,3.851731686,8.91861508,6.498126658,45.92763404
244501,17.21723353,40.21391681,6.577237917,46.62436323,277.8789932,666.2742499,6.427933448,44.24885125,1078.457891,2317.46106,6.287906825,43.99920898,97763190095,2.32574E+11,6.335734028,42.579041,37.97093517,48.80291023,3.597680306,17.89515055,3.971541211,9.646707814,6.453548509,44.57931114
245001,17.22898589,40.29151381,6.542209645,46.06326019,271.5450892,614.3651725,6.378688344,43.95418184,1070.867791,2447.584718,6.437115871,44.69461056,94162004565,1.85267E+11,4.57485692,22.23025582,47.4361116,70.95863031,3.904143864,19.41270024,3.839554214,9.060977633,6.515871151,45.67718859
245501,17.06921022,39.29333383,6.568573672,46.62046088,262.2813795,553.101196,6.344320613,44.83586899,1038.273068,2300.990828,6.451536895,45.30581077,70414756453,1.06996E+11,4.320133723,21.56595056,43.26187165,57.8778663,3.359660228,15.0474746,3.69425321,8.258948236,6.553971321,46.69624241
246001,17.13117444,39.58815781,6.54328453,46.21859077,266.7663676,627.2945033,6.653094777,47.55539317,1012.594801,2127.060085,6.370143954,44.67679573,63113569599,94206293499,5.038622425,30.9709282,40.26645219,39.64864494,2.449078215,8.470373769,3.773951798,8.540300231,6.548254697,46.74059214
246501,17.06832319,39.80495527,6.605453819,47.01514281,286.6943066,717.7743168,6.540061463,45.260502,1012.696303,2106.987571,6.429839166,46.20341086,63925920059,1.00517E+11,5.148338477,32.67604265,54.42905972,47.42205425,1.689821572,4.242756707,3.874138097,9.509302325,6.549804063,45.78395266
247001,17.41519284,41.59998475,6.548327588,46.01545284,288.1723941,683.3271997,6.561672818,45.94831558,1110.498293,2812.931568,6.635024646,46.84970423,74809548530,1.6581E+11,6.216835372,42.77196045,88.35592409,85.14235936,3.308763449,16.96122002,3.830677368,9.380592433,6.531733936,45.58927712
247501,17.1975265,40.48292754,6.548651266,46.11386808,283.0867102,636.1879387,6.435958114,44.62678554,1234.23802,3133.07777,6.055477937,39.07074116,98648741573,2.51308E+11,5.501280515,31.96704885,112.633069,162.5415255,4.18515592,20.65902911,3.722954267,8.658928152,6.553433308,46.32689838
248001,17.13882745,39.40076357,6.56494126,46.65133268,252.7543574,501.3683145,6.250216203,43.36203392,1106.883632,2550.909905,6.496337686,46.01866929,87282924576,2.06832E+11,6.352560954,43.29078887,74.69482081,85.57199789,2.487470385,8.260891448,3.641247133,8.12165909,6.493004162,45.84518114
248501,17.1330344,40.10380126,6.567992258,46.42631704,247.528718,464.2371924,5.795036995,38.81721522,1082.121041,2414.459602,6.377189662,44.17336762,78365451659,1.49294E+11,5.69288083,36.95710917,59.49297074,67.01562574,2.511646104,8.151764002,3.596520322,7.961562128,6.566078517,47.06809952
249001,17.21626344,40.42647948,6.564403747,46.37920003,258.4435575,621.5346766,6.575780295,46.30415901,1068.180806,2290.29508,6.383290202,45.22488015,81449875429,1.35981E+11,4.9971353,29.14752974,53.59676787,59.72028098,2.427110112,7.967371467,3.694700868,8.770681322,6.539999272,45.91642197
249501,17.13932724,39.98672666,6.53769317,46.04958585,287.8109978,716.0593268,6.040629074,39.18889453,1100.034542,2560.853107,6.423043121,44.48993247,84500504251,1.52206E+11,6.033958036,40.67762658,53.03250195,70.21419738,4.398849933,25.25983875,3.68090771,8.637533145,6.488490822,45.22656805
250001,17.03857438,39.170294,6.578528035,46.81127373,261.3943709,606.2079325,6.437783656,44.79410269,1065.461875,2502.365324,6.578496162,46.546969,84545037430,1.45329E+11,6.244719704,44.31305528,48.84678021,74.15840905,4.773420376,27.13968705,3.575775896,7.957535662,6.505664397,46.13919199
250501,17.27457198,40.68135848,6.571519193,46.46178598,243.2702624,491.5078906,6.248889123,43.62065915,1074.82254,2508.377426,6.588524455,46.80680058,93531592570,1.89661E+11,6.3628745,44.59696626,38.34564284,44.85842674,3.596004698,17.77562457,3.59111227,8.026959095,6.539219596,46.55775768
251001,17.3160381,41.03638034,6.54034668,45.95773483,249.5774723,485.2005847,5.844374447,39.26240167,1101.570995,2609.007812,6.520589678,45.7122079,99606972373,2.21977E+11,5.423609901,31.34621111,41.47207811,50.25702719,3.25689441,14.16128469,3.67745874,8.495337736,6.487131217,45.37533463
251501,17.21006196,40.12686093,6.583586241,46.72474688,256.4626685,615.5258274,6.623652999,47.06021729,1077.588169,2468.529342,6.49430649,45.52536664,74608523648,1.37335E+11,5.552999878,35.65543309,47.02037571,62.42188431,3.962477426,20.56299129,3.619119202,8.254451622,6.55742123,46.47314514
252001,17.26160087,40.33720006,6.558313115,46.32942888,286.3064711,735.233837,6.264615137,41.56234718,1069.813093,2364.162525,6.546516016,47.03006552,74498982802,1.5087E+11,6.325961132,44.97476334,50.36781929,62.34257299,4.129553277,24.10301052,3.645233048,8.220047795,6.53922699,46.50811037
252501,17.2985986,40.32780257,6.565971142,46.47715625,255.0971912,595.5416913,6.553617557,46.20208728,1124.117726,2720.976452,6.580700367,46.37066409,86282151541,2.03132E+11,6.151249861,40.28785113,62.38422916,79.74361196,4.311236375,23.98950455,3.779962277,9.130483441,6.642340777,47.27869521
253001,17.33843243,40.57117769,6.558796922,46.32073002,254.1072623,539.0161791,6.400196599,45.39205383,1167.662982,2915.552685,6.517546964,45.2082379,81408272118,1.78397E+11,6.40669363,44.49745161,64.95254312,67.74675059,3.551698254,18.81591864,4.015068451,9.524282523,6.239528003,41.7553876
253501,17.30062793,40.30104713,6.571284516,46.54890444,254.0491427,558.1578872,6.483831144,45.8250943,1112.534855,2628.214336,6.448375696,44.72798673,76718151918,1.53666E+11,6.185979036,42.53434264,51.13286725,49.30295097,3.193687286,16.11131548,3.657869752,7.796684561,6.451375401,46.11894793
254001,17.43403108,41.02385051,6.589660457,46.73485355,253.2389426,569.787288,6.512099893,46.02775283,1073.304811,2365.483599,6.484893337,46.2524803,75262682968,1.52485E+11,6.140138567,42.43786671,31.72888292,35.88038417,3.588444929,18.59502766,3.792705335,8.520448868,6.512774308,46.20137049
254501,17.53818436,41.79450686,6.554696211,46.10852335,258.6605997,599.8917901,6.592664954,47.0366863,1086.520193,2520.594579,6.502183185,45.61899275,78929601282,1.74672E+11,6.085299491,40.47844299,23.59229113,40.20416519,5.753076545,38.34997372,3.933093642,9.26623391,6.472757477,45.02590834
255001,17.46790739,41.18558261,6.590356492,46.72261327,272.2853703,670.2901446,6.505073128,45.21078336,1085.313189,2530.45518,6.547806786,46.20886184,75092344557,1.56153E+11,6.32806374,44.56072849,23.64139377,40.78999131,5.0912072,30.00250273,3.881788237,8.991698109,6.525781131,45.90903969
255501,17.48840645,41.19397353,6.550480591,46.14100804,269.7046911,636.0345947,6.442257635,44.62222319,1072.357554,2461.554161,6.50265259,45.69986006,81500476127,1.73118E+11,6.397193413,44.94108526,21.01936545,30.69346508,5.082478209,32.09234894,3.860447866,8.712399221,6.56688036,46.78011166
256001,17.29872526,40.129245,6.581587239,46.73993708,257.6122961,568.6257664,6.499279414,46.42713725,1068.73933,2442.025324,6.619193514,47.64160985,84407774431,1.85195E+11,6.267825842,42.38602029,22.43889095,32.16315388,5.027651351,32.53046855,3.971594568,9.02053298,6.507399529,46.01162381
256501,17.46509004,40.97297299,6.571249353,46.50810511,263.5179166,621.8896394,6.581023552,46.61484474,1122.803615,2839.222248,6.582084666,46.03252124,74822552510,1.72858E+11,6.651932451,47.66813222,30.73759245,57.51969238,6.067727454,41.78087507,4.092708987,9.985256544,6.672877598,47.72116619
257001,17.43523407,41.08405538,6.537363096,45.93032994,268.767457,619.611176,6.337058681,43.19746423,1138.399379,2801.911067,6.385968478,43.41459209,73429405892,1.89748E+11,6.324898985,42.19533134,40.39801643,95.88976995,5.266791151,28.97613658,4.409069565,11.15891677,6.293893988,41.97799149
257501,17.26811866,39.80689438,6.571258881,46.68925738,259.1467359,566.4851011,6.496715196,46.37972066,1022.584389,2203.476223,6.49438789,46.27895545,61775201831,1.26665E+11,5.815342436,38.17755999,22.57871915,32.81219121,4.628884942,26.77202121,3.946370919,8.577508492,6.511779226,46.55417754
258001,17.37411173,40.52611189,6.557031624,46.33651209,267.829199,586.9496856,6.101907043,40.38152452,1037.614515,2149.097597,6.286287376,44.17043427,56882561039,1.00973E+11,4.95910225,28.02985571,21.88899938,28.85974847,4.049371057,19.69797494,4.204073659,8.791320274,6.152992609,42.54739986
258501,17.36156604,40.67310935,6.573665871,46.5089687,239.8982922,452.293819,6.127432303,43.20434905,1039.049506,2357.540369,6.55754514,46.61951555,54478016313,1.00413E+11,6.103146547,42.987125,28.20845531,27.67437066,3.502083402,19.68385035,4.206430047,9.199952732,6.312179228,43.69608447
259001,17.41384158,40.74757731,6.558940014,46.33135757,257.5752188,542.1930274,6.313047906,44.35166365,1077.795256,2591.118193,6.491471744,45.07101323,60362240832,1.32245E+11,6.24405011,42.24055575,37.01212828,47.25693711,4.841150074,30.23236601,4.110238506,9.012523916,6.450102176,45.68181998
259501,17.39953643,40.7368859,6.596334536,46.85246578,284.3321601,644.9586105,6.11018553,40.49564938,1052.414737,2466.436551,6.58036789,46.65588954,58340485831,1.15368E+11,5.802396513,37.94364069,37.68841252,63.51168701,4.615678601,24.14170856,4.210226369,10.16696162,6.665988329,47.73909525
260001,17.63281012,41.81112207,6.550718831,46.11327036,268.4605761,593.1609102,6.500813389,46.05732844,1082.509833,2499.171005,6.490216544,45.60629658,54845983611,1.01735E+11,5.603806814,36.6105586,24.42546242,35.85614166,4.879651045,30.34945798,4.641376613,11.67894354,6.294182538,42.12342124
260501,17.44817391,41.00627319,6.568193929,46.38989068,265.6585129,597.1613999,6.505034321,45.93070961,1049.835163,2440.304713,6.552230262,46.24346105,55138593681,1.20358E+11,6.463438889,45.51270819,21.99516081,31.05678531,5.077375686,32.9115732,4.146227269,9.44358415,6.555523165,46.55080524
261001,17.42790058,40.54976071,6.583151194,46.7911402,280.2594418,653.0207771,6.566961742,46.65850452,1049.495865,2422.578072,6.591596323,47.11710235,58687377210,1.36339E+11,6.46131664,44.92832877,22.57424469,34.63984957,5.770112982,38.92575538,4.255243006,9.42002382,6.462702185,46.08774419
261501,17.56093532,41.75940169,6.564801323,46.24831709,299.2230153,694.4794683,6.161473499,40.90723672,1077.921297,2676.103991,6.601681121,46.44527171,60271981981,1.47506E+11,6.587741209,46.16159642,22.52184489,37.56668501,5.746696868,38.33473524,4.384042596,10.77111581,6.429428606,44.01920183
262001,17.38484329,40.75911049,6.556890242,46.25002384,264.8388125,555.8007123,6.419518374,45.98991927,1086.53833,2615.681451,6.439711907,44.32452628,60925448194,1.38382E+11,6.130553175,40.70937744,22.54662052,38.03439258,5.684847842,37.64155884,4.180764508,9.738415083,6.59296639,46.86565123
262501,17.32403283,39.96059414,6.572988692,46.73640254,282.1015037,656.0550146,6.504116045,46.08297423,1021.066401,2263.340851,6.541070789,46.81846266,54325618062,1.07287E+11,6.168255377,43.09819569,23.25951406,35.20488933,5.815976988,39.96695252,4.253271416,9.649324001,6.474057401,45.56565714
263001,17.42775629,41.0752743,6.560622161,46.26743527,308.5746873,762.7774619,6.20377249,41.27680852,1035.486072,2352.871073,6.511629593,45.97740187,53290470094,1.01633E+11,6.117082586,42.24715749,24.44199838,38.81245714,5.956874946,40.61059239,4.159123188,9.674052376,6.590217675,46.77178387
263501,17.35777131,40.57927657,6.550010508,46.19575461,287.6500045,690.3488846,6.575411508,46.49378528,1033.27949,2344.00115,6.46215231,45.24534527,55045359214,1.02974E+11,6.130281984,42.91498995,22.1828744,37.57066729,5.683726788,36.79303438,4.18731345,9.634353674,6.450064794,45.01533169
264001,17.28292013,39.89139883,6.563870378,46.56303234,280.7992217,652.5364358,6.455864001,44.80880434,1024.875441,2269.897797,6.511293778,46.29121553,58269847564,1.1772E+11,6.196149229,42.47841792,16.58534653,29.03223993,5.939090886,40.55393814,4.13048395,9.261908512,6.531441794,46.42776735
264501,17.31901303,40.47198095,6.572229622,46.5213582,268.1048428,576.4646822,6.484421992,46.08145754,1031.83885,2403.112641,6.582450999,46.6512846,57243142865,1.19695E+11,6.453543373,45.61196166,13.96037117,23.84864108,5.834018419,39.92880907,4.120594485,9.382562393,6.565602669,46.764714
265001,17.41630339,41.07443357,6.577439703,46.51912868,260.6936987,556.2498234,6.495983622,46.3089323,1055.756008,2478.684751,6.496402016,45.40748769,58865712746,1.33266E+11,6.450266126,45.11638961,14.31718013,22.54838985,5.476470091,36.41638455,4.372826859,10.74937669,6.655262191,47.40933015
265501,17.45334519,41.17100366,6.551000532,46.1545666,270.0049009,612.8534579,6.535798236,46.47301738,1039.814436,2366.180124,6.54996261,46.47904122,60795394006,1.36247E+11,6.305812022,43.32234647,19.95208392,27.66854555,5.536628644,37.97990802,4.745312815,11.48725711,6.096584208,39.82243729
266001,17.38203037,40.57190181,6.580867443,46.65019973,285.5258572,688.4187495,6.389400052,43.86710939,1057.96437,2461.737596,6.605900008,47.090094,61297461468,1.35811E+11,6.390635303,44.6528308,30.44107998,48.42789167,5.341674635,33.91492792,4.198092803,9.138241901,6.422299082,45.64953197
266501,17.40677247,40.4443111,6.545296615,46.18874539,275.4041742,664.5634343,6.517556063,45.4448568,1087.626616,2573.25272,6.458543024,44.75135953,62018605788,1.22305E+11,5.938331173,39.84392767,35.3626611,58.51805878,4.585352273,24.67887194,4.201317427,9.422150364,6.463849027,45.35950606
267001,17.3585581,40.11305068,6.580054893,46.76573096,261.2606221,583.9076205,6.489305319,45.78819705,1055.011069,2409.069078,6.596811615,47.2379775,64775966475,1.26574E+11,5.598523248,35.81422073,25.18299924,32.36067781,4.021403569,22.39548732,4.144111868,9.45266185,6.60070995,47.16334205
267501,17.55258613,41.48858406,6.578851596,46.53918361,264.0461305,556.7342737,6.319464333,44.20550845,1090.26752,2618.913867,6.594937373,46.65815046,71215542454,1.76539E+11,6.411385925,43.71898479,24.1922682,32.26076461,4.534312557,26.16077826,4.245293341,10.06753797,6.492107555,45.29345327
268001,17.6686694,42.31354884,6.571064217,46.28776617,251.7945863,525.5891841,6.397880839,45.21683611,1114.526554,2674.396865,6.454939122,44.58143089,74306049376,1.91542E+11,6.132912389,39.76301703,26.63624341,34.61579033,4.18696183,21.78054909,4.145657744,9.840360028,6.598428388,46.8584557
268501,17.56381633,41.46293974,6.562693166,46.30118272,263.2562158,564.8930398,6.379527934,45.087819,1063.680013,2393.422894,6.553274218,46.69880429,58323718687,1.26041E+11,6.406464563,44.72149383,25.99355734,32.16331612,3.742616466,18.36787836,4.238797198,9.963595615,6.443757974,44.75480398
269001,17.45917216,40.62140563,6.583311145,46.75109878,277.5574301,651.7114618,6.371003979,43.68226467,1077.089715,2426.36415,6.510821223,46.07599787,59405016172,1.12862E+11,5.671373712,36.74971509,29.50593082,39.92868308,4.615430555,27.29012966,4.118847639,9.336373139,6.526008227,46.41954409
269501,17.50799101,41.179974,6.569491786,46.45424911,265.6965125,608.8274909,6.46562737,45.26037036,1073.362511,2454.285538,6.553504971,46.49861233,61820282738,1.32753E+11,6.288252476,43.06345898,29.99941509,38.35025971,4.100162924,22.80586632,4.25207415,9.749584657,6.385674883,44.28140771
270001,17.50785288,41.43536375,6.569547699,46.35692528,264.8969954,577.0607036,6.467926732,45.94657803,1115.557565,2654.794821,6.592674911,46.77260561,61321954381,1.29705E+11,6.410125542,44.79397831,38.21017203,43.86561805,3.407880202,17.7458708,3.994584756,9.170972848,6.558107534,46.40545418
270501,17.34949491,40.54541179,6.563967351,46.40564181,274.8131581,642.305323,6.626411896,47.44630386,1157.510001,2785.129782,6.433470214,44.34762766,62460995099,1.25367E+11,6.317889582,43.9034552,48.64819191,67.75476219,4.133442959,21.76686084,4.028572699,8.922516718,6.445616463,45.24307171
271001,17.35041309,40.24159761,6.56583458,46.53998998,300.3105245,734.3887999,6.3088476,42.54368556,1115.081058,2575.012066,6.560798516,46.59409705,61514536973,1.10679E+11,6.217150824,43.64699371,46.84324751,50.82777028,2.575346636,9.324609177,3.988337902,8.373935895,6.374826424,44.79507467
271501,17.31946805,40.46198183,6.558436252,46.32240834,286.088533,646.960308,6.507185314,46.03007032,1105.67164,2602.475376,6.593302613,46.7561191,64322423068,1.22256E+11,6.163585509,43.05720505,47.46117276,52.3670711,2.331565815,7.356598237,4.056198378,8.380833169,6.353488939,45.00913153
272001,17.31201861,40.37570323,6.565779582,46.47234481,289.6027504,608.8640863,6.254762383,43.16722224,1101.783658,2611.99146,6.546831942,46.06222013,69556447601,1.55885E+11,6.314690743,42.64053698,56.76407075,68.46983769,2.406369438,8.241212428,4.151463538,9.670777527,6.63634916,47.48374488
272501,17.31280941,40.51309899,6.566012638,46.41910988,285.7438458,580.1215507,6.283217999,44.66590406,1093.963798,2591.670412,6.615311517,47.0571119,64269812595,1.48223E+11,6.544444952,45.59993833,63.10833128,76.12643536,2.968478174,12.11074019,4.478188282,11.62710608,6.570404199,45.68498631
273001,17.3595019,40.5509167,6.561088549,46.38359721,312.9689469,780.7040852,6.632166904,46.9322774,1097.558295,2615.253821,6.484017214,45.06227601,58466840081,1.28843E+11,6.359744104,43.61321163,52.32507415,61.74824001,3.194547839,13.21188486,4.613479645,11.64306642,6.466535481,44.40161082
273501,17.33211276,40.30867326,6.550747857,46.24896696,346.3117883,912.3457064,6.168357996,40.22983117,1053.611207,2336.076942,6.52018735,46.2269859,53956024151,98703961203,6.112490501,43.07886696,34.56734639,38.73133834,2.783494456,11.55628084,4.323565208,9.980432598,6.550238194,46.38759994
274001,17.28270776,39.98185803,6.587658749,46.85639653,311.0896877,757.1796071,6.659942127,47.71351586,1049.626061,2267.721827,6.487762929,46.28139579,56723100257,1.04121E+11,5.907064226,40.4886754,23.538138,34.24606801,4.948517085,30.20335694,4.267141495,9.534928247,6.574919441,47.2797232
274501,17.54020112,41.59530051,6.5806272,46.5332873,322.0755944,758.4229102,6.400514646,43.88976221,1072.089171,2504.951437,6.587572148,46.71939525,57850115576,1.15347E+11,6.343742015,44.8697584,18.13665584,25.58123724,5.019856703,31.96628698,4.446990941,10.88694993,6.611007171,46.69198316
275001,17.6234333,42.16553873,6.559199458,46.12501805,299.119716,625.5769737,6.483758898,46.41466258,1101.057488,2614.617941,6.472592791,44.94737738,63877526948,1.45908E+11,6.5631225,46.78604947,21.72972949,27.86912528,4.228952709,23.52598707,4.656309885,11.25169117,6.394631424,43.86699778
275501,17.4792445,40.98776563,6.566203166,46.43123524,310.0446389,670.6122997,6.348478543,44.48949028,1074.244963,2501.978524,6.592971052,47.03441026,72602397811,1.84067E+11,6.266243038,41.69335681,30.75702442,44.34464171,4.586930278,27.70593749,4.419046033,10.12678975,6.474507926,45.36602627
276001,17.45073572,40.65622586,6.581741808,46.71277469,305.1322228,702.3273071,6.325770388,43.29286697,1099.05551,2675.318316,6.58480495,46.36561753,68220032910,1.70641E+11,6.616736019,46.6198925,37.94581073,66.59984674,5.060430723,30.10124284,4.205610792,8.947594511,6.489810229,46.37584093
276501,17.44301454,41.04308174,6.552384943,46.16106821,299.5672206,661.6154367,6.563021974,46.63784019,1122.744753,2595.390701,6.442387699,44.61292527,71677977440,1.56074E+11,6.411821774,44.38356141,31.17340364,51.69516906,4.938615635,27.85342786,4.542410115,9.812059443,6.444410881,45.74976757
277001,17.43409179,39.98108891,6.673992894,47.68513213,540.2809812,643.0228037,6.081160475,42.19830918,1512.374533,2273.660223,6.4241092,45.83770382,1.48841E+11,1.40053E+11,5.006731835,33.03281313,45.16894035,30.47135984,2.543370271,11.01991219,7.225108846,11.3657176,6.234694445,42.4809665
277501,20.13842179,40.68678063,6.699197804,47.75018228,1079.742265,731.7881318,3.572120415,19.72743315,2544.915139,2272.093831,5.280813538,35.26505487,3.04624E+11,1.80948E+11,1.927942626,7.543263937,101.269138,48.04415066,0.894781863,1.428915754,12.5809751,10.55587988,4.624214934,29.03417747
278001,21.04096678,42.79456013,6.863906829,49.77173701,1295.656127,809.1268686,2.85279629,13.39249964,3013.112271,2573.533771,5.097512063,33.84756593,3.64085E+11,2.02216E+11,1.682051818,6.118268658,130.5103137,57.10082703,0.833959414,1.46580184,14.96085544,11.38737092,3.982379303,23.99362177
278501,14.49238348,31.37400165,7.097007826,53.29000713,844.7438037,545.5243114,2.821444999,13.41323361,2043.649654,2053.404042,5.787528724,40.76849161,2.42282E+11,1.45893E+11,2.391098325,11.49185502,90.36040047,38.840539,0.655032315,1.270932673,10.13958435,8.980203343,5.144107486,34.49493903
279001,13.76346828,12.0619087,4.141433207,22.90033198,863.9345876,495.6490127,0.794727725,0.276398971,2443.53379,1438.350289,0.791196701,0.247134658,3.98836E+11,2.09414E+11,0.831179934,0.785009194,174.1386837,99.56074885,0.653316263,0.005855585,11.02766714,4.86763725,0.635827975,0.39060311
279501,23.77535214,45.47399281,6.334511558,42.18176594,1283.199121,816.9421984,1.448131952,3.484177356,3941.803565,3307.806699,3.431341392,17.51398743,5.80858E+11,3.24201E+11,1.048641747,1.437351327,270.9991691,140.2129842,0.743979422,0.424155097,16.35509867,13.14516406,4.604574728,27.6197994
280001,22.28557166,46.07713905,6.104567245,39.77821315,1028.645903,742.2741662,2.294267577,8.931117225,3312.334896,3197.17955,4.01336876,21.9826345,4.50716E+11,2.86945E+11,1.842905461,5.885617052,238.8845062,120.1606661,0.747788879,0.364632464,12.92497008,13.58286302,5.377423616,33.74905809
280501,18.12910338,42.50812411,6.579335462,46.31355575,468.7985526,635.1690831,5.892719314,39.76537698,1828.074414,3225.593011,6.120515489,41.04464751,2.08231E+11,2.81928E+11,5.597080733,35.53475804,134.0484939,88.4899213,2.191271876,7.532648675,6.575010372,11.81941019,6.577437981,46.29874967
281001,17.65283942,41.02742141,6.583399155,46.69030513,270.8115047,648.056795,6.542849959,45.73459987,1254.359619,2763.709251,6.407116152,44.87611361,1.09293E+11,1.98974E+11,5.601323132,36.19450793,68.98248627,55.4226769,1.612947629,3.926408511,4.728821188,11.3247677,6.662716822,47.79008322
281501,17.60057477,40.20156681,6.52536854,46.1037285,253.1037336,604.2472415,6.59633697,46.65651474,1260.867692,2618.80892,6.240466306,43.63633858,1.09448E+11,1.91438E+11,4.91965656,28.10205949,54.04843323,53.36586924,2.257617585,6.779747324,4.772041235,11.77232202,6.436701622,44.30825697
282001,17.56631551,40.25331177,6.578403333,46.83701404,256.5048299,595.7491121,6.557007205,46.50168823,1218.460957,2743.376274,6.577177603,46.88283182,1.02717E+11,1.97783E+11,5.99981488,40.84659332,55.2798546,60.60768335,2.562272065,9.501036517,4.405555522,10.29232468,6.56417695,46.42098048
282501,17.8499667,42.27041973,6.565092181,46.30849139,262.2657746,593.2893063,6.330183547,43.39515402,1264.669911,3064.731673,6.628038454,47.03797405,1.06416E+11,2.38973E+11,6.375950564,44.84910289,56.84868566,58.65839394,2.580543079,10.64530453,4.335064023,9.734099947,6.532562497,46.46969608
283001,17.84397203,42.44465622,6.55028349,46.08475601,244.616526,486.8664159,6.306949583,44.43802352,1322.128994,3265.180648,6.446163197,44.28453595,1.24173E+11,3.18062E+11,6.100637141,39.59515284,55.07096235,56.89219864,2.633999108,10.50163011,4.240597364,9.486708234,6.400334912,44.55298937
283501,17.75964409,41.90892128,6.602271096,46.88612329,250.0131381,514.1120528,6.253128515,44.13279272,1253.7778,2911.656228,6.572708409,46.60254145,1.14713E+11,2.75925E+11,6.489332392,45.01644902,43.11343876,44.5612323,2.619138889,9.92003681,4.164095208,9.253553007,6.516367408,46.59181299
284001,17.78406834,42.2035913,6.561804766,46.26409157,270.6750858,698.2768394,6.384724183,43.14945312,1250.288761,2808.470348,6.546398158,46.669918,1.12327E+11,2.30217E+11,6.393473836,45.39114073,30.66019539,31.19916289,2.216801017,7.798545639,4.330329512,10.46610658,6.446931408,44.56433838
284501,17.75020853,42.00839556,6.586299939,46.64349371,261.6848963,602.6375228,6.009233149,39.323777,1270.73874,2985.997377,6.57837001,46.57472074,1.19852E+11,2.45754E+11,6.30533043,44.48190877,41.30213167,33.78084867,1.538886626,3.807659277,4.148124946,10.11496341,6.51964668,45.32007146
285001,17.65357375,41.60406283,6.532205456,45.85634529,242.6825285,493.4878912,5.880824792,39.16927832,1274.705186,3032.037263,6.508132542,45.41895509,1.24012E+11,2.75341E+11,6.288584561,42.77987759,76.90558431,61.61229508,1.352596686,3.394318722,3.82801147,8.427741617,6.52368973,46.42701384
285501,17.26000422,39.35554413,6.567008484,46.71832971,236.9864713,496.1499494,6.282003773,43.50720763,1254.361576,2888.40047,6.600015368,47.15756426,1.23139E+11,2.69053E+11,6.641721832,48.04389296,116.5241234,121.4158587,2.548982286,9.031129668,3.944117401,8.710396353,6.341071965,44.5551942
286001,17.40984655,40.33758901,6.572299594,46.66238968,236.9148263,505.707949,6.453077863,46.11164619,1277.863424,3049.127527,6.563400826,46.25723186,1.40177E+11,3.33873E+11,6.419754749,43.55083262,126.2442284,127.1223378,2.376505413,7.468801918,4.142729527,10.20674093,6.386679894,43.53426698
286501,17.50432711,41.3391746,6.522074688,45.71769162,249.9750168,594.6896815,6.436124618,44.40660475,1262.288505,3051.245638,6.538441356,45.76006926,1.30517E+11,2.75262E+11,5.982432153,39.48915564,109.1004421,111.5480887,2.123636433,4.782336432,3.777889676,8.987604263,6.483004765,45.11686072
287001,17.29623791,40.17575317,6.566390624,46.5387249,250.2823526,572.9390047,6.538942804,46.21123334,1227.932933,2888.551599,6.552606978,46.13131232,1.1741E+11,2.35919E+11,5.849737441,38.77675432,93.18326799,101.6440287,2.296951031,6.301981727,3.684117774,8.181640715,6.491613629,46.19858712
287501,17.24293888,40.11538735,6.553865216,46.28769472,261.4628481,594.6303648,6.499728942,45.70460082,1172.543511,2569.430216,6.463799653,45.52509559,1.07965E+11,1.93881E+11,5.314407435,32.16737169,103.5180404,87.15069123,1.363124027,1.784611434,3.721378851,8.085135912,6.218323125,42.20650676
288001,17.176943,39.53407594,6.553877877,46.39662508,252.6578752,574.8801486,6.456279835,45.00423558,1186.956834,2532.593665,6.399101984,45.40469006,96024123221,1.4594E+11,4.842819544,27.7470227,122.3191395,86.49780053,1.27158118,1.867182715,3.432947927,6.759910213,6.276849887,44.44736283
288501,17.23709629,39.73088625,6.561487271,46.52400469,252.6815136,563.1194317,6.525992142,46.58249981,1232.644383,2769.734141,6.331481316,43.43325387,92105384587,1.53462E+11,5.878060502,40.43182445,106.4039917,82.45999916,1.932001344,5.893291264,3.516526241,7.433630774,6.455351138,46.15038278
289001,17.37382155,40.64749779,6.55256988,46.21200341,257.646727,615.5312529,6.457521185,44.53092084,1182.067442,2616.312947,6.513882256,46.15537881,93281908470,1.76501E+11,6.172405572,42.75950574,62.09622365,52.05301333,1.638822322,2.935626554,3.776806087,9.104814711,6.479739067,44.92210737
289501,17.28866197,40.08291459,6.555436246,46.36534848,245.7168779,575.86457,6.623803859,47.16326292,1177.389071,2499.226224,6.390576422,44.94174552,94494727197,1.79655E+11,6.082707042,42.00791282,46.94184593,45.80127113,2.147119253,5.594410837,3.75228457,8.973915039,6.491674564,45.15639386
290001,17.50829445,40.8351624,6.59265587,46.9020495,245.0236533,573.4879121,6.483277582,45.29988658,1252.064818,2723.397876,6.413097695,45.40763936,1.09729E+11,2.20077E+11,6.051431562,41.64032105,59.2609184,60.30991937,2.602923642,10.25527143,3.766968713,8.712406047,6.588691254,47.18237466
290501,17.81164204,42.42818877,6.509215719,45.4438556,231.5972183,536.8646853,6.519904142,45.88795849,1336.562219,2990.37268,6.105561207,40.55072506,1.34087E+11,2.60228E+11,5.644597305,35.92445258,63.1408259,57.95518465,1.54555915,2.018473009,3.940166382,9.533774067,6.467641882,44.73888569
291001,17.45116211,40.08851932,6.57820811,46.79642567,223.4200567,488.4682339,6.386352965,44.64015604,1308.551253,2846.098299,6.265453537,44.01080192,1.70672E+11,2.8669E+11,5.49090188,36.09009286,90.56200607,97.31780887,2.026750925,4.195623707,3.854915765,8.834548178,6.558217406,46.3860954
291501,17.88880036,41.51715979,6.559837708,46.50024548,223.2773345,462.6491073,6.29909684,44.22154202,1499.791972,3944.304435,6.489295135,44.43794011,2.28976E+11,4.61399E+11,5.899364948,37.766134,120.7734496,143.1071256,2.368847633,6.096947477,3.926882019,8.682485204,6.460080611,45.45125458
292001,18.13905617,42.47844244,6.501127627,45.4964794,219.9585658,432.0860671,5.974828258,39.89231002,1638.410174,3862.907644,5.762072023,36.24526282,2.30033E+11,3.9717E+11,4.940606552,27.85920254,111.5533994,135.1810714,2.369486123,6.271452862,3.833277806,8.04718212,6.315552008,43.85691467
292501,18.0362849,41.48536267,6.54917896,46.41781004,222.4575487,409.1880134,5.579929818,36.37048849,1462.52869,2927.856818,5.747295927,37.77822388,1.82048E+11,2.78951E+11,4.318787036,22.66310595,70.14961868,84.10236962,1.841795605,2.935871491,3.849151651,7.852274047,6.210401738,43.57258194
293001,18.02443093,42.28809868,6.609935038,47.03309428,246.1425529,576.802741,6.402512211,44.23943006,1446.123631,3034.787339,6.264633121,44.43289765,1.68581E+11,2.89493E+11,4.72617993,26.72699259,50.97527786,61.90924891,2.56834214,8.539031784,4.112344858,10.35110697,6.656641242,47.1684288
293501,18.51739685,44.72220207,6.574238434,46.28588401,272.4858287,683.356945,6.268863811,42.33568535,1664.419193,4443.068489,6.377230729,42.85141965,1.92291E+11,4.55127E+11,5.86850262,37.10199638,39.55915952,53.44353116,4.037096412,19.87942578,4.623164075,12.37193449,6.320692798,42.12306195
294001,18.31307699,44.74743002,6.59741877,46.4991935,283.5974555,721.6695827,6.387089572,43.41950656,1656.226315,4023.329027,5.947627118,38.59725345,2.0164E+11,3.94404E+11,5.006201888,28.54273889,34.06479423,33.12458501,2.513758802,9.617665514,4.177665325,10.48047753,6.564003679,45.87965545
294501,18.28510411,43.79151092,6.568979185,46.28772749,272.3088542,560.4457166,5.826416429,38.07443462,1645.74864,3550.453085,5.840913688,38.48207759,2.45576E+11,3.80456E+11,4.500731898,24.32212548,57.63256728,43.56274886,1.258337701,2.61593974,4.001586584,8.856618227,6.438324604,45.13357413
295001,17.95864146,41.87474647,6.549702527,46.19558153,276.4447821,488.0837099,5.25002814,32.09164065,1630.917966,3488.135608,6.008144573,40.03389919,2.70587E+11,3.81606E+11,4.324574166,24.16773382,77.6163282,59.25314033,1.987933473,7.134430948,3.866510521,7.736177271,6.361796498,45.4717119
295501,17.69411212,39.67926981,6.499096957,45.88354294,285.2092189,635.3434373,6.39337365,44.29827016,1406.637881,2759.386775,5.958782923,39.94407356,2.28521E+11,3.14168E+11,4.501277119,25.55686676,76.14764724,64.50073568,1.283947808,1.92671088,4.059103976,8.876298695,6.465128801,45.88074874
296001,17.41667632,38.42073899,6.53564659,46.57938001,296.1778961,671.633074,5.781042524,36.4023564,1280.482794,2218.89226,5.552725116,36.58723654,1.78731E+11,1.96577E+11,3.099343171,12.67851196,94.20753868,62.10371173,0.722074136,0.004187081,4.228805687,9.948964976,6.358907248,43.43737038
296501,17.71381518,40.83846513,6.591380309,46.99578486,261.3516422,539.0090685,5.977087419,40.57349802,1356.187337,2828.718451,6.384694774,45.42449502,1.80529E+11,2.49519E+11,4.074550566,19.68290792,125.7922052,73.88763543,0.608391358,0.103819106,4.108220557,9.630967835,6.620308449,47.51961694
297001,18.28596748,44.89507986,6.55805007,45.91604583,273.26646,626.0699078,6.505077419,45.74638232,1591.801056,4089.692743,6.144403151,40.13050227,1.96501E+11,3.78812E+11,5.107820203,29.18284144,119.9844141,93.35696559,1.527005196,3.893922651,4.367568329,10.76850557,6.439950274,44.21234684
297501,18.16913574,44.26285496,6.557326378,45.9488942,288.2779268,642.2902417,6.233566661,42.02568625,1403.351089,3650.109666,6.516675425,44.89339822,1.60659E+11,3.8255E+11,6.244241496,41.4817953,56.90572767,54.83567855,1.864305971,5.192605004,4.153869234,9.666258112,6.586413221,46.83254295
298001,17.85324169,41.88129419,6.601492552,46.97294057,280.5552204,606.701498,6.395409886,45.29851026,1344.154206,3221.632732,6.642039106,47.74818203,1.35258E+11,2.86581E+11,6.023779626,40.05741691,22.62558258,33.14056841,3.525016022,14.80933397,4.291239175,9.843571267,6.479859623,45.73180617
298501,17.94931795,42.50280183,6.580600244,46.56234208,299.2579095,707.437304,6.233720537,41.60775655,1393.832815,3448.001748,6.427950648,44.0949597,1.23872E+11,2.25622E+11,5.590893238,36.66290828,16.27853964,32.85667834,6.310248165,44.1754434,4.222777738,10.19359065,6.547311217,45.90264905
299001,17.85328363,42.10004813,6.52691,45.78209481,263.9620063,589.1239856,6.545601177,46.49861957,1276.154062,2860.608111,6.404505242,44.50250965,1.13122E+11,1.91848E+11,5.59214939,36.98477981,17.35461332,38.0708428,5.416022281,31.41862317,4.164800746,9.950185812,6.566342863,46.29525044
299501,17.52655224,39.94184698,6.55431885,46.52892827,271.6235409,569.2487076,6.4061704,45.17610965,1218.513583,2455.424597,6.249091465,44.04913588,1.21025E+11,1.90432E+11,5.116765733,32.70936472,13.93786158,24.65167006,5.461134357,34.60289707,4.074074764,9.625099806,6.545178841,46.00465374
300001,17.45376747,39.80995535,6.545613362,46.39703282,266.6084385,556.7092465,6.37276555,44.54656381,1206.82101,2571.18096,6.407430865,45.11128469,1.35046E+11,2.18796E+11,5.51907965,36.27810307,14.29654721,26.84032475,6.141252505,42.53688818,3.9601988,8.842666151,6.493258101,45.78955162
300501,17.50298062,40.778702,6.587978057,46.78605493,257.7247687,532.0838379,6.410013107,45.65772506,1203.585067,2696.948037,6.573437808,46.90809453,1.59117E+11,2.44971E+11,5.689983804,38.95295982,15.01710384,27.88556866,6.111301867,41.65980925,3.922560964,8.408653597,6.465777306,46.0473406
301001,17.69969776,42.24278386,6.561560266,46.19281162,263.0199398,616.6509884,6.569625652,46.59749166,1256.237692,2977.101351,6.532281761,45.81254509,2.15009E+11,3.27889E+11,5.457332733,35.50988692,16.40367616,26.97994066,6.047215245,41.97264777,3.971370915,9.069464722,6.581835555,46.9150595
301501,17.69407968,42.02097202,6.567277434,46.30952131,277.0870932,657.9600776,6.237071704,41.71216096,1287.916729,3024.590614,6.502560142,45.42758919,2.52975E+11,3.9004E+11,5.013580728,30.46306459,21.5853175,26.7351163,4.226061839,24.20335565,4.05808908,10.03335354,6.563460678,45.94228002
302001,17.48814706,40.55999446,6.536908822,46.10670188,258.6375697,572.8327094,6.527861934,46.66699174,1256.402646,2764.102208,6.471521731,45.56680286,2.28374E+11,3.1799E+11,4.776466105,28.35084608,35.68454129,40.34829044,3.43526482,17.27952633,4.057715157,10.15445527,6.595373137,46.34601509
302501,17.42665162,39.93408181,6.585348668,46.96500292,265.5740245,574.6681066,6.180697063,41.56861963,1273.441526,2825.871349,6.527590936,46.81221128,2.15832E+11,3.00488E+11,4.756299048,28.04258316,46.52533535,73.36183654,4.93643329,27.88853402,4.008766901,9.618592275,6.444648958,44.42270543
303001,17.67400919,41.68239646,6.53953379,45.97716645,252.7549191,489.601981,6.177043676,43.46940436,1376.243381,3431.423234,6.428955455,43.9088682,2.12692E+11,4.5254E+11,5.970471358,38.23158437,36.833003,39.28064593,2.993085254,11.5350763,3.833922648,8.088708257,6.47489876,46.28417272
303501,17.57876288,41.20658407,6.563597329,46.37439208,261.2328922,554.9500637,6.326950475,44.10866455,1305.14159,3107.806101,6.503660266,45.35139085,1.7808E+11,3.27999E+11,4.488696118,21.73941706,38.15151566,41.13703155,3.909237406,21.1569759,3.944152868,8.186569476,6.254100946,43.39206107
304001,17.53907522,40.82099378,6.567501947,46.52012366,261.0097428,614.689156,6.623806482,47.06227953,1269.643781,2812.609934,6.464662854,45.84288975,1.36817E+11,2.56425E+11,4.625099778,22.96929699,43.22683711,47.65428829,4.110257645,22.53016299,3.738542003,8.017751666,6.521586939,46.74610179
304501,17.5823683,41.32422031,6.591859453,46.76730015,273.4915939,665.2384776,6.455282942,44.61082177,1263.186108,2932.527662,6.587687179,46.79772647,1.18406E+11,2.44276E+11,5.961878887,39.73622016,36.7113669,44.86151825,4.076752697,22.47083993,3.937629255,9.255109331,6.510542135,45.70760037
305001,17.7126833,42.30854961,6.567041753,46.27425815,271.8749326,647.632953,6.583703991,46.56729032,1270.363006,2950.938268,6.390160824,44.00098286,1.10274E+11,2.23361E+11,6.104099328,41.4815582,25.24661765,38.91248115,5.080905155,31.42246987,3.989500257,9.374389229,6.355933518,43.4905134
305501,17.60343128,41.70710398,6.566202422,46.29901029,270.3484938,628.5908414,6.397889643,44.18268982,1214.104294,2649.100828,6.534699899,46.94552413,1.08605E+11,2.15588E+11,5.944525482,40.13996879,17.3032287,28.79127136,5.424718791,34.52494036,3.809697609,8.560082268,6.48004957,45.99386678
306001,17.44071204,40.41530281,6.564500444,46.513014,257.1780778,562.7688142,6.521131066,46.93705222,1281.122572,3038.613592,6.580557433,46.5592375,1.20003E+11,2.85569E+11,6.490967339,45.27356361,15.42024644,25.93125425,5.043617596,29.45789757,3.812741245,9.0018165,6.557254166,46.31848845
306501,17.46243154,40.31976719,6.547044591,46.28545276,275.9547691,689.4698661,6.596345649,46.6647116,1338.061934,3120.387187,6.23163638,41.74050725,1.32087E+11,3.03285E+11,5.651597335,34.23074075,16.08124158,31.91025589,6.063879483,40.6019499,3.899897498,9.403184464,6.509890053,45.31221496
307001,17.31966681,39.91080092,6.556294184,46.42238562,309.4649422,765.0642076,5.877261265,37.124696,1220.869913,2535.118783,6.406879033,45.77284851,1.17984E+11,2.03681E+11,5.022441121,30.18303578,16.18138684,29.45699709,6.068649655,41.85639721,3.776356039,8.230236669,6.372564594,44.48938336
307501,17.45327294,40.3882748,6.564389046,46.54243614,259.3413184,542.8369081,6.289234443,44.10328592,1279.834094,2851.683981,6.534821407,46.5745761,1.31501E+11,2.51989E+11,5.783908204,38.72106042,17.8936644,34.65605051,6.036037944,41.45398016,3.796544325,7.94101637,6.169511212,42.77776185
308001,17.59650887,41.59402521,6.57522985,46.45257191,263.9834713,556.0956326,6.374727159,45.35372281,1369.306062,3300.939117,6.42369965,44.09972708,1.46964E+11,2.86328E+11,5.188445476,30.33747832,19.36732383,43.18521674,5.694067074,34.85122164,3.823271547,8.965532479,6.526016989,45.89086585
308501,17.70474952,41.57571041,6.510540256,45.59494617,285.5087111,660.3712379,6.134104997,40.48910631,1317.318527,3016.455375,6.386634909,43.97391899,1.2655E+11,2.02899E+11,5.457622188,36.17070761,16.46672474,26.65843206,5.69960901,38.6803776,3.935825575,9.333916345,6.356743966,43.37853468
309001,17.36132467,39.25739581,6.574164338,46.87023953,259.6120685,579.1110862,6.573011556,47.15288183,1247.387464,2486.351285,6.336722726,45.03853177,1.17556E+11,1.69297E+11,5.101150139,33.13037677,19.3189523,25.91289419,4.547432089,27.14436552,3.637757073,7.690136789,6.464412053,45.94698233
309501,17.79358002,41.05857825,6.56486102,46.64431947,264.147828,612.0221193,6.329935987,43.23959614,1316.367023,2788.028011,6.373430733,45.31866223,1.4373E+11,2.42847E+11,4.939942974,28.6007928,35.74336679,39.05483806,3.52453091,18.57756823,3.821110979,8.124627397,6.334065541,44.82708398
310001,18.05205879,43.61603773,6.55463713,45.9775302,240.698498,552.280646,6.664515291,48.04928684,1476.077666,3730.323256,6.458659445,44.2613538,2.19536E+11,4.82096E+11,6.02782877,39.2272323,71.5276679,58.85142557,1.80774682,5.780656976,4.150651994,10.4731517,6.438079661,44.04192508
310501,17.92627865,42.94851981,6.575679207,46.35333719,247.9229672,596.7232002,6.497080722,45.21566489,1503.02645,3779.869104,6.45939286,44.21757515,2.77511E+11,6.17769E+11,5.4733482,31.95783472,103.7896614,90.18286088,2.238666026,9.780376264,3.921437909,9.949905134,6.55529169,45.69861418
311001,17.8169194,41.98223742,6.603341281,46.92353522,241.7799757,540.9430557,6.299785565,43.13919777,1408.818924,3213.760818,6.594127145,47.23702236,2.00311E+11,3.59616E+11,5.924162889,39.83072665,116.1189977,114.4921757,2.667093979,10.50258695,4.045890884,10.12523929,6.611157312,46.93057444
311501,18.0240708,42.56651027,6.531790162,45.85974063,229.5912525,443.8469804,6.11579192,42.23580775,1500.200137,3539.579198,6.54252515,46.33645741,1.67688E+11,2.68417E+11,5.491164124,36.41558569,106.3587605,100.5232862,2.075612739,6.417799772,4.443612198,10.29082759,5.7119466,35.20238854
312001,17.61373451,40.22474641,6.538059872,46.21562756,220.4157218,365.4716591,5.730028857,39.37024423,1568.562729,3703.32799,6.067852049,39.66243645,1.51221E+11,2.392E+11,5.869703257,40.6065243,112.209154,132.5856563,3.692665455,19.20686813,3.582171797,6.13718125,5.526504756,36.34589122
312501,17.72707209,39.91871875,6.543675752,46.63115015,239.594474,472.6762185,5.844185927,39.13007511,1371.391679,2920.486042,6.335554433,44.74203512,1.54183E+11,2.50182E+11,5.988439946,41.44124006,115.4760895,118.4142766,3.040177443,12.87599453,3.80523238,7.482164268,5.593598645,35.42541188
313001,17.93005843,42.36533012,6.544761094,46.01691576,288.0605122,751.692442,6.060998276,38.78214293,1367.089744,3139.986198,6.568721539,46.76710663,1.44606E+11,2.77467E+11,6.171777326,42.36153311,95.21432691,105.5960467,2.323509796,7.183659535,4.410285239,11.32211591,6.142809119,40.08023436
313501,17.9558136,42.51004448,6.582664083,46.56378303,260.526473,631.2718077,6.476804269,45.21155384,1405.400097,3392.625631,6.415759064,44.04262395,1.29647E+11,2.84681E+11,6.361159279,43.83817094,80.59980622,125.003525,3.644707398,16.4385721,4.201007342,11.19081267,6.569046604,45.47782569
314001,18.05949121,42.80991262,6.568307493,46.36369107,278.4482573,662.3821133,6.317002721,43.88327529,1287.679614,2964.790642,6.547638773,46.2886847,1.13148E+11,2.4798E+11,6.296459704,43.22014326,43.92179654,57.52956334,3.074333518,12.43778436,4.095695221,10.35019669,6.548629605,45.68287455
314501,17.991391,42.46279427,6.584338416,46.60530989,290.1098542,730.3377431,6.241527691,41.69633227,1278.631042,2834.493947,6.526825283,46.58204231,1.04259E+11,2.04629E+11,6.226712063,43.94324742,27.50610272,38.89707268,3.7343258,16.06676206,3.878018984,9.089997281,6.592910375,46.85348747
315001,18.06577373,42.68006796,6.58363768,46.59994906,272.8370593,672.7316808,6.554266253,46.19364553,1293.951364,2981.505892,6.46799933,45.10784368,1.03913E+11,2.13789E+11,6.2667879,43.64824551,25.44248588,37.2712941,4.519033764,24.91872458,3.847259843,8.991646184,6.608374603,47.2496076
315501,18.0026217,42.37907437,6.548846725,46.1230723,269.2000004,600.8130742,6.13249223,41.08531484,1240.157413,2732.769429,6.501449052,46.05542038,1.02826E+11,1.983E+11,5.99954183,40.68962639,20.76806707,27.15224739,4.611676084,27.36802898,3.939212075,9.322577159,6.354689714,43.3472322
316001,17.92809746,41.66003371,6.587551222,46.84059646,256.2928782,533.5017506,6.03421813,41.08552201,1283.755093,2874.89596,6.499147918,46.3489597,1.07708E+11,2.00016E+11,5.724254096,38.28144822,23.28604035,30.48599718,3.925751668,18.53727472,3.554432414,7.689002614,6.474980307,45.8080715
316501,17.90866648,42.40211362,6.574676118,46.32675936,313.6656097,560.0217391,6.005689624,39.32713089,1530.200899,3286.167238,6.353075843,43.29722663,1.72329E+11,2.42983E+11,5.888605158,39.51482402,44.29605739,45.73834303,5.472219664,36.43004114,3.858763852,7.110964885,6.341859026,45.04483763
317001,18.74542729,40.84936567,6.661735182,47.55598636,628.6940014,439.3331928,3.58338273,20.3758482,2659.162654,3001.76571,5.218261316,34.10823499,4.3167E+11,2.93581E+11,2.62309224,12.51317773,126.0439114,75.35261506,2.164984706,8.006299212,7.382838056,7.643233535,4.517164965,27.34508404
317501,21.9264701,43.38616098,6.654366043,47.20652667,1040.70179,572.4216658,1.494826144,4.815396289,4092.275411,3362.773255,3.596103715,20.29470376,6.82418E+11,3.97134E+11,1.255872061,3.423362075,199.6472449,91.00661088,0.674792072,0.641688635,11.92211505,9.235800553,2.493172536,10.21933077
318001,20.01639664,41.86296395,6.853328085,49.83558532,1010.568002,588.3456673,2.221395458,10.05138321,3782.638632,3249.033106,4.138158074,25.27631152,6.04845E+11,3.59139E+11,1.690447085,6.260312411,194.1462259,87.68510247,0.717949057,0.647451658,11.31155761,9.222121714,2.929825011,14.02586911
318501,11.03855925,22.89010556,6.91041262,51.2786654,516.1204252,340.3008172,3.287284072,19.11734973,1894.532783,1763.495182,4.948883326,32.89718032,2.80039E+11,1.78742E+11,2.555379248,12.75117173,102.2779125,46.3416324,0.57930591,0.572126201,5.79996092,5.276580755,3.716797769,21.04418545
319001,16.05567504,23.21367307,5.75706059,36.94913419,1049.43907,541.4755273,0.958211354,1.302986285,2560.452111,1716.947878,2.18862484,8.636922658,5.40571E+11,2.49505E+11,0.396671517,-0.418039442,38.94599709,20.30489388,0.906595637,0.745414282,9.233437413,6.03378743,2.373178652,9.756074905
319501,23.67974371,55.38732384,6.175860442,39.4244075,1262.41529,900.0183069,3.242365504,15.98538245,3292.742876,3674.717744,4.929964128,28.73017117,6.45811E+11,3.92501E+11,2.297706511,9.06192741,46.47595353,29.86011459,2.698229848,12.09028986,11.63895798,12.45647256,5.008328938,29.55697545
320001,19.42502112,42.90072204,6.559418491,46.05856398,786.3676599,630.0311624,3.694623773,19.7818649,2117.948667,2743.737835,5.924464868,40.14503942,3.90415E+11,2.72792E+11,3.329642115,17.73860874,30.38256739,23.4279125,3.959446755,22.93200341,7.452523995,8.697125119,5.296743169,33.83616509
320501,17.8205573,40.92680429,6.625433799,47.39950712,337.8570278,570.9171269,6.175516852,43.28746489,1248.211639,2470.045365,6.444170155,45.92663979,1.72381E+11,2.35035E+11,5.610885458,36.85785797,15.42898979,29.46840276,6.126041993,40.9521515,4.316456012,8.133262708,5.971588056,40.55565096
321001,18.3378105,42.81227774,6.582236021,46.71089203,293.4798336,681.0917153,6.394539774,44.41024522,1180.478963,2758.577882,6.611913877,47.13527328,1.45554E+11,2.76813E+11,6.143975659,42.29310125,13.52421797,28.31385384,6.209649654,42.43937606,4.323367512,10.29899804,6.415361941,44.22674532
321501,18.53109495,44.57785057,6.565020574,46.17203154,296.230859,743.6977339,6.493903731,44.74598558,1225.133809,3064.534373,6.550094119,45.74139702,1.7053E+11,3.13762E+11,6.056833274,41.96365145,12.39776848,27.27470101,6.231476999,42.50415594,4.304540775,10.53627477,6.509146309,45.15383927
322001,18.49582145,44.3944837,6.599053709,46.69894145,288.2896445,616.1106495,6.202803123,42.43441335,1242.498962,3186.583252,6.651063431,46.94208285,2.07484E+11,4.00119E+11,6.085359588,41.05557811,10.39943123,22.73706896,6.370685065,44.48551862,4.143693698,9.657897391,6.580424942,46.69712254
322501,18.57315378,44.40215091,6.554990316,46.07669152,288.895588,570.3791166,5.834372712,39.01990782,1289.527398,3137.03343,6.362483433,43.24476977,2.12009E+11,3.95735E+11,5.509489691,33.74179546,10.17060751,21.49164777,6.267671076,43.85368339,4.16986144,9.575370757,6.549106134,46.34731157
323001,18.21174656,41.76424173,6.516796452,45.87201597,288.8169305,654.2904382,6.455578768,45.24438506,1153.107434,2432.825286,6.420765241,45.24865539,1.55989E+11,2.40407E+11,5.416458369,36.05929042,10.02245124,21.54908325,6.242062204,42.49036094,4.154028171,9.191975208,6.418752633,44.83994353
323501,18.03125971,39.9351567,6.537453174,46.68432648,305.2709933,739.6880525,6.478939256,45.16820356,1144.625685,2250.954751,6.187549592,43.57578176,1.489E+11,2.44788E+11,5.345976442,33.94796501,9.770550245,17.93404989,6.221723242,43.96947206,4.14306715,8.856912233,6.418659926,45.43589363
324001,18.31787095,42.47898709,6.55594412,46.36636696,307.1043195,723.7536165,6.304624383,42.9747102,1206.350913,2800.178747,6.538972979,46.1392809,1.56668E+11,3.50441E+11,6.516128685,45.69184842,12.53217679,19.09058862,5.752046398,39.88911207,4.105787521,8.985735614,6.459275085,45.60073176
324501,18.52621108,44.09796244,6.572676418,46.37227393,299.2701709,688.9264187,6.368341289,44.6227467,1309.338438,3184.681257,6.364685503,43.52475936,1.80848E+11,4.35758E+11,6.02046251,38.80995242,16.31582758,26.46926243,5.931373196,40.50369458,4.29275965,9.944998666,6.554887261,46.83007637
325001,18.69591778,44.7713903,6.568990096,46.29157657,316.765558,772.4563766,6.401173045,44.0879991,1268.337373,3005.417127,6.470619001,45.03251203,1.58432E+11,3.44259E+11,6.359387406,43.89762169,18.54463645,30.01288598,5.164208908,30.57756812,4.729982875,12.13857153,6.433324649,43.89953534
325501,18.6108232,44.13817907,6.57175581,46.36263798,309.7842969,767.3494367,6.458762389,44.41922046,1230.710849,2811.834135,6.630368261,47.66756255,1.53785E+11,2.88988E+11,6.16062652,43.41200776,17.35132259,23.04767544,4.52880814,27.23364005,4.580097175,11.26263243,6.42646485,44.01633706
326001,18.49530656,42.90847665,6.566054627,46.51346121,283.0784677,595.2924028,6.323675416,44.22795533,1287.548241,3008.94038,6.477645942,45.15909605,1.67663E+11,3.18639E+11,6.151728332,42.86226265,21.44583923,26.22611352,4.718349968,28.96574515,4.131160543,8.864486041,6.502323494,46.53958247
326501,18.46819641,42.8837435,6.587386049,46.82738827,293.7528028,599.9247195,5.883342092,39.26996273,1252.023929,2881.323852,6.605517405,47.14919769,1.8079E+11,3.65213E+11,6.379201566,44.87868794,26.67782055,32.25223076,5.134940927,33.24472212,4.272086565,9.437398798,6.383034208,45.15638637
327001,18.66037475,44.52100954,6.590311315,46.62302009,309.5119847,752.4066434,6.382137105,43.40841026,1302.60953,3119.980153,6.609318591,47.03748714,1.88264E+11,4.26252E+11,6.313333569,43.17853176,27.95069895,37.84597794,4.980347115,29.28233066,4.725019789,11.91502175,6.356575282,43.00587524
327501,18.77483963,45.34719519,6.555172913,45.98805581,302.1918851,678.6875658,6.235209214,42.11786352,1350.536186,3438.076127,6.468162547,44.30128998,1.77141E+11,4.14171E+11,6.385827762,43.95604763,20.67661631,27.65852614,5.537071823,37.313458,4.488208185,10.50450114,6.257672734,41.98369369
328001,18.40827688,42.96972038,6.548373166,46.1760014,280.5252106,562.045213,6.200711203,43.25922318,1262.746873,2906.12468,6.470506304,45.17780243,1.72239E+11,3.66007E+11,6.492072556,46.15375079,14.86064186,25.49679376,5.917078447,39.81407625,4.05193466,7.70958187,6.113620173,42.83796113
328501,18.25807851,41.35952196,6.55796338,46.69220395,264.9006507,539.9936903,6.374196698,45.12528768,1242.024527,2571.759335,6.310149049,44.44968788,1.79393E+11,3.68373E+11,6.378085763,44.76260539,12.14850024,20.81539467,6.117115654,42.69826147,4.233613453,8.556446423,6.242261572,43.97686899
329001,18.36647894,42.50586537,6.546614701,46.24263107,270.3814804,596.2036392,6.382668959,44.81899791,1233.039128,2649.134599,6.498519495,46.30981634,1.77003E+11,3.60303E+11,6.386865814,45.24090425,11.80894435,20.38718907,6.160950408,43.55606133,4.49343461,10.89510841,6.493744611,45.03063894
329501,18.32525917,42.7926136,6.573303832,46.5647211,280.3419175,662.5395827,6.417008207,44.62427367,1272.604116,2989.694827,6.568390959,46.48463317,1.86659E+11,4.0814E+11,6.461079536,45.65535173,13.01793882,22.01107395,5.743698246,38.08775024,4.514976381,11.36078865,6.55932825,45.79445771
330001,18.55258941,44.05894303,6.586685629,46.60872309,290.2044451,729.2342199,6.489561588,45.09588291,1303.416186,3169.810724,6.452838715,44.43082413,1.97225E+11,4.43491E+11,6.297144313,42.7398601,15.80437086,22.13722101,5.183609188,33.98168315,4.583885978,11.37347952,6.618952569,46.74644924
330501,18.63520918,44.39970819,6.541891424,45.91093549,298.1428848,710.9842577,6.137667694,40.78064509,1252.716629,2904.024212,6.625394993,47.48221328,1.9452E+11,4.13032E+11,6.524837027,46.8383009,23.12370125,27.31013038,4.621396559,28.2628982,4.675903191,11.4005774,6.504133412,45.16646071
331001,18.39224817,42.50001133,6.557317243,46.44080395,264.451359,531.7243278,6.220613078,43.22707298,1306.634706,3073.329525,6.510084684,45.57812146,2.09136E+11,4.87303E+11,6.452406146,44.6428843,27.31283718,31.78604966,5.074492992,32.10363608,4.351814564,9.441571616,6.340024143,43.90998238
331501,18.3618044,42.46374365,6.590243711,46.92164112,256.1150992,481.4727555,5.935138482,40.51840205,1289.352121,2949.988219,6.475461526,45.42494289,2.10616E+11,4.69373E+11,6.133690085,41.34928197,23.58024625,31.84275233,4.830078934,28.12257534,4.394887604,8.995398738,5.998673802,40.71798488
332001,18.54621816,44.14824195,6.56502115,46.28432815,255.7415401,579.2200934,6.63531832,47.83955029,1278.617639,2813.903859,6.446183632,45.60698604,1.96551E+11,3.97312E+11,6.094850792,42.14602796,15.59119961,21.61136192,4.836841397,30.02082319,4.62642686,11.59154262,6.49102451,44.90436732
332501,18.50556317,44.579176,6.607177996,46.74683281,283.3531156,772.3709845,6.521208688,44.65338611,1289.288198,3104.68404,6.70405348,48.30116648,2.07412E+11,4.45831E+11,6.39016213,45.51684151,14.89642152,23.42452025,5.471617988,36.38416836,4.669023201,12.2683066,6.537134884,45.16811095
333001,18.47117423,44.23127174,6.547874383,45.97231316,297.7240817,757.896358,6.102215234,39.5930149,1432.788049,3606.959786,6.310537608,42.28029721,2.66735E+11,5.83096E+11,5.924035056,37.96329564,16.88461512,29.9938098,5.702185857,36.34300603,4.538792765,11.69624434,6.552175892,45.59441411
333501,18.13576112,41.97022374,6.568882041,46.57065226,237.8469592,460.3153844,6.213764154,43.29309742,1368.51675,3090.819352,6.525677748,46.13718484,2.91541E+11,5.02259E+11,5.612667279,37.21461716,13.23832513,23.83881873,6.118122248,41.8200632,4.298108145,9.565044869,6.243781249,42.25303702
334001,18.06884554,41.23869792,6.529534486,46.13376641,253.7764735,456.081401,5.119416269,29.64782803,1369.906183,2869.595903,6.168522191,41.99465495,3.12972E+11,4.88737E+11,4.915628624,29.68573258,10.25762666,20.72714896,6.233179423,43.77445829,4.037187375,7.429408921,5.813451598,39.20845779
334501,17.79667361,40.18804764,6.549033915,46.51816443,266.5427887,582.3823738,6.261130972,42.86752315,1214.35216,2309.02315,6.096288496,42.94276255,2.62625E+11,3.78967E+11,4.632410605,28.37624399,9.564436027,21.24512332,6.349881646,43.94954208,3.958621951,7.731975849,6.21106917,43.6390287
335001,18.11671091,42.11381714,6.590437791,46.94203247,277.2776965,636.6564774,6.287314731,42.76324057,1287.854699,2883.237082,6.19239751,42.85583603,2.58748E+11,5.11999E+11,5.458381122,35.0396332,8.911629218,18.69664889,6.334757912,44.22898282,4.137916168,9.515048993,6.61329482,47.38740735
335501,18.58821937,44.86748252,6.490763813,45.05612932,267.1110114,598.9505918,6.462542971,45.3826141,1480.893559,3732.783528,5.702100941,34.57207098,2.99681E+11,7.2575E+11,5.122666671,27.88708302,8.960359351,17.81222124,6.235252734,43.85232936,4.650334142,11.5470326,6.197973442,40.91093111
336001,17.94476079,41.48135614,6.564015268,46.50263162,264.0015254,561.606718,6.443182663,45.5551117,1178.328486,2492.975371,6.40429465,45.51120956,1.97056E+11,3.38335E+11,5.155648288,32.16684063,9.381185526,19.40471933,6.243804121,43.13723027,4.246505064,9.620941583,6.568072137,46.87319335
336501,18.09123369,41.2006122,6.550764339,46.58049458,284.05151,599.8849004,6.343642178,44.52466951,1210.539813,2508.47832,6.233117131,43.6563407,1.97665E+11,3.37658E+11,4.66969721,25.39944991,11.24759365,19.65863761,5.997948183,41.3828136,4.379968052,9.899545588,6.460347571,45.45041175
337001,18.1310322,42.18951409,6.520157292,45.83228984,303.1118753,644.2448212,6.212299287,42.52443419,1225.993666,2737.470589,6.411775142,44.77191636,1.95851E+11,3.76909E+11,5.618373408,36.18358125,19.23113144,22.89062525,3.887306776,21.97777024,4.279068463,9.442083234,6.393610268,44.53223032
337501,18.20691127,42.56980548,6.600616937,47.00695167,306.5590214,664.712017,6.338603504,44.34336886,1280.075611,3096.532843,6.631066087,47.44337458,1.9255E+11,4.43673E+11,6.456789646,45.67160578,28.99839248,34.3084795,3.310071949,16.31271412,4.353739839,9.725731368,6.376174276,44.94608666
338001,18.52960276,44.36846785,6.520495443,45.59198703,313.5065601,726.917374,6.435938923,44.79894321,1418.400276,3637.915863,6.1971222,40.71319186,2.18164E+11,5.82411E+11,5.643593109,33.05642394,32.51112487,43.93713058,3.922435441,19.86253208,4.82506942,11.97140906,6.306494528,42.38502059
338501,18.3068885,42.89982619,6.577756838,46.59204043,309.3824458,742.7303655,6.612941651,47.03943346,1241.461862,2960.069959,6.647716618,47.64245133,1.48115E+11,2.61457E+11,5.572392268,36.85544102,28.04000804,32.05005993,2.713342142,10.39756251,4.45468552,9.986560526,6.368477644,43.9189102
339001,18.27557829,42.59909936,6.563135013,46.43031814,314.8238834,841.8450697,6.71984295,47.89122227,1241.700819,2990.057428,6.560088032,46.5024862,1.5379E+11,2.49433E+11,4.514752223,24.26752281,38.78783001,40.75963896,2.197564592,6.329027148,4.473709126,8.885289144,6.117560949,42.4891988
339501,18.17121682,42.3032844,6.576233287,46.63889638,357.8424975,1047.754984,6.528693758,44.77949703,1206.606783,3242.061975,6.717648555,47.76767481,1.41211E+11,2.45064E+11,5.907596382,40.86348819,49.26768942,54.67387845,2.798908149,11.58443258,4.560942087,9.424973961,6.237875817,43.00205059
340001,18.36641052,43.67909515,6.611832753,46.97780393,385.48316,1121.848743,5.934941799,36.69306235,1288.203262,3566.795814,6.365794941,42.46124702,1.58898E+11,3.4169E+11,6.410920252,45.30554906,42.12532219,53.2049106,3.56305634,16.90380625,4.671797409,9.799748002,6.419026214,45.9679421
340501,18.66519427,45.05466861,6.504274769,45.30174358,275.2800024,493.9648877,4.336449661,20.54801006,1119.206138,2279.281065,5.496538203,34.16751401,1.97199E+11,4.9582E+11,5.582427122,32.67729873,22.70309212,26.79174072,2.438068247,7.135814394,5.283575787,13.54984453,6.635706615,46.69958398
341001,18.05846428,41.75841741,6.558594059,46.41333907,272.6312503,561.743458,5.313022583,31.73636312,1033.865809,1892.555532,4.844332509,25.59657586,1.46666E+11,2.69513E+11,5.870095698,38.71993486,14.5050902,26.25604671,4.638392865,25.2002797,6.074245367,15.86759087,6.195408614,40.63043984
341501,17.92108362,40.5070986,6.551888101,46.61254302,259.8557208,526.685956,4.961260438,27.18035816,944.3071975,1864.643441,6.170321935,42.74079298,1.48674E+11,2.28415E+11,4.520890761,23.41652003,12.75130867,28.00227926,4.671610119,22.18042519,5.364152832,12.41792199,6.617327428,47.42581867
342001,17.91806932,41.51360129,6.575771729,46.69338078,229.527939,489.209025,6.296081067,43.66733935,928.270287,2060.926139,6.462756093,45.62040689,1.54676E+11,2.62052E+11,5.73702675,39.24435598,8.711949117,13.00070629,4.915126312,29.0500156,5.732942599,13.29650564,6.495013953,46.15094315
342501,18.29199637,44.04683323,6.593793989,46.58335142,233.0180227,457.2634163,6.120350869,41.93491402,964.738909,2370.440808,6.584187684,46.28523603,1.85603E+11,4.22858E+11,6.284732233,42.53455798,11.26960031,15.81478706,4.922341132,29.93622048,6.12966148,15.74397899,6.430639583,43.81677545
343001,18.51504924,43.92838149,6.466904124,44.88088836,254.3410293,491.236015,5.89006093,39.67986167,1016.464602,2384.667765,6.218444745,41.71191181,2.04966E+11,4.58624E+11,5.269456067,29.22741294,17.83321511,27.25401109,5.593494253,35.81669723,5.741771846,14.49624491,6.642004233,47.01033046
343501,17.81011979,39.89121926,6.532624676,46.44564217,286.8088855,649.1840708,6.287384956,42.68440886,922.8998089,1902.523493,6.380961286,45.27600484,1.63575E+11,2.33687E+11,4.879830291,30.16833325,19.56776738,28.35441549,4.912535387,28.81145069,5.867176625,14.5318546,6.551277007,45.76566387
344001,17.82471473,40.02410661,6.549998867,46.61180425,287.4278304,679.4261321,6.569158404,46.45858345,926.4120229,1927.187895,6.418720576,45.78215865,1.68118E+11,2.22441E+11,4.427572716,26.00629388,15.99731628,23.82409571,5.391021262,35.28362349,5.646440172,12.33296357,6.287438154,43.267036
344501,18.14986138,42.02003957,6.540808262,46.14569469,315.2976079,780.1849368,6.561757603,45.979204,973.0381211,2233.391329,6.478777737,45.28616893,1.75252E+11,2.87826E+11,5.533168015,36.78620204,13.34144666,23.65955174,5.489018112,33.97769812,5.576259122,11.41078834,6.07648438,41.82442046
345001,18.19252741,42.37253293,6.537910503,46.05422147,324.9209522,788.039728,6.317467148,42.81344732,968.6602061,2227.040957,6.459939979,45.06342742,1.85363E+11,3.54968E+11,5.260762452,31.85128856,13.12007731,17.88112849,4.665117097,27.88886081,5.600671599,12.96484131,6.374915408,43.75980449
345501,18.23472374,42.43989756,6.614740757,47.2529125,309.6078591,709.9359103,6.492955997,46.19247391,977.3822893,2211.08439,6.552783579,46.93031732,2.08301E+11,4.30986E+11,5.265523624,32.90446591,15.92041262,21.63794403,5.510174877,37.24508295,5.449698512,12.52982795,6.641450958,48.00036328
346001,18.90499186,46.33126251,6.597466917,46.49947525,315.5070389,767.1132923,6.470034507,44.78331995,1035.666065,2579.374821,6.560017979,45.85026062,2.70437E+11,8.17487E+11,6.046549133,38.36785753,16.70363083,28.74801101,5.443265844,32.38620947,6.093544736,15.73213369,6.534366322,45.48972165
346501,19.17515536,46.46380745,6.492866244,45.05146177,301.2616136,702.748258,6.590509737,46.85234004,1053.158355,2563.89575,6.454846174,44.42264159,3.01202E+11,8.05215E+11,4.787006381,23.85410457,10.76827367,17.18526835,5.924420402,41.25388167,6.405172373,16.01059365,5.972122366,38.44016483
347001,18.43207209,42.23340909,6.576924803,46.86661785,310.6972418,724.8015282,6.534048103,46.31055579,994.0842843,2215.051847,6.568305971,47.07190819,1.95683E+11,3.42827E+11,4.607150871,25.51926007,9.396756254,18.33511629,6.101231538,42.25653419,5.666180452,12.47098745,6.304449498,44.13966277
347501,18.4837204,42.69061698,6.574830459,46.71336891,317.4309617,772.4833106,6.484331189,44.98049838,1024.462551,2334.32217,6.541099328,46.50773928,1.97062E+11,3.92652E+11,4.678011435,23.71067101,9.791985012,22.56189095,6.118027972,40.16806303,5.319387479,12.08419324,6.56499244,46.60630018
348001,18.6172225,44.14289596,6.574661883,46.42435647,303.9793817,715.2214946,6.478384429,45.16766317,1058.250463,2528.081246,6.508655885,45.42728071,2.10939E+11,5.3265E+11,5.810770914,37.01442894,8.437980188,17.50991395,6.278941923,43.31233779,5.246782877,11.90762184,6.559952875,46.65319387
348501,18.64760767,44.40510256,6.548643804,46.04617838,288.9729143,634.5700395,6.53549768,46.61806804,1043.679894,2452.390527,6.498769934,45.37133164,2.13385E+11,6.09917E+11,5.915637977,36.83235297,7.911950373,13.73613676,5.756963325,39.22660519,5.308081071,12.61731059,6.608403647,47.10180308
349001,18.38417529,42.76432986,6.554430878,46.27494407,292.1886012,648.9783095,6.553702649,46.8064568,1011.842892,2225.477653,6.547204549,46.69844382,1.65751E+11,3.7246E+11,5.781954543,36.49857332,9.247978558,16.45019047,5.751153346,38.80595321,5.461781268,13.95863339,6.498133447,44.7239712
349501,18.28346572,41.50672636,6.55356616,46.57052079,299.5280151,698.0731162,6.446891794,44.76032957,1038.805702,2294.557792,6.49340226,46.15478951,1.45132E+11,2.23178E+11,4.249033448,21.82490391,16.29736193,22.90942094,5.780853692,38.04910021,5.27603097,11.86400842,6.307487166,43.2393914
350001,18.39986725,42.34848068,6.550548142,46.37935857,292.2413444,659.5093688,6.537260289,46.29689615,1058.50297,2509.850184,6.573936025,46.46195451,1.42939E+11,2.07655E+11,4.364694051,24.63278598,26.28935678,26.33379889,5.644379423,38.67267573,4.909318152,9.636529848,6.09997392,42.39092598
350501,18.52357497,43.62567822,6.594809891,46.76273287,295.7155022,662.8803592,6.522147118,46.24647554,1086.297633,2689.627874,6.584399419,46.19845213,1.48123E+11,2.72112E+11,5.888290556,40.37019807,27.85057492,31.12753282,5.374955204,33.0842313,4.929482418,10.72123997,6.54563745,47.22297197
351001,18.73086996,44.92014292,6.567097956,46.24529027,298.3394077,677.4070723,6.471020262,45.29167143,1079.124647,2617.224074,6.572974658,46.27095859,1.742E+11,3.80394E+11,5.832687628,36.90400454,15.90963636,20.6785576,5.583613439,38.22529776,5.518187118,13.59124408,6.206950643,40.94175519
351501,18.65536644,44.61176054,6.591963328,46.6057879,294.7039356,649.7736392,6.554313535,46.90803683,1090.543025,2589.703697,6.548624312,46.14565148,1.79367E+11,3.69529E+11,6.270552907,44.08360964,11.18917425,20.59597671,5.785175272,38.54253872,4.835208953,10.34875877,6.471277559,46.20763045
352001,18.62007452,44.28732358,6.591381043,46.66058491,313.1001623,741.2956767,6.60675032,47.07757697,1068.021445,2472.160866,6.488778987,45.45800409,2.30503E+11,5.97485E+11,6.647659807,46.44364577,9.603284912,18.25125925,6.126886407,42.55930084,5.346008783,11.88583174,6.042598512,40.72495558
352501,18.63005028,44.16045631,6.56064939,46.22917607,341.2169126,830.246337,6.308373599,42.62882692,1050.674508,2330.382043,6.454333043,45.5146082,2.91084E+11,8.08651E+11,5.763959025,34.63223125,10.56138728,19.81569575,6.040264822,41.77789371,5.793407627,14.46181216,6.085784844,39.7498076
353001,18.31089153,42.33951352,6.545368309,46.2222441,324.0638627,743.3054506,6.516436315,46.02043682,1009.113005,2264.549076,6.550336286,46.59881633,2.06634E+11,4.71594E+11,6.248247254,41.90167222,11.29123225,24.88107569,6.306553723,43.08333882,5.243919705,12.74314322,6.577337505,46.32347916
353501,18.19256604,41.50169811,6.568219538,46.79350179,327.3361706,720.469607,6.493124186,45.98747182,1026.558606,2393.359008,6.575536637,46.76371836,1.79741E+11,3.50282E+11,5.267302224,30.65559726,10.99235095,24.47908562,6.127683995,40.45617473,4.990794933,11.45360437,6.509533266,45.75431972
354001,18.34999685,43.44346813,6.569158847,46.37212514,333.6456032,722.7969034,6.422252955,45.10668704,1052.204795,2554.793906,6.467324461,44.6977737,1.92195E+11,4.54011E+11,6.48474732,45.95558628,8.840659217,17.25393357,6.258117329,43.97456606,4.966538929,10.84988539,6.49476237,46.50281487
354501,18.3615447,43.60735832,6.543833314,45.94028824,333.2609833,751.1707114,6.626291269,47.82490253,1004.179638,2297.001118,6.503418092,45.6064147,2.47908E+11,6.28156E+11,5.132301404,27.20138967,8.639188309,15.78963269,5.855035401,40.02141374,5.161244698,12.27519582,6.494380601,45.25000529
355001,18.09346353,41.54368935,6.556484907,46.45968962,363.7790869,917.6813677,6.535854759,45.34549706,980.5743498,2048.7722,6.456587548,46.05603665,1.67588E+11,2.49946E+11,4.362423653,23.28307685,8.823068313,18.97735281,6.517610665,46.54760303,5.180047379,11.72016069,6.402193968,44.3359853
355501,18.12847016,41.13923811,6.537727934,46.34898513,375.5094729,901.9004006,6.406628316,44.15211047,1005.741695,2130.18297,6.424904895,45.44149944,1.8085E+11,3.35434E+11,5.060144076,27.62929291,9.867891002,23.25024349,6.3382496,43.07800286,5.036142173,10.52898544,6.408092621,45.67301086
356001,18.146431,42.03191121,6.588802476,46.81436449,372.8446669,838.1994657,6.436811238,45.41283687,1014.268273,2264.797899,6.557653198,46.58343289,2.29802E+11,5.61702E+11,5.980731495,38.4742868,9.502805306,21.50385696,6.564450744,46.46527856,5.281242326,11.85443567,6.550823439,46.74259634
356501,18.4833287,43.6167298,6.608659098,46.73587081,513.1021152,879.1683014,6.570879815,47.09323962,1336.948754,2450.16888,6.453572962,45.46409803,4.23585E+11,6.41073E+11,5.722385449,35.6015179,16.25569423,22.41196783,6.278710106,44.26776922,6.95970736,13.74140617,6.551930195,45.97038762
357001,20.56103216,43.81342088,6.623648379,46.85679555,974.1090019,1058.836758,5.381555769,35.02062612,2317.00228,2649.412802,5.14479887,32.52778928,8.26229E+11,5.45849E+11,2.929534218,15.01632016,34.15030241,25.34113404,3.596528474,19.62731589,12.05419088,14.77426677,6.034850689,41.37424401
357501,22.57411757,46.15671684,6.654834004,47.28650681,1224.419768,1144.140354,4.46658419,26.01708923,2833.649141,2835.704299,4.453519321,26.34752458,1.06702E+12,6.59099E+11,2.396718353,10.66418887,41.10138266,24.22132213,1.810056308,6.887342426,15.05763201,16.11970431,5.440312275,35.63717243
358001,17.18603127,37.240274,6.955248476,51.55738106,847.9321967,778.9868006,4.362505761,26.12137331,2043.552245,2229.085222,5.109327416,33.31389431,7.66595E+11,5.40819E+11,3.411769562,18.55096195,28.09421135,17.52122126,2.127141189,8.965020682,10.90634936,12.27463392,5.769073433,39.95349318
358501,12.57341827,9.180101855,2.977418369,13.19438072,873.5862076,484.7682382,0.728635762,-0.21273264,1348.882567,697.2722507,0.705432782,0.141235017,8.94451E+11,4.32368E+11,0.724440083,0.650023099,21.25781061,13.46715815,0.794207363,0.002945486,8.344119905,4.662427212,0.657739614,0.150069487
359001,22.98256187,40.06330775,6.23018783,41.37539547,1473.876938,926.1658938,1.637553548,4.480963946,2307.328103,2126.433991,4.547377872,26.47454785,1.45965E+12,7.94532E+11,1.295134363,2.523527898,35.61675418,23.94521199,1.449533736,3.082727867,14.82088766,14.13419592,4.635510793,28.01180009
359501,24.14671526,50.25897529,6.009504682,38.23144804,1381.169976,1172.146446,3.383534738,15.87653506,2085.007403,2397.922149,5.017128323,30.08787371,1.26705E+12,8.30986E+11,2.176553464,7.433981565,31.20077013,22.15643593,2.131431069,7.611531843,14.53701813,18.76224525,5.378149271,32.79167873
360001,19.39696925,43.50742745,6.569600585,46.68367173,720.0345367,941.8434327,5.781347191,38.10440037,1233.551808,1994.562179,5.844724646,39.53338201,6.58404E+11,8.13404E+11,5.474526257,35.54433942,14.94477456,12.48586903,3.749316451,21.56640677,8.820096707,16.2728644,6.393446357,44.220574
360501,18.9446365,45.3853179,6.552613356,46.01606869,396.8026047,845.4525039,6.497974793,46.28372727,961.3821958,2216.878875,6.543186332,46.16082984,3.77755E+11,8.86861E+11,5.888260249,37.57497273,7.104376048,11.24479167,5.892029178,40.7534108,6.495977208,14.88208685,6.604161064,47.00369382
361001,18.88729899,44.2627445,6.553845281,46.22118052,392.928435,929.2552642,6.605769655,46.84075639,984.6676997,2373.213616,6.530102787,45.63968248,3.1755E+11,6.48396E+11,6.15717223,41.95911248,7.449090912,12.71032044,5.921088485,41.19182776,6.505233835,14.63391494,6.516644649,46.16786233
361501,18.76278405,42.90840244,6.555837066,46.51822689,420.3529229,1041.82754,6.529020169,45.25518017,984.5911733,2305.000443,6.580809229,46.64697057,3.05102E+11,4.7832E+11,5.37144941,35.61805119,10.16340305,20.49947814,6.549218568,46.67243057,6.552439046,14.71164702,6.435100334,44.85879913
362001,18.93921501,43.60335512,6.562527831,46.5495194,422.9194123,947.6245092,6.129480129,40.4515851,1028.827948,2391.241759,6.53311688,46.10501439,3.36959E+11,5.70025E+11,5.282212794,33.3679121,15.82872526,32.47840657,5.704531453,35.02494253,6.374624747,13.36082844,6.466310149,46.09566817
362501,19.15358887,44.95687938,6.553929864,46.21761526,356.7513661,660.7908048,5.956011342,41.2352946,1040.627867,2395.521133,6.478349002,45.34649389,3.89026E+11,8.06245E+11,6.005489736,40.3872509,15.02984639,21.00827437,5.155941412,32.65448921,6.76030938,14.80119566,6.452433718,45.93861207
363001,19.18502267,44.91841521,6.557840135,46.30991969,379.0085873,846.9396356,6.139607078,41.97690886,1049.506943,2372.505342,6.537007024,46.6633081,4.09537E+11,8.85911E+11,6.020040906,39.79250314,16.44032968,22.80086739,4.112471025,21.37053439,7.339479466,18.03194615,6.425413125,44.01861934
363501,19.26762472,45.11072553,6.600747344,46.93011099,446.5212739,1147.616206,5.76695266,35.45307251,1089.362102,2749.170321,6.697996313,47.7359617,4.31179E+11,8.93269E+11,5.95711028,40.24907422,18.26248945,30.41180566,5.123897933,30.12776829,7.112869666,17.17829957,6.532883713,45.65102734
364001,19.57337558,46.81991299,6.57172524,46.33046111,366.7060586,863.5556819,6.557327978,46.39737784,1177.325643,3140.681551,6.496281477,44.53893535,5.31757E+11,1.47759E+12,6.772569274,48.06666676,15.0822571,20.22361385,4.420876484,24.91725731,7.016109587,16.02477596,6.613379592,47.62249047
364501,19.54785378,46.80685293,6.582384338,46.46523604,359.7438256,795.1875421,6.418644068,44.99627584,1109.679914,2892.15108,6.581883021,45.79608891,7.44362E+11,2.27576E+12,5.879413665,35.84051106,11.74622359,15.039251,3.570125062,16.32830039,7.461598831,18.75593375,6.643206708,47.06397966
365001,19.56264842,46.55664682,6.587591963,46.591381,339.2582249,724.4003891,6.491376585,46.41222102,1048.541193,2521.63039,6.63623102,47.21566706,6.20834E+11,1.74551E+12,6.152870656,39.41114379,10.10951723,13.49909167,4.06077345,21.31526648,8.039515947,19.94974276,6.214206656,41.35778895
365501,19.425584,45.65223841,6.552499011,46.19256371,356.0573721,817.646816,6.466286339,45.65997432,1009.674019,2330.441209,6.529250517,46.12540113,4.86014E+11,8.85128E+11,5.38714292,34.51032647,10.38725077,17.13942706,5.659540005,36.83928983,7.326546298,16.42694248,6.476921404,45.73836237
366001,19.31270142,44.83790887,6.582547158,46.80469157,369.4400712,897.2139129,6.225231679,41.57226476,978.6245787,2270.579615,6.607402241,47.24390426,5.46147E+11,1.09047E+12,5.101821201,29.08688096,9.9018826,16.29643457,5.642447539,36.54143132,7.136874765,15.21060975,6.440446847,45.49311679
366501,19.34156416,45.71114506,6.552882049,46.14313023,338.1399377,780.1482501,6.55653406,46.57874696,965.6793251,2317.903346,6.471251216,44.88519117,6.12826E+11,1.28504E+12,4.643071377,22.64187996,9.786080231,15.69016062,5.735077037,38.97595094,7.088644553,14.56377118,6.365221112,44.93578662
367001,19.20246668,45.0583872,6.581474766,46.61944366,327.2351039,723.4690211,6.390340296,44.411741,914.5912314,2136.370125,6.632228624,47.39247859,5.09923E+11,9.18483E+11,4.871793857,26.04360203,9.999988676,18.97916334,5.824268268,37.29145141,7.198051438,15.43205139,6.505862243,46.73960229
367501,19.18572122,44.65614005,6.532099192,45.97531356,321.9035984,680.0504826,6.378993481,45.4544613,906.249446,2079.995785,6.397366128,44.13147059,5.3766E+11,1.18048E+12,6.467090307,46.00315893,8.70283466,12.98855975,5.916265201,41.48031136,7.772899661,19.60094595,6.654556009,47.0825215
368001,18.953852,43.16081907,6.570316621,46.74151597,339.0664226,850.0794162,6.586514564,46.19650917,852.2648559,1756.562177,6.44880021,46.1026476,7.2252E+11,1.93827E+12,5.838189004,36.18820619,10.4325612,16.00206218,5.521393963,35.97590182,8.563805387,22.637446,6.441531078,43.88995791
368501,19.2176607,44.4745576,6.557540996,46.45624733,356.2746369,885.6691593,6.258768783,41.78707893,875.2333707,1833.929367,6.342634301,44.60611305,6.71359E+11,1.78379E+12,6.506285122,44.77805984,12.24081935,24.32835282,5.736739988,35.25255049,8.141108882,20.84082357,6.597693466,46.230016
369001,19.29753296,45.82775303,6.567634583,46.29189271,321.5065079,730.6230294,6.512995105,46.11478981,861.1190094,1921.247775,6.491846581,45.78122735,6.60123E+11,1.69938E+12,6.656381879,47.03098971,9.068348499,16.31603432,6.041782052,41.18615191,7.952562393,19.74263066,6.654416552,47.25805085
369501,19.31186985,45.67885505,6.573822284,46.46265062,307.6635027,659.8003401,6.336060338,44.07094214,889.5788277,2062.52943,6.572856157,46.71773591,7.00993E+11,1.57329E+12,6.130129339,40.74094604,8.101304008,14.6795055,5.650296048,37.16817838,7.834402942,18.37956605,6.410156258,44.16481598
370001,19.33767178,45.62632851,6.572551598,46.44709705,297.982465,599.2025435,6.278488537,44.39952965,926.7860363,2220.815816,6.43748591,44.33627483,6.72755E+11,1.20469E+12,5.880670369,40.61562954,7.502569767,15.69317634,6.344892095,43.8572651,7.336136305,15.83490003,6.470869721,46.29436925
370501,19.247983,44.87694221,6.552509704,46.24449678,301.714482,663.7950598,6.468719191,45.79267588,882.4326257,1987.844003,6.546876354,46.49767251,7.80695E+11,1.31076E+12,5.656892667,38.06538719,7.168050585,14.93548165,6.353579501,44.15797163,7.423141891,17.31208878,6.552346291,46.30604219
371001,19.18665265,44.25656134,6.588548099,46.91858231,309.8335111,726.1091272,6.479883134,45.23277608,902.4692693,2036.195997,6.582096938,47.30951239,8.76796E+11,1.67447E+12,6.153125881,42.87610492,6.606235343,13.35229096,6.30449043,43.85654296,7.49629621,17.80696917,6.492288988,45.25014784
371501,19.46066632,46.00308431,6.554962687,46.17006351,319.5592338,772.0898742,6.624298659,47.09399839,952.7745237,2372.478694,6.500567259,44.96788111,9.86573E+11,2.2711E+12,5.823937453,36.37194616,6.150820311,12.22829659,6.384642481,45.63739508,7.322682931,16.96710416,6.518620664,45.87548094
372001,19.30729174,45.36554296,6.573755485,46.50073037,341.5389919,814.2963369,6.237929887,41.65961357,930.6779095,2218.466752,6.567041081,46.35796603,8.1847E+11,1.41919E+12,5.305125669,33.57048186,6.347319753,14.6159509,6.591066683,46.81856229,7.118646676,15.775608,6.482692833,45.70237247
372501,19.56764349,46.01554392,6.57878106,46.62825853,312.4661002,629.6300898,6.361255259,45.09804656,969.9932888,2282.799424,6.5186621,46.01835568,8.93991E+11,1.82387E+12,5.130698105,28.97675972,6.811678006,15.88275227,6.01556474,39.07125689,7.13373019,15.38546716,6.470198698,46.08071609
373001,19.60288043,46.4198382,6.519378417,45.63378706,317.6403963,610.7980931,6.168287529,43.33719146,985.0767565,2268.235304,6.269918639,42.50785208,9.90851E+11,2.26672E+12,4.964054374,25.87451674,5.866194037,11.941778,6.323959438,44.95562519,7.23290758,16.62924278,6.555256753,46.42955718
373501,19.23623843,44.17021668,6.572167991,46.74633962,326.3405285,737.1215676,6.637223243,47.80149623,913.2656037,1944.655508,6.409404467,45.64208177,8.15895E+11,1.61587E+12,5.412012148,33.02411418,6.17233523,13.26202533,6.262745539,43.5953696,7.43668362,18.08061722,6.63259068,47.10842494
374001,19.35109978,45.12238199,6.58112452,46.69254036,366.1180455,951.1266236,6.410933444,43.4078702,927.8133786,2173.080431,6.614951555,47.26140745,9.07128E+11,2.08521E+12,6.67098747,48.32538106,6.544541992,14.98899259,6.361512704,44.24981082,7.772703549,19.76949616,6.538967857,45.39401076
374501,19.51988459,46.4392947,6.573665382,46.37963093,346.2258445,874.7786301,6.505351743,44.87917457,991.1216526,2505.055877,6.521736941,45.18499588,1.24288E+12,3.46702E+12,6.199041527,40.06080624,7.230091716,18.40027309,6.519441256,45.35782223,7.576376712,18.06483511,6.496545336,45.25421228
375001,19.5388358,46.47371118,6.556897893,46.17643292,324.5468274,750.5387303,6.592628296,47.22273927,971.5813851,2393.602103,6.457970217,44.52026928,1.1674E+12,3.14292E+12,5.71058177,33.90910337,7.746665889,17.87643043,5.370801972,30.95509034,7.361082063,16.39431732,6.496837399,46.30919177
375501,19.25780071,45.06654121,6.57202104,46.50642722,327.7422992,786.2812383,6.6366522,47.3542666,897.9350722,2023.57027,6.544231532,46.57439161,7.04539E+11,1.42455E+12,6.372218468,45.03939718,6.526845188,13.23218793,5.392201585,31.95857432,7.338579111,17.27247841,6.598651559,46.9132954
376001,19.27934255,45.02022253,6.596526341,46.92293975,340.3382297,879.8030681,6.562012822,45.58193045,896.6860914,2037.77742,6.59849396,47.45537664,6.6792E+11,1.26805E+12,5.44351713,33.59860612,6.286457767,14.73258685,6.434282207,44.31846464,7.585901444,19.20200562,6.659229791,47.1579884
376501,19.35643267,45.93041978,6.530635252,45.79843347,323.8080481,785.5175941,6.100595855,39.56726438,931.7224141,2273.779106,6.407300255,43.82508875,6.72506E+11,1.43206E+12,5.844555305,37.15268546,6.187969765,13.71033602,6.221596361,42.03805005,7.889023003,19.39125576,6.241973581,41.44346591
377001,19.085997,44.48667196,6.596068695,46.89236375,278.2895331,508.1305967,5.873582561,40.2178729,872.7842738,2021.863736,6.592243717,46.85565872,5.94334E+11,1.0699E+12,5.830904244,39.23930462,5.58566307,10.74073683,6.186866065,43.57731711,6.918819959,14.3061232,6.428559574,46.14040118
377501,19.14213124,44.86857524,6.545474931,46.14368775,289.5118319,541.6843964,5.978159363,40.86282227,867.4133412,1952.172755,6.488643039,45.81625273,5.42751E+11,9.57937E+11,5.441680869,34.33048924,5.888078232,12.13803977,6.412479771,45.89252811,7.275492413,15.68198065,6.312089422,44.17613419
378001,18.94175812,44.174562,6.578999001,46.65084887,275.6305549,543.8145213,6.044782863,40.99320106,845.3823811,1935.305631,6.567914835,46.67594657,4.56156E+11,7.75785E+11,5.625088693,37.79664695,6.640099052,16.32421537,6.279825118,41.72784269,7.460783228,17.07247733,6.325165512,43.45694405
378501,19.10907827,44.84738405,6.561287069,46.34875567,259.2125122,522.3266849,6.186647269,43.09655499,860.4843237,2008.872177,6.525735249,45.84979375,4.75158E+11,1.04126E+12,6.375773844,44.43861363,6.051108496,13.43248665,6.218594018,42.29550094,7.377290408,16.91808969,6.496622767,45.71794503
379001,19.01558593,44.08608837,6.506413636,45.64016645,252.3709926,534.7140548,6.287466101,43.6002833,850.9780856,1879.123345,6.348078595,43.80891215,5.29774E+11,1.16421E+12,5.054010442,27.1820291,5.728662396,11.37940986,5.946751703,40.64639036,7.332829432,16.26492393,6.358231297,43.90001677
379501,18.72397408,41.9857974,6.547748155,46.65789683,248.6750855,506.4344837,6.305127847,44.42121862,812.7705518,1663.067354,6.332102022,44.98217542,4.20282E+11,6.75362E+11,4.935861826,29.22168195,5.523777412,11.86313237,6.44868446,45.74194432,6.972671222,14.26717955,6.322912947,44.92019975
380001,19.00858028,44.30062394,6.597485958,46.95185238,267.8074143,590.8102624,6.513016631,46.72041069,847.0714205,1951.064011,6.598117655,47.14848551,4.14595E+11,7.15675E+11,5.718081469,38.54222826,5.741252881,13.10265172,6.443097149,45.01941322,7.47715619,17.95916102,6.632696173,47.78066662
380501,19.45543693,47.13478601,6.532890185,45.68419645,315.1637556,787.1956605,6.135338377,40.03973906,921.8469146,2262.527257,6.323634881,42.77408836,4.57656E+11,9.40271E+11,6.203285467,42.65590595,5.800325256,13.42608114,6.443467177,44.85981154,9.026833403,25.59222346,6.168410265,39.80777004
381001,19.24442574,46.11349348,6.585781805,46.50857455,275.4856711,594.9663775,6.35595701,44.19078004,862.0556313,2066.973628,6.618641012,47.03063818,4.96972E+11,1.12566E+12,6.363395639,43.90149831,5.605861985,12.43675534,6.482549124,45.63898741,7.841966993,20.09290964,6.455305411,44.17929434
381501,19.11897471,44.96589494,6.563570963,46.33155581,289.6963994,571.3909127,5.741414776,37.64478616,860.5815602,2045.953263,6.561866548,46.19851832,5.38486E+11,1.16287E+12,6.079968922,40.45410178,5.701634872,12.42321253,6.556279145,47.37320313,7.16785061,15.60655643,6.354317496,44.72275631
382001,18.88282596,43.39617271,6.569262994,46.64812792,317.5853497,745.5034314,6.452529981,44.90899735,841.2649245,1915.325432,6.5490484,46.45277564,4.82032E+11,8.93768E+11,6.170370071,43.52110955,6.334783393,16.05197939,6.539801069,45.35382459,6.869438065,15.07425305,6.545635266,46.94566154
382501,19.02923017,44.31714431,6.58408057,46.76746454,340.377798,808.4272904,6.086015876,39.78501553,858.0129105,1972.229165,6.557182775,46.66191389,5.20208E+11,1.09235E+12,6.013932706,40.74617657,6.578600925,15.48545592,5.997124301,38.85180835,6.961305889,16.34139842,6.477547068,45.10546475
383001,19.1044529,45.27445231,6.525446327,45.74038542,308.160346,648.7689318,6.304599596,44.62166548,871.8130291,2027.313738,6.394980558,44.03799952,5.96087E+11,1.50571E+12,5.976760229,37.98029078,5.781188158,11.70410605,6.057975685,41.64856824,6.676372101,14.94783705,6.437129658,45.17686839
383501,18.93517006,44.2481639,6.591460999,46.86603205,326.7441921,761.1127291,6.519581778,46.19386958,845.2260344,1906.878159,6.556178735,46.99865999,5.40553E+11,1.36718E+12,6.664946446,47.53733864,5.819304171,12.97120965,6.573186708,47.23834633,6.721198895,14.83017982,6.381898617,44.99891725
384001,19.06980618,45.10858035,6.532850786,45.85732345,348.1016129,894.9519024,6.47612536,44.5483291,879.6305244,2121.17927,6.453320091,44.55002446,5.79433E+11,1.47839E+12,6.166321828,40.38224079,6.307681077,15.87170377,6.455385335,44.18341769,6.691789675,16.13754052,6.520061916,45.5056245
384501,18.71445339,43.07368118,6.555895082,46.39617912,343.1057246,887.2330278,6.512242812,44.90985211,837.4051376,1865.475222,6.474185494,45.52909339,4.67512E+11,9.7263E+11,6.237111296,43.22971937,6.102097558,14.42057027,6.473067655,44.98873164,6.529568818,15.47415491,6.480762427,45.09374141
385001,18.73020974,42.63868042,6.563971605,46.75080245,323.7215054,721.5930629,6.413753253,44.75844283,853.2486535,1835.117239,6.332815229,44.62866209,4.60491E+11,8.79077E+11,5.539563478,35.21884171,5.979296365,13.05120475,6.426439305,45.36202702,6.227802285,13.59295128,6.51074592,46.30013263
385501,18.9762342,44.99354576,6.578291921,46.48435169,323.0954365,658.1668466,6.087883741,41.94354953,880.8371956,2146.197856,6.544825116,45.78992631,4.61499E+11,1.06772E+12,6.501473441,45.74092935,5.844089031,12.59130277,6.480100806,46.04104421,6.266180908,13.522173,6.473957425,46.08776571
386001,19.10456786,45.77380531,6.543616448,45.90312067,323.4793248,742.3077961,6.593435743,47.01558165,891.3191736,2211.299421,6.498896417,45.01393098,4.95933E+11,1.24363E+12,6.368132607,43.28550554,6.190227372,14.08347783,6.527805857,46.6396537,6.32823125,14.49340106,6.51740026,45.94005358
386501,18.81444714,44.04857408,6.579470947,46.63990117,341.6533838,885.8569522,6.58641795,46.05987345,851.838743,2005.70081,6.586722594,46.72354086,4.6882E+11,1.09311E+12,6.324141041,43.26643963,6.796993289,16.90908846,6.317066737,42.45815815,6.399360885,15.29932844,6.604494363,46.91795329
387001,18.90353811,44.03582049,6.562828431,46.42628068,354.2681949,922.4509339,6.357676442,42.76718025,855.3544446,1962.43818,6.529140262,46.15565532,4.44298E+11,9.18554E+11,6.251807253,43.60682967,6.331236857,14.47235924,6.493151852,45.97059316,6.608800968,16.51302695,6.508024895,45.07999736
387501,18.7928057,43.59439581,6.559384466,46.40848096,315.8425947,716.2703257,6.45845397,45.35877865,843.5110324,1913.635945,6.539103644,46.38805743,4.32822E+11,8.75684E+11,6.418823652,46.09235865,6.870515204,15.65437064,6.287461734,43.41848219,6.45316037,14.7488042,6.449265026,45.07795288
388001,18.94268897,43.94494915,6.55457014,46.37711529,306.0697722,631.2111697,6.254506778,43.97329457,863.416913,1983.968903,6.504548928,45.86018923,4.62604E+11,1.06605E+12,6.403057812,44.73425759,7.098856582,14.48335573,5.791025469,37.44034161,6.42104342,13.66699043,6.331731295,44.44250322
388501,18.78710858,44.33194011,6.586559988,46.6363746,297.4503907,663.5968045,6.523351923,46.41875372,851.0227099,2014.832319,6.56154572,46.30019157,4.92583E+11,1.22339E+12,6.324544312,43.0684203,6.944961234,12.84743723,5.765286511,38.05728444,6.274786345,13.83111031,6.54349588,46.7026088
389001,19.00353287,45.02494177,6.556059408,46.19363091,305.9078761,726.6346349,6.463684311,44.92379486,867.7712656,2048.357915,6.499984981,45.41482325,4.96634E+11,1.25895E+12,6.301675625,42.26459162,7.00882174,14.68067094,6.24964786,42.26274543,6.525931674,15.19281332,6.523179428,45.90232377
389501,18.79463902,44.04875522,6.552419814,46.20238444,301.7239314,684.9809325,6.378943643,44.08313104,840.9286534,1873.389291,6.435886548,45.06693561,4.56448E+11,9.48001E+11,5.540990225,34.78873975,6.253899229,13.03163561,6.542011403,46.52536481,6.506930113,15.809504,6.602206733,46.70459159
390001,18.69250971,42.66169011,6.5269581,46.11545247,291.3000669,599.2064812,6.333345755,44.66627678,832.5177315,1741.101343,6.333002437,44.49332799,3.96207E+11,6.48009E+11,4.850163713,29.06167775,6.171040719,13.36887875,6.450626371,45.37528501,6.715740441,16.68277577,6.559258857,45.89894658
390501,18.44879255,41.96930572,6.580597134,46.88376527,291.0296706,596.190182,6.380486133,45.49685846,814.6271053,1764.664912,6.569318753,47.25874699,3.78954E+11,6.09828E+11,4.614218052,25.57156502,6.094494132,12.70362702,6.201717776,42.49627549,6.472040613,15.78380095,6.547493351,45.8217042
391001,18.77957513,43.88696344,6.56482889,46.45224254,305.4518836,721.0210116,6.568433919,46.48733263,867.654248,2057.971138,6.534785052,45.86447684,3.97657E+11,8.20682E+11,6.257794929,43.48924831,5.870044332,12.11804122,6.163273606,42.68182703,6.331894283,14.75283221,6.552430792,46.44927124
391501,18.89794045,45.09990604,6.56012613,46.1694972,326.1006538,777.7959948,6.14309283,40.65278647,888.0527465,2128.652184,6.475434237,45.02614806,4.66075E+11,1.091E+12,6.075317449,40.28914983,5.931971102,13.2297526,6.384459606,44.33605264,6.140529446,14.14588771,6.466066262,45.10976941
392001,18.82396273,44.43503261,6.567921667,46.40403265,302.5764079,681.0652763,6.430252875,45.43736507,879.5745696,2048.603706,6.534483661,46.2511937,4.76519E+11,1.17821E+12,6.375805466,43.62066104,5.903200411,12.79904755,6.433001761,45.23155026,5.889950233,12.78232658,6.488386375,46.04106099
392501,18.83235257,44.41652625,6.594549919,46.75019509,302.0250711,686.6107357,6.405987813,44.5593902,880.514229,2161.10621,6.653366846,47.23126572,4.66856E+11,1.13115E+12,6.348530325,43.38061286,6.362401886,13.66866526,6.541374961,46.81293634,5.73419068,12.22389439,6.46846008,45.95092402
393001,18.82164007,43.97286574,6.50972784,45.64281083,302.9494242,701.7248319,6.533639395,46.51922724,908.3065832,2126.902432,6.297980337,42.68298095,4.40443E+11,9.59965E+11,6.15016934,41.41698661,6.861253411,16.09968285,6.366167625,43.22984901,5.849419039,13.11491019,6.559316944,46.9544455
393501,18.54068862,42.11240125,6.571553228,46.86098903,317.7357656,772.9969355,6.381506815,43.65305543,833.2198737,1771.774215,6.418347468,45.7643762,3.97681E+11,7.15075E+11,5.982300171,41.71178916,6.014139561,14.16423472,6.586908181,46.50652811,6.169210402,14.9753453,6.440267505,44.29129044
394001,18.78099934,43.96388522,6.571711305,46.52020678,305.0289352,731.1739151,6.629087684,47.23542389,852.0786745,1947.143029,6.560114696,46.73467645,4.21671E+11,8.16721E+11,5.953721873,40.6236416,5.902605988,13.84017959,6.57161079,46.71102323,5.893650046,13.77217421,6.550428386,46.18857058
394501,18.94302894,45.1677603,6.553775708,46.09487873,305.660152,736.8798594,6.441579924,44.31502517,899.1574623,2190.923368,6.47387393,44.81190017,4.71539E+11,1.10656E+12,6.282660338,42.84381048,5.982146615,13.77231113,6.272011231,42.41208574,5.938660057,13.22173035,6.497845666,45.96885103
395001,18.79546932,44.17060197,6.551882685,46.18542839,285.0951616,604.0826612,6.457526906,45.89524359,859.3926186,2037.330083,6.468795382,44.87416899,4.78742E+11,1.17647E+12,6.171495018,40.49725837,5.27456484,10.58275123,6.38224859,45.55816316,5.880346421,12.85468237,6.455241374,45.40970084
395501,18.66325541,43.0940866,6.588578558,46.8786458,293.7719781,613.8902852,6.276145957,44.11528198,832.1575775,1812.628741,6.538835546,46.93260941,4.3606E+11,8.91916E+11,6.370183715,45.2336949,5.613512093,11.55639609,6.203550149,43.24035644,5.883088232,12.59456367,6.469153993,46.15713132
396001,18.77909187,44.09750603,6.566531872,46.35559234,310.5710676,664.2141858,6.396082184,44.0388193,874.6380824,1934.843181,6.489897164,45.51316312,5.13037E+11,8.71069E+11,6.040687197,41.33360031,6.928994328,12.9470789,5.94182372,38.88780623,6.201262947,14.6021797,6.673551628,47.79649052
396501,19.09767386,43.08854218,6.686645607,47.66842872,511.1577669,605.296431,5.782479815,40.14636062,1163.948685,1829.029613,6.428009362,45.59173316,1.12364E+12,8.89881E+11,3.408771335,17.78097293,14.53994575,12.57114205,4.315244461,25.53758277,8.753019593,16.71225018,6.190593208,41.48252204
397001,21.58997303,44.03776615,6.756041276,48.45114859,869.6592329,705.2420652,4.068236734,24.63032047,1775.285369,1907.838083,5.725842642,39.41141564,2.10074E+12,1.26378E+12,1.899090594,6.513091488,25.58102356,16.70300393,2.055118742,6.725726731,12.74150652,14.80533285,5.462451908,35.64661999
397501,21.16867898,45.3771022,6.908824788,50.38159551,874.0005985,716.5951692,4.250136068,26.02234356,1827.326797,2050.559018,5.980425992,41.89409003,2.17254E+12,1.41975E+12,2.913175987,13.84322062,24.93794162,16.04955828,1.854959117,5.380765316,13.20489514,14.38617986,5.264321999,34.85049251
398001,13.2875961,29.17748276,7.07978467,53.10104098,465.537943,424.5486788,4.938033659,32.67019247,1048.324753,1331.135357,6.411505826,46.8893833,1.18979E+12,9.09914E+11,3.869221644,21.90390689,13.28501015,9.486475966,2.371693331,9.274996313,7.5966405,9.611405681,5.891632437,41.44221862
398501,16.6263904,18.05679365,4.837463778,28.5844633,797.5351161,388.2430071,0.533452401,-0.251727387,1718.577091,1127.85694,1.669260679,3.879501029,1.89678E+12,8.92458E+11,0.418688371,0.178641469,35.45892368,15.37989275,0.347630463,-0.314101287,12.02813956,7.891174579,2.09729196,6.585117312
399001,26.26484115,55.13013568,6.238008987,40.76632429,1076.753401,760.2223209,3.411070101,17.42145347,2418.804692,2678.229178,4.887706389,29.14660723,2.47206E+12,1.34251E+12,1.31487769,3.94601525,45.4887306,20.8624524,1.143948386,2.737603183,16.98245665,19.68626082,5.069760329,30.20658188
399501,22.6589439,46.72601171,6.285004957,42.82290504,715.1998428,562.0774539,4.147649186,24.65261139,1793.081436,2293.733025,5.496881737,35.87463754,1.7669E+12,1.16024E+12,2.949334675,14.80929387,29.49794476,14.03676533,1.304207101,4.09162315,11.82370983,14.85678065,5.435281209,34.9922541
400001,19.30760593,45.49564285,6.631747924,47.03763196,319.8696455,507.8302762,6.222339534,43.71991934,1080.637402,2319.042021,6.564081208,46.12744879,8.34269E+11,1.38376E+12,6.100784144,39.62169589,11.22803815,12.24468976,5.117022717,33.17951481,6.761822962,12.53516027,6.387505229,45.49803666
400501,19.16081711,45.60660347,6.588058957,46.59140847,237.4116426,588.3146292,6.526377807,45.31346968,948.596509,2266.060435,6.533103717,45.76359029,4.81638E+11,1.10178E+12,6.231685469,42.2354082,7.925761817,14.88246026,5.785069505,37.32018101,6.196101538,13.79376001,6.533939412,46.66623379
401001,19.1168522,45.11908416,6.551603433,46.15294097,247.2683391,570.3917182,6.32622812,42.92049277,921.0591974,2085.175225,6.521561415,46.18413059,4.416E+11,8.9747E+11,6.030605986,41.08504544,7.273033045,13.55787487,6.123396008,43.04397579,6.576373175,16.21474574,6.529467625,45.49931794
401501,18.87070041,43.69100083,6.572739745,46.62605266,220.0511541,401.4198149,6.024306515,40.98977836,916.2285866,2082.931301,6.58503585,47.09512572,3.96932E+11,8.10111E+11,6.440812328,45.73992168,8.215341462,19.21795092,6.572165411,46.31847615,6.548747561,15.89787547,6.413278999,44.03224463
402001,18.88528722,43.90387128,6.567471236,46.52558325,218.3549226,381.4856148,5.096083757,29.64195402,935.486826,2236.389191,6.504052125,45.35471046,3.88139E+11,8.15243E+11,6.274316145,43.30388986,9.867800412,22.77093644,5.493646218,32.01999922,6.301490563,14.30342618,6.538414563,46.68899434
402501,18.82684639,44.10602486,6.558383722,46.29459745,226.158522,540.5767253,6.483292571,45.17013969,907.7114931,2108.910203,6.557039792,46.32428483,3.5548E+11,7.2345E+11,6.190976089,42.79389135,7.736374723,14.18378215,5.834287855,39.38017031,6.457315745,15.15253193,6.475236898,45.21114472
403001,18.84542858,44.0089864,6.575742392,46.59279307,263.4082362,632.1667369,5.414339729,31.26880786,916.8432808,2082.468508,6.53905003,46.39791304,3.62364E+11,7.24905E+11,6.233774531,43.64973506,7.782192396,15.19803131,6.230265627,43.64049832,6.328641644,14.43056456,6.48321071,45.45285837
403501,18.88375111,44.06826021,6.529123651,45.90874584,220.9981514,428.2615947,5.636989588,36.56074133,921.7283532,2073.354393,6.434710985,44.89089994,3.68212E+11,7.52055E+11,5.819887573,37.49208154,8.453772677,17.01694028,6.173767158,42.36870361,6.2919352,13.71044839,6.488711234,46.11021545
404001,18.65719802,42.52758892,6.55122086,46.46573718,222.4848596,473.3614954,6.402770316,45.43741969,907.6735618,1977.794087,6.486044057,46.15952828,3.1571E+11,6.01427E+11,6.093236839,42.28386082,8.655683578,18.65038674,6.396941323,44.88739219,6.303219332,14.07236484,6.529328357,46.44428486
404501,18.79066295,43.24770892,6.583242799,46.89778196,246.9694342,585.5224588,6.423833997,44.36550888,921.9302041,2132.361581,6.613279625,47.27708704,3.05602E+11,6.23545E+11,6.347506959,44.54433728,8.461357696,19.46482465,6.257302434,42.02469352,6.59172227,15.82682759,6.620380297,47.12635987
405001,19.24290442,46.09166034,6.552101297,46.00494836,251.2844835,578.2283872,6.252757668,41.90287817,978.8549972,2446.586996,6.553550845,45.66122756,3.20252E+11,6.74328E+11,6.413967021,45.00701491,7.576913835,17.67092954,6.588001874,47.12493025,7.065924525,17.55350647,6.407029655,43.75721512
405501,19.12647979,44.91726239,6.531684389,45.89755379,227.9133847,455.9845435,6.334871432,45.21740245,982.2023588,2279.030198,6.387572309,44.01722058,3.32836E+11,6.28384E+11,5.991891283,40.49012785,7.725845916,19.04548186,6.237985088,41.45215667,6.666290809,15.67648242,6.513288448,45.58796511
406001,19.11785054,43.66417551,6.574332297,46.88462781,241.3211898,548.1360702,6.45451346,45.71050017,967.157041,2104.997005,6.379166365,45.17578561,3.43273E+11,6.58108E+11,5.767056701,38.18354703,6.624786308,13.78791313,6.34323307,44.36413306,6.486553632,13.85221225,6.500425441,46.41600921
406501,19.42888164,46.197772,6.56972815,46.28559629,263.2214743,665.0896197,6.220904965,41.2192865,995.54381,2443.76544,6.545645434,45.65101667,3.74959E+11,9.33006E+11,6.308769895,42.26898985,6.473320019,11.63806525,5.834220866,40.09239539,6.692792862,14.24294841,6.393199467,45.03024789
407001,19.35426801,45.37813596,6.534781699,45.9790628,239.6878131,570.0141376,6.543336513,46.12101822,992.8382373,2300.995494,6.412015853,44.43018056,3.64457E+11,8.31409E+11,6.088998476,40.24752433,6.969780037,13.72227465,6.10857362,42.37726998,6.753595974,14.83591767,6.534514552,46.6810504
407501,19.51062531,45.25785484,6.576525903,46.82256372,244.6949769,525.265492,6.332294019,43.98218786,993.3081792,2259.734743,6.39218924,45.00259976,3.52479E+11,7.32005E+11,5.913506927,39.29938849,7.885499798,16.94584372,6.157626701,41.92613153,7.324757218,17.74598579,6.59333741,46.77123984
408001,19.75322221,47.76143064,6.550063923,45.91269448,238.7697355,477.9913636,6.383859087,45.55084467,1033.457782,2565.718073,6.423943039,43.96619995,3.74573E+11,9.23557E+11,6.468292117,44.51035386,7.996481875,19.46394902,6.332412005,42.86810723,7.871902239,20.53059765,6.428119541,43.71569945
408501,19.50257423,46.38681462,6.56186505,46.22174296,246.820194,526.6398571,6.407301847,45.16094341,955.4226146,2261.276318,6.517960072,45.64906698,3.72906E+11,8.29243E+11,5.537854623,33.09254432,7.492895338,15.74050297,5.746410738,37.10238036,7.492738266,18.85842467,6.588858089,46.18127466
409001,19.29057481,44.76751393,6.585640397,46.79849502,249.7317646,583.4209553,6.515772039,45.69973605,941.6191415,2093.705653,6.503835914,46.39396873,3.32202E+11,6.18176E+11,5.002735454,27.79723349,7.345757246,14.91732917,5.480931571,34.33002703,7.224654872,16.67249787,6.522509074,45.95481047
409501,19.3446387,45.07538766,6.55819043,46.35693017,247.4273816,594.7845342,6.536674723,45.76605476,948.64092,2198.796026,6.470020442,45.11980421,3.35997E+11,7.14573E+11,6.252422981,42.91386148,7.123933441,16.57328728,6.120597294,40.39348756,7.172216949,15.84507072,6.512076652,46.60896663
410001,19.26200197,44.95919629,6.571871569,46.52801216,247.5847891,593.3476228,6.668692113,47.78785142,920.6955665,2079.802977,6.570360307,46.82486445,3.5054E+11,7.35454E+11,6.130101715,41.7660713,6.516702054,14.1564209,6.526592353,46.74409298,7.389925973,17.89620273,6.567105545,46.14217938
410501,19.31273005,45.49874165,6.587574694,46.69247324,261.2046013,645.4140934,6.469680455,44.62864623,943.8918666,2192.140739,6.58587979,46.87924412,3.69697E+11,8.35094E+11,6.197704846,42.65342459,6.864002279,14.9342074,6.265306972,42.84424505,7.458782656,18.00264218,6.491296869,45.06323352
411001,19.35239126,46.07720882,6.565046977,46.24659761,248.8843182,564.5096171,6.49195441,45.72590021,967.9861579,2329.935307,6.486515071,45.00801604,4.15358E+11,1.08863E+12,6.154903563,40.11493749,6.546162348,13.07010006,6.346768054,44.78690134,7.176373092,16.55172561,6.571667449,46.76503565
411501,19.21664563,45.34568226,6.591647953,46.73475162,257.362046,564.102297,6.41652352,45.42763798,933.6804514,2164.055693,6.566913081,46.52968125,3.73912E+11,8.51448E+11,6.150748466,41.13307067,6.737841161,13.05945333,6.200841027,43.29766702,7.189008242,16.98994284,6.611414376,47.05822903
412001,19.21857961,45.53768015,6.567178993,46.36693311,266.6218653,605.2396244,6.194610878,41.5166861,928.792219,2131.935415,6.586646118,47.0549199,3.59861E+11,6.75014E+11,5.623398577,36.9650044,6.651618227,13.41024353,6.339770496,44.65917608,7.30930677,17.53971382,6.46568653,44.77221115
412501,19.05787521,45.15627637,6.583748327,46.55920316,238.5261274,477.2225717,6.297290306,44.74506904,947.399624,2335.825917,6.635412735,46.98417815,3.38376E+11,6.9497E+11,6.152204359,42.71866901,7.141300477,14.56001451,6.388109332,45.3847035,7.031759437,15.84191066,6.564960472,46.82945134
413001,18.94967738,44.36729387,6.543078838,46.0688911,259.79536,583.4660978,6.248090412,43.54222725,978.1252249,2380.197442,6.407279219,43.81061655,3.32484E+11,7.55419E+11,5.987461745,38.84551178,8.063613925,17.91299648,6.495245406,45.40386496,7.22199462,16.16845161,6.45186422,45.32204954
413501,18.60151692,42.28446164,6.552313634,46.49506902,301.8106752,780.6269092,5.938057152,37.37671471,893.2980761,1965.911031,6.514828415,46.31060094,2.85281E+11,4.99059E+11,5.430729795,35.11206058,8.534098597,18.76375918,6.212105166,41.89277869,7.039587479,16.02863225,6.574868034,46.84985014
414001,18.68722219,42.61114608,6.550373538,46.51575548,261.9716604,613.853664,6.570938284,46.88578163,898.5963975,1913.293,6.394484089,45.25331058,3.0868E+11,5.5334E+11,4.993961177,29.07868235,7.848578005,16.90785212,6.343434647,44.11829685,7.36772746,17.46517932,6.550451253,46.20758803
414501,18.76965845,44.05006915,6.559292775,46.29131352,273.9681733,622.1876314,6.456206316,45.29238851,899.1049298,2022.870789,6.525789804,46.21652206,3.32862E+11,6.97852E+11,6.151618163,41.53830344,7.411303809,15.89794641,6.516608276,46.80014272,7.406589451,17.79189214,6.468194192,44.79263352
415001,18.85243497,44.52714479,6.568207268,46.38239349,272.0148041,608.7449329,6.465507088,45.17927964,933.1648099,2204.39945,6.562907625,46.29284987,3.69399E+11,7.67167E+11,6.276954599,42.74531105,8.407563183,18.79954691,6.276632489,43.0039941,7.130183075,16.60595196,6.599077871,47.15676569
415501,18.80047106,44.23252079,6.565934392,46.3690766,261.574632,569.6950202,6.52851638,46.61382743,950.9698371,2195.623204,6.39976648,44.17006337,3.81432E+11,6.66044E+11,6.049269483,41.07418132,8.88121012,18.42831101,5.710731585,36.54714518,7.17289392,17.70114425,6.618733324,46.75072928
416001,18.77424102,43.69588217,6.565695256,46.50292194,265.3371359,613.2079679,6.496695376,45.63445817,919.8538543,2012.442929,6.458709531,45.97625158,3.51935E+11,5.80882E+11,5.871846523,39.85311571,8.144334795,14.14575901,5.589642032,37.23148593,7.300250339,17.80145467,6.475890023,44.78525093
416501,18.82404822,44.31797363,6.593021941,46.77657507,263.204771,622.095654,6.47825991,45.19133856,946.0360193,2288.04713,6.676095642,47.81275496,3.18446E+11,6.04676E+11,6.147790566,43.05574604,9.012200533,17.09637369,5.769980604,38.50062775,6.7928562,15.16142716,6.446451575,45.10473908
417001,18.88935382,44.93322578,6.538686807,45.89027747,259.5073339,594.5870066,6.40957642,44.4664218,1014.328907,2590.338228,6.3847428,43.16145655,3.38241E+11,7.50229E+11,6.123885998,41.02791615,11.18450656,26.61464326,5.871390442,36.51645914,6.603165374,13.58990485,6.368594313,45.41976066
417501,18.62272927,43.57794415,6.611130728,47.0681357,241.7686262,509.2557874,6.458869453,45.91022565,931.1610082,2202.277628,6.636824755,47.35619318,3.27336E+11,7.26249E+11,5.865458525,38.33029057,9.283485073,18.09080877,6.005377001,40.5791642,6.825868826,15.63411111,6.56408098,46.63030293
418001,18.78715063,44.2340711,6.545520646,46.08656827,252.0040045,538.518967,6.315973472,44.52966479,949.198516,2127.484482,6.465753737,45.55094014,3.02512E+11,6.42857E+11,5.778012565,37.99190846,9.370420947,17.37798259,5.301059112,32.56472926,7.18166061,17.57110277,6.464716836,44.61149615
418501,18.61278787,43.35704035,6.565568648,46.41311901,272.1691987,676.696295,6.453268991,44.48378504,934.7892308,2103.979375,6.525597103,46.1378484,2.83081E+11,6.24013E+11,6.278410608,43.62724906,9.695517116,20.4158654,5.98187714,39.63777752,6.796668615,15.88733128,6.481588794,45.3847258
419001,18.50206558,42.1220792,6.510030349,45.90417618,266.8508211,693.2725369,6.469814957,44.30313568,925.7738648,2012.529714,6.360170223,44.30823068,2.94203E+11,5.57624E+11,5.176300894,30.84739731,10.12064322,19.1562586,5.961727099,40.51350336,6.897111389,15.7122082,6.477727908,45.96855356
419501,18.42919232,41.49267421,6.549242554,46.59847584,246.5422867,595.6951789,6.575235259,46.35237396,923.7413694,1971.769048,6.39627318,45.38301592,2.88673E+11,5.03788E+11,4.685781645,24.67364006,14.67709249,19.09841039,5.118464696,33.34196645,7.209625828,17.21288755,6.395593102,43.84199387
420001,18.62714305,43.34774869,6.574258017,46.60552447,237.0675424,535.9102073,6.522165186,46.43671537,952.3878246,2280.146102,6.618592388,47.01621307,3.12287E+11,6.85645E+11,6.457173653,45.86568314,19.89641555,23.6984995,4.901914844,31.02451908,6.714302471,15.36018341,6.558228979,46.55510491
420501,18.92245404,45.45107415,6.589030422,46.5249251,239.4211166,561.2203677,6.51059321,45.65044548,998.452334,2558.583772,6.52685847,45.12510758,3.90465E+11,1.06866E+12,5.785988466,35.02518383,19.36715063,25.35892701,4.930342479,28.5565021,6.782187461,15.52369471,6.538893556,46.37917745
421001,19.06580912,46.25286539,6.585122076,46.40077083,240.4807046,488.2067572,5.836170122,38.02033909,974.4186616,2413.639926,6.638548035,47.09127166,3.10918E+11,8.07306E+11,6.499041317,45.08525787,11.41785964,15.94611534,5.035264886,32.19607346,6.915972679,15.43896813,6.300658461,43.11287316
421501,19.01518022,45.51359913,6.562276953,46.18747763,221.2778635,398.6319483,5.478329296,34.99494075,1006.466673,2441.6837,6.487074892,45.08393729,3.01878E+11,6.55304E+11,5.833077682,37.13491925,9.04043506,17.25423731,5.86562403,39.3384527,6.421411701,13.30117649,6.378943182,45.47646569
422001,18.71597633,43.73181736,6.588285679,46.76310738,221.7957336,462.6076035,6.418381822,45.30931524,945.3161312,2105.284441,6.448644772,45.31324775,2.66366E+11,4.22793E+11,4.67924387,26.99284538,9.319511164,15.70504961,5.215899145,33.06946827,6.711664698,15.76267829,6.616847116,47.52851345
422501,18.73322484,43.57397215,6.552341197,46.29196862,239.5446781,535.7121033,6.380519287,44.00571684,959.2336375,2056.505361,6.246014048,43.42761667,2.78604E+11,4.92808E+11,5.087480676,31.06407179,12.90613076,19.53596113,4.499055847,24.91109013,7.653128371,19.60415098,6.157085914,40.15756834
423001,18.51467531,42.73365066,6.561708304,46.46745591,231.9318474,501.184201,6.424311035,45.13890754,950.837807,2133.391662,6.395423963,44.52063692,3.01123E+11,5.67149E+11,4.870304728,27.82333373,17.07116407,28.94926207,5.212728352,31.36291616,6.645327417,14.96909268,6.51227776,46.00421616
423501,18.56395157,42.92101683,6.56229127,46.53831787,245.5967779,557.8080223,6.46080384,45.74209472,945.4890602,2170.180841,6.525425855,46.29940373,2.79623E+11,5.24247E+11,5.183783665,32.0416575,14.10367267,24.92427995,5.53753992,34.84434148,6.694400555,13.66592314,6.230694079,43.64868749
424001,18.56424531,43.86367824,6.569684401,46.37620014,265.1776087,656.9357687,6.165665787,40.54867326,949.3489936,2311.262366,6.509076606,45.24529576,2.5166E+11,5.49431E+11,5.938152325,39.41766838,10.51403284,17.56941086,5.789464447,39.3959182,6.601011968,14.50689517,6.55786321,47.02574115
424501,18.52793014,43.65327458,6.563172103,46.33588186,249.4662568,590.5237866,6.642043942,47.47849755,916.4953944,2126.565828,6.516011274,45.79603693,2.3848E+11,5.38953E+11,6.27824767,42.82574323,9.590371745,18.20900596,6.247353182,43.98020833,7.036032425,17.76044761,6.661279145,47.27492474
425001,18.48055009,43.30266108,6.570770895,46.48108215,272.4947396,605.4771737,6.278139051,42.34643415,911.019638,2022.830657,6.517171558,46.35023175,2.35985E+11,4.43758E+11,5.895107407,39.18371138,9.961376003,19.67887084,6.105982004,41.36560635,7.6764321,20.10553622,6.289274876,41.68422505
425501,18.36367682,42.49262906,6.528380672,45.98690093,246.1805032,481.841013,6.413071372,45.52809683,903.4359119,2007.815927,6.436295747,45.07540521,2.25645E+11,3.20786E+11,5.009684196,32.27537504,10.78054514,18.38490814,5.901688154,41.10083895,6.656669824,15.01039542,6.569882167,46.82116434
426001,18.27323558,41.58187859,6.571342985,46.82017965,230.9895908,465.5094476,6.375643397,45.47219745,912.4982958,2031.294309,6.554108689,47.0767232,2.59928E+11,4.04408E+11,5.2052363,32.84614082,16.23565533,26.45996965,5.995780486,41.2835177,6.889325165,14.35030798,6.198152039,43.08906553
426501,18.64757442,43.64600435,6.541940134,46.06867915,229.8593847,542.4358893,6.539196463,45.92528532,981.189714,2425.673977,6.468329768,44.59698436,3.27611E+11,6.64866E+11,5.887056866,37.9404974,21.31184385,34.45069286,5.100698054,29.01749854,6.787626621,15.10691595,6.456977001,45.3750648
427001,18.52296117,42.69748817,6.502721629,45.65249287,236.8011003,559.159694,6.211855933,41.46944627,964.6513443,2182.501667,6.360896012,43.85800624,3.1296E+11,5.66954E+11,5.600108729,35.7273627,16.99276058,23.16771504,5.085664518,32.71624661,6.840410217,15.58522541,6.493569131,45.72860503
427501,18.57346578,42.13088855,6.565045937,46.90632045,207.7406926,437.9464303,6.230235986,42.61065533,961.177501,2058.69478,6.209445309,43.13088514,3.09935E+11,5.75858E+11,5.287847744,32.28556487,15.08358971,27.90690072,5.949308735,39.54281112,6.826057525,15.83465276,6.582685602,46.74114345
428001,19.01156864,45.73011891,6.55965072,46.10384811,193.7077396,311.9609529,5.673937243,39.03955111,985.0745986,2317.681774,6.48055978,45.23776349,3.43867E+11,6.62797E+11,5.249334688,30.78753781,13.43736181,23.27385123,5.016643642,29.51679244,7.163599033,17.22436369,6.646047476,47.24151794
428501,19.06398763,46.42617514,6.603394004,46.6370675,204.4558026,351.4306561,5.495389647,35.63396808,994.7736979,2476.798435,6.64199552,47.13491046,3.4822E+11,5.85963E+11,4.961211617,29.88857537,12.63463639,19.88520367,4.844645154,28.14971065,7.370928076,18.01929475,6.415059394,43.89851125
429001,19.16073296,46.61928004,6.582346728,46.34526984,215.9974907,447.9486351,6.166471065,41.52537294,1028.493922,2620.602208,6.475727736,44.5015043,4.10398E+11,8.84071E+11,5.800324646,37.43187158,12.32975298,20.10451917,5.444512793,34.5918144,6.834513074,16.25817742,6.605906255,46.93337592
429501,18.91258535,44.96070903,6.561420678,46.22324799,205.1031374,454.286534,6.532126666,46.20941294,968.7906421,2318.828504,6.592033221,46.63657332,4.38927E+11,8.68547E+11,4.693887625,24.26889737,12.29130999,16.91570509,4.979360357,32.50196539,6.636654518,15.34226728,6.44158835,44.7454608
430001,18.60287598,42.66432197,6.543441651,46.30435839,212.6767741,481.5247426,6.338319132,43.40665002,953.9927506,2140.560446,6.498364013,45.83689271,3.55703E+11,5.29155E+11,4.360153391,23.71003217,14.14973185,22.67335724,5.47438692,36.31419407,6.252637593,13.30589854,6.480728325,46.33893335
430501,18.36384948,41.74610781,6.574481334,46.82276317,215.3793536,432.6137017,6.277568049,44.15308781,922.1397516,2031.876486,6.566556093,46.99884301,3.13554E+11,4.02816E+11,3.905867508,21.00727988,15.19541428,27.23537045,5.064136188,28.96067118,6.394098101,14.31769136,6.512395345,46.21194708
431001,18.56679026,43.06107505,6.533854048,46.04626366,233.4599307,461.8555242,5.974292018,40.56668186,937.3804277,2123.758926,6.456823215,45.15584773,3.19809E+11,4.68109E+11,4.314771952,23.70368896,12.96645645,20.68927053,5.062134132,31.72364964,6.526574433,14.51408417,6.239422356,42.29793744
431501,18.40589294,42.54094925,6.548787928,46.29315683,226.5758483,472.3127985,6.452125018,45.91822277,913.7894667,2014.992912,6.49647248,46.01467369,3.0365E+11,4.67957E+11,4.319533307,23.3276717,13.50135639,24.39840462,5.743233483,37.78254772,6.212887543,13.25143374,6.351159639,44.97818233
432001,18.59593164,42.94505715,6.555238343,46.43672173,241.5441783,564.3709504,6.480851083,45.07204642,943.8788603,2086.210174,6.44684135,45.49671525,3.25321E+11,5.65644E+11,4.925795044,28.28120419,13.29470618,20.58088328,4.830159347,28.84409515,6.485628364,15.7310801,6.526860207,45.55990662
432501,18.60713297,43.58277572,6.559952652,46.32120736,247.218543,573.0301354,6.253062222,42.29340852,952.2109302,2220.277302,6.536666932,46.09753469,3.47116E+11,6.37533E+11,5.336388463,32.28122287,13.22419731,20.27460003,4.326771337,22.67920434,6.579885415,15.83586811,6.482119769,44.95049164
433001,18.80754299,44.03108522,6.554643935,46.29289069,240.8046928,526.0390833,6.274408528,43.12961468,982.2617457,2325.151777,6.50214803,45.44686243,3.44652E+11,6.57767E+11,5.860835019,39.12272951,14.40452034,23.88452549,5.385390441,34.22601534,6.382700233,14.73105448,6.584130796,47.00647265
433501,18.6991004,43.78391453,6.565436223,46.40270065,226.3582187,414.6649451,5.940023128,39.85503414,962.0871869,2253.256451,6.588069132,46.77194278,3.59275E+11,7.1571E+11,5.853530806,38.37830684,13.62000993,23.58348233,5.96017677,40.22086405,6.454696035,15.39022555,6.553361775,46.03432046
434001,18.88992903,44.02472573,6.560580739,46.41359838,212.1827828,354.4445784,5.334538874,33.79252665,999.8785802,2321.970989,6.48657642,45.41989353,3.72215E+11,6.60809E+11,5.532930366,35.66781991,12.32092383,22.05924328,5.928982273,40.27591178,6.382113368,15.00073992,6.522501039,45.78836525
434501,18.79950669,43.85182198,6.555480524,46.29029671,212.0739284,433.6278154,6.347484701,44.58487737,972.147582,2205.511468,6.518696628,46.14962673,3.78809E+11,6.05533E+11,5.169477944,32.88225119,11.69076346,21.44173715,5.910555708,39.41695569,6.184983269,13.75707079,6.420583578,44.84167009
435001,18.923093,44.03154176,6.580512245,46.75847714,233.0583745,503.0473346,6.058671543,40.03011206,1010.424901,2303.485891,6.451136358,45.47955725,4.04649E+11,7.07053E+11,5.442150316,35.02131198,10.3226012,17.04004287,5.965670484,41.53780724,6.009108624,13.01351252,6.494619693,46.47915507
435501,19.03551719,45.85129483,6.595495641,46.58749224,216.1273452,417.0402392,6.231438254,43.77138849,1018.742254,2504.158995,6.560779626,45.99514324,3.94112E+11,8.0697E+11,5.966788439,39.93695906,10.68771907,18.76096103,5.981726245,41.29316169,6.164790185,14.42913753,6.44752413,44.81436776
436001,19.10401501,46.19280997,6.605762061,46.5205971,356.8928583,412.1494523,5.654641898,38.2753439,1170.794298,2530.624175,6.567454976,45.84249112,5.66131E+11,8.42582E+11,5.669242932,35.75538304,19.11846233,19.90045254,5.452388817,34.66210405,7.367338382,13.31517099,6.616555887,47.09616301
436501,20.27897644,43.50290646,6.702813174,47.76347238,840.7913833,500.002543,2.236435137,10.72114211,1854.899354,2155.760499,5.958184107,40.98780416,1.18695E+12,6.7713E+11,0.946345128,1.540634904,51.58535521,18.67811538,0.486293574,2.657000608,14.03821307,13.78318784,5.259896243,34.98840904
437001,22.3952101,44.29204555,6.767966833,48.64807824,1268.905742,721.65586,1.481851079,5.991564356,2502.151332,2117.650639,4.859755306,32.06982168,1.70855E+12,9.17894E+11,0.331514793,-0.86507307,82.30544464,27.43487681,-0.19041543,0.59667397,19.81836643,16.91037309,4.202526493,23.88089137
437501,18.41229372,39.38476629,7.013339661,52.12761432,1034.310083,675.3116,2.294772233,10.32174153,2053.430429,1995.077632,5.378034314,36.91782273,1.36343E+12,7.55834E+11,0.549366048,-0.342693291,70.62090015,26.18367949,0.514717714,2.690085237,15.72364641,13.31866056,4.114383271,23.48836171
438001,10.99950165,7.924777505,1.547345521,2.897237014,674.3942604,317.2048285,0.12269635,-0.570463139,1603.213692,871.9374089,0.746637454,0.261043837,6.35195E+11,4.21261E+11,1.122507429,1.46389126,64.18299051,27.88407769,-0.020154594,-0.698409447,5.958408281,3.204133578,0.483332967,-0.344327413
438501,22.98803449,30.68415321,5.417131514,34.24670466,1242.896766,580.5346127,0.24924844,-0.366505834,3142.430864,1917.108681,1.768459754,5.571516485,1.2064E+12,7.65888E+11,1.174077737,1.91917219,105.9972377,43.78193986,0.108668627,-0.534485178,11.78244244,8.123139287,2.684414229,12.28553743
439001,28.13889482,54.31741848,5.820598939,35.89244012,1211.308153,602.1802708,0.860452924,1.884951098,3392.614066,2985.221329,4.005438417,20.95407013,1.24708E+12,7.90059E+11,1.22135673,1.74897761,97.57053055,42.70200355,0.523915555,0.451203079,12.85189481,13.36154695,4.75730498,27.29459859
439501,20.16361321,42.66897039,6.567348592,46.26974254,615.4811613,376.2456895,2.249596018,10.49382783,1900.916263,2303.45059,5.601147524,36.95721752,7.09989E+11,5.70547E+11,2.963241265,12.92974617,47.75492824,25.52623042,2.149430983,9.19762801,7.186629866,8.812339245,5.983716009,41.3925214
440001,17.86195642,41.28951717,6.601701191,46.98561166,221.5399099,370.6129192,6.117701924,41.33628005,1016.11212,2047.654934,6.473146588,46.07808904,2.79168E+11,3.79162E+11,5.055266306,31.33379908,13.99764496,18.63594182,6.121897162,43.18395245,4.022783047,8.283026754,6.467776072,46.08175339
440501,17.94303328,41.95012809,6.583342834,46.68612451,175.7862105,326.3762289,6.286704767,44.7140379,956.0752145,2152.864795,6.598195122,47.33329166,2.5427E+11,3.79846E+11,4.833060039,28.7008128,11.42200587,20.10417632,6.084784482,42.62508497,3.813529155,9.210123578,6.465852291,44.70843844
441001,18.07103669,42.74702673,6.554455139,46.18004756,187.3153113,379.3056626,6.411249958,45.44631902,1004.632893,2433.605084,6.481483742,44.95609429,2.70611E+11,4.45702E+11,5.458826239,34.56329363,12.51953857,24.94715472,6.317964925,43.58328348,3.68983669,8.594502985,6.573542342,46.49235616
441501,18.00913883,42.37042163,6.572780266,46.46775946,191.7958626,419.0932533,6.030999413,39.47495669,986.3280997,2346.19179,6.561658215,46.17620718,2.46432E+11,4.01611E+11,5.803140144,39.15467092,12.38885194,24.31902349,5.898131531,38.29347013,3.623003272,8.133328505,6.497817632,45.82831387
442001,17.91908076,41.78002557,6.559371935,46.36774141,173.4006686,356.9893248,6.148719427,42.83838792,977.1286159,2238.603972,6.52624337,46.08603082,2.31138E+11,3.88518E+11,5.964375734,40.91045069,10.2759402,19.34145203,6.109818787,42.75208169,3.551478298,8.170782099,6.639346977,47.78420901
442501,17.84717829,41.58790254,6.591718538,46.88416062,190.8068428,490.2672864,6.620932894,46.72991299,957.3074728,2193.150411,6.622153056,47.5456132,2.17651E+11,3.99781E+11,6.074647504,42.02034003,10.52132546,20.45790115,6.031864417,40.35030914,3.734148123,9.232993882,6.461471635,44.45465244
443001,18.0565461,43.4331493,6.597466065,46.65640615,229.3803207,588.9911366,5.728301784,34.89258637,1001.778597,2500.211034,6.655396975,47.25022094,2.09488E+11,4.63779E+11,6.454822228,44.98039305,10.96077197,18.09549598,5.797184078,40.17452046,3.561156831,7.997324967,6.422463116,44.74475116
443501,18.15565704,43.81718285,6.526127672,45.58572105,190.9162796,395.9064145,6.208070278,42.96644719,1059.262134,2668.127058,6.330260356,42.56315356,2.09612E+11,4.82145E+11,5.743775269,34.98526753,12.95639299,24.82140124,5.860050998,39.1879669,3.490411396,7.399668932,6.300776905,44.35996737
444001,17.65319945,40.51937869,6.54307211,46.2597107,179.0161958,342.8808199,6.234727981,44.4290585,949.7775713,2110.186719,6.500680487,45.87576681,1.56837E+11,2.17847E+11,5.036681921,32.1937089,13.93453473,28.36059756,5.413148482,32.55387239,3.450934754,8.407547277,6.641814074,47.18041932
444501,17.47778873,38.83976399,6.524397219,46.38282104,183.1437234,404.6843701,6.330754987,43.29521659,925.574198,1834.706054,6.286986025,44.34869882,1.70874E+11,2.10367E+11,3.895988727,18.77500552,11.97757918,23.74526538,5.995404583,40.51062342,3.623573959,9.545546507,6.596130727,45.97508144
445001,17.55278462,39.95856188,6.57096198,46.7797759,176.6384717,332.6019278,5.560912329,35.36235844,920.4206802,1882.464623,6.419828647,45.99405218,1.79646E+11,2.5191E+11,5.210474314,34.5322477,10.57217157,20.32923344,5.90944089,39.44917231,3.636103042,8.926618469,6.26319,41.88599011
445501,17.89701655,42.78424818,6.577812363,46.43440701,176.2437848,306.6685068,5.145631231,30.59805163,968.6356273,2325.619046,6.572830899,46.33201951,2.01136E+11,4.09176E+11,5.820200189,36.98211176,9.852006036,18.18025574,5.800696536,39.1620993,3.220996511,6.742778224,6.383735203,45.2855553
446001,18.06545548,44.05511885,6.56744927,46.08469485,176.3247509,340.6275834,6.29150772,44.09069406,1020.611954,2577.969099,6.462958624,44.31278576,1.85879E+11,4.14103E+11,6.462413058,44.38863976,9.555830159,19.02724084,6.028196277,40.62668452,3.158558302,6.425849503,6.345012041,44.87799732
446501,17.85454655,42.47649768,6.573201923,46.39768564,182.9809206,397.3728181,6.337523941,43.54164978,966.9084383,2331.99491,6.611034015,46.86043469,1.88957E+11,3.64554E+11,6.109001462,40.90136666,10.30205045,19.15313631,5.990821762,41.78959958,3.166103458,6.880195809,6.539302572,46.89171649
447001,17.77811839,41.17734522,6.545436152,46.22542105,175.4838068,384.0556896,6.390273654,44.59909872,979.5190699,2288.119227,6.505670362,45.63834913,1.68456E+11,2.77386E+11,5.850406319,39.59172473,13.02793951,28.5105694,6.441846412,44.70493393,3.315516885,8.155570665,6.542028834,45.64200163
447501,17.5002552,39.60891903,6.558075467,46.63351137,177.8188112,369.2064038,6.325861193,44.29116526,947.4319225,2072.581294,6.459756568,45.77971209,1.52898E+11,2.32565E+11,5.322402291,35.41245029,14.6437007,32.42581264,5.682038366,34.64877764,3.337729401,8.058691356,6.492052191,45.16294948
448001,17.89535157,41.2891308,6.555948463,46.50702166,180.6811308,379.9981262,6.492747053,46.41515614,1004.662415,2262.134609,6.346944694,44.35854131,1.66443E+11,3.32097E+11,5.996650254,40.95432775,12.10598038,25.09662262,6.142609714,42.05958943,3.313176826,7.799554707,6.549362127,46.38610393
448501,18.0130606,42.68215358,6.509428818,45.47678672,195.1842012,437.2527804,6.417655116,44.51978898,1042.682928,2440.970056,6.149030556,40.96468535,1.97317E+11,4.64739E+11,5.356708085,30.77140649,11.08061953,23.75216393,6.154289398,41.51986174,3.298812848,7.776639091,6.461651115,44.84811634
449001,17.73396173,41.23847011,6.585196842,46.83537077,190.0665002,430.8254654,6.513189494,45.87386567,961.9186256,2143.016182,6.482949441,46.18567377,1.50281E+11,3.06053E+11,6.049602352,41.92009865,9.682914215,21.22574237,6.34172242,44.46976314,3.124726212,6.933519926,6.506109825,46.11260634
449501,17.83519201,42.3008963,6.573482834,46.39798679,195.5325406,460.0069166,6.553572856,46.53743474,964.9422306,2347.926472,6.618602281,46.8230434,1.50712E+11,3.48792E+11,6.272060938,43.28356383,9.50727434,22.1493617,6.392690956,43.89766895,3.086407095,6.763208713,6.524345697,46.54676677
450001,17.77576518,41.87470152,6.559661877,46.28325589,212.9431548,535.4912663,6.350485034,43.05152472,995.7418973,2403.833817,6.454477849,44.64312448,1.63807E+11,3.37805E+11,5.204040775,30.21931865,8.793546632,18.25775908,6.221314333,42.64677829,3.175170423,7.218426224,6.499609502,45.68214393
450501,17.73118022,41.30450764,6.569756005,46.56917785,198.7912848,454.9535962,6.132542198,40.47027981,947.6844551,2166.302353,6.512348547,45.95852225,1.57432E+11,2.67865E+11,4.795132433,27.0464633,8.262279611,14.65913772,5.837478474,39.84583143,3.184638838,7.017847636,6.371925485,44.14402746
451001,17.74594622,41.80176092,6.569642013,46.38077876,178.281871,322.4591066,5.644642142,37.26073943,928.2872656,2083.315209,6.526587858,46.31601271,1.67065E+11,3.42983E+11,6.076834658,41.1298102,8.530535447,15.68332694,6.002029715,42.05016426,3.114322903,6.412874977,6.413907292,45.9224137
451501,17.55077721,40.72971142,6.539564829,46.12968396,184.7442329,388.3449762,6.304602255,44.59020388,911.2212704,2050.744352,6.494703152,45.88596954,1.74454E+11,3.43407E+11,4.957561184,27.17801484,9.681449202,21.7114457,6.357304527,43.95745789,3.341394026,7.756524558,6.58588985,47.05509034
452001,17.53056098,40.31820626,6.573874482,46.79722497,218.2576816,583.1736011,6.297759405,41.87416415,928.4490497,2150.791591,6.535355155,46.30940236,1.55277E+11,2.81487E+11,4.946081716,26.8921724,10.57497592,24.62333838,6.045581532,39.52962059,3.758869123,9.585237862,6.385975786,43.34918326
452501,17.69707071,42.13841505,6.573386465,46.37978387,211.7654264,520.9496513,5.881785986,36.93603246,961.6517704,2274.748042,6.426992172,44.49845528,1.55791E+11,3.15146E+11,6.271493021,43.58144062,9.183269089,18.86263393,6.268888191,43.7192201,3.596126724,9.030792352,6.527825529,45.31947078
453001,17.71220155,42.23466899,6.53474872,45.82511556,178.5832409,354.0759327,5.737144622,37.39301586,929.7115171,2139.255356,6.473810684,45.36142282,1.61839E+11,3.74626E+11,6.150617077,40.29938805,10.48565405,18.12890851,5.715560562,38.41569194,3.461761141,7.921606152,6.597847391,47.15052612
453501,17.34825109,40.17305189,6.58131664,46.74367616,180.4900368,392.6478977,6.496610467,46.7166797,896.0531436,2059.022519,6.632848198,47.61039359,1.35816E+11,2.64043E+11,6.017127542,41.11198855,13.16162546,26.07652379,6.288348057,43.84082978,3.557721828,8.16280531,6.558694233,46.73964117
454001,17.45448682,40.25410201,6.547210535,46.317416,202.9364838,533.8748685,6.455995103,43.97679605,919.4238065,2149.426268,6.414298526,44.23420977,1.36171E+11,2.49497E+11,5.331866542,33.26083225,14.74790765,31.68484237,5.32305366,30.11599205,3.634699434,8.879728858,6.560802336,45.99799802
454501,17.37434739,40.22508531,6.556817991,46.36213637,193.9248647,485.8452027,6.271642256,42.0628209,873.991689,1924.327531,6.583649984,47.34264803,1.31477E+11,2.47575E+11,5.995080227,40.98968771,11.26091155,21.7918496,5.293218599,31.45829433,3.60569167,8.95023557,6.618603773,46.70297363
455001,17.51685898,40.35811018,6.526284135,46.00695364,185.9417936,432.1151567,6.313797234,43.86305924,937.3712341,2128.524567,6.443922879,44.99624288,1.4094E+11,2.63451E+11,5.831573866,38.44982218,11.1216759,26.21550126,6.327234136,42.72258869,3.55386243,8.927318227,6.645374744,47.00571045
455501,17.31872733,39.11964596,6.51777891,46.02126188,192.7164697,455.969012,6.108534039,39.90632151,931.2113474,1931.314606,6.07347629,40.87037989,1.36556E+11,1.97705E+11,4.939036758,31.07557402,10.70617444,22.63283891,5.802273966,37.23412614,3.505094007,8.682625131,6.564983661,45.98700233
456001,17.49698201,39.50464118,6.568228854,46.98962226,159.8939459,306.0296086,6.199102047,43.05061385,914.0789186,1822.298508,5.823176312,38.60155579,1.61806E+11,2.6209E+11,4.82303783,26.74689772,10.24068333,17.52254034,5.684332564,38.09881657,3.392506256,8.208511615,6.637722047,47.2051166
456501,18.06198614,44.01837959,6.575579293,46.22165317,157.9727695,256.5784377,5.436645811,35.67910161,960.198522,2371.703345,6.576676466,46.11850351,2.01357E+11,4.40962E+11,6.024884184,39.02575593,10.48329399,18.38509104,6.110853681,42.03222512,3.35825308,7.756889661,6.314408461,42.91153472
457001,18.29599676,45.30414182,6.586579602,46.24596226,160.8727767,288.2360887,6.076831875,42.35557732,1058.608092,2785.591111,6.485450532,44.51179356,2.15537E+11,5.10079E+11,6.113743143,40.04522471,10.25386223,17.83865856,6.128848752,42.90400978,3.039063619,5.917421298,6.326925419,45.13758309
457501,18.14937885,43.89802971,6.554025671,46.00752584,169.6849357,333.3050221,6.248511904,43.46396368,1033.50114,2658.622194,6.434893532,43.90964019,2.01134E+11,4.60874E+11,6.092644895,39.73585564,9.989884811,19.88452969,6.187698501,42.52912083,3.131620029,6.150207229,6.085601752,42.01577791
458001,17.7283331,41.30310308,6.586202867,46.75485492,176.4811422,373.2618645,6.562671559,47.34298306,937.1642172,2170.248822,6.605331268,47.10214725,1.59902E+11,2.99843E+11,6.071268703,41.75790757,9.110855423,18.58654264,6.143785924,42.02763826,3.077314341,6.583245135,6.427761831,45.54387087
458501,17.64601076,40.56968507,6.557829197,46.47915219,202.2113267,532.323778,6.737717491,47.85423008,919.9573159,2025.613162,6.502999033,46.20322937,1.37771E+11,2.27872E+11,5.521546131,36.56646811,8.991559945,18.47464766,6.145926048,42.65065751,3.32765406,8.030331152,6.57788188,46.63026489
459001,17.58898694,40.48165988,6.539039438,46.18462634,246.1646393,694.0700252,6.063041814,38.47605071,906.361926,1996.608607,6.469906316,45.5472749,1.18254E+11,1.82707E+11,5.259189781,34.3097954,9.229909494,20.93561319,6.291015504,42.78299037,3.629428595,9.257022271,6.191643181,40.76674456
459501,17.47092688,40.00834861,6.553970425,46.45721405,201.1426927,506.1910959,6.379011105,43.30632119,884.3386955,1905.297994,6.476412908,45.99463342,1.14807E+11,1.81955E+11,5.304111112,34.8836523,8.820518118,18.54196265,6.426030298,45.55191096,3.244386996,7.561846427,6.556205954,46.36193786
460001,17.63851798,40.99199905,6.570993835,46.57803081,177.2331038,366.1070916,6.244621308,43.9501534,909.5837252,2056.25018,6.521656137,46.2822407,1.34357E+11,2.7311E+11,6.164930462,42.50808808,9.70885124,20.60554127,6.344812333,44.76241449,3.157082631,6.827808403,6.519024104,46.7462261
460501,17.67123528,41.67226131,6.543146949,46.04497497,171.2181524,343.6042258,6.248248997,43.58370229,928.5075741,2140.508753,6.389443226,44.06451488,1.66877E+11,3.40799E+11,5.186473448,29.47349745,12.59752838,23.25489525,5.955082647,39.43527895,3.337997404,7.724483534,6.551536264,46.6174032
461001,17.693388,41.64458466,6.602094431,46.95602932,163.6224953,322.1555795,6.280157372,44.21910679,919.6882651,2120.058972,6.534996869,46.63523152,1.61294E+11,2.96433E+11,5.284716988,32.12886193,16.7526581,23.58352675,5.874116419,40.78859576,3.563425016,8.633824057,6.262868043,41.99080888
461501,17.95742256,43.33393647,6.568826734,46.21583555,160.8696377,328.3073949,6.325037902,44.84283059,987.2243307,2457.080418,6.428665314,43.9714779,1.70374E+11,3.93144E+11,6.298200379,42.44223735,18.10247329,27.43803555,5.182645727,30.36403954,3.23388107,7.237061177,6.539815725,46.56297988
462001,17.84040149,42.31914974,6.518038008,45.62058706,170.3790052,394.9639372,6.547809834,46.62891543,931.0698291,2117.954304,6.37057569,43.76563934,1.66389E+11,3.8358E+11,5.964787383,38.22245538,16.09254437,17.92245614,2.724901686,10.1555423,3.274663116,7.110095656,6.464520348,45.80403039
462501,17.38512402,39.23259446,6.560967736,46.712842,196.9483839,500.2238709,6.29997138,42.31016178,888.6065034,1778.1948,6.186185259,43.38690982,1.38213E+11,2.53022E+11,6.103095451,42.76064378,24.74147613,27.16440296,2.280183837,7.100653348,3.270914731,7.40762841,6.58014578,46.92437102
463001,17.54765208,40.05174182,6.570434702,46.81438494,180.9914898,410.8469066,6.107323846,40.16947992,926.0122051,2064.495592,6.518217595,46.3362484,1.58288E+11,2.93785E+11,5.966940856,40.88048182,40.21384336,49.7461669,3.932602197,20.66104198,3.349448659,8.039251356,6.609507359,46.9503034
463501,17.84927991,42.49801849,6.532128393,45.75217846,173.5172355,349.4538281,5.565748684,34.89219628,991.5598525,2334.531982,6.359138472,43.42467108,2.03024E+11,3.7292E+11,5.445742845,33.23468845,38.79917022,47.69085862,3.518575641,15.22998668,3.507897091,9.33970794,6.685513268,47.14768814
464001,17.65481264,41.16058483,6.570580551,46.53127592,186.9676339,451.279669,6.221485909,41.43442067,949.8407458,2160.038719,6.581770777,47.03583225,2.11157E+11,3.16365E+11,5.001666805,31.96088237,24.86372665,28.6442718,3.258851977,14.06002625,3.733702963,9.228255087,6.025865142,38.80593952
464501,17.9209525,41.60662843,6.55347136,46.37745998,187.9774772,392.5775515,5.767451521,37.63458921,996.3040055,2340.137963,6.552706907,46.25961402,2.26853E+11,3.85892E+11,5.395802865,34.37201933,17.21900228,21.21859173,4.005034162,21.13435346,3.20711123,6.700494323,6.215798286,43.313943
465001,17.70538236,41.73256499,6.572549358,46.43133691,184.2441534,363.2037781,5.603368902,36.45295798,993.9200659,2377.167249,6.513160132,45.53706939,1.97601E+11,3.57167E+11,5.736819636,38.10718385,16.12136601,23.57120901,5.043945773,32.01497957,3.129495701,6.608744532,6.434717196,45.6818437
465501,17.89377057,42.53401395,6.613028437,47.07294635,171.97506,346.7168857,6.008034642,40.1774035,999.9265352,2422.074562,6.605674056,47.03169759,1.80712E+11,3.7124E+11,6.073349749,41.77045025,17.10584367,32.64771346,5.812746473,38.32481413,3.175236804,7.14775793,6.557055038,46.67647131
466001,18.17817995,44.53075817,6.518340706,45.36800362,154.95969,266.9369924,6.001449002,42.04230183,1038.063809,2594.811047,6.375416425,43.24714909,1.85768E+11,4.28405E+11,5.906012928,37.72912498,15.64794479,34.32881519,4.955406726,26.03061351,3.285330386,7.835811456,6.494132674,45.24860319
466501,17.53523122,40.97542454,6.548710331,46.15161827,176.6111154,324.1018062,5.613524936,36.26723987,929.2042571,2099.064308,6.486743595,45.50358019,1.55151E+11,2.95491E+11,5.905681393,39.19566013,9.605385235,16.3201021,4.877721236,27.92435205,3.2108722,7.55017855,6.520380249,45.75744456
467001,17.26097827,38.56747888,6.549789474,46.74743297,209.9403565,432.5982698,5.773785102,37.00136287,902.1412974,1829.483921,6.35867412,45.34756576,1.45803E+11,2.06968E+11,5.139476391,33.65153213,11.50658903,14.85663426,3.833857499,19.90240757,3.19520888,7.31114974,6.578869781,46.99533636
467501,17.44340924,40.03179831,6.529230225,46.04606278,210.2395291,438.3211693,6.208557856,42.49037094,918.5176373,1986.128841,6.409876382,44.93246058,1.44667E+11,2.13706E+11,5.266002841,34.12157506,19.18292644,23.92026599,3.695628473,18.95023182,3.281431287,7.917331366,6.569241459,46.24022312
468001,17.38111828,39.67811858,6.528132062,46.08652142,207.7383099,414.704074,6.144077738,41.98837893,922.9725844,1999.78404,6.408338268,45.04404006,1.39239E+11,2.17592E+11,5.259831462,33.67206668,26.94326181,35.39913409,3.70848463,17.56179843,3.236326579,7.699919695,6.475825821,44.9538261
468501,17.51185291,39.76589152,6.533062609,46.32020159,201.194019,412.7464788,6.254848553,43.38448341,946.8549029,2062.133386,6.364274262,44.54636031,1.41544E+11,2.35249E+11,5.206216013,32.97403543,26.29212782,29.41602856,2.935210738,11.92422786,3.177546641,7.214338234,6.59410952,47.58348686
469001,17.53691248,41.39219348,6.608057399,46.94482369,194.4372333,405.9562342,5.932502751,38.73503019,936.6988556,2168.129489,6.604892676,47.31836841,1.57182E+11,2.6848E+11,5.462292292,36.28530272,30.93281857,30.12298849,1.750263415,3.935154028,3.43779421,8.696346732,6.530299819,45.27017778
469501,17.9783937,44.13140627,6.590095132,46.4024378,163.9896935,277.1335067,5.804790332,39.78220636,1019.239759,2636.108623,6.567092814,45.84397278,2.14213E+11,4.73779E+11,5.795778697,37.877939,37.37600445,39.12191953,2.872146704,12.61239246,3.436537945,7.905047554,6.140616548,40.84470145
470001,17.88493546,43.39359586,6.513218706,45.37177218,174.900925,272.3050158,5.10967591,31.98754717,1043.283709,2609.389296,6.178696342,40.73786107,2.73305E+11,5.9337E+11,4.689453045,23.45648899,36.17355189,39.28929023,2.83296896,11.22031827,3.152090678,6.416452427,6.098489484,42.13294211
470501,17.48890217,40.32711856,6.587336298,46.94295613,175.61509,319.4876121,6.026318692,41.43380522,941.4460378,2090.558269,6.399750897,45.14337103,1.93644E+11,3.00553E+11,3.96492412,18.49180064,25.70601107,27.7191497,3.404600762,17.25482209,3.144060139,6.961940737,6.4602961,45.4379869
471001,17.57846149,40.11489815,6.472560204,45.33628707,180.7166798,389.3296621,6.392443621,44.94502197,946.5953203,2005.00965,6.174983444,41.94790933,1.64335E+11,2.41953E+11,4.368939973,24.30449541,16.68047259,24.45378153,5.486308697,35.2638788,3.132625998,7.311839279,6.624213885,47.22917649
471501,17.36035723,38.23266308,6.49407618,45.98253043,196.6716699,466.7836483,6.296182995,42.77758,885.8460354,1663.931604,6.126309352,42.81099628,1.40533E+11,1.86321E+11,3.997732811,21.7314029,10.81689221,19.79165066,6.168864324,43.38599928,3.223351742,8.071676156,6.643832153,47.0494995
472001,17.2888076,37.87128198,6.504943854,46.20221878,199.6768183,511.0328504,6.579733787,45.89386829,890.4114413,1656.87588,6.075681827,42.51256787,1.50013E+11,2.27474E+11,4.405823864,24.10427122,9.631316747,20.27164258,6.242952409,42.86994041,3.299910016,8.651941888,6.57740242,45.75364911
472501,17.72215263,40.76174137,6.611150395,47.35155539,216.3249268,482.8186427,5.660777282,34.54094874,953.9658975,2114.326294,6.596878201,47.7157714,2.17288E+11,4.1889E+11,5.993722423,41.2071958,8.736194691,16.86845961,6.072471496,41.64812556,3.197621263,8.115101731,6.541012058,45.46695931
473001,18.68590875,46.84148072,6.551777168,45.6846369,179.7227006,281.1714771,5.4133719,35.45823745,1139.063229,3095.535785,6.475423221,44.04589706,3.74054E+11,8.68746E+11,5.753942088,35.50656975,8.975267862,17.16298319,5.695779352,37.31748954,2.998160066,6.95407692,6.531254462,45.98068002
473501,18.8491537,47.05674857,6.56880377,45.92570327,177.3653134,281.1181842,5.47995306,36.22446205,1218.432563,3252.008287,6.367412529,42.81211767,4.25586E+11,1.03704E+12,5.694751562,34.40352536,10.12402566,24.53314777,6.482594404,44.90261858,2.810302175,5.924867983,6.439482978,45.70371626
474001,18.49277722,43.73005665,6.544167007,46.02926529,187.256231,396.7178005,6.445891787,45.25609976,1105.669991,2613.853287,6.517986577,45.63699782,3.07682E+11,5.11043E+11,3.852353886,17.09362821,11.61414567,25.7843783,5.772656765,36.04382835,2.780072249,5.900759324,6.445938767,46.00841319
474501,18.19800099,41.21340413,6.581639975,47.05558436,203.2446422,475.1048761,6.049748039,39.34501016,1104.828,2431.708459,6.416155696,45.61757153,3.02716E+11,6.24711E+11,5.377922939,34.19517514,10.99616069,21.10711859,5.888144732,39.36332321,2.856979037,6.482601399,6.343958432,43.48596199
475001,18.44827534,43.23001816,6.56704389,46.4552185,184.8878247,435.0588785,6.517417685,46.04608874,1162.615216,2851.560254,6.435014038,44.19433958,2.95455E+11,6.60211E+11,5.556192851,33.69271078,11.06365921,24.81824454,6.229102046,41.80694704,2.687534495,5.714944703,6.435752567,45.39460135
475501,18.41463366,44.37925269,6.596393793,46.57455623,200.7280965,433.934647,6.282472953,42.75008438,1114.572302,2692.130255,6.651876494,47.17837483,3.12225E+11,6.7652E+11,5.65298259,35.0584882,9.791966023,21.85008206,6.569960269,46.2277638,2.759066165,5.477471268,6.425982746,45.89355045
476001,19.12923628,44.0864458,6.671707653,47.34836364,399.9010916,394.7825919,4.94899461,32.23869084,1528.77766,2615.909152,6.604048298,46.94496511,5.00111E+11,5.06115E+11,5.01165041,30.82878632,17.05906218,19.20881274,5.981489428,41.52725773,4.467219877,5.865587221,6.131729099,42.73971294
476501,22.92003772,43.22217228,6.63371883,46.86505216,816.043773,510.8383055,1.886567968,7.17169902,2478.872573,2592.9155,5.561638602,36.8214787,9.10405E+11,5.1056E+11,1.119948719,1.42399908,32.68226122,19.90697192,2.738963201,13.47203429,8.182971318,6.379236752,4.062829258,24.43092228
477001,24.09970442,43.54143694,6.703989629,48.08905413,946.5792405,569.5281916,1.638615259,5.872725822,2745.538369,2481.151849,5.101043316,33.08923061,1.02723E+12,5.75282E+11,0.908523656,0.567660369,36.84350771,19.10313584,2.016839148,8.810755014,9.588384793,7.195115011,3.95788658,24.02222584
477501,16.28710453,31.38891941,6.891758951,51.14760989,604.7294379,398.9012412,2.555367715,12.48238594,1724.702265,1729.264511,5.380393519,36.2597356,6.54957E+11,3.93416E+11,1.244338733,2.138726117,22.21252092,12.63208877,2.84728227,15.73789303,6.024935212,5.532231279,5.002330492,33.29023877
478001,18.21232492,43.16929863,6.518463303,45.60299565,190.1514569,418.1650673,6.394055587,44.90381675,1038.341721,2424.027564,6.338265211,43.17914644,2.23826E+11,4.47154E+11,5.104523139,28.51401165,7.852336473,16.54375767,6.363759934,44.60362408,3.812132872,8.699470751,6.498960345,46.12425697
478501,17.77074731,40.57421463,6.554982227,46.5535676,199.100182,406.7861168,5.934830967,40.26520138,941.902468,2017.418189,6.494234765,46.32712383,1.93714E+11,2.80041E+11,4.422415822,23.36133383,7.811442124,15.72949715,6.254659917,43.50846761,3.900536994,9.095084,6.442793617,44.79541778
479001,18.04434735,41.70627887,6.570197431,46.71381105,195.9717813,451.9083776,6.41602077,44.85635123,981.3336683,2145.114116,6.367847462,44.8480452,2.20142E+11,3.83984E+11,5.56541105,35.96679459,7.644485463,14.97206613,6.325798326,45.15563798,3.840924802,8.789720387,6.570845946,46.75233443
479501,18.33424311,43.43652751,6.507980172,45.47359218,198.2492653,486.2853779,6.395320866,43.81283129,1037.833324,2430.568577,6.346457989,43.45149903,2.59874E+11,5.78027E+11,4.974413453,25.98598404,8.310039174,18.84870017,6.554849918,46.83944316,3.876291231,9.195907444,6.571843146,46.29900799
480001,18.04213256,41.9385714,6.569891923,46.57490533,189.1155862,425.3376232,6.444293733,45.10457167,1003.718441,2357.440185,6.567513588,46.43855929,2.07353E+11,3.65231E+11,5.412044802,34.78409152,9.44638896,23.43833729,6.213998243,41.09813945,3.824721468,8.653370676,6.44910022,45.06998524
480501,18.03838703,42.11922638,6.58474287,46.70948717,190.442029,397.7364214,6.384268674,45.38333088,990.5790209,2310.650606,6.538844585,46.03202667,2.09613E+11,3.72445E+11,6.045297272,41.97777287,8.731459064,20.11388568,6.632468345,47.59574496,3.881993707,8.647606859,6.472036317,46.14223587
481001,18.18511005,42.88251757,6.562065587,46.32333756,193.6971799,453.6581472,6.591132877,46.69282213,994.9012787,2278.021464,6.568408421,46.82240634,2.13772E+11,4.12056E+11,6.208327368,42.62275355,9.266208588,21.73533665,6.542740638,46.29538525,4.074835176,9.888786295,6.353496493,43.09518213
481501,18.207398,43.06025255,6.579760496,46.52803447,203.9433735,484.8466701,6.398678061,44.08693792,1011.174306,2427.736742,6.559187035,46.09685724,1.94138E+11,4.38176E+11,6.532677008,45.99898287,9.456630964,23.41906305,6.551619901,45.80842848,3.813469152,8.610629849,6.570135927,46.92607549
482001,18.24640133,43.00713725,6.558675203,46.25711708,202.2355939,473.5227471,6.487276316,45.58720059,1011.043514,2391.4316,6.542844732,45.98696963,1.94378E+11,4.22641E+11,5.962258482,38.76119283,9.474533123,23.61705815,6.546306851,45.63463879,3.997087513,9.066366807,6.446242309,45.31458865
482501,18.12439907,42.10284324,6.563614169,46.44531745,198.1309413,452.1364002,6.39429439,44.32026546,1008.064401,2312.378354,6.553352059,46.49628837,1.77895E+11,3.17802E+11,5.756688557,38.75665735,9.09131934,20.82264293,6.454314636,45.11139754,3.901029546,8.925463433,6.414986381,44.41323243
483001,18.13213916,42.048769,6.588240074,46.85597316,196.4332257,435.6049827,6.506038879,46.71848798,1011.714467,2347.458529,6.584660742,46.78656105,1.91746E+11,3.87173E+11,6.310491514,44.63240201,8.989229289,19.34785479,6.371972468,45.01052463,3.80003282,8.476228636,6.499172428,46.45353361
483501,18.35362588,43.81259228,6.582877498,46.51036477,209.3545601,535.7532616,6.577439937,45.86009715,1027.737987,2477.384148,6.619008414,46.98193249,2.21262E+11,5.57339E+11,6.42469667,43.94412351,8.884989824,20.50764685,6.511601327,45.71186961,3.9438016,9.679581742,6.490853902,45.04362281
484001,18.3763262,44.23027257,6.567059137,46.1818641,213.8669515,562.2344723,6.537861809,45.28963484,1045.324459,2608.554575,6.581588582,46.12340668,2.33179E+11,6.07669E+11,6.313535446,42.0530576,8.696482736,20.22443069,6.573172373,46.65676581,3.868562649,9.284318662,6.479208471,44.94774622
484501,18.22068423,43.11471754,6.595295927,46.77120153,208.8020852,527.0432141,6.421949237,43.83780756,1038.677202,2563.958341,6.614212061,46.70509495,2.21477E+11,5.21523E+11,6.54503565,46.35453965,8.868785655,21.31741825,6.575291946,46.38985506,3.655889508,7.982294154,6.450850449,45.59907401
485001,18.21918577,42.77494694,6.535644218,45.9425645,188.9350575,410.6735683,6.394353321,45.09359823,1027.262252,2440.142068,6.483600231,45.0367285,2.42183E+11,5.20674E+11,5.944745601,39.18923067,8.975640871,21.2011449,6.430916965,44.6133936,3.684165568,7.912862953,6.437137588,45.8484872
485501,17.86009535,40.97634324,6.597422198,47.05724536,188.7377914,373.8356523,5.926392315,40.06333768,980.6054152,2167.076112,6.586801649,47.49299899,2.44511E+11,4.66838E+11,5.713402078,38.34797869,8.647437377,19.77984297,6.439086786,45.01524413,3.755439168,8.602360318,6.378507466,43.94818557
486001,18.17317061,42.27210518,6.543883901,46.18202582,179.8230945,369.5812714,6.245853794,44.25292393,1025.415064,2353.991271,6.41639618,44.70383413,2.65706E+11,5.37985E+11,5.453591918,33.77720014,8.032361545,17.7001856,6.546364121,46.6856007,3.6323426,8.01212817,6.55209133,46.87639454
486501,17.99227469,42.49347956,6.585064517,46.6171782,195.6694524,476.3891789,6.278761943,42.61365895,1007.846118,2388.6134,6.537514195,46.17188378,2.34903E+11,4.31708E+11,4.976412834,29.61321517,8.450255002,18.73801122,6.479063891,45.85072075,3.801851627,8.644886591,6.461292866,45.43309513
487001,18.17635074,42.87573239,6.534929095,45.94017002,194.8996715,478.3010465,6.230156859,42.16222828,1032.410828,2420.267223,6.312086304,42.99419032,2.39426E+11,4.51634E+11,4.687148273,26.10555359,8.835335131,18.37859081,5.836917694,37.64241618,3.82230241,9.171751919,6.539234461,45.86784995
487501,17.78348919,41.56571214,6.573697457,46.51526096,191.7287724,442.5172022,6.153790317,41.58909747,945.7523891,2061.621305,6.524403749,46.61109149,2.25799E+11,4.6085E+11,5.153659557,30.52572695,8.596427442,14.80628834,5.185409945,32.30749335,3.879434135,8.977192029,6.368062185,43.78683945
488001,17.72931579,40.71120407,6.537418765,46.2289598,174.59067,368.4729696,6.135106358,41.6748165,953.5376915,2076.406283,6.437753814,45.50607206,2.28335E+11,4.38693E+11,4.406148728,22.0517883,10.50280699,19.01484077,5.870791658,40.39840115,3.646979356,7.595926286,6.401404788,45.21868004
488501,17.61744978,40.58091466,6.576834788,46.70837398,162.6406621,284.6418078,5.766457163,39.39872854,943.5953546,2182.718276,6.563598375,46.49600075,1.90354E+11,2.95288E+11,3.722872035,16.4218399,13.39154187,26.4584578,5.704526425,36.09412868,3.728302026,7.469138809,6.313468528,44.74225679
489001,17.78791495,41.43646856,6.542567892,46.12610916,170.8174087,320.0984733,5.639706268,37.13624791,961.6618803,2284.505905,6.528786104,45.83521672,1.78153E+11,2.63437E+11,4.625543868,27.27880986,12.90585119,23.63423891,6.1205416,42.45510667,3.884166879,8.31179745,6.372019983,44.45609908
489501,17.71204336,40.9291268,6.547038806,46.24691956,183.5130397,397.2817178,6.194248857,42.2676876,956.25621,2226.45475,6.474651886,45.13299067,1.72691E+11,2.59668E+11,5.174336239,33.31061478,12.69791012,25.30525315,6.098944997,40.88281803,3.971004232,8.735015584,6.552379643,46.87529793
490001,17.75374178,40.86428195,6.580401022,46.85618901,190.5802431,445.0838355,6.546620087,46.30497291,932.567657,2046.190156,6.565960399,47.16795421,1.73742E+11,2.92307E+11,5.570001543,37.20960821,10.13104817,21.0943988,6.160407212,42.01116975,4.271431405,10.28546815,6.612844393,46.89393603
490501,18.14011307,43.34527239,6.580878359,46.47120328,202.4004157,528.6810252,6.626590396,46.42860389,979.3390614,2275.821913,6.543445593,46.27821461,1.84161E+11,3.84079E+11,6.129747012,41.04672303,8.925966304,17.42049139,6.152287,43.31357173,4.563592418,11.99725439,6.612189031,46.19595306
491001,18.29954279,43.99035398,6.546218355,45.90125422,221.7039557,574.4587041,6.369437247,42.8483831,1004.579823,2400.657808,6.446013298,44.52754023,1.79398E+11,3.83097E+11,6.22737234,42.59968728,9.192800829,20.65870724,6.426671311,45.39543354,4.742962839,12.26429744,6.44236742,43.92504462
491501,18.11459897,42.37125754,6.571940087,46.54240029,201.2116941,430.6611811,6.299841247,44.09793712,971.4057849,2229.463175,6.544173581,46.32057226,1.86353E+11,3.83727E+11,6.148378808,41.99270353,10.1020124,24.51603249,6.082238571,39.80523138,4.283680256,9.866515919,6.598303505,47.15075738
492001,18.09033222,42.0027511,6.568931301,46.53709415,227.6148219,479.2920312,5.743086277,37.30241505,964.432402,2158.578125,6.531273321,46.31126576,1.85759E+11,3.52351E+11,5.867837079,39.01032224,9.071471219,20.49670732,6.543296985,46.48289467,4.500744551,10.34673608,6.39968481,44.93359519
492501,18.13069223,42.23086109,6.577634225,46.64379809,247.7888228,541.1849045,5.379677831,31.58813944,986.9053097,2221.710608,6.553676334,46.69679326,1.752E+11,2.94172E+11,5.703247459,38.90414854,9.122945524,19.82070544,6.435313768,45.21192858,4.760533563,10.90451314,5.976787913,38.90904522
493001,18.3138455,43.32125764,6.574731269,46.48837838,202.6456565,380.3551227,5.970511585,40.95179352,1017.470675,2410.197203,6.520810016,45.73427433,1.8483E+11,3.61666E+11,6.174850805,43.25894696,9.349871128,19.22065571,6.40706327,45.33743708,4.310568739,8.999600292,6.216539164,43.2858472
493501,18.41560404,43.9925025,6.571549454,46.30354543,187.6095262,372.1939266,6.319169389,44.22828594,1030.223907,2474.083285,6.568824297,46.19202262,2.20624E+11,5.07763E+11,6.073506167,40.01413086,9.720092528,19.77033102,6.215052419,42.62665601,4.282166485,9.030426431,6.359253087,44.59447234
494001,18.29063467,43.12813078,6.569833872,46.42360588,178.478346,362.6790971,6.378468755,45.07015324,1025.256569,2423.796887,6.57122637,46.48554891,2.24729E+11,4.92951E+11,5.945186773,39.1674852,9.229077701,18.4785062,6.261907097,44.05155352,4.349171265,9.078424913,6.345688327,44.52758649
494501,18.22545071,42.46044608,6.577002404,46.6446411,175.8310935,383.1408678,6.461030707,45.72567992,1047.659665,2451.761453,6.516214181,45.91921696,2.2001E+11,4.33629E+11,5.668915266,37.15097174,9.795265062,20.39947106,6.104574002,41.68703242,4.433718148,9.672421985,6.482636782,46.03012105
495001,18.3267585,43.44155757,6.623218566,47.16051965,174.3583831,402.7256022,6.440165112,44.79417728,1058.29077,2598.508694,6.675621471,47.81801126,2.46227E+11,5.09551E+11,6.117912651,42.5420773,10.28866085,21.21910495,6.230332361,42.82454142,4.633738711,10.33577852,6.307968852,43.30835814
495501,18.62216588,45.56738893,6.533208794,45.61968107,173.7085835,409.8549041,6.635108705,47.55850124,1133.202762,3008.288804,6.459125709,44.1185551,3.22491E+11,7.06599E+11,5.649854933,34.26296412,11.63768245,20.38441992,5.792636542,38.68054999,4.807941068,10.64691575,6.507629805,46.58200243
496001,17.93686474,42.93729983,6.614025178,46.88198097,187.3517685,451.8982651,6.213467629,41.29074702,1013.992056,2555.940999,6.531539596,45.37222658,2.93853E+11,4.62795E+11,4.969236682,30.73986951,13.47821999,18.04434563,5.044060156,32.96770117,5.647761626,13.03421856,6.052477221,39.50638094
496501,17.96165192,42.7223592,6.618247521,47.13287651,173.8566005,335.9455266,6.058733097,41.87498786,985.4647802,2397.893794,6.548671624,46.78650048,3.00717E+11,5.34508E+11,5.022336915,30.57343689,17.42579315,23.46651974,5.161649421,33.62574609,5.057478178,9.100970331,5.956126736,41.01408533
497001,18.04093264,43.41838391,6.47643775,44.87364796,183.3242427,320.4001619,5.573868193,36.85213365,1053.402897,2748.646825,6.094672342,39.0870954,3.03227E+11,6.6094E+11,5.193785545,29.23940517,20.83371003,34.25297417,5.165323175,29.7744564,5.996421218,11.83766296,5.285094289,30.77067494
497501,17.05868244,37.90947523,6.526226285,46.32652504,172.7664404,287.5745972,5.671807248,38.59811197,851.9746481,1647.603053,5.965190026,40.59946739,1.90923E+11,3.18872E+11,5.366051649,34.73767872,15.39004289,22.62048666,5.299622493,34.24398773,7.326308941,19.31314357,6.216942299,40.85679509
498001,17.14776173,37.24793894,6.457065204,45.84669259,199.7673291,410.4015559,5.677690354,35.87678721,864.512909,1510.513725,5.143254303,31.31959531,1.711E+11,2.80642E+11,4.751537038,27.50106639,12.2609618,19.03420434,5.49978889,36.52728336,7.569505473,21.38347245,6.531772864,44.71979437
498501,17.06599858,39.0090396,6.513891335,45.86956406,280.8936856,822.52666,6.232051298,40.7293794,795.8562989,1529.519485,6.149273442,42.77352944,1.33953E+11,1.98485E+11,4.319537705,22.77064564,10.00457755,17.773278,6.056241907,42.1910478,8.08758721,22.70421246,6.639784919,46.28291547
499001,17.08456137,40.09450983,6.610165806,47.11247086,342.1641564,1039.964094,5.600680813,32.25356831,815.803374,1808.935849,6.530549114,46.94629467,1.37288E+11,2.86878E+11,5.154595747,28.26617085,10.11117825,19.9077179,6.273192473,44.3854769,8.691071926,21.58547737,6.049789113,39.11654745
499501,17.42543761,43.22231267,6.595573098,46.38056958,219.7146384,424.6766044,5.892463918,40.107318,912.3458325,2508.759657,6.49432391,44.22895322,1.79207E+11,5.27141E+11,6.025025954,38.34439937,11.82855315,24.79968758,6.226443725,42.41225618,7.431350405,14.14627107,6.080383482,42.45187834
500001,17.45715989,43.19759523,6.553667961,45.78154531,263.909617,617.0656783,5.343469585,30.21075681,939.521962,2466.709648,6.288861385,41.97915743,2.24653E+11,6.91847E+11,5.774525124,34.52784649,13.35439207,25.86825386,6.043528749,40.73034685,7.742884584,15.60389564,5.850900103,38.92304601
500501,16.90078498,39.5340793,6.543293593,46.10408199,324.507618,1015.181804,6.039454545,38.19279864,824.9155023,1888.526999,6.453784117,45.11005733,1.76315E+11,4.25068E+11,5.663168712,34.26718965,15.47453029,21.23160881,5.037692117,32.35487206,8.304165225,22.16666119,6.645047049,46.62330035
501001,16.51455413,36.65253125,6.519370393,46.31900264,370.0075851,1263.421787,5.628623175,32.32652187,776.8725935,1571.441822,6.374934247,45.64554825,1.08271E+11,1.61152E+11,5.01215152,31.37699357,25.9018596,26.892147,3.570841156,18.06853411,9.395438268,28.61737198,6.501910487,43.93546814
501501,16.39907144,36.54781285,6.531593123,46.40337824,212.8706028,480.3439441,4.694541317,22.9106944,819.5944318,1753.622021,6.37784374,44.6877196,96663939134,1.40119E+11,4.148517001,20.00850525,40.7980059,47.64891081,4.468185629,26.29600091,9.515259695,27.69791151,6.353228426,42.16943865
502001,16.46900021,37.78856699,6.552351284,46.42154005,157.4069941,288.4390347,5.403640261,33.99089005,842.432944,1688.811186,6.098165925,41.45668499,83659962133,1.13128E+11,4.366548785,24.58475722,43.05730139,51.525912,3.450311183,14.95292454,7.915390013,19.09990895,6.439491649,44.31552319
502501,16.64263911,39.39926616,6.567790419,46.35987358,135.2323742,203.2490954,5.019241025,31.57239086,887.7506705,1725.823478,6.112373413,42.27802475,84264333227,1.22756E+11,4.796768497,28.79972947,30.32914433,33.03661956,2.352860023,7.70829017,7.2098867,13.85244632,6.0106418,41.15849386
503001,16.63528009,39.76320381,6.570616504,46.30774203,149.4535347,259.5141586,5.523076702,35.34161413,973.5010205,2028.810813,5.917717932,38.21165258,96616428646,1.5507E+11,4.952536465,28.52009671,24.54976459,28.0507374,2.783643903,10.47337973,7.012397002,13.1445332,6.289129494,44.9116442
503501,16.54046045,39.0030114,6.579624317,46.5767928,145.3541818,264.6817453,6.156709012,42.60242512,853.1627478,1524.553861,6.129745138,43.41832762,1.03846E+11,1.16691E+11,3.880995685,21.88528475,25.50745262,26.43259618,2.804477685,11.33534828,7.519386987,15.97776612,6.470216512,45.56274407
504001,16.58043426,39.48242655,6.614557106,46.97669098,135.4943365,287.733256,6.251573627,42.61163119,936.145241,1895.971298,6.171061607,42.79028595,1.21631E+11,1.65991E+11,4.928891701,31.39855071,35.42896802,35.06592029,1.818832799,4.216731876,7.629509527,16.29350805,5.962772523,38.96656465
504501,16.5370583,39.18988394,6.466326198,44.92091304,122.562483,244.5810465,5.815198684,38.12902381,1076.184958,2389.802178,5.645143918,34.36726807,1.32424E+11,2.27783E+11,4.799697745,26.0009548,68.79428421,63.86332436,1.225331066,0.495408384,7.046859802,14.99386701,6.105023158,42.02445268
505001,15.95904095,36.16704888,6.596949016,47.33429418,115.4647557,199.1428468,5.492480846,35.99594049,979.2435337,1875.152378,6.021627602,41.33643186,91487222297,1.31827E+11,4.891456241,31.00770078,145.9254022,121.7032994,1.205283005,1.215816201,7.670767032,17.3982416,5.844610088,36.9135495
505501,16.33168072,38.75724296,6.535699049,45.89604345,112.4095227,182.2353829,5.733529691,39.14834673,1030.444378,1903.811413,5.63407334,37.13914521,85699592148,1.32168E+11,5.011645864,31.85906846,263.7792043,227.9001169,1.696720315,3.760263896,6.725332316,10.92164506,5.338176607,34.86552061
506001,16.19309702,37.73718087,6.475400128,45.09883612,113.6510001,214.7745469,6.074429521,42.06653598,1121.435536,2185.728591,5.987964766,40.86517068,85933652426,1.61474E+11,5.906864881,39.80985774,337.0145128,304.6102308,1.44582726,1.669724324,7.571037047,13.84130176,5.046816805,28.31071074
506501,15.49160696,33.67547907,6.485984867,46.02336169,121.5708373,271.3236667,5.576297728,33.44498759,1131.027289,2353.669529,5.001663418,26.52346839,83340595483,1.69435E+11,5.19275635,29.18787992,296.6425475,325.4605919,2.355285343,7.71165678,9.397452042,24.55068802,6.447172329,44.31665857
507001,15.52525265,33.71966982,6.509015819,46.48112929,98.53745077,178.7484762,5.916456246,40.68692591,825.2810242,1409.924207,4.704177742,24.72349394,54215156300,71090756531,4.187128066,23.83683116,126.7243124,116.1459273,0.874671502,-0.172169488,11.87525811,36.10063376,5.807488325,34.68600433
507501,15.8857909,36.73824191,6.513205893,45.78338909,103.7589043,190.0984868,5.992576532,41.53425349,746.1755249,1334.948786,5.879031668,40.30081751,53883710213,71313018750,3.780007863,17.57563138,58.82606271,54.73945199,1.336487712,1.208968359,9.183646364,24.20179067,6.65268215,46.71938616
508001,16.05876876,38.184938,6.591451039,46.66315866,110.3619793,228.9088482,6.191991845,42.07701441,809.2878765,1816.208906,6.533918556,46.58993495,57480575734,81570922703,4.957323452,31.23381527,52.88959985,36.91596017,0.958576202,0.945197707,9.073957011,20.12503524,5.977931887,38.2053059
508501,16.25086788,38.88366552,6.517544468,45.50834206,107.7245189,225.7126204,6.346438772,44.25672367,962.7509088,2430.157288,5.954948376,37.36018658,76133931039,99355977703,4.237643056,23.54318424,53.43817657,32.39015873,2.857353143,14.92921578,7.441134922,10.69640141,4.070831883,19.7391389
509001,16.86418914,36.60328224,6.663875804,47.83358972,185.7358925,219.1648269,5.650462455,37.55763825,1135.751392,1576.03707,6.11469205,43.25484113,2.08943E+11,1.58725E+11,2.926719914,14.80841569,36.56842242,26.83062052,2.700218146,11.77793229,12.60100258,13.69104789,4.584418788,24.41440734
509501,24.64459206,37.55584452,6.358956288,44.41150363,445.3213402,263.9664881,1.608371385,4.570741792,2760.733743,1814.623703,2.525826982,12.9303978,5.58343E+11,3.67795E+11,1.654777503,4.102888106,48.13704176,29.07715568,1.553889182,3.960690515,31.38423174,22.64623706,3.184458736,16.56177836
510001,32.76261694,38.5695497,5.90728542,40.10654735,638.7243877,341.3462748,0.999886973,0.967651705,4031.211878,2195.674721,0.76710321,1.79305279,7.4885E+11,4.43518E+11,0.846191757,0.501105681,65.94406539,37.19424675,0.83290332,0.740194466,43.65640742,28.95340775,2.489696691,11.28051128
510501,26.50557638,32.38134139,6.5087249,47.83269916,505.69918,289.7257672,1.204261945,1.867904991,3188.836303,1713.616159,1.162936199,4.240543218,5.65539E+11,3.43783E+11,0.889119915,0.493598367,48.65553859,25.84607883,0.617333585,0.390178469,32.91546563,20.93410416,2.288500516,10.76737611
