Time (cycle),Amplitude_Mean,Amplitude_Standard_deviation,Amplitude_Skewness,Amplitude_Kurtosis,Counts_Mean,Counts_Standard_deviation,Counts_Skewness,Counts_Kurtosis,Duration_Mean,Duration_Standard_deviation,Duration_Skewness,Duration_Kurtosis,Energy_Mean,Energy_Standard_deviation,Energy_Skewness,Energy_Kurtosis,Rise-Time_Mean,Rise-Time_Standard_deviation,Rise-Time_Skewness,Rise-Time_Kurtosis,RMS_Mean,RMS_Standard_deviation,RMS_Skewness,RMS_Kurtosis
501,22.27566008,19.73170639,1.61104507,2.956872849,159.2467444,89.05462372,2.566160062,9.240051432,2144.808576,1690.952908,1.944648636,4.778419025,5.05259E+12,2.69163E+12,1.165300441,2.22344301,27.13314763,19.21847811,1.068162202,0.79796091,3.785161581,2.733298266,1.283672427,1.181438932
1001,30.62429989,40.93878348,4.401899004,24.92482887,147.0621648,95.11223334,2.71405296,9.442322845,2811.454227,2567.67685,1.933115427,3.819923049,8.41351E+12,8.81145E+12,2.891208359,8.643423863,30.671696,22.6697058,1.07628434,0.485275098,5.137739463,6.351032646,4.188200552,21.31225342
1501,24.56178421,42.0001326,4.98749137,29.00708309,85.9462553,68.90727965,2.42386306,6.090117032,2455.377266,2976.291783,1.994200431,2.930768006,1.19124E+13,2.225E+13,2.945257127,7.696885022,19.06984584,15.25159609,1.51764657,2.051454317,3.440033687,4.820971911,4.781265089,27.17761831
2001,18.91378693,49.22993725,5.888629401,36.37026267,45.64423217,85.56464249,4.105376871,18.57879766,2054.463788,4543.931877,3.522677919,13.78799691,1.26529E+13,3.00955E+13,3.020762967,8.211147579,7.260928223,8.136454593,3.501949019,15.15861842,2.100621301,4.355667921,5.836960991,38.60066766
2501,14.17409169,30.254565,6.45464535,46.15839503,16.13575596,41.62267465,4.686538105,23.99784085,963.2384241,2440.444555,4.203536915,19.0284952,6.55957E+12,1.77776E+13,3.764412141,14.72486186,4.714080067,7.918937137,4.428175422,21.92333997,2.251507502,4.259703405,3.628723265,13.17038538
3001,15.30940744,31.59599483,5.95011098,40.24669679,10.68668699,22.69273918,4.762028269,25.85322537,596.6819571,1238.37042,3.881979491,15.80983777,7.53736E+11,1.73387E+12,3.002875849,8.141365439,5.376574697,11.02445601,5.529312587,34.56081281,2.381084069,4.834350811,4.768268691,27.80937406
3501,15.46051876,34.10854573,6.006234835,39.33466572,9.516807598,16.00071472,2.925068719,7.71009995,631.5550442,1245.898113,3.148850343,9.366088598,58929270340,1.58231E+11,5.778499313,35.91814852,6.114135239,10.23036324,3.46330993,13.40818762,1.924617017,4.063661824,5.62254901,35.46785609
4001,13.91726863,28.80167931,6.280697227,44.44191209,8.966795741,18.24136424,4.035791508,18.99141637,645.2136492,1517.459766,3.892307911,17.0268736,23635173727,34207633675,4.022979174,19.50802305,6.820676242,14.96766379,5.041869936,29.22950291,2.267686531,5.776166581,5.737259786,35.48272606
4501,15.19181687,37.43390579,6.594232944,46.61287538,10.31942749,32.85118716,6.122484463,39.69158398,681.364349,2053.576397,5.294625042,30.57626675,13660824140,17686978003,3.641444274,16.63598156,8.291352826,25.68222294,6.022267744,37.96786178,2.16344854,5.464371098,6.400520885,43.77080202
5001,17.166501,44.92137877,6.100504825,39.62602176,17.99611781,64.49221519,5.069275592,25.56063072,1077.062241,3996.908378,5.057160418,25.30470431,1.38878E+11,25058590408,-1.83868427,3.846629025,10.74805815,35.94009534,5.435689128,30.17651278,1.994016605,4.52609959,6.459002745,45.16789133
5501,14.50266002,32.70753867,6.324828322,43.33352122,11.87212769,27.01730663,4.102172478,17.42661784,708.9307031,1815.798066,4.639148168,22.56123164,6.73447E+11,1.3024E+11,-3.981221777,15.27853911,8.140496655,21.14661273,5.865696917,36.25070573,2.124280608,4.913962346,6.038689467,40.38083784
6001,14.51269333,28.29919127,5.712409142,37.16129892,12.40752142,29.51640651,4.913033165,27.57806381,687.9283787,1505.483601,4.360814215,21.2093866,1.51673E+12,2.85679E+11,-4.206942317,17.0856889,7.817522865,11.72969973,3.687362911,15.33265679,2.514575386,7.846600377,6.511702818,43.94023565
6501,15.06527834,33.74088582,6.377168136,44.18285351,9.086871625,16.15969564,3.990134311,17.41737879,447.1612643,674.9502963,3.596386708,14.37813823,1.59718E+12,2.47628E+11,-2.700161174,15.86435613,7.950048667,13.11562849,4.349947982,21.27190664,2.989293161,8.909041845,5.651738668,33.38244208
7001,14.89813132,33.85241912,6.461479993,45.13206156,8.777376891,15.61044335,3.393010637,11.9593399,428.3818454,688.9756441,3.39960744,12.85108644,8.05163E+11,3.00823E+11,2.892939341,15.79075952,8.161094328,17.6837042,5.267383303,30.85120844,2.124397582,4.088769958,5.080467765,29.18240542
7501,15.25296682,35.69836614,6.557702174,47.07706402,10.53213366,24.97326762,4.569409448,22.67242122,537.1777275,1250.175469,4.987940695,28.61468768,2.12077E+11,2.53516E+11,4.938640108,28.50360273,8.210036957,21.33051568,6.480295193,45.1223516,2.331253331,4.745093167,5.372079531,34.16045336
8001,16.98896007,48.91691547,6.6074553,45.61707916,17.96021104,60.37397198,5.336308016,29.86789802,1118.655893,3980.033421,5.329761625,29.39704166,1.41623E+11,5.08134E+11,4.624570283,20.84344488,10.35595807,26.03124722,5.678984021,35.04079217,2.047217061,4.705187477,6.168011437,41.42302689
8501,17.89417849,49.89956237,6.200997767,40.40378948,18.55290556,64.05111425,5.065888978,26.24795036,1121.869965,3944.563514,5.077224727,26.32046697,1.48192E+11,5.63561E+11,4.958884992,24.48437732,11.59423355,20.40559253,4.305918731,24.33783141,2.400703047,5.951420094,5.317047839,30.21941699
9001,14.81789997,35.76522763,6.65360198,47.7821128,10.22835188,28.24152861,4.78051195,24.93423517,567.9530588,1470.227383,4.688262551,24.1850159,84445764467,2.1694E+11,5.293148169,29.34822845,14.9347946,30.5212247,4.622786309,26.84997071,2.091361348,4.669509211,5.984364928,40.12894504
9501,15.09181348,34.6076444,6.417647941,44.48265822,12.82800178,35.28536529,5.247369285,30.47681862,680.6972696,1695.802988,4.740529672,24.85185282,81949203117,85980486235,3.70993117,15.9270767,20.03660785,58.45985097,5.155132969,28.29383294,1.972954686,4.583749565,6.512577875,45.82714293
10001,14.48389013,25.97755582,5.371266826,33.55176637,15.11895752,42.44401147,5.724458152,35.21667891,728.2748233,1889.752844,5.693715949,35.40491334,93466734953,85906739058,1.418377342,1.397419343,12.677853,29.57194839,4.942117993,27.21050997,2.019155907,4.757054277,6.582371832,46.88591809
10501,13.75490194,23.46242713,4.804829642,25.58942869,12.93362295,30.1622586,5.013763244,26.6434238,613.783218,1411.2067,5.427157565,32.58928527,2.11587E+11,2.6734E+11,2.493231544,7.853271113,10.50941266,25.49467335,6.595581634,48.06956665,2.034590875,5.103004667,6.491982309,44.79702087
11001,13.63611173,28.53325865,6.534240494,47.60916066,13.59887174,36.39381327,6.557702642,47.09318503,608.6319616,1537.189344,6.024741886,40.59968097,5.58623E+11,1.12873E+12,4.139789479,18.27155128,9.153973952,18.33406477,4.702434466,23.92242582,1.947624749,4.743030228,6.627988604,46.97747247
11501,17.39486807,52.14660961,6.453862244,43.34734519,30.98030841,97.51000435,4.876198323,23.68082671,1215.79019,4210.038185,5.100389186,26.30639986,1.13636E+12,3.15847E+12,4.260473622,17.70798447,12.15124831,39.88588629,6.207537173,40.13273021,1.89803756,4.270055175,6.313640498,43.29196054
12001,19.58350512,58.34008243,5.824007461,35.28193118,42.86077529,141.1155545,5.014110138,25.32871288,1558.515877,5495.963954,5.015085877,25.41271027,1.26912E+12,4.27514E+12,4.783838774,22.87202535,19.12418028,61.01915761,5.365931835,29.59784012,1.860024931,3.90099347,6.250731787,43.9532009
12501,14.26446503,33.10891631,6.605550479,47.42163086,21.90958922,41.99278428,3.149318676,9.56611964,751.8888512,1530.187567,3.39916448,13.37294262,5.35482E+11,1.71478E+12,4.734285092,22.71804872,13.27430361,22.87286701,3.187986728,11.28445797,2.035431956,4.417720394,5.485864912,33.06409306
13001,14.68852225,31.68478336,6.053944839,40.97508063,17.92031903,44.23986178,4.598667684,25.168103,824.8341486,1884.022781,3.897531241,17.90464825,95527792511,2.55079E+11,5.395151171,32.85061053,13.3402689,29.89879764,5.542264004,36.51840185,1.988225707,3.506798847,4.366982305,22.1228816
13501,14.89960422,31.72965013,5.910879463,38.77169774,12.9771895,34.90504548,4.766788063,23.79589266,711.0875866,1914.709212,4.777504599,23.82447885,19334766388,30186899285,3.772475799,15.81431823,11.99375732,29.90844064,5.430914937,32.22201185,2.285754414,4.90890342,5.069710767,29.03995349
14001,13.67828635,28.1321337,6.099913922,41.90604811,6.194456425,9.726489176,3.983619086,19.00711811,343.7643089,511.1327376,3.464192225,14.49775869,11489371994,14298564941,3.591875899,16.60235258,12.40202903,35.57662571,5.392698723,29.9711533,2.460796952,5.259954505,4.590145859,23.03437947
14501,13.40023193,29.74941202,6.458421423,45.42040073,5.670287821,9.042715523,4.668715599,27.89242507,324.2552711,502.2882091,4.097140678,21.44469717,7437216051,9961620876,4.330818457,24.52693828,8.922525892,15.62247775,4.255608644,21.90180408,2.562784477,5.56163864,5.114664522,29.24168317
15001,13.61016889,32.47996229,6.587949648,46.743539,6.235011076,12.90674476,5.203655998,31.66824787,334.3265177,654.5427551,4.928449086,29.21751218,5527941406,9083010033,5.702305253,38.70418371,11.95249861,18.57857819,2.65965199,6.885047035,3.093006193,7.019445911,4.676521238,23.09607096
15501,13.77839982,33.70970147,6.46063038,44.68002428,8.512849797,26.35737472,5.453888468,30.68861887,402.1940123,1221.286933,5.570324542,32.20708533,4667153951,8478952903,5.744993202,37.94265629,13.48614776,21.57025625,2.956346026,10.00295286,2.684063093,5.169735786,4.627078398,24.13359247
16001,13.76519521,34.23409283,6.64130528,47.39403414,6.40805008,19.60403895,6.225723554,41.78805494,289.2592622,900.1096245,6.39008365,43.07659,3870605120,6991728654,6.054947179,42.28598789,11.87557283,23.41803467,4.369606796,21.9807081,2.918444374,7.028582458,6.02547403,40.48328748
16501,14.8663483,36.62458756,6.04610619,38.88568669,7.513128683,22.71795418,5.68472645,34.23415574,297.625254,821.0390673,5.881074333,36.29256906,3874799224,6647145527,5.572079564,35.7989376,7.682202833,16.74834305,5.613693037,36.19346862,4.853415485,14.0972322,5.07551307,26.96385345
17001,12.28610609,22.53616406,6.124444703,42.90802121,6.469609028,15.66181143,5.754478788,37.10249266,289.4902075,603.3180299,5.478520668,34.78984115,3867954884,4503330071,3.389482333,15.40342841,6.626817399,15.50180152,6.292030531,43.76534701,4.067751402,9.439787891,5.017394471,28.12819051
17501,12.85197366,22.18327352,5.287073933,32.91048319,5.901918898,10.7508818,5.146828188,32.56988131,361.0830122,718.631865,4.451178194,24.43309523,4946874942,5661700261,2.090062435,4.264338034,7.604078343,21.01539577,6.31119233,43.84264799,3.897554485,7.909878778,4.282745195,20.46085714
18001,12.96492069,26.4916048,6.326182565,44.44988442,7.689029942,11.24104056,2.083714446,3.326587522,497.5759738,921.1699864,2.770482216,7.555797332,8862572910,12023262833,2.142798953,4.127037058,10.15717879,33.61103317,5.719704786,33.69554637,3.669151882,8.814752275,5.643547473,34.37978239
18501,14.7309877,36.34376262,6.551957004,46.35491282,12.77107648,25.29626062,2.904606221,8.481179045,656.6416772,1403.926641,3.027493738,8.865297313,17530201188,32003164704,2.544118228,5.92909463,7.145430955,16.73034701,4.695420639,23.21496233,2.933487182,5.961061108,6.097053167,41.91060913
19001,17.73436805,48.0915614,5.960029951,37.45937141,19.80199618,45.58211398,3.196139627,10.38609498,715.0516581,1585.528778,3.182017285,9.770811825,28576836266,63223736857,3.026822917,8.861995228,4.843420995,6.782102556,2.873525497,8.253148686,3.028632442,6.216783826,5.790425246,37.97181901
19501,15.28607109,32.09331312,5.929224534,40.49152992,17.18751625,37.04252017,2.931074363,7.967945974,717.9146403,1491.765752,2.880441986,7.6283995,28253497794,59878472752,2.802692255,7.212897875,5.179178541,8.914213375,3.931498765,17.74243315,3.305339787,8.484857645,6.537600608,45.25223311
20001,17.50761804,43.92601845,5.815173313,36.98799295,13.19697893,29.95951884,3.649517064,14.38349514,548.6421838,1193.322764,3.619389935,14.15486196,25970847450,68583856950,4.728840344,25.82606007,4.234491121,7.910192101,4.705009096,25.90849625,3.853020209,9.635226055,6.056572919,39.32238273
20501,21.1494218,62.60820738,5.659350176,33.64218179,16.46503175,61.38671892,4.982715435,24.30281392,680.2841823,2474.635729,4.986334967,24.35264296,46022102293,1.82589E+11,5.022109813,24.96374701,5.559516838,15.74779733,4.930855456,24.33534245,3.478598389,7.020191217,5.71621852,36.32560999
21001,17.5616193,48.80761481,6.320718097,41.95885203,11.40183104,44.58594838,6.10420831,38.16642427,476.6149161,1768.254607,6.170239853,39.34954434,26300436996,1.05785E+11,5.49943879,30.33139563,4.637603952,12.09242391,6.130290307,40.8331347,3.877634302,7.068596667,4.410348751,21.86291939
21501,13.90545596,28.4392284,6.253306108,43.3774797,8.541638412,24.02395033,5.140056213,27.48005498,380.2300046,1062.46414,4.890629353,23.48694687,8315184511,17979824175,5.15939676,30.69667308,4.297471272,9.381976326,5.644371638,35.0295178,4.182452934,10.840524,6.301916739,43.55270358
22001,13.24312229,23.07565046,5.072896252,29.47542084,5.683572293,12.68571045,6.015496657,40.79787559,242.3733677,440.7658048,5.286339341,32.80616557,5589930657,9307747658,5.569714511,37.79223905,3.993449672,7.527658811,5.076316227,28.00083035,6.792172556,23.6817699,5.503217324,31.04894184
22501,12.74025355,25.84183188,6.429326991,46.48072838,5.025759945,10.1900836,4.700983774,25.67864764,266.6875174,553.9879929,4.641497366,24.03126568,4282955043,5689455561,3.434594105,13.47838961,3.900389963,8.640582075,6.634719592,48.17516229,6.01891111,21.93241452,6.130910039,38.38755749
23001,14.65744208,39.06254668,6.349083221,42.37528401,7.126470029,19.85780843,4.912375797,26.2222354,345.1538636,914.7639694,4.78567161,24.86998095,4591804162,8583004099,5.245912771,30.56714693,4.679175709,13.0122231,6.339968388,42.0248246,4.172276707,10.26551692,5.524939265,33.51527897
23501,14.73484022,33.30924539,5.682034013,35.39134442,7.075141602,18.92495556,4.54014849,20.91621072,343.7714588,882.2057045,4.459163489,19.68978128,5545007137,7809217230,3.611680248,15.29610911,4.575170865,10.53229731,5.679111394,35.22673052,3.520038712,6.722756287,4.706590616,23.82640373
24001,13.49481305,24.27304434,5.435653488,34.6931796,5.144551228,8.682806735,4.485234606,23.49562323,268.3747291,424.4323099,3.862247316,17.21904446,9345915851,17108010556,4.175694881,20.37344436,4.13213891,7.613396933,5.354005383,33.22311398,2.928487603,5.183359519,5.704193131,38.0781903
24501,12.76361682,22.4267569,5.964446866,41.63075104,6.181424149,10.91147171,3.708381813,14.5815999,351.9465381,647.6608967,3.674869043,14.402804,39126977088,97658517496,4.296538571,19.73386494,3.811386704,7.157359802,6.212308982,44.0698036,2.713647015,5.293156209,6.156890374,42.92719027
25001,14.18934702,31.81173593,6.407805139,45.6077996,9.887650248,23.61463569,3.637240257,12.72695981,625.0677231,1562.497277,3.612914121,12.18066336,1.13191E+11,3.11165E+11,3.776761599,13.99231575,4.085237734,9.72543417,6.648930221,48.19826694,2.649152064,6.137536504,6.656893063,47.97442549
25501,18.37419933,55.68347839,6.183678173,39.67301764,20.02639967,71.06430598,5.00685414,26.01836571,1288.226614,4433.821407,4.741001913,23.38440713,2.02864E+11,6.44804E+11,3.981832848,15.23288211,5.02700501,15.28709497,6.136068181,39.02700132,2.933166189,7.711492105,6.422158724,43.4861636
26001,16.85645614,47.38658911,6.309810659,42.05812726,13.31621809,45.0101678,4.787592408,23.8133839,851.5825668,2768.538118,4.112670222,16.19699536,1.41402E+11,4.85364E+11,4.57042514,21.06977975,4.091812336,10.41198938,6.201158464,41.50074825,2.80678885,6.550837932,6.302117694,42.93025571
26501,16.13188471,41.15887255,6.381574802,44.37297116,9.753698098,31.62590143,5.004196408,25.5779444,501.8933509,1612.579636,5.179958537,28.56018078,29387419230,86789886365,4.483455878,20.51520044,4.264061616,9.305262229,5.654392328,36.17461456,2.538704959,5.488427421,6.139647826,42.18068
27001,16.59494015,42.43349009,6.052768127,38.78181828,12.20406318,39.17800712,5.255124758,29.64086749,503.4875066,1484.325325,5.068162808,27.79578768,6294465050,9975082532,4.196670194,21.05426865,5.135371501,10.17894777,4.580333335,22.35510499,2.378279373,6.41406668,6.768737259,49.34610516
27501,12.82164182,22.40525617,5.694552187,38.11835318,9.39678209,28.84878553,5.555201917,32.92612311,388.8573851,1091.223212,5.485930915,32.41729546,4645611320,5890640552,3.053259001,10.30746562,5.123664987,8.602551101,4.376487419,21.58863806,3.194934517,11.51238108,6.560182834,44.99810405
28001,13.62103234,25.8970725,4.983252463,26.72320315,7.650586272,20.83283176,5.035473835,27.34060978,342.6238046,907.5996303,5.177674627,29.40908476,3532168971,4904444579,3.908288467,17.98019541,5.137152179,8.899084239,4.810144156,28.31841704,4.680887297,16.69330706,5.420254513,30.3750371
28501,14.193513,32.60916086,6.114335116,40.56185231,5.858033252,14.7298571,4.357389327,18.58796812,288.4171454,751.2071832,4.43589081,19.13365341,3039048780,4854598069,5.397203466,34.96147744,7.592826744,21.79592894,5.073340993,26.06510878,2.312610655,5.821090282,5.375083071,32.72489126
29001,13.4847225,33.48456266,6.518670727,45.27975285,4.064267426,11.34144856,5.827304222,35.5836027,213.652024,628.9893918,5.816577821,35.16635418,2945749849,5386590495,6.008830001,41.27209375,9.375126932,35.89372622,6.336510845,41.15729059,1.718930261,3.045380313,4.711088634,25.18024641
29501,13.66306546,33.89033094,6.629186508,47.03654987,3.886231936,10.20482078,6.276629982,42.81325345,195.1540318,507.6537783,6.297198686,43.01559956,3139186011,6004858425,6.143940533,42.49282171,12.71337453,47.83689503,5.922282316,35.87828793,1.333038097,1.553031583,3.276672939,13.94590876
30001,14.28155324,35.05628179,6.354085604,42.97917602,4.679874351,11.01543506,5.283394617,29.72645618,219.2607402,490.5612788,5.451927819,31.98864766,3523987988,6199057807,5.761861425,38.13158896,12.91435805,39.44468293,5.512764401,31.76794964,1.295508087,1.763312121,4.029705095,20.6504346
30501,12.65998902,25.66169686,6.342028974,44.62719057,4.152845699,6.383691616,4.007702448,18.9734107,199.0211093,286.6918401,3.992777614,19.44693255,3707919726,5388175235,5.214651478,33.92447984,11.47691864,26.09607023,4.288785136,19.40539994,1.550471973,3.387642332,5.886712418,38.28349439
31001,13.18624832,25.74857261,5.727387015,37.42856401,4.637898949,9.523018731,5.887143372,40.77882608,228.6062888,461.7451083,5.915761501,41.05030428,4904155543,6761647423,3.521430998,15.84398193,13.65897381,34.43110872,4.399572828,20.6648075,2.328205995,6.802632585,5.939848167,37.24543786
31501,13.68813565,31.92548092,6.482992789,45.2527374,6.507768427,16.12596259,4.817515487,24.08686347,323.1556441,783.3516764,4.808705379,24.8084977,14229944412,18819902054,1.692377021,2.41849806,15.99047949,44.91532644,4.458422115,20.57115555,2.851484168,9.234268452,6.52636832,44.55040003
32001,14.38182413,36.92094684,6.59741997,46.15268749,8.65480543,26.68757739,6.003242669,37.65179616,495.277043,1584.58407,5.835279241,35.4942368,29030916729,43569620510,2.525194743,8.619010214,8.85530083,20.43498744,5.385775296,33.11011149,3.668047125,12.42167757,6.224761861,39.98240806
32501,15.11986478,36.99171922,6.315561472,42.54772748,8.888161297,23.54331002,4.946286709,24.78068041,492.9221084,1359.324721,4.742474094,22.22593995,30095698454,51748556271,3.260665611,13.02643588,9.798302394,25.27078492,5.179693391,28.2966566,3.423214784,9.10157793,5.803778653,35.95572528
33001,13.79674176,29.31033819,6.466093796,46.05740587,6.425377678,12.03097824,4.847656003,25.50505814,337.5939709,662.0085813,5.113405412,29.35932429,39573684853,69841228851,2.901101301,8.794425088,11.17335895,33.18580844,5.732053658,34.78154769,2.942981909,5.707441971,5.493041424,34.68190244
33501,13.95910339,29.33093699,6.388510282,45.64810957,6.703257174,12.5269523,4.672863901,24.81755879,365.0638251,675.5233043,4.186577881,19.66088876,1.14726E+11,2.42751E+11,2.851517277,7.644861078,10.70098039,33.2099859,6.463683503,43.49311912,2.686886193,4.994170631,6.107036961,43.07781858
34001,15.26204556,39.58576051,6.725260265,48.01967456,11.17293889,28.42991613,5.691033186,36.54388933,610.5014703,1565.596688,5.50230102,34.28600879,2.48508E+11,5.00159E+11,2.530618971,5.526591119,10.60494003,24.08257885,4.600536517,21.38135847,2.853731332,6.820971784,6.565237451,47.01535354
34501,17.7263023,48.02879269,5.965154838,37.41045847,19.51818872,52.75618283,5.069761105,27.1596714,959.9628487,2714.458289,5.096983247,26.93041657,2.9693E+11,5.4714E+11,2.525356509,5.742165212,9.241054266,18.32337723,5.602038981,37.05382912,3.594743083,11.07904968,6.25928774,40.8525824
35001,14.51635861,34.15925718,6.596497292,47.18502824,12.39412941,20.14433463,3.511774942,16.76618264,564.9920955,972.4195956,4.195246107,23.25448635,2.07963E+11,3.26251E+11,2.232114974,4.842756044,8.084884367,14.5859026,5.596206105,37.20813538,3.611345369,10.92201812,6.05330067,37.9291861
35501,14.46964188,32.29489554,6.467090296,45.55416344,9.359128772,14.96154153,3.398731119,14.17036948,423.9431015,648.4748603,4.055777606,22.08613132,1.13027E+11,1.56071E+11,1.72749966,2.505422006,10.70575046,30.39524756,5.860672956,36.02774501,2.65303182,5.491683418,6.319946385,44.48704316
36001,14.01316017,30.56780578,6.497406463,46.01929553,6.162846322,10.77446137,5.371986073,34.39506375,310.6532551,536.3381924,5.517543016,36.51873458,32946844372,47486952467,2.476331627,7.803384884,9.658673983,29.90694782,6.479682866,43.5458328,2.812517598,4.923827073,5.086209253,30.11092835
36501,13.8895697,29.76793273,6.441645293,45.49599815,5.725173546,10.36322534,5.907631847,40.36229602,296.5226891,570.68127,6.074560521,41.59870234,10745844677,20685213325,5.458758048,34.09822612,8.985305818,27.01387236,6.807628579,48.61505852,2.575237536,4.763705929,5.882632164,39.61928658
37001,13.82100076,29.98802651,6.515608595,46.53033269,5.69873764,10.8532085,6.211476634,43.75592122,290.8275251,582.6541714,6.321822795,44.96646893,8475469431,12374089686,3.976003691,18.66983051,9.22795308,29.62744448,6.631523567,45.51353422,2.526902367,5.50724845,5.863561946,38.63177887
37501,14.45729963,34.12640334,6.617123523,47.19387247,6.271151611,13.18403279,6.398276878,45.21234452,323.4258507,754.337504,6.569083416,46.76004529,14498613826,24394201986,4.146829831,20.17058254,9.642948126,25.55312292,5.976658951,37.59784732,3.551391051,11.29442314,6.513293039,45.09755574
38001,15.73006565,39.67040249,6.484535571,44.62883559,11.64069551,18.34721942,4.807480795,25.60039961,544.1091648,1002.245955,5.763103869,36.66457002,75056051833,67342593844,3.060198081,11.46875139,25.89188754,10.37347917,4.41034783,27.66912781,7.045536179,21.99391033,5.090066133,26.70094342
38501,16.55152319,35.76996472,6.150343596,41.45195096,31.76079854,43.13779071,5.838345671,38.01086066,1152.89228,931.1007983,2.800338067,9.956915021,2.53735E+11,1.58544E+11,1.741216129,6.302271927,82.80186118,16.3338949,-0.612939221,5.660809273,7.029236384,9.696462385,3.655291998,14.56567306
39001,19.38428222,35.22901602,5.592425298,36.69334629,61.47631196,83.42268431,6.269783594,42.86643458,1905.41806,1467.538212,2.312234643,6.646833993,5.01851E+11,2.792E+11,0.869610835,1.635890186,126.7009786,27.61309408,-0.238541591,5.506862249,10.57375512,17.2829832,4.998525285,29.45725081
39501,17.31204702,33.96072531,6.037583753,41.81685786,74.35379891,89.85393094,6.249803212,42.6929802,1749.878791,1404.424054,2.352170911,6.912417564,5.1708E+11,2.66769E+11,0.316198275,-0.083101495,101.9459907,24.3015225,0.825957359,5.394638173,7.918204935,10.85568431,3.122619833,9.742887732
40001,9.242025203,9.680869133,2.27556035,5.499655592,10.88991572,12.10297044,2.280232768,5.441055852,702.441125,750.5961317,2.265947303,5.364127241,2.31308E+11,2.1839E+11,2.165060824,4.13452024,28.02461729,27.44234514,1.975051461,3.481482047,2.102814971,1.143461545,2.241839415,8.455039289
40501,19.16547243,29.39685125,3.781012482,17.35132535,21.41770339,27.47757474,2.273834696,4.742983488,1402.854205,1691.685173,2.307205916,5.100961557,5.33165E+11,5.68622E+11,2.307680877,4.712054814,44.60434111,62.54548047,3.688283584,16.5067856,4.1288386,5.56822657,6.309868697,42.57424344
41001,25.34377984,58.33196548,4.822225866,24.74965474,25.99100479,49.59270501,3.848375889,15.67574907,1667.123786,2919.01732,3.665999376,14.17387133,7.04952E+11,1.12778E+12,3.59741245,13.55803619,44.08720282,75.54836694,4.168891828,19.05871832,4.773160137,9.332094116,6.09234714,38.49636247
41501,20.77587114,54.68315888,6.036384698,39.02228844,19.58748044,53.28544743,5.272815254,29.23685001,1268.959656,3404.308991,5.104129465,27.35994187,5.97638E+11,1.65389E+12,5.348962984,30.04356912,24.95455925,35.39202503,4.917573143,30.42924547,3.645713185,7.395756894,6.553609895,46.78921383
42001,18.76249756,50.14354694,6.570381811,45.67823335,12.58323406,38.69400285,6.409999604,42.97036113,826.477084,2850.079615,6.355218312,41.86935678,2.82485E+11,8.93277E+11,5.794837315,35.15811613,21.56447057,47.99355489,6.553517938,47.3766958,3.620845823,8.264160969,6.648537059,47.98812776
42501,17.72758734,44.3293837,6.556186919,45.70554259,10.40143416,27.65033151,6.388004186,42.96639879,698.8715951,2097.286102,5.882069858,36.11794525,1.92889E+11,4.01764E+11,4.383784454,22.01527748,24.19300234,72.89151421,6.039055273,37.9052662,3.992142573,10.28040868,6.520291022,44.99954938
43001,16.89941175,37.54736008,6.520697189,46.43142466,8.619470156,14.98827298,5.806366104,39.32414903,441.0447982,851.8003517,6.253062105,44.32119642,99033441809,1.31963E+11,2.041121677,4.243507173,19.36836997,43.78887698,4.681787534,22.17443436,4.021752694,9.70620445,6.404509442,44.00184568
43501,16.67613579,36.68858013,6.519613526,46.42427934,8.439558054,11.85701184,4.243299307,21.94099862,438.5976554,743.867085,4.856077277,26.58315477,34549896842,45041489702,2.664636331,9.197623032,13.50730005,18.9659924,3.968817876,18.65537476,3.900191005,8.689723052,6.433787798,45.47584579
44001,16.45637894,37.93318351,6.556114122,46.37278629,8.164458986,12.56671206,4.905269975,29.91952385,425.2550565,748.2337936,5.39314376,33.91035557,16463012227,19456767775,2.536874889,7.020383799,12.57510457,19.82741944,4.299735585,21.74362379,3.926938745,8.82781159,6.467403455,45.3083454
44501,15.91982304,38.22049552,6.654931462,47.68597228,8.569615743,20.39824046,6.217612983,43.06671139,377.5097994,668.374828,4.269261337,19.97304852,21530099090,45350228404,4.672541683,25.04186267,12.67673622,29.26552727,6.214386038,42.98286476,4.112261021,8.513706656,6.239317695,42.89186392
45001,16.45582522,45.82047793,6.837539643,49.35562736,13.42701889,43.77612214,6.055742568,39.70081814,648.2424119,1622.112861,3.72801531,13.4021388,45328677010,1.26547E+11,4.169560138,17.31426813,18.74780985,56.62030071,5.175598349,27.04975491,3.877163826,6.786636002,5.912515885,40.47527734
45501,19.65918343,59.19850423,6.140997812,39.10625959,25.75581032,90.12502442,5.426419262,31.27278846,1299.163045,4217.601387,4.609823578,22.4641974,89716524372,2.77582E+11,3.874122373,14.1283491,10.23846383,16.48870492,5.111350309,31.9445277,4.328023786,8.950042649,5.336883925,30.99248932
46001,15.94736204,32.36574884,4.980782967,27.58498891,24.06984762,81.12977829,5.260024442,28.84485841,1170.048904,3973.922204,4.992177279,25.67172234,74334180068,2.34244E+11,4.828452046,23.77089979,10.98161664,15.26700955,3.685084416,15.74760973,5.593263299,18.23378394,6.647217194,46.02967902
46501,14.7220447,26.29646903,4.825567022,25.58650191,12.88411763,30.06881909,4.618907153,22.72636267,542.0737831,1255.431132,4.943274673,27.09741344,48840371872,68424262788,3.273039573,12.66525595,10.31391362,14.51512015,4.366443475,24.38913751,9.238921967,33.43398995,5.452012277,30.19875695
47001,13.50010509,23.54430471,5.752771514,38.62168939,8.170370768,12.70290798,4.427040663,23.22748193,355.9997161,493.0989594,3.880037792,17.9998152,1.7277E+11,4.18476E+11,4.558779912,23.1038483,11.84040351,26.49280636,6.359827722,44.95735738,6.025580716,16.37642489,4.768805558,22.66659611
47501,13.14958242,26.35278328,6.304067706,44.60361652,9.913385057,20.5689175,4.020153555,17.99837777,410.7013225,846.7045698,4.518051528,23.08027495,9.43506E+11,2.5553E+12,4.095213009,17.04768212,19.28888214,57.4145727,5.419812947,30.17494376,5.097780657,13.00559121,5.532141505,35.02684662
48001,15.18520043,39.65468988,6.667719885,47.78527243,16.76045996,44.85220873,3.931938256,16.04743055,763.0646515,1985.294926,3.7271336,14.09183712,2.40038E+12,6.61727E+12,3.54828123,11.87498038,14.29327488,28.54560711,5.149190085,30.63246848,5.51359167,13.12985194,4.385292504,20.95910385
48501,20.31091142,60.44218655,5.734509747,33.88556742,29.31700053,97.34077884,4.760216231,23.71901218,1338.077203,4489.700333,4.809870219,24.18358569,3.13472E+12,9.56323E+12,3.89019142,14.68689612,16.50930098,40.29260939,5.576642933,34.48710248,8.82906098,24.40982692,4.156052315,17.74264749
49001,14.85632063,33.94087697,6.576944394,47.04039886,12.55915414,31.93907352,4.900474908,26.76683309,591.0980352,1456.838287,4.350094633,20.37735279,1.65293E+12,5.32245E+12,4.45621342,20.36248262,19.65683736,60.47061602,6.088480823,39.07345915,7.314294288,19.80282993,4.286279795,18.10586656
49501,15.59977487,31.87487317,5.930277616,40.00941372,9.113121175,21.70910925,6.206472561,42.68727707,413.8514332,888.4264331,5.541352324,34.78181698,1.99458E+11,4.78625E+11,3.63738663,13.30058879,29.94164905,92.03352498,4.966585214,25.57738226,4.559397052,9.002672648,3.625829777,12.79323907
50001,15.56551485,36.61601699,6.518272632,45.65999961,8.467092315,17.82720506,5.472850032,33.68567156,339.9185019,598.464485,5.476062077,35.14884853,23470969260,62484416359,6.957740755,52.22821868,21.51212368,47.6715925,3.677548527,13.11886825,6.678901066,21.76265764,5.004578688,24.54433011
50501,15.53814845,36.79575001,6.47059502,45.02260221,9.724003496,22.81724242,5.089925214,28.29350645,378.4707307,808.8743387,5.624077669,35.65087191,14998863121,18062234434,2.999190079,9.937805689,29.19306919,77.27815536,4.234356392,18.49101158,4.462691152,13.08322761,6.363072446,42.75445259
51001,15.67239267,37.32037411,6.579194277,46.6949568,10.45266853,24.84059492,5.13849545,29.97318003,446.1747527,1113.225351,5.738872444,36.45552025,19582792955,41932159993,4.222510073,20.10399405,32.15374975,87.3315404,4.16548862,17.82058216,4.055839929,10.79063417,6.608115265,46.09592173
51501,16.00337937,35.88974594,6.144687044,41.06303356,12.48858606,27.73275055,3.836270902,14.58783378,558.6675008,1192.260263,3.651622992,13.07589898,42422940908,97576176758,3.848004871,16.28893512,28.28621274,46.98720223,2.685262706,7.496803872,3.872670146,7.510300873,5.892102484,39.33945227
52001,15.5656617,33.33665706,6.040412668,40.87972469,12.6454257,29.74256632,4.397741887,21.89940587,645.339388,1561.44847,4.319659716,20.7626769,87443486103,1.68135E+11,2.829452217,8.511872254,66.89539032,102.339888,2.243029837,4.410485054,3.98345307,7.652788162,5.093350476,28.06409698
52501,16.53862949,41.23537752,6.389530991,43.47794082,12.31921872,34.26548687,5.63942588,34.40618822,733.1958381,2101.073524,5.273321653,30.48324253,1.04247E+11,1.83509E+11,2.187762894,4.272449276,129.0181059,185.033583,1.858888343,2.309338694,4.190043084,9.457817951,6.263751179,42.63957625
53001,15.56928228,39.23204701,6.647890252,47.02644811,12.46005376,34.82123673,4.820112619,23.7952908,752.8834053,2256.640986,4.664398126,21.72292304,79741839201,1.6154E+11,3.002322691,9.893549191,131.4187003,222.6963974,3.27712585,13.08342219,4.272439136,10.35491865,6.403699173,43.78817724
53501,15.96608694,40.49003214,6.647510051,47.12654827,9.642370441,25.52574822,5.11269341,27.24165067,498.3021508,1344.549874,4.982273689,25.39115837,22932567973,59307438248,5.153946434,30.76122442,53.17858202,83.63225317,2.851486618,9.84451708,4.098978824,9.356459681,6.574142756,46.84150637
54001,16.09203788,40.48232777,6.342764619,42.67973267,9.540461094,27.22152269,5.680130204,33.69279612,455.8975585,1309.352411,5.952602307,37.2995895,9029474253,23336362953,4.396437651,19.95132732,23.43437806,54.86346202,4.617212634,22.69937555,4.356104485,10.17137601,6.604627719,47.38307522
54501,13.91858526,29.9723943,6.516022575,46.53219713,6.205439209,11.79788348,5.393834164,33.33594604,340.8377592,705.1236591,4.540907807,21.85947568,5769735003,13339241092,4.683437577,22.18663206,16.40710955,30.84785407,5.226633325,31.41488112,4.769242388,12.23777168,6.486928688,44.57850791
55001,13.9029997,28.36516331,6.260619702,44.00065836,5.961076471,10.63003078,4.584565638,22.86004245,287.0944421,555.6087966,4.940167328,26.72678007,3967400559,7391458720,4.703940966,23.90997822,15.00341667,26.61807029,4.957606174,28.38265482,4.667299248,11.77421684,6.612250622,46.44940119
55501,13.63001883,29.99967373,6.460030058,45.41124074,5.238241369,9.640950683,5.82309257,38.94914408,237.4937403,425.7908478,5.615260712,36.64186854,2924094898,4875585921,5.672364834,38.1663034,13.17096326,27.52536878,6.303994974,43.94327329,4.675492709,11.27043278,6.607542866,46.84461135
56001,13.52312814,30.19867807,6.477662581,45.58282226,4.914946931,9.779884159,6.193407057,42.83732177,218.5877193,440.5016525,6.210671073,43.02144442,2566269624,4598772292,5.936691106,40.58826257,12.36703606,29.2604559,6.604313473,46.98329588,4.666897144,11.22492936,6.607458444,46.79280732
56501,13.39883865,29.67771329,6.50482886,46.03887645,4.747522054,9.42484481,6.313340815,44.48454904,209.3459105,443.4516914,6.411356496,45.15019377,2272410062,4198604670,6.101205236,42.36110132,12.31744955,33.12333826,6.677656976,47.0527281,4.677482157,11.2527074,6.598393118,46.65921259
57001,13.59733099,30.59025848,6.569744158,46.92708729,4.912419022,10.21605983,6.44123203,46.12460936,208.5623553,448.0129572,6.450629807,45.56713321,2110374327,3945983745,6.17905201,43.38364269,12.67412343,32.580264,6.070008197,38.8577309,4.660663767,11.17500017,6.578824777,46.39100577
57501,14.1011672,33.81109359,6.552123872,46.01545784,5.304957013,12.69711856,6.482791802,45.03606608,209.8208828,454.9859138,6.452160019,45.47830316,2028789995,3972558297,6.245858112,43.67500631,9.757578036,18.0339794,6.104860565,42.85612178,4.614841301,10.89542747,6.58975204,46.69453496
58001,14.22589712,34.19759896,6.555081543,46.02168438,5.451552113,12.9440686,6.483510489,45.06370324,210.7308232,454.9313451,6.442516662,45.37931366,1959734959,3855093417,6.234386767,43.39850827,9.817881771,16.90859899,5.213852936,32.2397482,4.615928702,10.88530457,6.586989852,46.67996561
58501,14.23833595,33.27817328,6.563838145,46.44103402,5.471445434,12.18430677,6.488084882,45.80540836,216.6406468,451.0246108,6.361245138,44.59286041,2002693739,3623426935,5.986557086,41.01001664,9.313833915,17.77398298,6.106694964,42.04976393,4.601138172,11.01380485,6.601223074,46.738136
59001,14.35984393,33.03363225,6.537433855,46.15542493,5.688749673,11.96583754,6.358304638,44.43271616,233.0244097,445.8088507,6.105704433,41.9497738,2273434141,3465329395,5.185820918,32.68506618,9.382219941,17.99992727,6.104455271,41.98756089,4.507101804,11.13033758,6.659522143,47.34741242
59501,14.49049362,32.58049754,6.491886617,45.69147495,5.91833659,11.36306999,6.115777318,42.01430395,248.4860336,415.6287933,5.615550615,37.06703272,2580159491,3235512388,3.361021883,13.70894661,9.707193563,17.32796573,5.912406583,40.09289906,4.440651663,11.51507007,6.724099417,48.02136617
60001,14.33233475,31.0635095,6.479190634,45.91592851,5.881780068,10.09003653,5.573271035,36.95549015,265.7061183,412.061691,4.277449799,21.47556677,4893399475,9823458863,3.725740215,15.11826359,9.844398874,15.47692746,5.399026837,35.60692357,4.604714943,13.15339754,6.700772212,47.09748197
60501,14.75781908,33.3301579,6.600014907,47.66305483,7.226905836,15.95069993,5.733191171,37.44423492,382.406809,816.8158731,4.688778706,25.61885974,11713066145,30609791131,3.823634653,14.42925274,11.6505968,23.29726749,5.701666604,37.07663231,5.012456993,13.32962371,5.868151362,36.13079749
61001,16.28784802,43.2387864,6.550667823,45.23860617,11.3238901,36.13392101,5.974172035,37.34363783,695.5534062,2272.175072,5.528296452,32.27621778,25847821444,78226264298,3.819527654,14.24212898,16.38773275,49.30742158,6.235834501,40.46149504,3.7196501,6.049849108,4.690133426,26.53249064
61501,16.85048065,41.64269088,6.26483986,42.03723341,11.33553966,32.25657025,4.908948075,24.29147415,663.3849423,2008.546313,4.762408492,22.4860536,23010028053,77169459077,4.468055895,20.22323836,18.40450279,52.80661989,5.68823677,33.97811959,3.989132196,7.942403994,4.942287987,25.97934066
62001,15.68261101,34.84834498,6.403837649,45.1918421,8.40536715,18.46953984,4.974913998,25.79398682,452.6555237,1060.103153,4.975995874,25.4544021,7174844110,20877177232,5.555147826,34.58431498,15.9263283,37.50569,6.153219324,41.90718407,4.34947406,10.11947162,5.371773761,31.19406562
62501,15.30180027,35.27011905,6.569328504,46.56269475,7.300249416,15.60039524,6.412009559,45.21184763,380.6712257,828.281866,6.412317984,45.13589184,3265503656,4859063783,4.166958834,20.09235347,15.05471597,35.80448811,6.629716765,47.15049758,3.712571161,8.763082763,6.511092159,45.64393513
63001,15.32511982,35.74634146,6.554202751,46.28805486,7.225398549,16.4003951,6.475174514,45.44855453,375.9302361,865.9106096,6.494473115,45.59009939,2985686931,5080327060,5.443980619,34.89830256,15.17074552,35.78567541,6.576974613,46.52368169,3.60186692,8.448883214,6.596686752,46.83230783
63501,15.20888077,35.75927611,6.576264289,46.53130881,7.005444877,16.41891103,6.579878848,46.59898052,362.5925355,863.5983603,6.600337915,46.7607059,2634148234,5118309533,6.189549384,42.94070268,14.89460933,35.6798227,6.613510342,46.91221812,3.666779788,8.433148897,6.543178963,46.24400993
64001,15.21889331,35.85735041,6.576555864,46.53815775,7.039283151,16.59594928,6.581008441,46.61958174,363.862586,872.3376719,6.598340599,46.75064057,2692883354,5242857567,6.190499548,42.95209004,14.64356788,36.02679835,6.652677302,47.3245672,3.711194641,8.38756042,6.505791461,45.84826776
64501,15.29439822,36.32624587,6.573301683,46.4047162,7.221889404,17.42731261,6.517184898,45.57142554,372.8036976,920.7325444,6.520578524,45.50741764,2814266487,5259227905,5.975407368,40.52929096,14.53974718,38.18303497,6.69435649,47.45112773,3.717482744,8.15459399,6.466809282,45.55655002
65001,15.07663908,34.99378197,6.486721057,45.31738574,7.060797321,15.3333011,5.848969972,37.67283062,366.7025281,809.42181,5.566931728,34.40861239,2973919402,5052254850,4.546224503,24.24819912,14.76113278,38.29222026,6.367583364,42.8288739,3.734612744,8.054480387,6.519939869,46.71188974
65501,14.82411272,33.0699375,6.603354213,47.70553671,7.633814989,15.00712426,4.680003172,24.97588175,439.4307854,891.7562748,4.160097517,18.86014923,4714358650,9948871254,4.133077276,18.51652094,13.3290406,27.63894474,6.187824374,42.8017491,3.963984095,9.489480606,6.634226829,47.33673862
66001,15.90787,38.94830892,6.493293669,44.95423104,9.688948316,23.97974849,5.291053554,30.71005196,585.0762415,1498.276417,4.731292282,24.03952692,7958494191,21222851513,4.293725948,19.2955071,13.78558048,25.79027941,5.118802811,29.79613909,4.212900133,10.91540704,6.478139386,44.43860776
66501,15.54036414,33.90718142,6.176566189,42.04239146,9.951166974,20.3689183,3.465705762,11.38619415,565.4876567,1314.371588,3.789112988,13.88047948,7061865951,17087972137,4.207657973,17.46039115,13.90503589,23.88546567,3.558837277,12.98900478,3.916436343,10.60306922,6.768948308,48.39904949
67001,15.83694716,34.14440342,5.957413125,39.84092519,10.43129664,24.51356923,4.59982907,22.99198552,584.7542858,1494.357062,4.68923812,24.2002035,8445215870,17988426809,3.987486245,16.06128594,17.89471634,42.96107858,4.114244815,17.42698554,3.984413581,11.14386976,6.657111144,46.62697635
67501,16.90530602,41.39219063,6.164706545,40.58854421,12.44821921,31.34498395,4.591261262,21.98720741,688.8124488,1807.363537,4.334830184,19.42959556,20260814983,35733433435,3.225843236,10.03820363,30.18917107,101.2470199,5.009080455,25.62898206,4.406654215,12.14756442,6.383810429,43.03600268
68001,14.77671214,33.10810397,6.573792234,46.94823225,10.55417773,18.14113124,3.077593559,9.544890731,545.2007101,973.3793871,2.896913856,7.852098614,1.99307E+11,3.2729E+11,1.840266144,2.091974392,17.14812553,40.34710937,4.7545049,24.47089397,4.948863438,9.922141508,4.077212548,17.13801849
68501,15.76782879,35.2393944,6.409691248,45.28537132,13.99926346,25.79882384,3.176159399,11.05089864,723.434185,1326.889034,2.872836784,8.382387718,5.64712E+11,9.32151E+11,1.81690287,1.928719127,15.67534117,39.35736573,6.598774606,48.27174835,5.515517426,12.49820887,4.937919406,27.59907335
69001,16.60177134,38.79251707,6.136790064,40.52360638,18.8796165,34.99341579,2.748926949,7.281711485,984.4564484,1948.176093,3.199205318,11.05419502,7.56415E+11,1.22655E+12,1.664699355,1.283290862,14.98623692,31.69405847,4.887122411,25.99348657,4.320564428,8.08212949,4.541258972,23.99928683
69501,15.27241197,32.57003884,6.406668979,45.71144912,16.61628427,33.42238041,3.757181353,16.54026164,726.4676824,1393.388614,3.515399402,14.16215539,4.50043E+11,7.79462E+11,2.050367934,3.339746614,18.83402205,54.19221879,5.251689641,27.78220311,6.728208498,21.38628425,5.124156521,26.06177496
70001,16.28789225,37.96091901,6.470382997,45.27051052,15.25552099,43.37352846,5.678011343,34.0393669,601.5608105,1544.337673,5.787532455,36.45572966,1.03179E+11,1.77458E+11,2.064037659,3.415244337,13.03730112,26.20727559,5.608563124,35.49968322,5.156223832,14.78734127,6.422285463,43.70392061
70501,16.36508061,39.61087351,6.509121055,45.29760774,14.32640117,40.00374329,5.958377226,37.83145473,607.7345261,1608.926883,5.824053996,36.48843015,14331986171,43990371566,5.684395776,34.12626737,13.61051162,25.29638136,6.088522781,42.4986896,4.811530656,12.83739531,6.734550621,47.81310634
71001,16.05003039,37.900427,6.57832102,46.57864304,12.59108376,30.86440203,6.458391427,45.29551947,531.3260061,1274.66549,6.470297743,45.48733226,6348462918,11850079997,4.706336287,24.41311631,14.85663855,28.33820582,6.143509583,42.48539043,4.963358759,12.16275,6.63244786,47.06622644
71501,15.96234594,37.71552258,6.58674227,46.62971723,12.11272535,29.53248519,6.640488706,47.13183323,512.2342226,1229.849798,6.620280106,46.96297545,4808073982,10613537127,6.533123682,46.28257618,16.27770468,30.06276078,6.082686901,42.03504249,4.965870451,11.97978813,6.608618357,46.78635544
72001,16.00723762,37.63512578,6.57417647,46.50105916,12.14756698,28.902101,6.585284492,46.56310543,515.4987907,1206.605159,6.563745108,46.38772961,5012288345,10962435573,6.465592549,45.58368666,19.22828535,32.63241832,5.778403581,38.98590186,4.952593839,11.88527436,6.598049025,46.68095606
72501,16.00109552,37.56938031,6.57170407,46.47757339,12.15430845,28.36236098,6.550703738,46.22156982,520.5802871,1184.373089,6.508008562,45.83546481,5144513363,11162358564,6.449712282,45.42963053,25.0790066,36.75588485,5.078032651,31.88154218,4.926636447,11.83825444,6.602174002,46.72787192
73001,16.01095115,37.50625035,6.567482615,46.43482475,12.35296433,27.74447833,6.47587052,45.45491176,536.7717428,1154.113386,6.391832349,44.64725762,5300070078,11273388961,6.408685179,45.01826158,32.73005306,41.83975411,4.30824177,24.4665835,4.892133464,11.83721226,6.615467252,46.87391031
73501,16.01379244,37.3605371,6.561490614,46.38227404,12.43137727,25.98568961,6.356673545,44.43254827,543.9834467,1054.630505,6.187870478,42.8674206,5416014993,11107774502,6.348743375,44.55515851,50.55430639,79.91353306,3.350998384,11.50458324,4.875578051,11.99080238,6.637413769,47.06870512
74001,16.00153835,37.15365203,6.568352079,46.53039229,12.59360292,24.9285965,6.281123558,44.69303768,566.5820574,1047.319366,5.878368463,40.24098256,5572495020,11261097638,6.390444935,45.66175799,122.0201821,246.1416674,3.103643073,9.261885317,4.901633895,12.29682526,6.597930774,46.31483658
74501,16.11466609,37.7554476,6.584191318,46.68662042,14.23136675,34.41744612,6.644805172,47.73994419,667.900433,1656.358668,6.666811288,47.94483286,6125544210,14170356083,6.596117043,47.05687286,298.3272219,906.8123614,4.628308352,22.72750881,4.76731472,11.42872512,6.499814619,45.2537994
75001,16.25765265,38.67267361,6.568037111,46.30512603,17.79663031,50.04593271,6.153569853,39.72242604,918.4781368,2748.973948,5.930515761,36.5415938,6994009713,17222619849,6.28299098,42.14442443,395.9844197,1525.16636,5.284870789,28.12218179,4.554750916,10.1241531,6.535143488,46.65305218
75501,16.24573085,38.47908135,6.58069313,46.52254231,16.08040942,44.02552221,6.655327593,46.54472225,787.0477358,2243.805477,6.665586307,46.45913476,6634549015,15484376033,6.565409306,46.40845781,184.674205,653.8197239,6.68601248,46.19656288,4.532522574,10.28831481,6.540483553,46.37581656
76001,16.25009763,38.28626917,6.578220862,46.54535294,16.15897999,40.6187764,6.657668863,47.27389671,790.9371186,2005.533232,6.665348208,47.36664089,6771937972,14885409179,6.494099411,45.98080399,170.6212154,467.565245,6.533360006,45.73013662,4.521523466,10.54637139,6.556392533,46.29588607
76501,16.25905468,38.25181862,6.57567086,46.51584806,16.2295704,40.20133743,6.637927724,47.00189745,791.5049937,1971.196656,6.644989879,47.06586957,6992528195,14866928452,6.421273711,45.22355978,163.3662851,432.7291794,6.701144056,47.4754013,4.508518591,10.60154506,6.572185049,46.47241038
77001,16.26089022,38.23371944,6.574387151,46.50323092,16.31595963,40.15723656,6.624625497,46.86360548,793.9501344,1959.860916,6.627155728,46.87995338,7281357963,14910353961,6.339506385,44.4487004,161.2546884,422.0823216,6.671882834,47.12276054,4.510532908,10.64814626,6.580350021,46.55258455
77501,16.15459463,38.21854891,6.585072896,46.60944586,16.2381351,40.38529001,6.643046406,47.05007798,788.9883626,1963.18759,6.641620363,47.02698635,7839883348,15023828449,6.177018331,42.86301517,161.2398148,424.888166,6.680705512,47.21168303,4.498864654,10.70016988,6.593429592,46.6801693
78001,15.55386475,38.11938871,6.679170918,47.56077504,15.65084599,40.85451257,6.765745831,48.31018347,762.9622905,1978.307368,6.748517486,48.12234936,8974716216,15102153158,5.940883335,40.50464408,160.4453241,442.0891516,6.76143338,48.09260081,4.395402063,10.74404807,6.686931747,47.63464116
78501,15.0476831,38.94246099,6.771124075,48.14337723,15.61496052,43.23518379,6.86811612,49.03704301,756.5373976,2076.810424,6.837986326,48.70751185,11294946478,15244302832,5.402975679,35.06987781,181.3075593,507.3533678,6.727913862,47.58073716,4.424786594,11.11144425,6.758770793,48.04655233
79001,14.53862451,40.28441436,6.884982425,49.4599763,16.06316151,45.48802585,6.987172802,50.58130344,757.6700801,2167.219531,6.94757,50.08985576,14233525800,19602513388,5.453938385,35.74641285,219.7210676,585.5938838,6.801498724,49.05972438,4.446978683,11.615577,6.85534591,49.23842157
79501,10.64260866,28.64839191,7.109280007,53.08884539,12.10179629,32.27649025,7.212073874,54.27822476,562.870296,1530.385496,7.183674539,53.90581675,13181327902,19305173464,5.503513638,35.94742395,182.9878628,470.432605,6.907935105,51.33853656,3.32644128,8.32476423,7.06758632,52.75869076
80001,10.13634947,12.36404918,2.780928421,7.721607874,10.95140225,11.41420957,2.806161274,7.834834495,626.690437,677.840017,2.801831412,7.726861977,2574127244,2626049908,2.520291034,5.659852114,32.82184189,19.25630348,1.938835259,5.164938984,2.611498815,2.741007143,2.794829292,9.496461285
80501,16.7895415,37.47941845,5.57187535,34.10574487,14.33019443,18.18847056,2.756332588,7.417522961,831.9658893,1110.556436,2.925389227,8.84043905,2452751569,2695336531,2.480246958,5.222006775,40.40025277,37.28238447,3.058304878,10.70434184,3.624612073,6.930047751,5.698762477,36.34467449
81001,15.95957103,37.96978297,5.963899302,38.5785728,10.27477318,15.83941274,3.846566953,17.09103475,606.7949474,980.9049188,4.040618552,19.07798148,1475026862,2002003580,3.17087385,10.09962182,29.1907575,38.84212766,4.755705009,26.61951479,3.300377835,5.769507723,4.1619397,18.28851258
81501,14.19837823,34.20564312,6.568287145,46.37287604,6.112030675,13.14080624,6.007447903,40.26524316,374.7698481,819.9389805,6.069791612,40.9374756,552223907.3,867262787.3,3.399711766,12.0532709,15.43719449,29.136884,6.220551336,42.79451822,2.731005692,4.962513963,5.720166983,37.81613319
82001,13.87328888,34.1800866,6.665813417,47.44630482,4.846390371,12.93370125,6.79575898,48.81572184,304.6343337,803.9638457,6.775458289,48.57976285,225228826.7,476669621.6,6.32933142,44.28561591,12.07554197,27.06917235,6.535327674,46.08111465,2.561189227,4.931075957,6.147079882,42.4826309
82501,13.84620009,35.43580401,6.705348967,47.80242706,4.788883106,14.70644691,6.867064966,49.44046216,300.6768097,893.9612445,6.853084014,49.28190077,190838225.6,559385694.8,6.867340239,49.7585617,12.41042609,24.78633384,6.209896618,42.88348556,2.542044948,4.722466287,6.048163916,41.45656563
83001,14.16714557,38.8854305,6.635653121,46.30205418,5.666202131,20.98249028,6.601291982,45.16579667,337.6564873,1202.433071,6.633594133,45.52616048,231849164.8,850987537.6,6.589012565,45.21141225,12.65660264,22.5492022,5.818269472,39.74606616,2.515341861,4.262070585,5.843566038,40.41179406
83501,14.03216494,34.67776521,6.093066077,39.48374414,7.066358118,24.30514075,5.527616144,31.45863402,389.7282668,1270.816442,5.506300228,30.95596388,308063353.9,1069338988,5.549449589,31.94797065,14.89461311,34.28826622,6.365573733,44.86430831,2.809724294,5.729294387,6.157517956,42.90245479
84001,11.52602306,21.78646425,6.067262759,42.26469471,3.571648026,7.819071972,5.585615611,36.27395945,212.2392523,371.2655884,4.46796104,23.67153717,164352022.2,393715934.3,5.870815842,38.56718456,20.57877105,64.48666499,6.106710924,38.60665724,3.461684965,9.37740216,6.246609701,41.04502758
84501,11.58260303,21.11953047,5.960737989,41.12004316,3.070558121,4.153604456,3.837209868,17.91301218,197.581291,260.2125777,3.615458827,16.20166191,139263079.5,161710564.4,2.942702689,10.05616511,18.85503421,60.95524957,6.586522567,44.88928929,3.338414398,9.187383896,6.564518658,45.24748626
85001,11.53953642,21.85775934,6.070342178,41.54606889,2.712649685,3.107698616,3.127706885,11.56195477,178.2392403,198.7905538,2.781658189,8.600579308,140140961.5,180642271.3,3.619241586,16.05671487,18.58651875,58.96883933,6.724566773,47.59981249,3.35183521,8.714617644,6.677053292,47.50882465
85501,11.26068679,20.47997072,6.080596081,42.74873364,4.298239327,7.399569811,3.076794349,9.949110721,221.8794806,357.1323987,3.605939815,14.72753576,295723521.6,559645963.5,2.959493848,8.96998991,21.40324579,73.95370288,6.461594094,43.29082717,3.626956148,9.463546033,6.3328339,42.57437175
86001,12.5411746,27.55429408,6.44527545,46.00629038,7.466262004,16.438583,3.413060487,12.43069628,331.2628871,745.9159289,4.499179625,23.46191495,616200931.3,1451001729,3.213398509,9.905249007,21.60948163,60.96415366,5.015382454,25.48249403,3.315282253,6.146032026,4.875305756,27.98573513
86501,15.6327869,42.54297204,6.209814817,40.55516362,11.6920512,40.20062552,5.228100911,27.85424243,581.391884,2033.883465,5.388418143,29.36935517,897259619.3,3163616727,5.158989118,27.1975782,14.19275387,28.65867625,4.936450652,28.37879082,3.510554653,7.22524205,4.991604989,27.38148532
87001,14.8470154,39.44728383,6.571690758,45.51577787,5.850682178,18.49871787,6.660667491,46.29224294,362.0646957,1152.697342,6.621525055,45.49623417,401655317.3,1375357231,6.561067777,44.70997178,10.68033599,17.71221228,5.282001688,33.87328731,3.633991854,8.525777074,5.671638512,34.86872556
87501,14.78444043,35.83374005,6.608397755,46.89160941,5.901451471,14.57142731,6.354080038,44.14617272,368.0805938,916.793283,6.430982287,44.97721639,389720688.2,1002507064,6.230825259,42.4361413,10.24618015,20.98326508,6.089051786,41.22918721,3.156995587,7.847945318,6.557086177,45.75641143
88001,14.72598187,35.3301713,6.609572679,46.83167571,5.758247227,14.16131031,6.630686078,46.94191558,359.841482,888.1806336,6.642027597,47.07330656,372539432.7,944435859.1,6.668016764,47.25277319,9.321635098,20.8114622,6.489636559,45.77398725,3.117104519,7.358702961,6.609919555,46.99001094
88501,14.78407564,35.11183023,6.58677268,46.59790533,5.728999239,13.88199193,6.604770412,46.70310396,360.0550573,873.5980524,6.608011851,46.73740396,369975055.7,921045394.5,6.630993076,46.88034972,9.194018998,21.12927801,6.549487825,46.33548674,3.152310764,7.328261092,6.568551274,46.51021361
89001,14.75427344,34.9797923,6.585110374,46.58437738,5.662285874,13.71804236,6.608107065,46.7467026,357.0973727,865.6847874,6.609192686,46.75647742,365467187,910015397.1,6.634259475,46.91860139,9.242551889,21.38212219,6.554671672,46.36283753,3.167150246,7.309592683,6.551645097,46.33603866
89501,14.73933372,34.90760163,6.58376373,46.5735158,5.640362768,13.6268969,6.604273322,46.71577779,356.3432678,862.3174168,6.606544317,46.73527338,365405317.2,907577677.1,6.631688113,46.89873847,9.271522011,21.59553356,6.563347161,46.43178505,3.165521555,7.29448585,6.549573062,46.3175854
90001,14.73292708,34.87372886,6.583126305,46.56888027,5.631573051,13.58083777,6.602345374,46.70172568,356.5330213,862.1950983,6.605956611,46.73255316,367612604.9,911978831,6.630593987,46.89218563,9.313712018,21.80801415,6.571376401,46.49725753,3.164878338,7.280870785,6.547351599,46.29832708
90501,14.7333336,34.87001033,6.583033921,46.56886943,5.631605992,13.56888014,6.601504215,46.69639721,357.726848,865.1356898,6.60677541,46.74216891,372767624.6,923429283.8,6.629513438,46.88536255,9.374951251,22.05526292,6.577923831,46.55071356,3.164695992,7.265408575,6.544632068,46.27443944
91001,14.72951955,34.89494825,6.584919292,46.58824568,5.637161744,13.58648231,6.602251247,46.70514891,358.1026351,871.6356852,6.619590308,46.87307172,377822579.8,943821279.5,6.645333944,47.05423381,9.389636908,22.37857695,6.598583035,46.75246813,3.174431657,7.245265025,6.534058963,46.17092459
91501,14.70332522,34.95506123,6.591852594,46.66025148,5.644669731,13.63424277,6.606161422,46.7452033,353.680619,883.5253205,6.667021814,47.37242886,374407825,977822867.2,6.725966258,47.9228934,9.229535496,22.84760787,6.672412281,47.522052,3.207152589,7.214404216,6.502686105,45.84899296
92001,14.67921777,35.13983963,6.603257277,46.77465236,5.659994982,13.73240538,6.613216735,46.81481384,349.5647701,919.6924917,6.736404276,48.08760861,372459767.1,1071878971,6.812216105,48.8500405,9.074771393,24.18068254,6.767771484,48.50686126,3.241560977,7.10093529,6.451871551,45.35061098
92501,14.72502715,35.69000823,6.606041371,46.70695464,5.699782636,13.94015772,6.617202026,46.8050695,359.0078378,1046.237274,6.737769227,47.48014674,402377314.3,1425705089,6.805300159,47.89197878,9.393605244,29.06529901,6.771285347,47.7347521,3.23151746,6.786378354,6.433651872,45.59061934
93001,14.67339559,35.41798735,6.553798012,45.97062392,5.737040948,14.04176719,6.595160389,46.46770125,379.2976291,1074.749867,6.165397594,39.62797558,523005025.5,1849101213,5.949803505,36.45233916,10.38542757,31.66311158,5.992356098,37.10081052,3.367762659,7.38036425,6.535535286,46.97201956
93501,14.30885981,33.27957333,6.583446277,46.72833401,5.727326,13.81197874,6.61532834,46.88893472,285.0847334,594.3665812,6.285842532,44.00587859,357616882.2,860890909.4,4.318098065,18.35952891,7.03792126,13.65340924,5.391665474,33.13790483,3.668866386,9.315286659,6.538306539,45.38191467
94001,14.18272292,33.01975339,6.588626257,46.86390646,5.706690324,14.0260755,6.658191126,47.39122568,284.3522127,536.8159845,5.272432755,31.69242858,257981431.4,575954105.1,5.637907542,35.27434031,6.669454126,12.37098863,4.729527693,24.08597256,3.729710638,9.53154766,6.549912995,45.49410911
94501,13.99329938,33.94691264,6.633243356,47.10757252,5.622794403,14.78144696,6.738415525,48.16570999,261.04027,563.7988272,6.383694377,44.71418348,184536533.8,338007533.5,5.536359012,35.48792557,5.395732057,11.16609193,6.219169349,43.1945655,3.603624103,9.013260371,6.65720305,47.41492064
95001,13.96996256,35.65023855,6.684962777,47.51451494,5.666981254,17.19930464,6.860971816,49.1896266,248.325862,608.9388318,6.63807504,47.18225482,160522075.3,405365336,6.715620429,48.42227843,5.04569715,13.34688515,6.729913616,48.14460474,3.616845431,9.529829805,6.706497189,47.60558462
95501,14.18306678,37.75592335,6.548140857,45.19682563,6.333046085,22.36464939,6.520545155,43.84382368,237.1726119,663.1160961,6.720553567,47.43385938,173094706.8,581079720.5,6.51658999,44.0422516,5.646644082,17.19550591,6.232736332,40.48075517,3.991561541,10.06397145,6.19133118,40.57572509
96001,13.16547464,30.95861523,6.381887257,43.8044419,5.734284771,18.26467319,5.540949387,31.53643929,220.4442808,677.3184902,6.776973042,47.94619156,170574133.4,520250281.3,5.225689588,27.35808324,4.972926458,10.84975989,4.522508106,20.81064766,3.455659083,5.530714868,4.617528078,25.38820885
96501,12.0980294,25.24826646,6.226984481,43.44675267,3.755685817,9.815129821,5.593763225,34.20400452,228.2589,792.4165319,6.622810135,45.5224706,92691100.13,170560752,4.678968404,24.23511985,4.09128252,7.724871399,6.108988006,43.29485371,3.648827822,6.758022313,5.441991315,34.31756241
97001,11.54427232,24.71582022,6.383772184,44.65499191,3.236927185,7.889575936,5.064628104,26.51717047,242.7377186,710.4018433,5.15964105,26.92200857,69463716,100418452.7,4.632578851,27.11279025,3.630841621,4.107398193,3.077068048,12.04608052,3.710430133,8.031123927,6.294968098,43.92129127
97501,11.14949398,23.49656948,6.431115729,45.58233829,2.092086847,3.051387931,3.800702705,16.67127508,151.0946854,256.9854672,4.790963732,27.85296048,58597449.98,84478024.43,5.129120959,33.0287371,4.58645785,5.301614858,3.250309025,13.74933766,5.172009869,14.40595868,5.60470279,32.57837419
98001,11.10325145,23.84588006,6.429564624,45.2617768,1.737745331,1.949027698,2.850191689,9.865897332,125.2247745,121.4723013,2.141316084,4.965974265,52701180.98,80484027.24,5.360649946,35.07884706,5.696390103,5.877568988,2.530895158,7.79037532,4.308781092,10.3949652,6.563885694,46.03358949
98501,11.06693396,23.57697701,6.420887204,45.18076657,1.571989817,1.711465365,3.093119273,12.84149871,121.7367652,125.5839471,2.693452012,9.147761383,49852424.58,77112073.22,5.454226216,35.93468895,13.69097966,24.6892626,3.502637658,13.9109005,4.43632951,8.978347853,6.335137702,44.79424024
99001,11.14752941,23.6593267,6.488386023,46.41381533,1.633814027,2.305414348,4.15431349,20.26964289,165.0121834,286.5826976,3.740949881,16.21985275,51523813.85,76774631.27,5.282282098,34.67828378,39.34551447,81.16911995,3.092010684,9.541181724,4.788948465,9.57621886,6.260457458,44.38947996
99501,11.82403017,27.77644875,6.601892263,46.97132928,1.989487644,4.596094234,6.413228063,44.80795812,293.8363553,835.7332992,5.026354853,27.63128006,58086979.88,96144703.49,5.68211132,38.0904253,99.3174059,300.3495732,4.28055612,18.19349344,5.538060779,13.87086088,6.699774145,47.905884
100001,12.73842979,31.60130088,6.445461977,44.26167413,2.970566929,8.658775023,5.453089218,30.54186464,539.2308175,2046.35338,5.258847972,27.70528726,65446120.07,107577136.8,4.965112731,29.54593742,163.0088041,645.5739943,5.19746385,27.06166339,6.845011703,18.86835918,6.157313491,39.84255432
100501,12.09616964,29.2067566,6.608837861,46.78955767,2.55620243,5.894997435,5.638541663,36.20197653,345.0971048,941.6897416,5.18488924,29.2197052,157030781.5,258601019.2,2.51978967,5.930087877,128.001611,442.9986457,5.028413884,25.79538656,6.347587468,16.79978033,6.735360237,48.06351767
101001,12.34402641,29.98917474,6.685746003,48.01116292,3.868431689,9.352295188,5.283122805,32.22349767,349.4376744,734.8907077,3.688999234,14.58925077,380612753.1,668930396.8,2.388383,4.877258931,81.2805292,189.8720123,4.188750301,19.9783416,6.68735222,17.63005029,6.619683086,46.30303588
101501,13.27543812,32.36015201,6.254554265,41.65402635,5.87972253,15.12547857,4.678752209,23.56449859,365.6794507,766.5591013,4.061786623,18.03463289,560789961,1146313652,3.322376032,12.40292967,73.99870071,135.4951784,3.092521422,11.15757638,6.488058669,17.28415812,6.787889552,48.72339672
102001,11.98074613,24.15254661,6.343600295,44.8527742,4.278396614,8.116327908,4.198825576,19.63024858,288.731633,512.5945023,4.491413955,24.81440862,319197444,651877703,4.026876188,19.67619339,49.5233245,80.12154026,3.070427942,12.30180915,6.809210867,19.58826271,6.723318491,47.56775524
102501,12.22671679,23.0214126,5.972666152,41.21984747,3.485321035,5.445448582,4.260510815,22.13961895,262.3075993,423.226309,3.983010867,18.58260904,171585149,309374873,4.694162839,28.31802345,18.59679799,29.41463938,4.184421305,22.39212201,7.366385483,22.99395191,6.454703905,43.34942905
103001,12.53440237,27.80486545,6.597228043,47.52100293,4.656620361,10.85096023,5.473733243,33.39365182,300.9605383,633.8878845,5.277260241,31.57705739,257143427.6,609071036.6,4.320389615,19.11914751,11.64880242,14.63934076,4.099195613,19.91655379,6.928948757,18.39408564,5.599843564,32.60539574
103501,14.20461144,36.61471597,6.424663453,43.68754277,7.327766739,24.18174441,5.710519769,33.45017926,522.3206873,1592.045416,5.708802831,34.02965299,427926345.9,1253621436,4.905704696,24.91563993,18.62631204,17.27248864,2.433833701,9.190700506,5.083227364,8.235095937,4.420432128,22.43153061
104001,13.69788936,34.65542598,6.552685049,45.58567217,6.213598913,15.88081266,5.794915501,36.45853697,537.5811247,1212.480667,5.149705114,29.55500328,335797151.8,622898064,3.526963751,12.23877427,37.76308605,35.14021415,1.565780071,1.902452005,4.939472221,8.24783056,4.826164966,26.89664611
104501,13.83925384,33.2712989,6.630425104,47.49807806,7.344833506,14.83907538,4.492084803,23.60111298,653.0747389,1188.974094,3.812181166,17.1053136,607355582.9,1093678680,2.696245687,6.824817375,58.46200838,65.68397738,1.972928181,4.040636494,5.050658759,10.19840508,5.799866138,37.58681157
105001,14.22049786,35.69582201,6.402080628,43.61584493,11.91650882,23.32635648,3.095466532,9.392024847,900.4801395,1670.423537,3.114314484,9.560007641,1300495243,2888191926,2.964110757,8.073846273,74.37284727,76.88717067,1.483243224,2.158320809,4.831957408,10.73293761,6.48803134,46.25827855
105501,13.3135409,30.73624994,6.533002083,46.60209874,15.90053481,32.96486694,3.203911675,10.1236006,1086.322819,2054.238765,3.225118571,11.23776931,2033722096,5225638247,3.630610018,12.67683026,98.81265852,109.5643056,1.616720341,1.780494197,5.485766734,13.23059953,6.139456097,40.86250867
106001,14.29636301,33.80883482,6.36929641,44.23466303,20.28203159,37.42948462,2.893763596,8.098951303,1453.426985,2286.965559,2.329211498,5.061180748,2654732366,6071049044,3.306736317,10.4964035,122.2582831,130.0985019,1.436091249,1.146571093,5.568503002,12.78889007,6.179493969,42.24003014
106501,14.52372112,32.92301027,5.947424594,38.42714318,22.98536559,37.10118959,2.632642779,6.430443203,1838.637671,2844.152674,2.725367616,7.961909648,2428581920,4603654994,2.87745008,7.722825945,115.7574594,101.2300249,1.143896693,0.661089951,5.580106015,13.39430564,6.406254407,45.05558211
107001,12.49605267,22.03701603,5.793916489,39.65430424,19.33844345,31.6899093,3.063855277,10.14711329,1565.603658,2406.184246,2.906205972,9.758187141,1413161921,2768384195,4.001762762,18.13231903,92.10852452,87.50193218,1.457998917,2.353941698,6.004406432,16.95429299,6.620154414,46.14463991
107501,13.32622379,25.74414617,5.742947118,38.00073092,14.1867335,21.83034097,2.496113803,6.331438018,1206.026102,1777.247642,2.472843932,6.590215091,770088867.4,1468315282,3.784290895,15.69153509,73.59407514,75.13149058,1.000373418,-0.137990385,6.749125158,18.60939406,5.933441193,37.38644071
108001,14.72511013,37.50335344,6.434029966,43.88375148,19.12043621,57.62796673,4.757798524,23.08157753,1528.864799,4274.090536,4.542870236,20.96308153,784395208.9,2356093640,4.535951071,19.96879516,50.05887242,54.98204444,2.150509348,6.115928163,5.20743409,11.53577405,6.291390725,43.27688748
108501,15.41279245,39.84457357,6.329727976,42.56419363,14.35285068,45.61862304,4.780008382,22.37502616,1142.222174,3632.636905,4.756731552,22.20375071,686016523.9,2538691662,5.319208149,28.31070923,32.127504,44.03974752,2.736849735,9.09639077,5.119777298,10.09466802,5.443581392,33.14955984
109001,14.49474425,34.72064698,6.565237653,46.41736266,9.172910502,21.34791578,5.03819515,26.96783391,558.9987342,1315.412275,5.466837145,32.72431825,450491462.8,1285475335,5.679229226,35.04877375,78.9433077,113.4219157,2.637372091,8.908249053,5.019220635,10.70735004,6.233759532,42.76242155
109501,14.20611381,33.63213166,6.638015548,47.38278949,11.74558277,22.35522651,4.459165244,24.53965176,600.3104148,1082.909887,4.253935981,21.46123506,479161954.8,910028655.2,3.159961197,10.36982414,247.4264476,363.5200489,2.119926926,4.481242323,4.758602605,11.04673383,6.618764489,47.51153441
110001,14.44232567,34.54574624,6.547405364,45.95832945,16.63316985,45.03362186,5.497593096,32.7449154,796.6215763,1989.78359,5.606730044,34.41422266,548250484.3,1095691755,3.334369019,11.57274204,408.6373764,728.9653944,2.853990685,8.186295387,4.929582006,12.82194982,6.582578583,45.83746798
110501,14.04639319,32.81257363,6.584559795,46.68604076,13.17233736,32.71719969,4.084826861,16.32304418,719.6251901,1604.31661,3.914353065,15.07892677,458371587.1,1041026536,4.369875796,21.18361128,304.9438497,639.823926,4.025051392,17.90544151,5.096185044,12.93415374,6.475157764,44.48779866
111001,14.19049388,33.16554072,6.593215762,47.01154019,8.886811366,23.82922259,6.10087675,40.94460111,551.4528258,1368.607645,5.793360912,37.6451964,441493970.5,1217765644,5.211034169,30.60357978,90.47062978,180.0071923,4.019687211,18.46169456,4.761777373,10.12584288,6.122057532,40.9829878
111501,14.40980934,35.90097567,6.566210553,45.91588508,8.256987519,20.23413039,5.676330865,35.66313149,536.9296577,1365.854492,5.853919108,37.23178921,699406277.9,2158878901,4.310196387,18.43654541,35.80814263,71.58861299,5.999838546,41.32664761,4.443252643,7.811002366,5.328749808,32.91004598
112001,13.91567477,33.48671622,6.467130031,44.73875892,8.95492897,21.73814551,4.612318886,22.43275169,560.1655902,1414.744748,5.111575782,27.40226581,752022440.7,1994641199,3.931027303,15.10737772,57.52311646,88.86374527,4.302690739,20.52866602,4.585582982,9.712888262,6.413576576,45.98323417
112501,13.25702738,29.45224281,6.569303135,47.38606896,8.606060127,17.26767472,4.141750193,19.04544988,459.0935037,936.6940575,5.06332851,28.31633219,682310343.9,1419548780,3.977510002,17.55007101,80.81694988,106.717671,3.780688074,17.51743184,5.568572114,14.87299471,6.160930453,39.95303796
113001,14.00142672,33.54540105,6.508464363,45.31648528,10.55251846,23.09162493,5.509234183,34.1668545,557.153284,1234.683684,6.160316471,41.21847845,646759927.3,1107813949,3.43690692,13.58359623,88.65645027,106.729221,2.186560553,5.346882431,5.063134164,11.98288041,6.332468392,43.76949303
113501,13.86873673,30.16603959,6.130438308,41.24229964,13.23465768,28.11167466,4.44257479,20.46287985,719.405981,1283.168384,3.985980231,16.51827605,803737325.1,1240740322,3.363439068,13.95889371,102.3754789,124.7320265,1.551158677,1.317699955,5.369591293,12.42328342,5.882434287,38.54575567
114001,13.05690767,25.54564558,6.000820356,41.22344924,8.537022877,13.14027656,4.881208201,31.30616076,540.3941914,663.1386708,3.298979747,16.42864666,865717442.3,1046096257,2.297472195,6.127584279,114.5758426,157.7143279,2.536318417,7.700173637,5.223125607,12.33348158,6.222739804,42.37401483
114501,13.26409594,29.62828264,6.543108678,46.53879028,6.32898531,9.260829321,3.363452099,12.82953615,454.669082,746.0478654,4.053316522,19.30202175,799720431.7,862229544.6,1.601102339,1.997496656,61.54431391,63.80386063,1.271457719,0.63807237,5.421273079,12.96225034,6.338936596,43.55154308
115001,14.35588699,33.73670994,6.355842427,43.46938712,6.871161675,18.55607791,5.175866892,27.32095964,497.3661035,1520.709925,5.356314641,29.11600959,505920177.1,672046681.9,2.211042836,5.008084525,34.59943229,48.27341761,2.73578749,8.079754389,5.617931939,11.32927924,5.01576818,27.84579193
115501,13.72971151,31.32526374,6.543021461,46.33747658,5.585197463,15.97233907,6.575484751,45.13651706,435.3925576,1384.016258,6.090632283,38.4256925,316803903.5,539931204.3,3.431143984,13.04964012,24.18146316,59.15802178,4.674790408,24.82901399,4.892271207,7.968086642,4.606539006,23.86559309
116001,14.00411009,32.18305652,6.622791975,47.56639186,5.499941982,14.41131648,6.699460701,47.46777108,329.8317344,826.9550002,6.579884046,46.07088041,287510906,606100091.2,5.280585743,32.69897187,22.34352012,75.76738893,5.535540337,31.95771348,5.346880629,10.50307581,5.640642383,36.54070126
116501,14.86928383,36.9371474,6.556082368,45.80414365,5.931999758,14.51527619,6.603589606,46.81817385,331.5311313,684.4171092,5.750844817,37.18485148,388745376.1,1257351267,6.106774165,38.48741378,11.27498083,28.46490962,5.303065342,31.89985336,7.195860523,20.69315924,5.983488699,37.35035202
117001,15.00427199,37.15879274,6.576407368,46.08357865,6.050898552,15.00911145,6.563427246,45.89865031,323.4504276,711.530087,6.42848868,45.08598845,408392974.5,1214407981,5.877367422,36.43560252,7.558431511,14.99936743,4.951593934,27.73519337,6.989758556,19.89332006,6.395828835,42.88865323
117501,14.70686697,35.8409597,6.63504139,47.11062588,5.884652586,14.55558819,6.639611012,47.09131671,309.846337,728.5189662,6.55606116,46.2820411,352592907.3,896454312,6.366747825,44.07624047,5.290859965,7.821514911,4.266643904,21.30635969,6.730642424,17.33390305,6.634241982,46.99080648
118001,14.02349832,35.62555903,6.746297425,48.18239394,5.498065338,14.50956619,6.772606565,48.36967526,285.0517788,727.9591937,6.742898502,48.14968759,320673691.1,816156687.8,6.79551237,48.45332034,4.747985956,6.725995045,5.794607319,39.24399911,6.627430346,17.33647378,6.786550937,48.48521686
118501,13.76233348,37.61453778,6.818046813,48.42243482,5.261606002,15.28901435,6.841257126,48.54220057,270.3068079,763.0536553,6.83311629,48.50551751,352686727.9,753477029.3,6.664216706,46.39062308,5.829299779,6.657135189,5.59133039,35.18001936,6.914432474,18.83470141,6.825120209,48.45096423
119001,12.25890271,35.14589922,7.042981924,51.68265805,4.597767099,14.03667715,7.050087011,51.55393465,237.0208587,701.7096163,7.04367749,51.51007531,344767210.8,616966423.7,6.619965176,46.5385664,6.432675057,6.941743307,5.371533404,31.51979013,6.365745994,17.86603254,7.041667746,51.66584054
119501,7.481481669,19.12993006,7.036583087,52.41466216,2.740400332,7.442498364,7.103230229,52.99444056,142.1234967,372.3579735,7.077096514,52.66714054,221758704.7,318615885.4,6.398187148,44.59318557,4.634486657,4.463391153,4.926925312,26.07493903,3.960325632,9.887228893,7.057691631,52.74726215
120001,12.5101447,20.81104825,5.432645964,33.61816273,16.52398976,13.23059008,2.378836156,6.025635208,824.6595441,663.3325057,2.325523611,5.847316246,62900857342,46143244365,2.326934222,6.263585961,5.12963652,5.146524447,4.390913065,24.80828903,11.52883413,13.42491902,3.236457539,12.08419152
120501,19.15615196,47.38326377,6.146124982,39.86012904,22.79844447,27.73628087,4.390515617,22.9312424,1140.3703,1379.385224,4.31268957,22.27939336,1.00646E+11,1.35453E+11,3.456664522,11.42819736,7.257749074,10.7775419,5.587731152,34.91323878,17.89163726,32.03650725,4.623720403,23.85136092
121001,17.69286086,43.22534911,6.291762923,43.03728346,19.59531077,42.41408916,5.383658058,31.45390803,978.5214892,2083.332751,5.365125182,31.407193,1.50216E+11,4.13357E+11,4.301253208,17.67510434,6.5492193,10.96137987,5.627615732,36.25351062,11.68639214,19.09827195,3.371697282,11.00897788
121501,18.02493057,50.00323002,6.449765032,43.6037531,20.00999788,74.69974206,5.646668229,32.38591639,979.6988257,3531.419518,5.661515191,32.5718484,1.95915E+11,7.39432E+11,4.978899647,24.79732076,6.336600574,12.70359256,5.966081914,39.61653853,5.648579646,10.61250132,5.693851593,38.52925304
122001,16.79318665,43.01350676,6.52807844,45.17179659,13.9740828,47.06292352,5.843749643,35.13335349,691.9309089,2265.403809,6.218915752,40.02806958,1.1362E+11,4.06567E+11,5.06051254,26.10206142,6.73210685,12.58907775,5.990898898,41.24542452,4.173247277,5.666420549,4.274323454,23.92189046
122501,15.55129272,34.84317614,6.48898213,45.79989198,8.664878405,18.91420536,5.692539728,35.44551964,504.2977389,1181.749764,6.064642032,39.47449123,30847010063,77768442581,4.596166057,24.2068066,7.575133602,15.88335925,6.497200989,46.96118556,4.357383415,8.822124017,6.120339959,42.0493564
123001,14.82090423,30.55962307,6.445862612,46.17735411,8.292692753,14.58021468,4.297078187,20.74266681,458.4337231,741.8700689,4.061643865,18.12060662,12045803473,22690891024,4.315759886,20.53700468,9.539958384,26.2732571,6.696750834,47.12532618,4.804612125,13.07105852,6.518773308,44.63520981
123501,15.16994093,33.38155237,6.477292151,45.98841833,7.418902692,14.17956055,4.776185248,24.50165647,443.2115371,833.9735732,4.917388853,26.55598411,6591617836,7627541894,3.131282861,12.30513527,12.29652978,37.57838013,6.325157983,41.64395898,5.274086567,14.49404115,6.410493682,43.28351236
124001,15.53640995,36.98749943,6.468631737,44.8844122,9.010913397,24.28641508,4.988825989,25.22610891,500.9443299,1211.961404,5.258574988,29.49235196,6266073044,12335272920,4.808345204,24.9437511,11.98872459,35.95517947,6.54194626,44.56218258,5.205700207,13.37608882,6.596320937,46.2201447
124501,15.08194521,35.98133822,6.572931791,46.39429332,6.577991125,15.90191678,6.343112744,43.25904097,418.7833384,992.1187767,6.454729899,45.18191984,5317298345,9855530407,5.917970183,40.37983071,11.26891606,30.75613766,6.693408787,47.22950832,5.028902405,12.09099304,6.529835995,45.62218985
125001,14.9428208,35.45069835,6.58660272,46.59250321,5.938395495,12.46438082,6.382498953,45.40162787,402.842067,978.7202434,6.630054659,47.01119108,5656389517,10480461327,6.141481598,42.8411498,10.89389816,29.1095746,6.716228939,47.69707631,4.830412032,10.53491938,6.509076508,46.61440118
125501,14.83867514,34.53825028,6.537879963,46.05230327,6.040984098,13.07273327,6.45944753,45.80983971,406.2559337,951.8430245,6.478153495,45.12537882,6361773115,11358061766,5.961366984,40.78329693,10.88629326,26.30684283,6.094420948,39.73579716,4.982308701,11.82599338,6.653686001,47.92785144
126001,14.61207146,33.40437615,6.586586454,46.98979688,6.012492455,13.95192279,6.549023155,46.2904643,390.2335119,860.2122087,6.569643239,47.2134082,7185650873,12271080696,5.848922109,40.03563907,9.805618185,18.22025563,5.722764209,38.43325255,5.580010299,14.68250108,6.367310038,42.7367499
126501,14.72029396,34.91433406,6.589773148,46.67914534,6.106531133,14.89648482,6.621604271,46.86518893,400.2994359,947.0684967,6.592603929,46.92474339,8317170515,14129450493,5.849305995,39.92751424,10.15618187,18.05492982,5.512305972,35.39729485,5.190979193,11.5558129,6.17851708,41.5727102
127001,14.70413848,35.96351799,6.600265184,46.54068111,6.281666552,15.39916175,6.435236018,44.15290537,406.5484802,1048.328044,6.578070223,45.86655751,10132452220,17249854634,5.855269614,40.04608398,9.759768633,15.2845258,5.140102032,32.59823121,4.881314161,9.21971017,5.681061044,37.1980491
127501,14.62643206,35.79738641,6.565891894,46.0720963,5.679792014,12.15579311,6.310796667,43.66007351,401.4748659,1050.632525,6.533555037,45.15764323,12918061173,21908699068,5.770414705,38.78157591,10.73535658,20.3819687,5.730173453,37.95680143,4.958667049,10.57787845,6.500794296,46.66248004
128001,14.10865914,32.95256548,6.505389852,45.54919875,5.600607049,10.89992122,5.889058023,39.65770328,379.1564409,837.4176504,6.149276368,41.07817124,17238318831,26811790945,5.470605164,36.06524388,13.520918,36.88306209,6.473648074,44.25554444,5.32207139,13.90164516,6.567029707,45.61254878
128501,13.63813822,29.68301062,6.506399401,46.36746012,5.884413234,12.21154188,6.247212597,42.9864089,348.06885,594.9228129,5.652193415,37.84962552,26259350721,36586585959,4.886612565,30.22070587,15.56529133,48.87923721,6.326897524,41.48412958,5.171901132,15.09897253,6.741561009,47.48620835
129001,13.79716161,29.86219465,6.427718364,45.17722234,6.193705334,11.84209446,5.990323287,40.24379659,363.2326648,572.31003,5.419142564,35.41598495,41634782911,55593078134,4.40869978,24.79677752,14.34612832,46.02666121,6.778138095,48.42299165,5.470592625,17.15520555,6.781619173,47.93545232
129501,14.01069089,29.23567741,6.339166467,44.24925969,6.513430777,9.797038205,5.056603914,31.83537695,398.5351809,588.9350543,5.069891953,32.19860641,82296173170,1.25556E+11,3.034956029,9.746400285,17.76166408,64.85074721,6.604823657,45.45913935,7.105992974,21.35370567,5.922141711,36.66352972
130001,13.95408883,26.9344968,6.190446522,43.0810489,7.690859916,12.08616973,4.152677134,20.1823428,455.1582695,717.6826631,4.701286044,27.15104294,2.81082E+11,5.49244E+11,3.082828044,9.681084969,21.94187608,75.15675658,5.37122258,29.19966757,6.190647155,13.04907618,4.93124874,27.84639907
130501,14.7274028,29.01260808,6.158015578,43.32827568,9.195186769,19.33190948,5.907070307,40.46315246,575.9649603,1173.079835,5.598375333,36.80900667,7.99543E+11,1.84297E+12,3.124686025,9.180838942,11.39711354,24.38335088,5.129943617,29.63173191,6.855997822,17.3252394,5.741577332,37.47836755
131001,17.17607449,45.21897272,6.635411502,46.5325986,14.65563109,48.6498267,6.287280469,40.93357356,892.5867541,2926.721729,6.346741159,41.74016217,1.47478E+12,5.14376E+12,5.092401859,26.77034462,10.16701656,18.88972941,5.209416098,32.58126024,6.437707895,15.40751928,4.49906274,21.27133642
131501,20.5290075,56.5544674,6.027078999,38.44368319,18.78440772,62.88964919,5.560601867,31.771097,1217.220048,4154.9612,5.695791035,33.45698114,1.22349E+12,4.74564E+12,5.462192999,30.43622084,10.41703944,20.33794792,5.359317887,34.28306986,7.152522612,22.81512413,5.252934183,27.65536594
132001,18.41345158,47.62799873,6.612372913,46.73827665,14.86897382,42.64900365,6.377045736,43.71120115,1027.724775,3282.26901,6.499504106,44.67498794,8.10059E+11,2.95187E+12,5.970992363,37.7833168,11.33597288,24.91264492,4.530080499,20.55916238,5.093839483,12.97356129,6.053865633,40.25188565
132501,17.88970649,47.76447946,6.739002519,47.95360044,13.84245234,41.28214695,6.788699089,48.05348052,965.8408854,3389.255716,6.825475461,48.04239776,7.69888E+11,3.24024E+12,6.744725039,46.67726218,8.270615449,13.02411404,4.989859634,30.2463475,4.733138035,12.19705526,6.720415054,47.90736139
133001,18.36864331,49.30358743,6.552060177,45.19892348,14.27597346,40.96273855,6.480333538,43.85999278,1085.22536,3834.248492,6.388025486,42.01274514,1.19015E+12,4.67136E+12,6.054157408,37.84647906,12.11804228,24.80107404,5.072794809,28.45810977,4.840594853,11.77199372,6.438327742,44.23187162
133501,17.04002933,39.64398347,6.364870295,43.61572489,12.20816634,29.0375713,6.395622159,43.8641007,938.8894845,2556.089048,5.078218461,26.14634704,1.23111E+12,4.52449E+12,5.410057286,29.96683454,21.98585947,71.66883289,5.921137317,36.80451913,4.37801226,9.485057512,6.498070679,46.19130529
134001,15.69430926,31.7372001,6.124539937,42.43434974,11.04843242,22.39727735,5.920535556,39.69299782,643.4664845,1220.163643,5.015111433,28.2696159,4.35077E+11,1.23019E+12,4.621296005,23.01729739,29.19864221,110.4804263,5.757403583,33.70954667,4.323957668,8.909686586,6.370556057,45.12965993
134501,15.18909659,32.360379,6.430393508,45.41401357,10.29222797,23.18501451,6.547185639,46.69169045,514.5805301,831.5989457,5.299910012,34.31309331,1.46526E+11,3.52091E+11,4.912546877,25.99388985,22.67237291,83.68639066,6.64791,46.09597996,4.323818605,9.092327512,6.375417328,44.6544922
135001,14.90071189,33.66397799,6.58207591,47.09817659,9.999740525,26.62697126,6.784330521,48.86105669,463.312502,958.6753101,6.387797919,45.59246296,73814803163,1.11734E+11,3.525876397,13.65641891,23.38492785,96.24806159,6.741815511,46.52720387,4.300123159,8.906780497,6.420106915,45.58515481
135501,15.59955296,39.78990866,6.665009678,47.19642759,11.16461593,35.71569323,6.607277318,45.34258289,503.6731603,1446.534081,6.64288709,46.63569562,68118919900,1.36025E+11,3.699260303,15.85011418,27.81609961,104.1898809,5.755231453,33.67083763,4.50024565,9.91787083,6.51857981,46.53037047
136001,16.58561985,41.17431106,6.122654715,40.00191135,11.67994282,33.11332298,5.293676478,28.51811359,595.2728999,1727.025977,5.345042429,29.04693972,68138346880,1.80297E+11,4.54237346,22.97583928,14.69352758,33.35018186,4.33073782,18.88491263,4.833951554,11.88693972,6.555108127,45.88896344
136501,14.40023342,31.29168029,6.415763207,45.52154243,7.851942616,14.93022108,4.950583117,26.6480443,395.1485854,761.4798717,5.187625485,30.14833671,42225545272,1.12904E+11,4.160026202,17.3442244,10.16826424,21.33683271,6.104306766,42.22404779,5.010340036,12.80812291,6.579345876,45.90960057
137001,14.27530819,31.46898462,6.502742207,46.17907748,6.855515061,12.26389509,5.810327856,39.62346853,361.623097,667.4735737,5.887512938,40.31176127,21683427571,51275925118,4.593624192,21.62232624,7.291228676,10.44057842,4.61909337,26.80125263,5.006523668,12.47322715,6.61842856,46.63597125
137501,14.26612214,32.70826925,6.524493388,45.99679037,6.581478511,13.80277648,6.325678356,44.08165354,349.4635359,736.3963158,6.341953593,44.25066195,12977023205,23747592344,5.637216617,36.85049405,6.465026616,11.28176465,5.762261062,38.57693163,5.031049218,12.09569494,6.608213735,46.86241957
138001,14.13361807,32.88982168,6.558216951,46.36942084,6.191372102,14.27120246,6.557093164,46.46638574,335.1330947,751.266911,6.498961617,45.86979107,10400877887,19704992551,6.136218815,42.6531256,6.088696484,11.42149619,6.041973884,41.4200232,5.078722372,12.19432701,6.600643059,46.70617085
138501,14.07560176,33.05823781,6.57699207,46.57278336,6.126239643,15.06136823,6.633909778,47.07485749,331.0529669,766.3667953,6.547446075,46.30134572,8558667175,16954474855,6.28948033,44.18671268,6.084884375,11.20060397,6.043349972,41.56477729,5.142480214,12.2509558,6.489034301,45.10516866
139001,14.09045936,33.61056421,6.595821997,46.70184364,6.213810187,16.03858657,6.559524584,45.5989603,327.4982352,781.5962279,6.578371004,46.46820848,7347683352,14776225450,6.321495765,44.44046707,12.91569166,12.72586165,2.289802749,9.446946487,4.696504174,10.1028969,6.45409256,45.65324056
139501,14.12493424,33.80744818,6.538978569,45.8290847,6.00362211,14.03549028,6.178763146,41.2263987,338.8582825,772.2958716,6.345952378,44.04746804,6418585850,12829006123,6.319983333,44.51965284,40.88333091,31.23864801,0.145122354,-1.199691697,5.080553986,11.5238351,6.109722943,41.69548409
140001,13.82415622,31.57485173,6.545962435,46.38142397,6.068645734,11.17601683,4.893887896,29.1935861,394.1318134,777.0067346,5.795983416,39.04705296,5935722628,11771906800,6.294186025,44.27720833,61.29465908,52.74390962,1.383109272,4.654087577,6.325807675,17.7595632,6.124323844,39.31988623
140501,14.01811159,31.70697687,6.474656754,45.45559981,8.386245816,16.7328903,4.325742856,21.67821629,491.6968563,975.9450363,4.849326876,27.39606081,5755090388,10857667600,5.917851534,39.4248998,47.51429399,52.0697737,2.561434752,9.564071541,5.865815558,12.38059811,4.938984476,26.70120574
141001,13.2427955,28.29648549,6.431111061,45.51793837,8.611109764,16.07238863,2.91385358,8.06447658,438.563432,722.4606124,2.761452788,7.254538122,4834226780,7117493719,5.261094445,34.57391062,16.12669805,23.32712513,3.699367419,18.35287528,5.35400307,9.791041858,4.843953062,25.35965826
141501,14.24585922,33.18685081,6.208596556,42.58112174,8.901639516,22.43663568,4.738708859,26.11072909,502.6185228,1212.296984,4.521390914,23.51445422,5266918549,10465437644,5.159823376,28.67824723,10.24792337,16.9291068,3.536544283,13.07629645,5.22356158,10.48386058,6.290773449,44.68502868
142001,17.16446466,47.23359903,6.045407103,38.53245295,11.66319837,36.00591515,4.721665726,23.00226911,746.5112236,2298.897402,4.617508975,21.68755435,6504589083,19239829076,6.226134394,40.78071652,19.81772801,31.31355727,4.551102421,21.95909948,6.220604601,16.98021075,6.4189966,43.65514476
142501,14.73552311,33.16546754,5.859423768,37.30243605,9.838776556,25.49435613,4.04766192,16.30728038,620.4532112,1533.70268,3.750349416,13.72717844,7455261237,22757923052,5.364241458,29.22814257,27.97747191,26.01194608,2.236177131,5.29728124,6.99779048,22.56052958,6.434392566,43.02397991
143001,13.7023644,26.21785445,5.140862109,28.77925545,8.874118784,23.71917742,5.11997188,29.02304499,594.2610889,1627.887822,4.928065644,26.70265516,4214834696,7777142620,5.705127982,37.97403068,38.20902038,45.72852448,2.503425747,8.108904024,6.965716573,18.44754812,5.54466189,33.18247079
143501,13.43337403,29.65638993,6.480881166,45.80822705,5.738685766,11.3935357,4.634199044,24.6071137,412.1368091,935.5411431,4.634117888,23.75918081,4145121918,6966803337,4.784874831,26.62883149,40.19283698,49.15526964,2.06493713,4.820866596,6.529319475,15.6868417,5.224443745,30.0977217
144001,14.58555374,36.27577793,6.454427404,44.38465689,6.616990903,18.64574856,5.144599004,27.11913755,428.6721144,1191.317123,4.873298797,23.75926565,3807477216,7441487089,6.228312257,43.53559031,39.93698776,57.23399598,2.074902943,3.731906313,6.468565063,14.75676735,4.622262532,22.01144378
144501,14.25280225,35.86790952,6.516819895,45.19346458,5.021373447,11.69269154,6.150693499,42.03037136,301.9956229,604.4285842,5.126977259,29.61258755,3897017701,8033934842,5.997973086,39.67568538,43.92557662,89.93525552,3.174847741,10.36942623,5.203252794,10.24812245,4.913150995,26.00325868
145001,13.79812381,32.47848559,6.564637845,46.3451075,5.646905931,13.46436689,6.074694967,41.38815916,355.1293343,780.1822346,5.513056714,34.73788535,3440113368,6197778194,5.960781707,40.69269875,74.00097621,202.9479391,4.15970803,17.62839425,4.781646384,9.279078253,5.807962044,38.05473721
145501,13.45906542,29.43895853,6.484175522,45.96429885,8.344239336,19.34971725,5.031528314,28.22203957,532.530067,1326.471145,5.130409449,28.5995943,3566069415,5947592402,4.267192411,21.75032613,150.6982668,500.3822281,4.306681848,18.20129398,4.309081339,8.451539415,6.285740261,44.69700885
146001,13.72850467,30.81928839,6.562835709,47.20485542,8.411005172,14.19958252,3.1780819,12.0043826,533.3617256,974.8948553,3.501404745,14.26534336,5161300128,10544755158,4.49876287,24.69285568,112.8537644,341.745083,4.484118597,20.21677109,4.784646584,11.51056398,6.535211227,46.546032
146501,14.82696585,37.0215495,6.379175514,43.26181126,9.328516002,16.57915567,3.332840887,13.24609495,628.097159,1105.496693,3.017316943,9.55242202,7098214109,19471905967,5.087501768,27.41748334,85.32461625,182.7994953,3.57645182,13.10631815,5.904368887,15.78776834,5.680634742,33.79209887
147001,13.85643368,32.12685291,6.505455714,45.67469993,9.779927455,18.33366322,3.826683605,17.39937808,628.6621593,1102.243093,3.578617307,15.10890458,4260734326,7758330685,3.951323881,17.63914086,90.8232535,127.1275819,2.562187947,8.00621822,4.681215469,9.826896933,6.187269427,43.26111107
147501,13.84544321,30.15337432,6.4218808,45.56702826,7.13246041,11.20709666,3.630459222,17.03331571,481.6967286,752.6353902,3.751236649,18.01741295,3873426060,7093635427,4.456446515,22.4864896,138.7170036,201.4105542,3.317656916,13.1166436,5.040935887,11.35992318,6.304311578,44.05991773
148001,13.87881896,32.83266096,6.562043377,46.27633945,6.895273889,13.32818322,4.666280953,25.482939,463.8907113,909.467378,4.49691936,22.93856177,3808763987,8007761077,5.687830896,36.18689094,286.0379513,475.8578281,2.544553186,5.418214034,5.705617139,14.05447685,5.895512112,37.3078798
148501,13.91241424,33.28173613,6.527908357,45.64466552,8.221438994,23.4180158,5.904301708,37.67192877,600.0775976,1675.636919,5.606592571,34.9628369,3391328517,6915127083,6.146557397,41.687342,546.9765273,1127.343929,2.455910594,4.593167392,4.728451443,10.38973928,6.376302348,45.10184096
149001,13.75432356,31.61011608,6.575985318,46.75848408,9.115319358,25.15128469,4.9270608,24.9997225,732.6949827,2208.509997,5.077334468,26.58276921,3217549741,5421624296,5.882199628,40.79680498,640.7377589,1663.393165,3.32515386,10.84359249,5.177122025,12.56774156,6.445177164,45.55308896
149501,14.02940122,32.09157463,6.47493734,45.28583466,6.988302416,12.77372044,3.402165671,11.68898737,445.8775315,783.729338,3.162591338,9.737324249,3415513337,5704719387,5.551918761,36.85593042,287.0540066,846.5227625,4.334678858,20.1418792,6.276693603,17.11526174,5.724459568,34.12034872
150001,13.43367906,28.91692533,6.492124113,46.22471741,6.695727329,10.79712732,3.033024937,9.415319532,421.2735282,703.1029431,3.504435419,14.2623045,3513624857,6463212928,6.153106616,43.47771922,55.32541693,167.8679,5.199917438,29.25166985,4.697604681,9.570062872,6.233320948,43.98612524
150501,14.3729172,32.87451625,6.35681734,44.52417839,6.918392165,13.8830869,4.437338316,22.98714446,428.6942286,907.6379647,5.089394933,30.74834138,4137535811,9279607869,6.419547013,44.87237269,19.91172792,44.97668124,4.775073777,24.95730807,4.927728771,10.19953425,5.845709095,38.64291511
151001,16.050411,40.81654347,6.22300568,41.35780851,8.317080017,23.99723189,5.163287774,27.26614045,574.4272214,1846.730807,5.187903024,26.87866884,5586869278,11409327203,5.435452154,32.82957936,9.480880163,13.50753263,4.543780214,26.43311712,5.07958373,12.31334442,6.335543848,43.20613061
151501,14.97039792,37.42466533,6.555880544,45.71606982,6.900669655,18.81678545,6.31785013,42.37115064,405.2770853,1088.415514,6.324387616,42.87730153,6877872282,9250742620,4.146127156,21.50422339,7.664356932,14.04052738,6.021181033,41.26480364,4.876588118,12.9170331,6.66645953,46.97006909
152001,14.24827067,31.65376084,6.423041391,44.76536663,6.473989093,12.52311098,4.794048715,25.4847635,370.6726431,742.8722436,5.617506415,35.30838931,9165105213,11861433147,3.776483896,18.29758132,7.742135192,12.83171443,4.78657582,26.93384976,4.812072359,12.63864654,6.417236637,43.53298891
152501,13.8152659,27.36586921,6.18187966,43.32956641,5.982692594,10.68726494,5.126246271,29.88014803,326.2674812,488.9375849,4.353429308,21.99872027,86093867525,1.97308E+11,3.326506581,10.93482556,7.124094458,11.42105779,4.414354562,22.06391244,4.085573999,10.10038854,6.659017988,47.51331704
153001,14.02790326,31.1332045,6.582125827,47.58720632,6.445241588,13.27403398,5.397831383,34.10675326,376.9956615,733.4938252,4.693300985,24.65240913,4.32959E+11,1.00064E+12,3.095471071,8.933395668,8.605564923,17.6763211,5.310939663,33.30502222,3.802255525,9.044725472,6.537770041,46.55766896
153501,15.78329565,43.19398341,6.580045883,45.49721799,10.77648406,33.98251459,5.770210453,35.12746511,593.9966676,1706.170228,5.632783624,34.31554354,9.26891E+11,2.09644E+12,2.707046555,6.234625263,13.84316508,42.12213015,5.576414855,32.18249208,4.259900705,10.76136772,6.307462376,43.09057228
154001,16.79995477,43.11825384,5.970617565,37.88037171,11.08836169,33.34822596,5.037213015,25.58350106,650.3711373,1898.658664,4.975535781,24.93764124,9.58244E+11,2.40302E+12,3.224341691,10.0546826,11.19473846,26.00180314,4.894639977,25.73668774,5.089626884,10.61503466,4.475598239,21.18080541
154501,14.34882038,30.65728727,6.249749448,43.51960918,7.009779421,14.41636881,4.798871963,25.04856725,390.1438974,774.0894031,4.748186986,24.12881299,3.26816E+11,8.78732E+11,3.914196132,16.40713298,9.483267971,14.62632138,3.797466276,16.3381393,5.228567561,11.25548286,5.211325831,31.09696498
155001,13.78970275,28.07797324,6.38199471,45.2656721,5.896579794,8.9867782,4.437350468,24.09334265,345.1208903,520.2841108,4.819973686,29.44739149,32568732643,58749583646,2.957995892,9.352930601,10.2728495,15.26618501,3.184621349,10.58432476,4.328978284,7.823931993,4.403077221,21.62449157
155501,14.26612114,30.79358779,6.429626284,45.77932071,6.489744775,12.9821732,4.969825367,26.53470496,372.1312476,750.3806219,5.610791322,35.5052613,9333780581,17033602913,5.436688453,34.68138711,13.57572641,25.19092956,4.254835645,21.46029739,6.77414875,21.92755802,5.379899539,29.08019293
156001,15.11849552,37.44643534,6.456348079,44.42395232,7.305105316,20.12570483,5.716097768,34.33003927,449.2281104,1290.582456,5.952937226,37.1674519,6732101665,13910083367,4.91424264,25.43934386,19.64804671,57.76546263,5.339930475,29.03776466,5.367371729,17.13200184,6.474703782,43.29357864
156501,14.38319641,37.18495564,6.685941061,47.37614843,5.821324314,18.92839666,6.77819315,47.5337602,376.0812734,1250.065265,6.755317786,47.13810974,4375675593,11360552071,6.651779231,46.90521868,14.13081827,43.63011752,6.737664952,47.48478339,5.074060771,13.51982877,6.717395425,47.8117879
157001,14.4453709,38.23442023,6.706362664,47.56195155,5.884424898,20.14199707,6.769523537,47.64782569,376.0857728,1316.334634,6.779543211,47.64369531,4770643550,12008872669,6.344531057,42.98546709,15.45403827,50.58163048,6.773608704,47.92141703,5.157890627,13.11725796,6.706509688,47.91327276
157501,14.75460476,39.78973825,6.53181738,44.76578151,8.258850031,25.14379378,6.243777504,40.52024138,521.8409786,1601.126418,6.285942195,40.82762183,4854103304,9658362691,5.784471205,36.68054713,25.69506448,77.24217128,6.227078454,40.68010831,5.137791835,13.01197985,6.468579702,44.37685111
158001,14.43260869,30.07954898,5.726572237,35.8317202,11.15733797,20.54077893,5.673669382,35.57920826,729.853399,1282.160282,5.741432457,35.83933106,5137623357,4996806505,3.046194841,13.39715379,34.609338,82.47573511,5.619077953,32.94912857,5.600943619,11.09995237,6.003719265,41.22023164
158501,13.77391058,23.46453305,5.185896949,31.8410005,11.68665175,14.65956947,4.350709306,24.08037441,779.6599009,849.5061749,4.206365907,23.14355142,6291988381,7694098477,3.546992828,14.86219448,25.24149564,26.20462105,2.891638675,10.38467949,6.591781185,12.67655137,5.354431617,33.94271603
159001,10.92412732,21.02307273,5.44770323,34.65871542,8.707241571,11.66923346,3.802054557,16.17003484,578.4422096,723.8311092,3.895386361,17.35156127,4432103705,6902175029,5.258758332,33.98027901,17.71849223,24.52126994,3.928741017,17.25050049,4.654894389,10.16725148,6.013748549,40.78230949
159501,7.128261334,7.434406807,2.687510468,9.391748617,5.579769825,5.179945563,2.021885464,4.580100481,347.9317162,322.762055,1.950973775,4.332504947,4659102898,5564422921,3.247209617,13.05040742,9.203260227,9.335607048,2.671418624,9.644493402,2.714986417,2.644479488,2.056418934,4.440593857
160001,14.22445153,28.08064943,5.846249231,37.71067889,9.351598941,8.910624902,1.888988466,3.47669104,600.658055,555.8466523,1.780756461,3.075704815,11674644838,14748003970,2.876603436,9.147029445,17.26807198,19.46892142,2.659869641,7.971174081,5.647805557,8.562699023,4.6368318,25.95137061
160501,15.45727932,33.93620442,5.704544418,34.93145714,8.342041336,8.576740225,2.313321246,5.849893706,551.3935931,573.0591269,2.473562647,7.258021341,20939027876,25385949216,2.349455452,5.375471838,17.75354901,22.65236545,2.838853225,8.559170294,6.573985741,13.80305164,5.148448495,28.55701672
161001,12.72383999,25.76604388,6.386770054,45.15357537,4.702566342,5.87553404,3.993764551,20.21144211,296.7366959,365.548491,3.917251006,19.7704219,1.89426E+11,4.22108E+11,4.003025923,17.1136363,10.90395621,15.29796294,2.602660498,6.461826678,3.97213146,6.838371897,3.841295873,15.49779247
161501,13.22299615,27.6217228,6.294052904,44.53642078,5.240958606,10.66473382,5.113432771,30.91931439,314.7587168,661.1466606,5.332175738,32.8203149,8.3628E+11,1.97097E+12,3.677293212,14.06034118,9.896188981,20.24770401,3.926338852,17.84900312,4.269459908,10.32464392,5.51945062,35.4999402
162001,15.13198495,41.95887104,6.793062301,48.54665247,13.2624141,37.87802932,4.783883662,25.48637143,787.9396026,2421.003811,5.032686723,27.70059382,1.9981E+12,5.61578E+12,3.785627903,13.67779915,11.38361709,29.15840379,4.767626517,25.28133039,4.166102872,11.45118891,5.719196131,35.13608524
162501,20.19859404,60.04181482,5.862557721,35.7971766,29.93075777,92.46385151,4.268859486,18.62228732,1826.473308,5747.153466,4.391201733,19.7382924,2.62527E+12,9.30435E+12,4.710210959,22.09398492,16.6601886,45.76843464,4.655415159,24.41488452,4.784241907,15.9795966,5.560771104,31.51113824
163001,14.94683107,30.3799989,5.751892815,37.81453812,24.14732165,68.03215418,4.247376676,18.15202807,1510.715694,4152.65579,4.072866418,16.55979898,1.43666E+12,5.36169E+12,4.948327983,24.42009677,16.46011565,37.5861329,3.42683658,12.2842979,3.449650604,10.2208495,6.583542142,45.41960256
163501,16.5551165,37.30337209,5.160598907,27.87574661,24.88410218,70.59646576,4.144679816,17.26462757,1490.259214,4233.145573,4.130516849,17.14019722,2.51763E+11,7.07904E+11,5.37615065,31.56417985,14.54288738,36.40505918,4.836032288,27.06390124,3.078436325,6.438407467,5.25651238,30.51452954
164001,18.22476152,47.7513085,5.638655892,33.64508073,24.05556828,68.6551578,3.894402463,15.06581591,1309.021757,3556.304521,3.717801309,13.64747823,1.27668E+11,2.36145E+11,2.85901331,8.176208102,9.598643783,20.57732404,4.098112941,16.73212398,2.767224179,5.00391548,4.926137471,27.08888036
164501,14.43512099,36.22786199,6.571570925,45.99491324,12.65853865,27.07813188,2.984802197,8.003927448,741.0779229,1489.334732,2.758409666,6.649118701,1.40047E+11,2.10833E+11,1.927868589,3.029481268,7.363108652,15.97989479,6.051067497,41.38694779,2.484278746,4.743231232,5.989790789,41.27035647
165001,14.11996781,32.04986211,6.435935482,45.26501043,9.79274763,23.13014215,4.865553193,27.98177111,568.0231911,1233.466017,4.683914854,26.62057844,1.44499E+11,2.01725E+11,1.450112171,0.827724706,8.563112769,24.46928409,6.416991105,43.41294865,2.769299385,6.84150998,6.346693918,43.84346806
165501,13.56603113,30.15797973,6.467678544,45.55773518,7.084265348,18.15170764,4.565068889,20.69519636,385.5937126,936.7308277,4.385278533,18.9010276,89573442554,1.46886E+11,2.76423487,9.871227555,9.614479805,23.55809399,5.00090344,26.43864752,3.164983899,9.563695401,6.282145491,41.31231717
166001,13.41946459,29.00715614,6.422213757,45.30540776,4.06837977,6.297022732,4.168024528,20.17591357,236.0699132,378.3095106,3.995494391,18.50078007,22189795555,32257511580,3.057675539,11.47338268,8.464523599,17.95879583,5.008059833,26.6977902,3.201999372,7.653243852,4.911666019,26.06773683
166501,13.11065144,29.18418212,6.524537805,46.24266669,3.53634983,4.680978221,4.039680881,20.63682304,199.1017776,290.9694924,4.948486453,30.69204721,23899750742,15343117783,1.108252648,1.554702648,8.569436617,20.08338016,6.043352893,39.29427995,2.815244728,5.453215722,4.327576065,20.93719557
167001,13.19537979,29.92129469,6.52637785,46.12567706,3.774160255,6.435026506,5.709163499,39.00361581,207.625036,343.3845648,5.655648349,38.51067692,69208628856,67926379062,1.483893532,2.060897044,7.974780468,17.23114586,6.396138058,45.25055211,2.871764309,6.114696531,5.2381751,31.15681594
167501,13.15503314,30.23443611,6.572561634,46.72089281,4.872313138,10.88089469,6.082845324,40.61597786,249.595622,482.3588754,6.002848706,41.42212778,2.04805E+11,2.33247E+11,1.805703577,2.548009129,8.73605979,19.54350319,6.205757032,42.8843845,2.67821005,5.114035571,4.253279408,19.64482183
168001,13.63620153,33.23157693,6.663851586,47.60789159,6.538596306,15.48697955,6.059552659,40.32575458,359.2884053,800.8226712,5.943132958,39.67520885,3.69072E+11,4.35304E+11,1.671785641,1.594531454,9.479369848,24.55977823,6.524830315,45.45031614,2.498181735,5.078883375,4.680740025,23.43805942
168501,14.46933244,36.44561803,6.397680307,43.44921646,7.253665911,16.79263197,5.289727942,30.51971801,430.1659984,1050.575597,5.249014608,29.5068524,3.89703E+11,4.78782E+11,1.485485501,0.884259934,10.15751321,26.25082091,6.086921786,39.34005155,2.620549041,6.68174165,5.834081651,36.61970476
169001,13.38341773,31.07178855,6.605441868,47.05538305,5.118329353,10.0788996,5.424497397,34.65749048,267.4277964,517.8160976,5.441471744,35.36422456,1.8969E+11,2.59077E+11,2.068987617,4.728171463,8.763137438,19.52393717,6.446217321,45.8921592,2.23616534,5.276375725,5.609337486,34.19449295
169501,13.48808704,30.10932784,6.498128667,46.01948379,4.702814657,9.661713375,6.092471916,41.66864056,250.7267556,480.761571,5.658806575,37.39868882,39548723272,45734287942,1.48695306,1.198414005,9.00672521,20.37491034,6.456945844,45.46938663,1.900265743,3.766801684,5.392465006,32.80085011
170001,13.20186132,30.0774067,6.553432081,46.42643924,4.495221242,9.557355937,6.479864229,46.23466789,233.7571052,490.7815288,6.382765855,44.95024587,1.14494E+11,97095911944,1.05243219,0.416606266,8.754636521,21.33240223,6.624378994,46.90542231,1.717524352,3.359855042,6.183236473,43.07409567
170501,13.22430027,30.57338451,6.591838177,47.00366257,4.831790664,10.97045787,6.465592286,45.96395613,255.4376509,546.642349,6.218995693,43.69326374,4.4004E+11,3.27887E+11,0.919493852,0.040284024,8.543132967,22.29084078,6.741500865,48.34458387,1.719841993,3.507617972,6.30800889,44.71162637
171001,13.64286593,33.38697188,6.580625204,46.26286419,5.649414591,14.30710633,6.322902242,42.92354507,313.0637243,757.5647683,6.187031406,41.74704922,7.19858E+11,4.81079E+11,0.787774027,-0.296184657,8.762647379,26.48392995,6.828181113,48.75528821,1.799173529,4.352513035,6.501915484,45.23077566
171501,13.79493074,32.56673815,6.422033353,44.29431163,5.773636756,13.08476157,5.67976992,35.45753067,326.8621229,743.9813116,5.170217604,29.01981751,5.98638E+11,4.44833E+11,1.208228057,0.683791706,10.53474714,35.26260838,6.343976381,41.8586939,1.859734261,4.193105367,5.989643576,39.13450276
172001,13.00129496,28.48307014,6.483186533,46.11746092,5.160409787,10.0789706,5.29972797,32.00255296,269.217739,505.9470913,4.679656679,24.58637131,2.99297E+11,3.73906E+11,2.026633442,3.369456166,11.38678765,28.80302843,4.622119441,22.32501393,1.663196031,3.329178997,5.89499679,39.57547434
172501,13.13029762,29.96386088,6.632255692,47.76929202,5.546291966,11.81798561,6.182596555,43.3321974,295.1873913,586.2842356,5.421075815,35.30862878,2.75517E+11,4.0981E+11,1.892454166,2.88290958,10.63815884,19.84344554,3.734375336,16.98602854,1.701327825,3.795477633,6.546632252,47.17259106
173001,13.92874871,34.61590604,6.440543206,44.14073595,6.885710469,16.5479199,5.730140819,35.54144971,372.4133202,956.4539795,5.67409803,34.71782234,3.48526E+11,4.56335E+11,1.595872138,1.758648075,9.499229286,15.39042391,2.780292934,8.009431895,1.937212495,4.971518685,6.171807757,40.35504024
173501,13.25379099,30.75104562,6.525953974,45.96827614,6.787887139,12.32017145,5.573870802,37.07158781,313.0157009,664.0954587,5.200956086,30.98321973,2.82252E+11,3.51512E+11,2.107067127,4.564399174,7.864700178,13.13915582,3.169611631,11.08212673,1.728730386,3.787545004,6.252644839,43.23596562
174001,13.36973661,29.53539913,6.448245644,45.72268573,8.070649128,14.45503792,5.60282477,36.73089,295.7167412,585.2204267,4.965561006,28.50754655,2.58901E+11,2.42098E+11,1.916705545,5.349046712,7.103232239,13.61919521,4.322808689,21.37379242,1.779600822,3.620145565,5.897843878,39.92558391
174501,13.2731736,31.59768989,6.573648042,46.33335532,7.792415934,15.09414353,5.490769379,34.06160611,274.8386917,640.8820952,6.327642757,43.23903289,2.77244E+11,1.87947E+11,0.965204573,1.433921547,6.492353411,13.87110231,4.652141199,23.40265496,1.738622288,4.062715836,6.520107205,45.78858197
175001,13.25765697,31.47207621,6.526887986,45.75024114,6.099645828,12.45600772,6.025618243,41.11692944,260.4129013,585.0549529,6.301722156,43.27906144,1.93931E+11,1.24245E+11,0.641715368,0.28016199,4.514112495,7.949721907,5.264618205,33.49513554,1.772934776,4.107819655,6.383607938,43.9339619
175501,13.06243606,30.22932235,6.573104545,46.68155062,5.302904026,12.08833223,6.450985514,45.08664339,246.4883493,529.3699577,6.334015864,44.57722982,53044192476,41853890711,0.867475558,0.211766326,4.113556517,7.087222674,5.696208308,38.50720093,1.698048515,3.754607773,6.547634586,46.92554684
176001,13.01332549,30.33676248,6.566919572,46.45018082,5.132102536,11.62340334,6.534487148,46.40367705,240.1374917,553.9558452,6.559850624,46.39535892,23461399017,18989685960,0.925319799,0.163475579,4.163696782,7.531164718,5.906321759,39.88552901,1.746681439,4.004273246,6.46541635,45.14506124
176501,12.99337743,30.31894506,6.574024127,46.56976114,5.04146584,11.73613018,6.546661966,46.14924183,241.3770137,567.5825344,6.561355152,46.35086969,59589972861,13978743826,-0.953324483,2.367125132,4.271503098,7.551930943,5.923378891,41.26211849,1.730340753,3.90391803,6.556743928,46.92951641
177001,12.99941285,30.52550926,6.560292413,46.33422319,4.951495103,11.47043525,6.569197078,46.65762519,241.7378144,574.5559374,6.568868572,46.37238947,78809289263,9547378859,-3.456655401,22.17321504,4.736886168,9.889808409,6.112568146,41.49747654,1.913526471,4.580347742,6.40770227,44.15378252
177501,12.9714206,30.51617111,6.581185468,46.60405705,5.03565512,12.11847076,6.627029571,47.18267857,242.7639366,581.5817376,6.588454183,46.58536401,52123764380,14363278649,4.948199169,31.65004322,5.097384639,10.10429228,5.588187832,35.17907989,1.92685152,3.957716352,5.57409191,35.03440269
178001,13.01463174,30.5582228,6.533076823,45.90761321,5.527546047,12.88943757,6.19791901,41.32393406,251.8245479,577.6651127,6.34042304,43.30141928,13155767696,8639656790,4.972359218,30.91266936,5.393677272,7.854012263,5.49514163,36.95890471,1.900946265,3.602978065,5.113217865,30.03255279
178501,12.75349285,29.03261522,6.555389965,46.51180047,5.399636306,9.115046936,5.618215601,37.64720222,248.7619082,445.1101011,6.167143503,43.48966201,2894493075,3728205707,3.851524661,18.76621515,8.270399653,8.691647377,4.575885427,28.88853898,2.13214732,4.643275656,6.003095247,40.31447256
179001,12.92038659,29.44987802,6.554217998,46.60182593,6.259911355,9.846788365,4.61783296,25.910273,268.9357938,483.8416725,5.797696913,38.8291503,3982191212,3756000816,2.455362462,9.346422266,11.24239986,13.15792402,5.254212968,34.04286933,2.540269708,5.493423256,5.637245606,36.00636465
179501,13.05573273,30.72010794,6.529236487,45.83902994,7.186953564,12.73282483,5.710420242,37.69934892,267.7021844,576.951288,6.115984461,40.89317149,10585342195,7226469064,0.580284328,-0.645088987,11.31308456,17.68907761,5.45003984,33.26117955,2.380971029,5.497129276,6.131329644,41.25749246
180001,12.99444383,30.39380399,6.569071482,46.50770016,8.328841769,15.37046573,5.900852389,38.97083438,238.8833526,543.0143017,6.536421641,46.31484227,27729313493,21532554366,0.281926827,-1.325599864,6.649314304,11.09550851,5.374982123,33.97416641,2.048860488,4.512799143,5.905679513,38.6354649
180501,13.00900028,30.63311035,6.58498219,46.65806794,7.341207962,14.43448247,6.170048669,41.70608195,237.9916964,563.3121984,6.623268799,47.14924729,47616814777,35024313972,0.179697568,-1.423031269,4.939366016,9.642593378,4.938758987,26.55489874,1.815806483,3.619830064,5.736021087,37.41777206
181001,13.14996617,31.20443291,6.569250988,46.33086314,5.852455769,12.64211008,6.476686423,45.75285132,246.142742,603.4200291,6.5236092,45.3518982,50002631930,29024689584,0.112560704,-1.454565896,4.683796492,9.767190339,6.046847669,40.62530483,1.700348931,3.494898528,6.321331473,44.44053403
181501,13.06569941,30.49975139,6.540422938,46.08563926,5.387506259,11.66704893,6.295284984,43.56147605,239.170039,532.0060448,6.384403001,44.37007717,32054985192,11832792621,0.452322075,0.821349122,4.583020619,9.069994711,5.985238488,40.03947685,1.731133171,3.73277919,6.407941001,45.14867007
182001,13.03411094,29.90001272,6.565438431,46.68068379,5.214751727,11.04029096,6.339283344,44.77969822,237.2073779,497.0463277,6.273020746,44.05828211,9357042706,5954618621,6.010577692,40.97646315,4.385819596,7.258595795,5.744832474,39.16401093,1.754452828,3.972943859,6.419090077,44.54464452
182501,13.1326713,30.86340886,6.571891421,46.45236404,5.221252503,12.39317875,6.571593606,46.32416414,242.0808873,558.5729351,6.479992925,45.21122986,2107618094,3348079699,4.149468805,19.43889608,4.943604279,7.722040939,5.373531344,35.26020534,1.747722545,3.703492342,6.343036225,44.18216526
183001,13.18645499,31.14137204,6.552668581,46.14900665,5.317004346,12.77010677,6.469527021,44.83087281,245.4188344,538.5249967,6.330254897,43.64070218,1947207690,2634311293,4.121934914,21.83481802,5.976284755,9.755196995,4.838495526,28.15815571,1.78812613,3.409539776,6.213281427,43.81627753
183501,13.04315494,30.38694853,6.561759417,46.42730687,5.101074462,11.53537506,6.529563337,46.31378964,236.2800343,476.8083679,6.188092962,43.22539818,19362530031,4401744303,-1.31783965,3.415027466,13.90804579,27.3190464,3.404230952,11.17934718,2.040348559,4.124859084,5.97425684,40.61440623
184001,13.03407619,30.52242937,6.624214049,47.34872305,5.308544358,12.31548439,6.601285959,47.44201147,275.2022688,583.6190516,5.582783578,36.30247357,62086548243,19112580734,-0.305228852,-0.298755971,38.95373833,91.53679434,3.679152907,12.92993407,2.355388604,4.90321931,5.551551998,35.23695573
184501,13.57176887,33.52189733,6.55245156,45.74340242,7.142439579,16.42586621,5.4660091,33.01356353,481.8319439,1099.049638,4.536723569,23.78242403,89239769709,40821911350,0.198240221,-0.857537096,78.07936468,174.1227969,3.032914492,8.297326767,2.821705996,7.039664584,6.144372685,42.20547344
185001,13.32662764,29.68037763,6.311727349,43.36164849,7.074830249,11.19961805,2.819119338,7.791598879,553.1620003,1072.856111,2.846031308,7.462608559,68212887160,42884564350,0.22612808,-1.098485122,84.84912431,193.4124743,2.812521919,6.634813719,3.923948812,12.46121718,5.56771094,31.73171728
185501,13.23093352,28.21009538,6.089057203,41.55743753,8.256070749,17.11989808,4.937754706,29.21920829,481.701389,1099.542012,4.91446846,29.26923072,30428768554,26877690596,0.853014852,-0.339123191,45.35517529,112.069333,3.552070027,13.05694509,2.491376836,4.848493537,4.292182812,20.16470737
186001,13.89111377,32.16999981,6.324666384,43.21328643,9.24866727,25.06939706,5.024619029,25.52995049,387.2568832,978.6098939,4.811878361,23.51710003,25586584100,18348726911,0.561111352,-0.524823501,17.40976974,41.19857301,4.184933398,17.39247066,2.555710311,5.701596773,5.49018322,34.24399262
186501,13.2022635,30.6597245,6.570858013,46.60351805,7.336557354,19.17402867,6.208523905,40.48925716,287.2832184,654.2002695,6.473559281,45.59971393,1.58121E+11,98283246108,0.276776927,-0.854225391,13.97215052,42.36417812,5.951620279,36.64972575,2.716057916,6.722268838,5.645168243,34.61267554
187001,13.2845458,31.21669454,6.590518358,46.75964754,6.693266434,12.5602471,6.254693346,44.1608854,313.1076522,648.1871119,6.258575134,43.62940095,2.32966E+12,1.20137E+12,0.390264023,-0.231359412,10.57508371,26.79270635,6.461466758,44.53326443,2.412480244,5.396914224,4.714385356,23.698307
187501,13.42313699,32.14444039,6.599762876,46.72816734,8.320061227,13.2136088,5.79738117,39.79893823,441.5149426,731.7350835,6.145061223,43.29464419,8.06193E+12,4.25733E+12,0.347346707,-0.821530039,10.72664262,21.45383802,5.845173276,38.926965,2.152305128,4.502884892,4.800692506,24.16363938
188001,13.70012762,33.47682313,6.591298691,46.45194326,10.58719567,19.32220832,6.189782776,41.7171469,587.0082588,1032.097624,6.052455067,40.4757472,1.18809E+13,6.63567E+12,0.274802581,-1.026920071,10.52371153,17.68721221,5.636925131,37.73152703,2.105816532,4.679623609,5.942743235,38.86431459
188501,13.60572042,32.49431134,6.504331062,45.36440069,10.01560176,17.76530233,4.993105789,27.19109778,535.7081424,937.0346041,4.827692342,25.58753319,8.79587E+12,5.60508E+12,0.301947238,-1.067197619,12.08892462,19.15963952,4.976431152,30.24681002,1.934835915,3.920151684,5.949614613,39.39076263
189001,13.27784827,30.20640591,6.563362449,46.81593942,7.20920485,12.10438133,4.880423068,26.34516072,358.627397,646.4340781,4.822667662,25.50417341,2.66581E+12,2.05664E+12,0.557951111,-0.706521219,19.41949869,27.08579647,4.795583976,29.12608315,2.050735757,3.882324033,4.801228206,26.91225038
189501,13.31259635,31.09212294,6.548053035,46.16394402,6.091514721,12.10847289,6.149607073,41.83143752,305.8089548,642.7543499,6.341185307,44.67468356,3.87717E+11,2.70116E+11,0.68006078,-0.326214533,38.78016312,46.21014796,2.674990934,9.308909374,2.632247171,5.901488238,5.518067688,34.74374892
190001,13.16708426,30.38343545,6.531040357,46.03482959,5.299031419,11.15565769,6.277218619,43.57608653,336.3837202,827.9323761,6.446742396,44.9369087,65701486767,44026170136,2.194794476,9.524012846,60.645674,77.01856898,2.594609477,9.066282738,3.278849458,7.119688969,4.61727273,23.76942066
190501,13.16580868,30.17400002,6.58275836,46.95887761,5.340974033,11.87024607,6.430253722,45.95618344,366.9780995,939.3928962,5.941082431,37.44782099,8751246947,10574592011,3.694699002,16.39554515,61.34076331,96.8756828,3.678733581,16.84669487,2.816110572,4.621754034,4.285683304,23.04162274
191001,13.42010216,31.76399521,6.500436599,45.3782544,6.162942891,15.14972255,5.987563654,38.14597364,303.4892205,609.9155295,6.125285063,42.15737203,3324258096,3142277216,2.279733543,6.829726275,30.75529706,45.6998635,2.951258972,10.86226686,3.345734257,4.827764035,2.73888944,8.493662181
191501,13.17863727,30.12664591,6.566744452,46.63275725,5.281938782,10.16415638,5.808241209,39.2531088,303.0662519,516.3736911,5.414289942,35.56877876,2256174523,2617764605,2.801880518,9.908346965,22.31472315,33.24835853,3.058806428,10.33883193,4.53119511,8.03478449,3.685631079,16.83034215
192001,13.50139843,30.78781657,6.526501249,46.15946974,5.90878927,10.93096049,5.055721093,30.65537063,335.0667783,659.9761753,5.832295089,39.36094284,2054583133,2505060241,3.088315086,12.49425838,33.36821985,50.11015261,3.707058396,18.25656617,6.619690422,14.95628108,3.664094501,14.21653929
192501,13.43294151,30.85901059,6.529533853,46.06189762,6.071718727,11.2582967,5.255493572,33.10239893,381.3750666,854.8108736,5.906934936,38.8099195,2966944736,4051566481,1.983335291,2.872697,54.47976742,109.8760434,4.848020043,27.49279189,5.512512618,11.52417053,3.188501287,9.720848607
193001,13.74021574,32.10718611,6.600896561,47.18708117,6.581902444,14.2265558,5.622815347,36.81979329,396.4552986,958.0266364,6.29327776,43.87226918,7911882111,11842056490,1.644437818,1.374253374,45.54940422,98.15033802,3.94735466,16.27792173,4.945768071,8.134139795,2.352718856,5.003036576
193501,14.16033972,35.96317109,6.543195118,45.45661878,7.5244919,20.67107983,5.919476172,37.48653454,457.7736838,1257.387333,6.14524318,40.58165427,13441283678,21311723652,2.104247381,4.873593302,22.36174341,54.28819062,5.628740571,35.92891079,5.409335825,8.763309343,2.189550415,4.22892992
194001,14.1113096,35.03236585,6.579625101,46.19622153,7.177585357,20.25171668,6.311639337,42.73926307,481.4535593,1332.556596,6.116712547,40.50087963,11342517564,19464059345,2.82063107,9.322992981,15.01848781,28.86044791,5.167062052,30.94183426,5.23790236,10.01447579,3.211461221,10.27799386
194501,13.94008235,32.54136769,6.440415054,44.59617368,7.258748131,19.07964099,5.640980787,33.2757135,461.0391473,1232.760236,5.667446201,33.5473589,5981860433,8067139446,2.533762309,6.021632123,15.68211161,32.90459834,5.602670789,36.1542605,5.438583204,10.65177568,2.904731895,7.998495062
195001,13.05735536,27.28303788,6.476878226,46.31162037,5.727612849,9.227886814,3.915442663,17.19023371,361.9418265,604.7255115,4.136357446,19.73360697,17306128319,27803220489,2.565568686,5.743593975,16.91968223,33.83990609,5.104210169,30.9808719,5.995009399,17.71219714,5.146307206,26.99987574
195501,13.22277919,28.40928022,6.447987907,46.12528505,6.452335607,11.66539254,4.630697459,25.27906335,413.738946,752.315207,4.637976321,25.80723759,69551983654,1.20144E+11,2.49313062,5.119665878,16.82928298,38.53120451,5.533308498,34.80784531,4.151607534,11.22367842,6.272836136,41.45138555
196001,13.98975236,35.97572214,6.650389806,46.90210236,9.158799218,21.12045294,5.090378858,29.54192385,598.7144836,1334.310354,4.792415311,26.44269819,1.33842E+11,2.25067E+11,2.170979472,3.327146684,18.26433116,43.66149911,5.181640504,29.02747021,3.531028906,6.806826243,6.251153722,43.90105416
196501,15.06999707,38.95124314,6.22009002,41.10424666,10.35864957,31.23828584,5.233221403,27.78678763,663.2541582,1903.387975,5.095914883,26.48748351,1.21591E+11,2.29067E+11,2.852218427,8.015039416,17.75690414,36.50844942,5.433796385,34.16052612,3.682906378,6.644999428,5.386862197,33.82901628
197001,13.25834681,31.31905239,6.581953704,46.58431368,6.323562631,10.93882373,5.386430519,34.13851156,392.3551072,639.6714215,4.648222878,26.29373442,42065771152,71338060559,2.872053219,8.57157128,35.36068242,43.75483574,2.924377969,9.342838772,3.813206161,7.746506364,6.190761892,41.98406418
197501,14.07221908,26.89690973,6.478179578,46.11946038,12.26401905,8.20533103,1.281665419,1.817432148,736.9596708,560.2919902,1.643944159,3.175715608,20312382209,12907394991,2.917038381,15.24619693,105.6246043,93.53631249,2.463829586,6.737988234,8.268025909,8.057799301,4.034170958,21.98126981
198001,18.52939253,28.51086961,5.905317093,40.21959257,22.49112381,14.73165953,1.191781497,1.524086869,1310.199299,966.9550488,1.404237249,1.71703298,33462608623,13175525936,-0.074304784,-0.996895921,178.8726302,147.2353255,2.281138281,5.428282008,16.64938731,12.84365818,2.450205655,8.572884528
198501,18.77117722,30.88408037,5.854176086,38.62831469,23.28598952,16.02867316,1.47761361,2.390858611,1346.517234,1145.61777,2.207143926,5.964165433,33372631364,11120161641,0.010148129,-1.028596873,166.4302646,142.1389433,2.263912413,4.970889675,18.06769736,15.81870163,3.287493225,15.11695671
199001,10.82763711,18.71707492,6.189200965,42.94554527,12.69414969,9.089570519,1.873170628,4.395789717,694.494765,576.477308,1.889449754,3.910262678,16799083316,5165584732,-0.018083095,-0.212938661,68.50528314,51.19581146,2.279954992,6.485616705,9.791841465,9.47229629,4.313699691,24.38920175
199501,11.53424403,14.02421694,4.121949674,20.86541183,21.56340107,11.54823739,1.721776755,4.001230666,1194.866584,827.720127,2.053200187,4.908639204,10323970659,2708255358,-0.018661422,2.3773761,68.00296004,40.10828871,0.859846553,0.363188449,16.82601196,12.09491161,1.691244969,3.151224999
200001,19.06878527,40.15694237,5.907849666,37.73117656,28.89492051,22.48243867,2.640742776,8.315218722,1639.49516,1516.168019,2.467897608,6.580497326,14186474610,3394438356,0.342659619,1.685147067,96.90417022,67.11249595,1.973757371,5.105250857,24.35272655,23.1929622,2.580369646,7.539743712
200501,16.86748904,34.73686664,5.27821889,31.16310909,20.84289972,21.34983848,2.836475552,8.288002365,1189.236275,1300.537065,2.432052108,5.406459055,10352803952,4051590618,1.700450801,6.250845031,78.53043657,66.16077691,2.606481437,7.852634926,17.40340807,18.87840038,3.772735332,19.16472643
201001,12.69281272,28.42173802,6.577964443,46.98848279,8.426087356,10.65545172,3.333959049,13.7802052,518.8922437,642.2438796,3.265910449,13.8759695,6111504629,3739217311,0.836057677,-0.005876106,45.95713156,53.83708634,3.134390221,11.87604733,7.82168832,12.28332129,4.501813708,22.17994694
201501,13.00507744,29.92185684,6.480759438,45.69100451,7.140489383,11.32665958,3.606167178,16.17927216,414.8218711,595.7261849,3.26641638,13.65038528,9728289019,4693435386,0.893888532,1.645300064,35.59003886,42.9578818,2.068375464,4.618832939,6.052360652,15.05085759,4.677766863,22.35303806
202001,12.90052547,30.57702696,6.435398224,44.60259054,7.706622703,12.4069135,3.339657233,13.19618885,419.4352269,598.8410989,2.871136476,9.43352017,12379068461,4825567711,0.785299512,1.632017725,38.59159709,43.53861443,1.888360149,3.525511256,4.800653926,10.06601562,5.272736947,32.24984491
202501,12.38950855,28.82596384,6.484577989,45.34255033,6.819678503,10.82155419,3.671681667,16.6476436,451.2974288,694.2096581,3.427392522,14.42803144,8692803120,4509504170,0.543132861,0.009106198,42.30932819,45.6916233,2.624918002,8.877532866,4.341896012,8.660086148,5.023092187,28.64374272
203001,11.67531502,24.97933201,6.354694694,44.45837769,5.518916574,8.780385903,3.553841336,14.63160042,380.8215288,631.4229247,3.605556641,15.02805758,3142030070,2477731926,0.692613175,0.086390992,33.79093372,47.68737942,4.468447562,23.69197499,3.474895614,6.593347371,5.106649261,29.72182626
203501,11.64616935,23.66136198,6.192366949,43.19191788,4.025942814,5.745402238,3.573145615,14.84052828,239.1012485,349.5046057,3.569904103,14.70679368,900258263.2,774727343.5,1.510457851,2.852345817,13.00918141,18.39287491,4.247600062,22.24489519,3.166604148,6.368857824,5.654493562,35.86265085
204001,11.28600922,24.42235476,6.432269691,45.165134,3.04219811,3.528995487,2.912927516,9.991312156,157.847235,177.9519954,2.883738495,9.968468065,348567854.4,380201516.6,2.799220102,9.819825268,6.34912887,8.083618933,3.615572568,15.67903638,2.697696218,5.139836193,5.921136595,40.40123098
204501,11.34957063,24.34028368,6.41843068,45.15075767,3.027946895,3.645755299,2.975212236,10.66826686,136.3691209,153.4801957,2.76568525,9.276790073,255658617.8,308894038.5,3.721946582,19.30884733,6.169895024,6.68870875,2.486889351,7.674295035,2.702863625,6.151421801,6.525676103,46.54610193
205001,11.48942302,24.19584395,6.405776688,45.09076971,3.669431492,4.329514508,2.961895986,11.34716667,152.9972459,166.2862037,2.794074667,10.87705601,383722229,363840592.8,3.104881476,15.67416729,7.246951983,7.44821448,1.794774584,3.405402387,2.878975126,8.045925565,6.672222635,46.81632481
205501,11.79370875,24.56257635,6.438063221,45.7929841,4.7833773,5.660189954,3.570791286,18.53041377,219.1321065,255.7543557,3.200355386,14.30324802,578097102.6,562621735.4,3.018753484,14.69939949,10.28522486,10.54211649,1.888700523,4.453780237,3.073185284,9.757294927,6.554916712,44.46913727
206001,12.47059453,27.9102316,6.566223103,46.92968485,5.729971357,9.647381805,5.742673446,38.81440011,306.6277208,527.0689544,5.611693702,36.82535816,687758199.7,727345714.8,3.568496855,19.32792188,13.85148009,19.65998143,4.62449226,27.29469403,2.99372967,8.462585032,6.050309048,38.54968735
206501,13.5293208,33.82558576,6.597459261,46.31466973,7.091219872,19.551363,6.2650597,41.02184014,428.308421,1173.512917,6.002184212,37.73702303,695791583.5,1062669328,5.046571208,30.71777594,17.34642509,40.38416735,5.7274513,35.11874678,2.251006,5.007180546,6.403813477,44.92856187
207001,14.32160991,36.39379366,6.545286602,45.48753575,7.556548756,22.49210627,5.957331706,37.11160287,422.6685899,1306.789991,6.012363202,37.5409772,1054145862,965291790.9,2.999430508,15.03893593,14.68264868,42.39868887,6.050898252,38.32670945,1.918305364,3.558529446,6.079262488,42.42580692
207501,14.42642956,35.84627108,6.632304521,46.91931855,6.871945924,18.65116583,6.463849548,44.73986723,364.412244,1004.231249,6.595318127,46.17693594,2159991608,1068268040,3.150621727,17.30954317,12.11847312,33.99786374,6.54072716,45.41093422,1.714140228,3.017729985,5.940327606,41.37178845
208001,14.53200677,35.76380781,6.592603253,46.37820652,6.617685755,17.1737089,6.541657824,45.26991505,351.038203,917.6152554,6.686213452,47.28752024,2872181825,1844234791,5.894865689,37.67084482,11.33319557,30.031764,6.673012729,47.12437392,1.634384144,3.065470802,6.066946953,42.04965847
208501,14.43594978,34.38040553,6.590111883,46.62669411,6.319173508,14.87663517,6.602625402,47.20796082,351.6252227,869.6075175,6.638615262,47.09633477,1819715183,1070212230,4.052727154,18.88812746,11.4924816,28.12792078,6.550644701,46.02960125,1.633967857,3.211877223,6.130534316,42.45656633
209001,14.40188259,33.81374241,6.589917356,46.76224626,6.357502688,15.43802369,6.620372317,46.99606073,349.5829324,860.3775123,6.62147318,46.81277711,655832665.9,1041249956,4.47563791,21.84469818,11.2905203,26.05619479,6.430348452,44.81328806,1.621054882,3.184411838,6.022507821,40.46145078
209501,14.43053666,33.93593222,6.55063102,46.1521795,6.489388291,15.86846433,6.49901079,45.1023499,346.4842957,838.1237894,6.55064123,45.91610503,428061001.3,791938173.4,5.314247972,32.67711525,10.76405475,22.37423029,6.301605228,44.03149382,1.591275548,2.724940447,5.791662415,40.02919182
210001,14.29894666,33.09618525,6.563644514,46.47483327,6.196689928,14.20580151,6.511090445,45.82025123,335.2621931,774.2470563,6.589730017,46.91368379,400834825.4,750286053.5,6.106766103,42.60545345,10.92484772,23.13302291,6.279462619,44.27490961,1.893279332,3.551945376,6.120053772,42.63997442
210501,14.2961905,32.98175031,6.568211157,46.61609651,6.096421568,13.33184585,6.527267228,46.78923852,338.8574432,788.8119842,6.584721626,46.87078366,416949583.8,844694403.5,6.350263471,44.78151778,11.97175596,30.52686446,6.359100738,42.93125887,2.091960298,4.546460276,5.767378771,36.24157911
211001,14.39608811,33.93161819,6.588801995,46.681264,6.244848632,14.87269098,6.601350811,46.80023826,342.8037316,831.826244,6.563294471,46.0751235,454070059,965089840.3,6.38849018,44.67145618,11.23659047,28.14274759,6.559804014,45.79892346,1.619070035,3.240976686,6.13727007,42.24887828
211501,14.50775625,34.73186284,6.580642674,46.44030311,6.410574894,15.80406597,6.53204334,45.52153697,339.4497371,823.7980132,6.593629485,46.56783185,536280114.7,1035583621,5.975127331,40.31368547,11.19964698,27.17169031,6.546133176,46.45063222,1.604918367,2.777670953,5.846168703,39.89494213
212001,14.56566951,34.86915671,6.581565845,46.48485489,6.354283503,15.41134636,6.595706717,46.67467404,339.6275214,820.4809517,6.600489837,46.72689996,671721885,1069832204,4.979797686,30.05638347,11.42018782,30.28746966,6.632305548,46.53026363,1.65030129,2.569179626,4.780710328,28.47351379
212501,14.57428211,34.75739291,6.555725157,46.09303465,6.391086449,15.73782691,6.541396852,45.67554437,344.9424765,836.1165125,6.550454275,45.95648672,1080347010,1326949445,2.549712227,7.692962528,12.14698225,31.92494095,6.366323658,42.94122758,3.1218476,4.781711263,2.435320795,6.271894155
213001,14.21979614,32.47730409,6.517605844,45.91776574,6.337393059,13.66464845,6.173525141,41.96151172,356.8511739,772.0640506,6.187932462,42.13081552,18317368957,15589927627,0.544666402,-0.869989489,11.60370241,22.48484335,5.481828109,35.00919511,5.61511636,9.596756852,3.303986559,13.65749278
213501,14.23250202,31.55967096,6.55091532,46.9831501,6.845636326,12.46090661,5.533901293,36.69161297,402.462155,703.6189511,5.54386674,37.36725616,64441462282,52336147485,0.332589164,-1.27609062,12.09979368,23.13831683,4.725387763,24.91805319,6.155835885,10.54990761,2.82534772,8.000693297
214001,14.94018158,35.82749614,6.517448961,45.47304121,7.790526295,17.63136064,6.106253093,40.87948927,450.0956535,980.878598,6.028311511,40.48452193,94809743283,75495587692,0.280677809,-1.314184936,11.85985661,33.08234858,6.54880196,45.39322102,5.196159408,9.837572069,4.294940263,22.8647389
214501,14.83900806,33.02638967,6.347201214,43.79620124,8.038422349,15.61944618,4.366542952,20.85049978,447.72229,982.0817676,4.91196377,25.8932844,70395940694,64176607788,0.944836483,0.132916618,14.36721296,45.6942345,5.683221728,33.0579478,5.802806262,12.04283632,4.140232387,19.12194914
215001,14.82241009,31.89791401,6.247247129,43.63532051,7.743594963,16.34895058,5.125208536,28.45492892,379.3351321,767.6777573,5.033056303,27.47057425,31236280234,34090121505,1.498557379,1.905052111,9.491176495,22.21803705,5.545014336,32.53665069,8.777732877,25.55343347,5.013174719,26.22551821
215501,15.6516795,39.76195588,6.545782343,45.46018023,8.605986967,22.82969467,6.11133496,39.58227563,367.4267751,861.4052017,6.141547448,40.61792913,18023423103,19802794792,2.486053658,6.936986169,6.373515978,7.661806905,3.268796655,13.83474858,4.498994806,8.470717275,3.691113315,14.79265398
216001,16.07216831,40.14048851,6.43785067,44.10075223,9.082125579,22.53437386,5.20715469,28.79709049,338.2505709,662.5469864,5.714118124,36.89427309,24060900485,17817814179,0.78340348,0.313489825,6.059416538,6.42281351,2.508354759,7.29598116,3.896622255,7.16930595,4.96975873,29.02427863
216501,15.08586899,35.09197739,6.587583387,46.98188518,8.146864126,15.19814469,5.233561161,30.91702078,319.6985762,567.6580231,5.062119699,29.34087507,57501551834,33167966201,0.911117448,1.174573612,6.543959037,7.778666788,3.373175034,14.64503765,3.723523987,6.221107562,5.30314719,33.76166453
217001,15.08497222,35.81632811,6.605031226,46.93622203,8.442693137,18.76462112,6.35595836,44.04601406,323.1323385,714.6590336,6.431687553,45.33936873,87266812288,57776063424,0.817801734,0.196460379,11.53623874,13.97748758,4.308962461,25.5812584,3.966068981,7.236424587,5.336285713,33.12773299
217501,15.05120113,35.9836013,6.506194776,45.39051076,8.86668733,20.19368989,5.417910259,32.01403476,366.4018288,913.4169287,6.216301291,41.55666092,75952293853,59178590033,0.905592982,-0.06315638,26.24620085,34.42923737,4.08042987,21.76829339,4.096246504,8.17866023,5.081719742,29.9900681
218001,14.72724061,34.46396791,6.60034164,47.05562654,7.513258346,15.62979428,5.617727435,36.32841577,365.5834691,936.9901328,6.461538295,44.83307844,35394264863,36218868167,1.635417277,2.257608738,35.44573822,41.32831087,2.301095732,5.990004001,4.623784984,7.493537606,2.847087218,7.692319147
218501,14.71063255,34.61993833,6.44587821,44.68649503,7.496674899,15.36668187,5.602958713,35.46921565,376.6390533,898.6852964,6.048842812,39.24283352,12509132978,20264606089,2.969729734,9.429941757,35.51662091,49.57666661,2.95953894,10.07416865,5.639719458,9.7018217,3.469186796,14.05912005
219001,14.1053662,31.21412624,6.551548696,46.80838191,7.489275266,12.93901231,5.42216923,35.07847385,350.9670603,599.9507746,5.634898578,38.06078549,9064812576,14557341556,2.913856929,9.488658331,39.41891256,60.71528099,3.022375554,10.47905453,6.168826161,11.4056398,4.147657481,19.14532361
219501,14.3491214,32.55648941,6.539770682,46.42223904,7.897521668,14.40300478,5.810293976,39.02832931,386.3045852,638.2337974,5.488936769,36.56352339,12902143135,14403443904,1.291786876,0.843514407,54.88120023,85.40770994,2.472727014,5.77087351,4.942586963,8.4457164,4.651082534,26.06655895
220001,14.49840299,33.7408941,6.449558186,44.7327153,8.297127852,15.81219302,5.585409238,35.37082859,424.6485697,812.4733736,5.94668592,39.77356988,14431450134,15988742743,1.201295468,0.492382433,67.01718789,91.87109905,2.250905933,4.78941818,4.481320574,8.793046596,5.445383189,34.24697368
220501,13.97915973,30.73734928,6.561644955,47.00920441,7.690724635,12.2163888,5.101021857,32.89074854,419.2424501,803.7485887,6.044798996,41.51177038,8318122202,9916356846,1.468696091,1.149301908,62.32944977,70.60039719,2.135026119,5.713576647,4.23286799,9.843887989,5.517014748,33.22760022
221001,14.65107526,33.67279499,6.562983947,46.77593794,7.851296496,16.12346485,5.698605023,37.20795091,419.4791047,924.0663035,6.116163421,41.92409687,3465359248,4306006326,1.932244081,3.769172489,38.89454725,37.98464318,1.935571169,5.929604803,3.0125996,5.29908809,4.592506214,25.30107576
221501,15.50123788,38.14578379,6.464266573,44.55090556,9.201562668,24.73507399,5.842588216,36.41470311,456.8343088,1168.851176,6.258741424,42.33665661,2714665568,4905250167,4.416795751,23.04455884,32.64413449,34.75993085,3.280282084,16.36542552,2.468731707,4.082265333,4.629654338,24.13099233
222001,14.68776918,34.85170503,6.523872104,45.71215398,7.919880736,20.00739153,6.226627465,41.25484494,460.4479603,1189.377042,6.11953836,40.0862255,2367547645,3338205169,3.085570887,11.0790033,33.85241741,43.08937119,4.487084472,25.21919756,2.516029765,4.43196857,6.107804963,42.93360144
222501,14.61304257,33.08936038,6.556668539,46.96338314,7.685500041,17.58539986,5.898692086,38.8340882,410.8483861,986.2384621,6.378467086,45.04853213,2725515031,4004953385,3.525517682,15.16841647,26.03526042,30.95597972,3.939721571,20.68460923,2.898594858,5.955233468,5.154907966,28.66515266
223001,15.10373896,36.8699651,6.544069289,45.77501323,8.638902108,23.77997101,6.157570305,40.16867028,431.6402148,1130.807247,6.17541594,40.84833115,3750113332,5741108400,3.105117286,11.34191364,16.8879472,29.43307802,4.396598883,22.91511936,2.571786152,4.008337939,3.640876153,15.69616551
223501,14.87756739,35.56794004,6.506798694,45.35653231,8.553172934,17.38799806,4.607962777,24.00865371,367.7726231,821.4714642,5.860302895,38.27273065,4663986396,7040193709,2.160767978,3.848709179,17.09587628,30.7978354,3.368371319,12.15245327,3.742048632,7.007529117,3.449644963,14.01262012
224001,14.57360634,33.08845084,6.560630578,46.88211667,7.942568207,13.90972685,4.042372574,18.53137485,337.8213027,661.4376833,5.256897148,32.05822927,4142282166,6301322348,2.290472524,4.174155166,17.86474006,31.79198811,3.215615401,11.95503302,5.32569157,12.26940531,4.095362487,18.38552356
224501,14.93601594,35.37577145,6.523070176,45.73353217,7.290871918,13.18693217,5.341509793,34.05624213,334.5456526,692.7042942,5.858820611,38.72518978,2993287904,4409587100,2.526795169,6.36429483,16.63222705,31.8439364,3.889129102,17.47075366,3.576676323,6.335193339,3.491065546,14.28774179
225001,14.58870667,33.17200977,6.431290725,44.68341978,7.379803359,14.93400966,5.987815411,39.98860138,297.0541172,567.4868262,5.677768836,36.64060908,2253882362,3378054650,2.620694237,6.779165796,17.60543864,37.19721755,4.358854829,20.75321468,2.795804132,5.595171075,5.122215518,30.80066885
225501,14.47863071,31.09468005,6.437868996,45.97584444,7.379503017,14.82519457,6.28490887,44.19862341,311.4038409,581.1891293,5.081088029,29.29777871,2092646666,3786203518,3.559203063,15.05761939,14.66348227,27.68907679,4.155707351,19.17417199,2.919213127,7.831366103,5.796123801,35.28553343
226001,15.23850453,36.71077174,6.52309213,45.60222749,7.445582929,16.88506852,6.294519998,43.23327245,344.8260292,801.0905282,6.110075797,40.35050795,1742957913,4080742874,5.609709875,34.02119906,14.377017,32.74441511,6.045021023,40.51207178,2.180394482,4.553922419,5.66417113,36.21814945
226501,15.46576072,37.60198846,6.519643859,45.38836815,7.189313064,16.73576609,6.535276591,46.14993009,340.100849,762.6271694,6.269376309,42.63747082,1984897488,4980850676,5.214384424,28.4014617,16.17107549,43.53963211,6.343897686,42.5903873,2.121554526,4.142797534,5.290498855,32.2691461
227001,15.15441142,35.4949217,6.584403277,46.74558972,7.702359057,18.2502107,6.540568129,46.25880601,337.8484143,685.0256186,6.245230462,43.97323955,1502900279,2867301441,6.140712382,42.40388788,15.81362085,40.15862388,6.344373968,42.96895193,2.028185732,4.466714209,6.252214341,42.66892389
227501,15.17503495,35.69204974,6.592251619,46.76484479,8.148440048,19.29269731,6.264815697,42.32386072,360.2689234,820.0633781,6.590987934,47.27678439,1308901353,2461978291,6.067294346,42.22838869,15.6905911,37.99952263,6.322717117,43.70110207,1.919645507,4.069949544,6.285290889,43.5045196
228001,15.25964258,36.471628,6.602516726,46.77361024,7.677595198,17.65069899,6.520033089,46.65290177,402.2967906,1090.81721,6.670697368,46.88693589,1323558789,3136270248,6.645104774,47.99895442,15.53176887,42.28137765,6.652256058,46.70174808,1.903430661,3.668164331,6.173003995,42.76566983
228501,15.29402836,37.23110759,6.597093336,46.55658694,8.045196873,21.18272051,6.64580944,46.75998873,440.0500925,1289.383033,6.531179609,44.55288051,1649864210,4526407090,6.096944349,39.05610242,15.5330681,46.70026366,6.742129358,47.85653371,1.933992813,3.256124078,5.739516784,38.87200655
229001,15.21593226,37.15882043,6.609079197,46.68202052,8.855218709,22.62962318,6.416521311,43.70217637,438.2940074,1269.438869,6.647456914,46.14411231,1877535115,3420574102,5.802858312,38.15778024,18.58217457,62.00450897,6.613004746,45.50137609,2.065133269,3.45690748,5.396872766,35.299557
229501,15.1929084,36.75512159,6.547746404,45.90955973,10.35940303,21.95247297,6.09116542,40.92205006,468.3067381,1176.707134,6.238203375,41.60864086,3365124096,3779200475,3.031177794,11.64543707,26.72009497,71.04882818,5.573673664,32.44738884,2.508964828,5.24778314,6.297594251,44.47189164
230001,14.45531651,32.58378237,6.446009728,45.00820764,12.17725747,17.69957218,3.572489959,14.5475369,435.8577631,761.5638538,4.698109164,25.73640626,15095136704,16963587809,1.82786149,3.33242994,19.66434955,25.40094088,3.741310095,17.8626076,3.88868408,10.01426688,5.994092991,38.55231311
230501,14.45218221,31.1360078,6.41857378,45.8722187,13.88195386,23.29652344,3.492618643,13.28228374,531.7544005,984.8106039,3.748275309,15.15846416,40332597917,44207414899,1.301611462,1.269597607,17.10584712,19.73059935,3.037086624,11.72732965,4.699728584,11.03541227,5.145702826,28.42117223
231001,15.62394505,38.74772482,6.390299412,43.43878848,12.98718663,30.19743973,4.788314366,24.80668961,560.37682,1364.505098,5.033318352,27.69147707,53558605424,58884856107,1.146135462,0.675263248,14.24952273,13.49976822,1.871172421,4.532059976,4.74428486,8.794855258,3.620219238,13.11561405
231501,14.78727409,32.54873161,6.27086915,43.11927354,10.16963474,21.37574774,3.851955631,15.18674347,473.5737456,996.2401552,3.93094837,15.90953825,37044266257,48006960844,2.162130156,5.464359166,16.16434478,16.92329001,3.766215969,21.37562999,5.370848654,12.12169536,5.117705714,29.78367441
232001,14.90005921,31.55524841,6.010119957,40.63522073,8.912775633,21.2040329,5.465351675,33.1155627,414.464056,978.6709127,5.178344824,28.52232675,12950425438,18152619550,2.612394146,7.612041543,20.04920182,31.59346742,4.618317895,23.77525778,6.278853448,16.9852052,4.631802585,21.59744035
232501,15.27435635,36.37723594,6.401585344,44.00407683,10.26693034,26.03459278,5.015331121,26.56744235,438.6079415,1133.293649,5.354600323,30.54774446,19868510115,10979460813,0.975256349,0.803320449,12.83695339,12.78681471,2.279855169,8.061648725,3.40767225,6.699102986,5.283096406,32.18444283
233001,14.62367302,35.55927799,6.615445464,46.85984828,9.056193638,16.10846542,5.54746607,36.34637494,359.9722074,878.76563,6.330083553,43.24805779,43597947740,16649030629,0.153956524,-0.427022671,10.07543745,12.93566062,4.020353186,21.31633487,2.741222051,4.00089229,4.787724582,29.71447512
233501,14.76873341,36.38590004,6.602238872,46.51773966,13.00258521,20.32862783,4.172624611,21.63206175,365.619495,821.5683853,6.205203468,42.63038762,49480402664,19156197255,0.47350947,-0.12623994,10.59077789,17.47110571,5.587191458,36.66266036,2.682528951,5.020460741,6.035774714,41.69139037
234001,14.70787761,34.58259602,6.467680366,44.97049181,15.14827085,27.09774989,4.054671021,18.87296208,376.9206325,735.5866309,5.228226566,31.16626641,28199864883,18517968749,2.181301592,6.927131071,13.85770831,24.37696236,4.475096536,21.96752714,2.994050845,7.141140412,6.513898378,46.10879686
234501,14.16486256,31.02717768,6.47640324,45.97326351,10.86499349,15.02771951,2.712058214,7.990145098,338.1774757,537.5034833,4.493428016,24.80609609,6841846063,6600707947,1.571578051,2.005999184,12.71701937,16.90645699,3.911259086,19.80017989,3.993572041,10.12651092,5.93594818,37.33716938
235001,14.01412897,31.02517196,6.540219557,46.63263588,10.89314717,16.79538228,3.089035135,10.14312451,341.6431139,556.1246627,5.289173956,34.82497374,1900476002,2008092439,1.60687788,2.081869871,12.07084465,18.2176567,5.490726412,35.98483183,3.68663358,9.062871032,6.449515892,44.02432127
235501,14.3707691,33.67150384,6.577993311,46.60193826,11.00266419,20.20960756,4.734458,26.43734589,365.5514936,842.7862662,6.417571468,44.77025937,1319120590,1506581863,2.897492683,11.3455381,11.8076618,19.91317964,5.820186238,38.74968242,3.20277041,6.551614236,5.44461936,33.21242595
236001,14.71431791,35.31811905,6.514670948,45.44789408,12.96704718,30.83778627,5.590942528,34.3794877,428.586109,1105.07173,5.9592325,38.09486408,1091204608,1500434371,4.164299798,22.46235728,11.08754028,18.51592555,5.891944728,40.41750567,2.631736436,4.901857373,4.961835559,27.12793551
236501,14.40904427,33.58594842,6.550187034,46.23991198,12.4629099,33.34451972,6.220633161,41.05759122,414.8487922,1029.878627,6.432300108,44.40271277,1032194745,1722217587,4.794065306,28.12565406,12.55089592,23.12500427,6.002614112,41.56278935,2.335151261,4.576189728,6.263761277,44.23850238
237001,14.4517852,32.85570302,6.659171122,47.82301304,13.5809793,29.0042139,6.219662318,41.19526569,518.5182498,898.357866,6.450274,45.59910341,1297685540,1811508204,4.908589794,29.29063728,17.45987601,34.41372303,5.934565441,37.48274745,3.038066988,5.398308852,6.307999964,43.33007074
237501,17.06653639,35.29818661,6.677695376,47.47228864,21.4073299,18.77289794,4.272584578,25.56986184,1050.563008,960.5073846,4.872056906,31.67074484,2811480439,2078925732,2.034853426,6.686132679,32.67456189,22.7566202,4.133442245,24.9638493,5.750017828,4.843797437,4.010288518,22.80506048
238001,20.31867881,38.24137071,6.524193814,45.44586552,31.12053553,21.69536878,2.522863198,10.17889473,1527.745793,1264.125945,3.947553275,21.9559626,4175726397,2774953046,1.242982942,1.320087113,51.9936982,26.72879111,2.017772246,7.561584926,8.17318582,5.654684897,2.363668954,9.469692661
238501,16.87871662,32.44605051,6.853205666,50.36228503,25.88770595,19.57952125,4.224997732,26.15332508,1287.338466,1092.930323,4.111890116,23.80748973,3628755866,2592269678,1.510987068,2.836279358,44.71371942,23.23303606,2.994916916,16.50773144,6.600162301,5.331876713,3.724862594,21.40430979
239001,7.343463921,5.899464246,2.542037194,8.935403957,31.76650838,21.37115447,1.626387144,3.680142082,712.7359325,423.3760412,0.977884722,0.965049233,2125337324,1209454358,0.590920017,-0.405993943,19.79858694,11.74555393,0.818985348,0.129909691,6.051227148,3.591193314,1.130535704,0.925264241
239501,14.97838817,27.05751842,6.055835454,39.66741108,62.85263487,53.29548866,2.925020844,11.87898556,1448.503074,1070.054671,2.674506182,11.30235667,4133629126,2725758408,1.923420692,6.692529602,41.01009634,25.10449933,1.307494568,2.323821125,12.5025309,7.528554051,1.346777443,1.977380841
240001,19.07086594,45.30805054,6.110027537,38.85203658,67.89190675,76.04763405,4.369083231,23.26837862,1542.663604,1510.389349,4.099885781,22.07905018,4307842013,3749858201,3.946776125,21.21049559,45.87435603,38.04417852,3.419199692,16.38422929,13.6349637,10.55900852,2.89626881,11.58087467
240501,15.68068086,34.93286108,6.543955548,46.39478298,41.13149453,60.07309014,5.89384553,39.93274045,909.1824801,1249.19763,5.236144965,33.04563373,2346228211,2277013617,4.687235186,29.48521943,25.81827781,23.31578307,3.857112884,20.90531486,7.291622641,7.051028133,4.627036698,27.76644655
241001,15.20766185,35.73056478,6.613804661,47.01689145,27.71904206,57.76038273,6.433473986,45.38240688,584.8900687,1380.950192,6.33020327,42.87476297,1207587859,2228010084,5.967497557,40.60184187,12.25284279,18.6271084,4.878100017,27.55529689,3.487039736,6.75193731,5.994755575,40.6009913
241501,15.45342317,36.53996961,6.538734458,45.95785719,27.53613599,58.64191165,6.466035266,46.05800775,527.9267176,1242.969047,6.618682542,47.22940978,1202706507,2774244939,6.237992657,42.25951269,10.86601736,19.89919515,5.563124178,36.46686507,3.30871978,7.59052815,6.324769245,43.34293553
242001,15.34566152,35.95794396,6.586523559,46.68648335,28.18888305,62.42267587,6.371048658,44.13636682,538.843428,1293.087299,6.596318511,46.65938018,1219399475,2985389673,6.489713181,45.01031858,12.70545092,25.83216099,6.090888952,42.28566051,3.147022208,7.197883733,6.504462234,45.74013265
242501,15.36754615,35.63871414,6.52421541,45.91252659,27.5177044,58.72045851,6.479720087,46.07309265,542.1804533,1243.519231,6.400439904,44.21307924,1282155478,2412011301,4.988170098,27.88107194,16.54793675,39.41107327,5.794269094,35.79459536,3.064871218,6.976873586,6.595123585,47.10261219
243001,15.3024476,34.7814124,6.563047589,46.67075935,28.2319512,60.67792531,6.431312577,45.30846957,529.0242049,1152.615896,6.431516843,45.78001581,1362901213,2237576722,4.518356647,23.32916079,13.56197215,25.65539263,5.700617626,37.48542143,3.099457489,7.116561968,6.395761916,44.11370101
243501,15.55893851,35.81200186,6.52782949,46.0254987,28.5675565,60.83909091,6.37416861,44.50977999,547.2259579,1305.932517,6.509840681,45.48885615,1490753633,2502058335,5.118360979,30.57078827,12.4985834,26.23035051,5.476008005,34.00267949,2.905604057,6.047696735,6.431844032,45.63387554
244001,15.52811076,35.5013425,6.540738376,46.25385048,28.29783315,57.37585161,6.36963454,45.19601396,548.0103891,1303.63546,6.537578623,45.85081053,1584506099,2451471442,4.792067426,28.66404866,12.53161238,31.25665718,5.699898913,34.54229254,2.960507307,6.022451918,6.292801171,44.38680606
244501,15.80911116,36.56451995,6.596605224,47.09920772,29.7037697,64.72463123,6.502720488,46.52091245,546.3533027,1273.832844,6.586588115,46.86361572,2117187505,4863060594,5.559566866,34.13900939,9.141568766,18.00704703,6.193844273,43.88173971,2.958210562,6.61932214,6.499820668,45.81387791
245001,16.32820216,40.22378612,6.581720636,46.2227952,32.5003132,78.25334756,6.382345602,43.60250816,547.5307185,1313.1133,6.611152691,46.89427767,3799995970,13528539596,5.896739862,35.7930773,9.648923911,23.83089129,5.85373014,37.06414773,3.006143271,6.982438523,6.549374616,46.2679159
245501,16.46330363,40.81133673,6.583329983,46.19766516,31.66892458,75.98937356,6.576335891,46.29838577,563.1782566,1416.402703,6.688625553,47.67037776,5145031797,19859275834,5.984703405,36.5931623,12.28727044,39.90314755,5.941897907,36.60934673,3.064355245,7.274172685,6.534442259,45.81858168
246001,16.27213694,39.1235498,6.576828371,46.34409661,31.54495832,69.76823903,6.338078212,43.64808955,593.4333581,1499.187674,6.358126902,42.87239151,5504262134,18620917004,5.795666589,34.49433963,10.94718319,31.94738433,5.575264286,31.97022831,3.02445998,6.913261548,6.497831576,45.58353903
246501,16.02194133,37.35063164,6.596415235,46.92618736,30.49302624,59.084845,6.244400563,44.31653361,531.4066626,1171.044581,6.553942828,46.86562379,4420385675,6710255440,3.910421816,17.06532132,6.786027575,10.15850558,5.508358359,37.41669561,3.015284702,6.500814755,6.480866237,46.07817709
247001,16.03512109,37.74051375,6.576109194,46.55168583,32.75202651,69.22798426,6.386088498,45.04236572,546.4956627,1178.262978,6.363051618,44.95743309,5148589070,6797473213,5.821103332,40.08751667,6.361318583,7.357850132,3.167312358,13.72515466,3.0615754,6.596596466,6.42219528,45.15519694
247501,15.88949009,37.91380404,6.585230488,46.51352118,36.40571786,75.37624941,5.855373267,37.97617068,551.1263137,1317.61624,6.498895429,45.22839499,4244640105,5131232346,4.592777554,22.58232278,5.288920002,5.929895134,2.606134872,9.004137257,3.132474478,6.658378063,6.432463148,45.40572922
248001,15.75394486,37.42347333,6.575152449,46.42634311,34.89423395,60.56906747,5.856964546,40.0794552,533.1492797,1289.603092,6.604461879,46.67418033,2030602323,2806706309,5.325494667,35.18347045,5.559736944,6.752658994,3.073244773,12.55756659,3.269853481,6.760945858,6.275696871,43.48372867
248501,15.54479105,36.44145204,6.565212532,46.38999602,38.62581972,59.60825391,5.425703817,35.86221703,528.4370077,1268.412876,6.610303829,46.89487547,1488329445,2804045277,5.64005084,37.14189118,6.528592516,8.40757074,3.653676458,18.35095574,3.353955955,6.378799345,6.167595219,43.00521491
249001,15.37227223,35.31379826,6.531018464,46.09324459,45.81616276,69.99127668,5.311422324,34.91749741,533.9914451,1290.910323,6.570602267,46.20894534,1646151340,2595710874,4.183663501,21.17261306,7.548523944,11.51145904,4.32272601,23.52756427,3.574886142,6.706862699,6.117134856,43.05261214
249501,15.17717958,34.21768074,6.545255462,46.47937552,56.46528686,100.0296625,5.896003515,40.23598971,530.9053125,1193.969461,6.371993644,43.98018015,1683228320,1900539369,2.517687553,6.973161609,10.83284956,21.37643375,6.141312827,42.75689344,4.09475494,9.339276489,6.585562418,47.1676504
250001,15.2845742,34.85184753,6.538441397,46.28406552,72.70453022,138.4805757,5.805709238,39.36509145,508.9619853,1036.009813,6.34464348,44.97708649,1942353696,2313360485,2.712532101,8.255670455,19.62035051,49.4570754,6.172439517,39.99487718,5.050250363,13.27569625,6.318211556,42.2702847
250501,15.26287609,35.31238531,6.555475815,46.3524371,118.7373038,287.0884124,6.170658513,42.75167758,508.0408954,1069.59423,6.453032799,45.97604337,3006201831,4845659329,3.366131949,13.01016492,24.1178093,63.51031223,5.648190284,32.89368656,5.038440747,13.46073483,6.647307062,46.69675414
251001,15.40855228,36.21467744,6.60643736,47.04049426,219.3498291,719.012463,5.773275286,34.8214908,526.5722929,1247.814752,6.68120877,48.12257217,7745305427,20947821832,4.741317759,24.41418753,15.63658878,35.72609603,6.358445369,44.63131719,5.382869142,14.65490303,6.714809665,47.62021814
251501,15.76882989,38.77120054,6.582220293,46.24203348,212.2892162,686.4652757,5.566152288,32.14169516,583.5325427,1590.875653,6.562290048,45.30101241,16005476049,59569354514,5.23742497,27.76974566,15.67356526,38.26022703,6.093248182,41.0735585,5.764025383,15.89471732,6.480151242,44.17790049
252001,15.7230186,38.01814834,6.528867058,45.6023262,173.4796389,462.5805299,5.967032293,39.0195484,607.5920012,1600.229155,6.340084983,42.46893535,15837758215,52224478966,4.902275076,24.02750386,16.45378367,40.54418524,5.704936125,35.70968163,5.399392767,14.53243498,6.698747258,47.34997642
252501,15.2127656,34.88557225,6.571031635,46.74345081,167.6446344,339.7983568,5.164892928,30.71041933,520.7964018,1174.660842,6.513696622,45.997708,16801253952,23100465538,2.590801201,7.692761523,13.85905696,30.38685737,5.991893475,40.04812269,5.169950457,13.1265754,6.497237621,44.81409601
253001,15.22384448,35.12314295,6.584580406,46.90548952,184.2183416,322.4158083,4.066549773,19.58631664,517.4021517,1068.67509,6.167939302,42.89953148,32181024499,40070867869,1.926740478,3.203292057,12.06088743,23.61497335,6.193803123,43.48891334,4.822168655,10.96087807,6.59809554,47.42721759
253501,15.38752308,36.68577419,6.536577365,45.83469683,196.9472582,437.4159325,5.009711066,27.99918525,530.671414,1263.136005,6.54825518,45.97618154,34956190651,45766285822,2.1618662,4.892147569,12.02937538,24.38126866,6.183863708,43.18602526,4.915782754,10.86772321,6.279052195,42.80086187
254001,15.15846346,35.28932066,6.524690861,45.84218139,138.2001795,258.1613614,4.606688521,25.51876844,549.4386975,1286.577861,6.316730586,42.86261602,18124263312,28107395250,3.596244807,16.2572572,12.60919124,30.31081365,6.531449596,46.35287034,4.56513258,8.485337703,6.060047905,41.90858757
254501,14.85119177,33.13685021,6.541740062,46.57140685,116.5051722,231.3599827,5.346956049,33.41794577,505.4345217,1067.323723,6.462956341,46.17703829,5177117905,9791876001,4.448337805,23.57758425,15.24324866,42.4957024,6.398838931,43.21935887,4.564039267,8.099588603,5.592696019,36.97064462
255001,15.06366838,34.17827302,6.542942041,46.45064198,121.5174283,266.1574259,4.610650278,23.20150939,524.7401395,1128.681729,6.42474725,45.47043185,2797517466,4337102413,3.259992844,11.71834103,15.94035733,38.65460543,5.094828302,27.18696352,4.857378468,11.3006548,6.653404297,48.25004589
255501,15.24111567,35.80520147,6.554126708,46.21697001,196.3091463,630.1042182,5.582393159,32.85205981,537.9146886,1219.474143,6.48268494,45.53867366,2705314528,5849809656,4.388982775,20.59223323,11.29844224,21.10878946,4.830892812,25.7086846,6.28303593,18.33435373,6.170585599,39.73921373
256001,15.43350156,36.56139017,6.554211667,46.1530326,175.5737619,473.5906516,4.389388214,18.86238461,561.8243955,1333.415497,6.580986066,46.67335443,2007435523,4889490288,5.660338763,35.01084284,10.10781922,19.7104205,6.06694796,42.45017145,5.842894734,15.19381907,6.164633561,40.39356878
256501,15.29438266,35.76529654,6.568652027,46.45419462,127.5578398,268.9335794,4.83852425,25.58733431,583.8928778,1403.106573,6.420684708,44.1423474,1630171849,2989958909,4.753275533,25.14432501,10.55762903,25.14441625,6.161294463,40.92666877,5.294056399,11.25849443,6.149212712,42.32872606
257001,15.47600777,36.04933521,6.581534806,46.78769962,102.0058803,180.6884223,5.296980229,33.82302515,572.3613122,1353.190484,6.607586221,47.50866312,1634907747,3495666951,5.803561436,37.68080446,9.471764613,21.30207592,6.339660657,44.31016651,5.05578192,10.51405246,6.425399247,45.63002662
257501,15.57597027,37.70095153,6.587102966,46.42343462,106.6586708,268.6996844,6.486222983,45.64166168,613.1866197,1683.196967,6.662925393,46.63525976,1882365943,4742380051,5.757954415,36.06225113,9.918986568,22.6885391,6.18142208,42.31991014,5.263724529,11.60323122,6.477883784,46.17856721
258001,15.54780997,37.58695275,6.568716092,46.18754758,132.8216664,399.6929762,5.615496967,32.63553029,640.6736324,1698.609217,6.252893404,41.3662344,2203616392,6580515155,5.662199779,32.99511079,9.892679948,22.63815332,6.021193046,39.81988026,5.61342713,13.80643228,6.448407927,44.36381841
258501,15.2834489,36.01868211,6.582799652,46.600445,91.51129651,237.1011171,6.627250113,46.51051807,553.1304863,1324.581971,6.595590176,47.18524801,1748387430,3163523994,5.275195033,32.86202677,9.479788745,20.86709592,6.294348028,44.17674156,5.515076641,13.95625408,6.690057292,47.6596941
259001,15.23381954,35.19753554,6.539313205,46.16476345,87.76708701,199.1091991,6.199470157,42.69703379,547.0444277,1352.695669,6.582040226,46.23135562,2796506262,3088010781,2.77536605,9.512136746,9.683510766,24.51647086,6.402339478,43.30154219,5.733452193,14.97861491,6.59256317,45.9737588
259501,15.0022319,33.90987547,6.529215811,46.20080549,89.27531541,203.2387756,6.063124608,40.26642311,542.99887,1189.86139,6.077106406,40.40235714,10193950098,12578501215,2.276177927,4.857059806,9.303522647,20.25957025,5.959285416,39.35284331,5.576280872,14.22116137,6.604822392,46.28279269
260001,15.04052483,33.84100095,6.532291067,46.38835192,88.48973372,182.4220399,5.690940775,37.50646027,468.3101595,859.6792202,5.887404444,40.24979812,25803517077,39395616393,2.626251505,6.227723916,8.416347842,15.25888272,5.465785395,35.56549674,5.473289823,13.36842699,6.617421193,47.0424246
260501,15.11212048,35.08339284,6.568132918,46.52700127,91.0740683,190.6350351,5.29430176,32.1293688,464.2770316,915.6662103,6.140353714,43.04710999,41439124703,64836574062,2.347281281,4.654919935,8.011553264,12.90714329,4.826821949,29.59668157,5.436345708,13.10821638,6.421064143,44.07441603
261001,15.42337533,36.87180222,6.586553163,46.55478231,77.09951491,142.1830382,5.170721193,32.43362131,511.2854262,1339.488461,6.575973764,45.68523206,36246497975,62203990147,2.361151617,4.46479299,8.522719121,15.71025417,5.384296735,35.07400273,4.920672279,10.64726936,6.476980678,46.29949146
261501,15.50679499,37.19467189,6.529741247,45.67758684,76.31030033,161.7451928,5.83967468,39.04246424,570.1391946,1436.266188,5.785648245,35.58385348,14199512770,24134311082,2.292567783,4.201965775,9.573812409,22.39289693,5.614860144,34.80444712,4.981016372,11.57676643,6.446715968,45.84196373
262001,15.29272573,35.50728317,6.591614222,46.91566691,83.18918682,225.4757027,5.744529141,34.60134942,466.4891351,931.1074186,6.135237868,42.59926882,3071574405,4877848164,2.665865354,6.82413192,8.369447454,17.5015685,5.606802419,35.89370527,5.37995069,15.5629287,6.548856958,44.8253363
262501,15.38983127,36.2218655,6.58143262,46.62933461,62.58015844,115.6577025,4.519250375,22.62362251,464.0989104,905.1676037,6.20446024,43.9186762,1708300220,2516332191,3.538606279,14.65856224,7.469388638,13.96200076,5.540365772,35.80637492,5.681794306,14.69534182,5.579088653,32.63391128
263001,15.50776517,37.15047295,6.575691524,46.34896011,52.36047138,82.78488382,4.866809056,28.64710829,492.7012814,1169.595548,6.595341438,46.78828066,1368280611,2411440536,5.517113493,35.96995289,6.89584447,9.126139711,4.017533119,20.78034697,4.101547262,6.579807365,4.971928255,29.89656396
263501,15.34760705,36.28459096,6.550424507,46.11196679,47.28316375,76.86074334,5.183035074,32.38492492,550.7976338,1407.156183,6.324107391,42.70648289,1311076907,2829997486,5.762009762,36.74441739,8.12604139,13.56566531,4.860746642,26.55038735,4.216515369,7.460778049,4.917835567,26.9792865
264001,15.20577188,35.18026807,6.575967753,46.7305918,57.97469183,151.4805791,6.193711679,41.0157013,530.4443121,1341.32306,6.475085978,44.4275481,1095018995,2414384508,6.42818504,45.24715739,9.431401938,21.57824509,5.425891916,31.42237911,4.444275736,10.19817133,6.208554765,42.07609091
264501,15.18458296,35.55183971,6.561251958,46.33316719,64.82618674,184.4055237,5.734726481,34.09377329,484.0121765,1046.594354,6.418762174,45.27175671,1021496807,2199348917,6.393563171,44.68069256,7.565923522,15.67166408,5.21862278,30.16606645,4.629662115,12.04239762,6.251281823,41.25763519
265001,15.09898089,35.19218959,6.562012589,46.40616269,48.49374585,105.4539992,6.448009737,46.07111079,498.8614606,1027.740508,6.101562142,42.21063914,984290279.1,1979015258,6.325236688,44.82267367,6.64938145,12.0412758,4.863613544,26.02367487,4.006949127,9.26810555,6.567145961,46.51276102
265501,15.06677102,35.06600518,6.566409298,46.48861837,51.17448225,103.5572718,5.936509812,40.11270106,504.9270845,1238.278612,6.539630242,45.6037922,977267891.8,2085942342,6.414923854,45.16295228,6.695292804,13.72085302,6.231522617,42.96508898,4.152015403,8.755314369,6.2145923,43.25185996
266001,15.03872735,35.02859294,6.552892887,46.26865156,52.75769622,118.5124228,6.370278546,44.7608095,505.4615161,1206.936797,6.380763311,43.6813955,959871626.7,1992864711,6.18423582,42.42020792,7.010189353,15.75766352,6.367311393,44.29495818,4.266581116,9.900652283,6.516955227,45.79021311
266501,14.99757753,34.74401731,6.571564544,46.6088103,58.7324296,138.6403488,5.766556067,35.59952716,484.0447448,1106.927639,6.499247692,46.39543798,970299940.9,2019444714,6.180740822,43.25793015,7.826816214,19.6347092,6.427603552,44.8842633,4.386399783,9.85859383,6.205243281,41.59675414
267001,15.09484241,35.32142313,6.557784871,46.30802038,51.88115977,91.3167495,4.834038425,27.80935698,504.2159871,1290.843215,6.52366426,45.10511184,1078629326,2602016655,6.222886134,41.41401441,8.989249886,23.91445822,5.933951198,37.48929663,4.06643029,7.713384891,6.152090085,43.37711976
267501,15.05105551,35.06790236,6.55665347,46.31154188,56.73464935,123.2145259,5.646837478,35.66367632,499.4490014,1144.968213,6.251462856,42.29857827,1020395514,2023255544,5.958290692,40.30086694,7.50940625,16.44986686,6.141466713,41.88694075,4.419633554,9.43556549,6.35192771,44.9237326
268001,15.08738642,34.93737002,6.569641685,46.60106,69.07156144,182.044644,5.471665437,31.60056099,460.5975068,932.8439256,6.168115111,42.9810101,1119327897,2064059395,5.260521253,32.16610183,7.160043005,12.8420778,5.624365734,37.49509723,5.030490587,12.36519886,6.192822314,40.96915213
268501,15.1587809,35.5298191,6.56377394,46.371458,56.6867819,130.916256,6.456219148,45.09682825,451.492671,973.7539488,6.50991117,46.52008084,1241771081,2329757099,5.873069414,39.2586016,7.226787297,13.75083487,5.908900455,40.35984259,4.668669777,11.19796833,6.657726732,47.64970586
269001,15.21220175,35.81194952,6.581719714,46.61676403,56.64727175,115.0202392,6.310086586,44.51284998,465.6608083,1135.854345,6.65280028,47.3869749,1233663128,2516189261,6.202457662,42.73354944,8.342132269,19.27101612,6.349276156,43.37470071,5.068864154,12.37366339,6.584465404,46.43629704
269501,15.32012127,36.32186391,6.562595985,46.25423129,60.60303967,122.9648609,6.256847172,43.56126342,492.775994,1293.421097,6.490708671,44.48372356,1169359060,2573946791,6.109582572,40.69208612,8.773604867,20.7163219,6.319882464,42.88100956,5.458453343,12.69760722,6.278552448,42.55601344
270001,15.24765553,35.64923978,6.56270578,46.36485187,62.02427571,119.2919429,5.78282313,37.47965532,466.4387211,1155.833705,6.527672834,45.36366308,1125297304,1885864533,5.665106605,38.34194843,8.101893505,19.01545934,6.474005407,45.05622198,5.148692971,10.67417705,6.365621648,44.77361343
270501,15.21379261,35.05655445,6.558757778,46.4929368,67.08335834,112.5274117,4.5486762,24.099152,435.6324229,961.0818739,6.50808955,46.26480158,1553974900,2123441101,4.987122499,30.25384251,7.272882177,15.96931264,6.567266914,47.17027437,5.205923947,10.21997887,6.175427305,43.38634435
271001,15.27296743,35.62275553,6.585858868,46.74660088,80.54356228,193.9241144,6.327699717,44.20045887,428.3197823,923.1059867,6.467843751,46.04519814,1890436690,3395619190,6.390756898,44.35387439,7.871469787,18.73880232,6.349888872,44.30390953,5.700120623,14.07475993,6.730875288,48.99734969
271501,15.41847517,36.68485394,6.566188627,46.27612112,125.3217187,407.0364608,5.549098958,31.38609719,428.0897858,969.6727258,6.497025039,45.70062621,1890937548,4485468033,5.939767205,37.49521095,9.172711853,24.58260649,5.999128892,38.0660678,7.345098937,23.23333761,6.321302174,41.32046473
272001,15.36952205,36.40700189,6.578763368,46.49456567,91.32684381,282.4085833,6.565915177,44.75645195,420.980092,956.1296301,6.4926599,45.62767371,1452941807,3767951624,6.581904542,46.40469611,7.546445489,18.26744335,6.441876746,44.30062933,7.275251045,21.13287529,6.015336927,38.09324944
272501,15.38609771,36.19509535,6.572962596,46.49022568,79.8984174,207.3440906,6.704097126,47.97346321,415.8450428,931.0962141,6.560661791,46.74054926,1420284735,3972403375,6.698581935,47.03480382,6.864476039,13.70252975,6.276693179,44.41210631,5.842689072,13.71230278,6.419250148,44.92254565
273001,15.32811278,35.80602294,6.552542444,46.22853372,78.4603714,205.1743666,6.640728264,47.04401383,420.2322177,961.1428813,6.511629806,45.83136699,1498012798,3620436139,5.785985991,35.97964762,6.62987208,13.20864211,6.28132515,44.45732761,5.345100287,11.39900174,6.42770992,45.76010031
273501,15.2048205,35.01061363,6.571135918,46.67089804,79.91011612,189.1509538,5.644568632,34.26192167,414.6273176,943.879368,6.55603021,46.53526117,1155044190,2055061286,5.646343846,37.61665507,6.775656864,15.88519567,6.635808931,47.69206952,5.179966095,11.05285571,6.296856321,43.56749687
274001,15.3532791,36.00312572,6.585009062,46.69529224,62.49144925,117.9580869,5.583757823,35.72884373,424.6698495,995.2625331,6.605258205,47.07374458,1249099917,2502873213,5.488724421,33.98759093,7.607941319,19.09896648,5.944353384,37.44102031,4.855897278,9.974024843,6.405292802,45.70581709
274501,15.441666,36.62809663,6.530686434,45.79929411,59.72683606,121.2606961,6.310249648,44.67202132,443.5281584,1056.799096,6.412207206,44.06155722,1429838373,3369346264,5.538071883,33.06959848,6.322378222,12.9420876,6.341872117,44.99830663,4.97289012,11.37685193,6.596785158,47.32448627
275001,15.28951249,35.59552311,6.585814081,46.78421637,60.92333726,141.9072182,6.440077078,44.67352422,419.003772,930.675168,6.513401504,46.17888479,1207524777,2646307603,6.409216856,45.30361131,6.699618662,13.01077686,6.068315965,41.97529903,5.403585015,13.55556133,6.364158245,43.01132841
275501,15.34828351,35.93840194,6.552672574,46.22975821,59.45264634,144.7146401,6.537946093,45.84769123,423.9769867,914.3425009,6.46322236,45.84430323,1211265495,2530458135,6.216567624,42.67237836,6.981069762,13.32338513,5.900565357,39.0514429,4.972450652,11.68294299,6.579736171,46.56866009
276001,15.29019362,35.62426206,6.579307811,46.6352492,58.40068935,139.1010831,6.430000398,44.36598575,423.6674565,935.3096887,6.504550947,46.01574551,1249482650,2500239131,6.109142172,42.63792848,6.718138409,10.20726185,5.167125915,33.44927683,5.056920659,11.43780666,6.492307061,46.16787239
276501,15.23870611,35.78758762,6.569175182,46.46167185,57.57048023,120.1820463,6.547619056,47.42117797,439.2835945,993.9083233,6.586557036,47.0362274,1386370775,3234135996,6.366870414,43.83489583,8.429681439,14.73799409,5.258230514,30.63765679,5.092794332,12.69186547,6.658754342,47.19982702
277001,14.96390983,35.86769895,6.693165305,47.78399356,113.9523432,148.4592499,5.924670676,40.4266661,594.1599642,1089.96458,6.426766685,44.62772484,2426563459,3501109395,6.051437645,41.39910855,21.83628463,31.2994655,6.105580622,41.2455993,6.79409216,13.68828259,6.530338996,45.62634468
277501,15.7324923,37.0507019,6.700713582,47.36822488,212.940532,177.7590771,4.055499596,22.48371082,945.9760893,1061.429657,5.282103791,34.15527927,4621769775,4193126989,4.373368461,25.86043829,45.00455292,58.09415394,5.130374942,29.49441011,11.12128294,13.8285564,5.581534345,36.6314348
278001,15.76208037,37.83946127,6.83377736,49.03891999,239.433818,186.0585073,2.961202323,11.84688774,1069.379717,1087.452709,4.915094603,31.57153865,5252290947,4121056853,3.483102087,17.83075476,44.74861726,44.10677628,4.158982987,21.24909441,12.71359261,13.59281432,4.633248524,27.38796273
278501,11.01586932,26.82906454,7.085557047,52.99808916,144.9518291,129.1551348,3.296155868,13.98847601,707.6880643,804.7750406,5.502436149,37.8630599,3180635344,2250883200,3.412910571,18.60165021,23.29460835,16.11399429,1.996671283,6.092873271,8.011429351,9.032278304,4.819716637,29.3810602
279001,11.99659291,10.37988928,3.653745172,18.28233072,75.01026909,35.84888099,0.531287723,-0.01452198,907.8261529,523.0806802,0.426007217,-0.58293878,14473281709,9847766707,1.926081429,5.689313138,51.05980507,25.45606384,0.472814784,-0.123632961,14.02815693,7.656181316,0.709211854,0.178625361
279501,20.85607225,37.98924531,6.166237775,40.50992581,109.2581234,53.79761838,0.757618676,0.856997218,1464.650922,1161.909437,3.093657539,15.21353265,20963450892,16500918974,2.349126425,7.676635531,76.17052743,37.9539006,0.501661769,-0.224399918,20.34045895,13.00591767,1.749464307,4.805832398
280001,19.3593321,36.64089111,6.004680117,39.13875326,83.16621222,41.22512615,0.679133531,0.276180166,1218.194235,1047.181,3.524087537,18.10456219,15897029362,11352142320,1.531880047,2.873761269,62.07081084,38.03926154,1.685710458,5.231921428,15.88153883,10.76825823,2.140046711,7.442275084
280501,15.18745733,33.42208352,6.574754758,46.85066008,38.27603213,43.00370153,5.204397006,33.85551504,583.1669091,754.5587963,5.898391504,41.09117108,7241084284,7203293849,4.453571002,26.79519193,26.68412771,23.13358236,3.462551938,16.14721589,8.931734678,13.23225413,5.971741685,40.89882904
281001,14.92907401,35.20864091,6.559602636,46.24861507,26.57421438,53.89746808,4.707177523,23.58140451,394.0091923,794.4626881,6.309533635,44.18024428,5815083389,7835175215,4.996352797,31.63142451,15.98134793,16.14086134,3.200160058,15.2829656,8.242380279,17.63168403,5.293022817,30.40714632
281501,14.99065476,34.96966534,6.498359924,45.45802333,25.85291116,39.72700105,4.392949103,22.31925738,408.0634803,797.6749464,6.285396492,44.00695744,7717678784,7663264769,3.212555303,15.98010441,31.03346188,18.52829241,1.350428982,3.182769036,7.249843342,12.42214812,5.370415921,34.40195757
282001,14.6662956,32.73009333,6.560093329,46.85348229,27.40832643,41.22677063,5.029304869,31.08780045,425.293971,817.2572088,6.270118431,44.55456509,7809055705,6723753086,1.570990427,3.537153396,46.36526426,43.0417545,4.014253217,21.29487391,7.866672975,14.32121577,6.100589771,42.96118769
282501,15.12718084,35.33607895,6.610817151,47.26226983,25.17234193,38.74246556,5.480904223,36.42595331,455.6840474,1079.179842,6.631286812,47.56833142,7351731888,9227131826,3.335288156,13.83225992,38.12693421,53.52416892,4.494855606,21.89018611,8.889864848,21.36982617,6.529359385,45.5496978
283001,15.93946905,39.8709426,6.509668806,45.09427513,27.62723652,45.38911753,5.542365296,36.35354414,534.9293588,1492.656567,6.29332985,41.63744781,7961395510,18825824336,5.756688698,35.92459673,16.87039697,22.90591207,4.531765778,26.0615394,9.898005823,27.33859727,6.390625263,42.8477899
283501,15.42399854,38.08042546,6.574125078,46.06172167,30.81390736,42.16785681,4.43624048,25.55234881,496.4606173,1371.460996,6.51563669,44.51744731,10171333869,27274220928,5.33152488,29.80780911,16.15431841,26.39512803,4.190013096,20.09837236,9.474666924,25.55940934,6.536229412,44.96608249
284001,14.97212152,34.97268474,6.605161482,47.03949835,38.93419699,62.47029236,4.598177274,23.91529739,457.1643192,1107.861488,6.654021043,47.54792714,7085529022,12105666700,5.16620182,31.80792314,22.52515522,54.33425034,5.153912485,28.5779451,9.010769419,21.99016755,6.604688341,46.78245242
284501,15.0027553,34.99187438,6.582840005,46.76684642,55.20591247,133.7915014,5.914676318,37.72413801,462.9739151,1068.013747,6.511691772,45.95574021,8225247198,9913889942,3.308059148,13.85089609,24.91278579,79.18872728,5.303416716,28.30589364,8.923412143,21.32370239,6.595827965,46.85952022
285001,14.96948494,35.74717139,6.552915383,46.02870833,73.16124123,206.9617049,5.341594906,29.56822107,445.7949799,1006.145458,6.40697365,44.38325337,9544300639,10743283098,4.291002184,24.95795796,14.93668883,44.38729422,6.077594941,38.74295266,8.653896577,20.62228485,6.437959136,44.5520704
285501,14.63230874,33.85338325,6.512818504,45.7573756,41.90606752,77.47841921,4.85522911,27.7602437,418.3406115,853.2034868,6.369402472,45.49561114,10182983005,13416959965,4.429992428,22.81113027,10.06055778,21.79600362,5.339899957,32.72941623,8.49528154,20.26946582,6.58837174,47.61517715
286001,14.33663332,31.82206623,6.530176922,46.50609202,38.54798487,70.84151623,4.405298744,21.09197729,446.8359328,1005.468178,6.344985998,44.63784815,7308876354,6017499029,1.173369771,1.451174414,8.088352604,15.26140365,6.065489479,41.8141571,9.564279437,27.85067857,6.466675595,43.70061177
286501,14.45105129,32.89714729,6.55560204,46.5488874,34.47770685,63.1366708,5.426667288,33.8871574,503.7913377,1320.898244,6.295324113,42.17499464,6319449742,6482180079,3.659068114,19.86440483,8.760667636,9.456148062,3.106448338,13.8717088,9.138831107,23.88755527,5.695028608,34.87238641
287001,14.6219958,34.37146616,6.53451015,45.91366116,34.12627951,74.22142437,5.793204101,36.01563608,471.2300432,1229.195075,6.304515206,41.90665755,5219850537,7265598644,4.426925439,21.26402079,11.50128492,14.6699069,3.952236948,21.4196189,7.525742958,16.81407971,5.902862831,39.11842795
287501,14.40525526,33.63356993,6.581730247,46.68124822,22.79524945,45.52833242,6.207836764,42.63062057,391.4550608,809.7833027,6.494029026,46.86023619,2843620727,4289542737,5.00596285,30.76765565,13.82292154,16.94930558,3.533941101,16.64705758,7.091671497,16.18067913,6.19523745,41.29148357
288001,14.64522466,34.88364865,6.633791337,47.37849182,18.20163955,33.39279742,5.738951684,38.31746744,420.8067152,885.45436,5.952364352,39.75245571,2623996318,5163936698,6.175570559,43.36939294,13.91941142,14.32167582,2.96582118,13.1614153,6.124704083,9.922476636,5.155856195,32.03749354
288501,15.35012308,38.26463995,6.517074553,45.22006356,17.19257836,27.5421854,5.378351294,34.73986006,494.2961374,1183.414679,6.047906469,39.44328355,4387451565,8124039364,5.042008547,29.22240353,15.50848017,16.8774692,3.67246825,20.82957397,6.455076084,9.815253508,4.28346351,21.20440358
289001,14.76800581,34.41929049,6.422491847,44.35866848,17.87057834,20.76880779,3.092023042,12.21290292,483.288413,922.5793451,5.17878859,29.89045138,31251836592,11531944943,0.598848838,0.907254306,20.67478375,26.46400931,3.708154028,19.01509266,8.164836429,13.4431255,4.989581824,31.06162024
289501,14.23238452,29.98679766,6.379544063,45.37515215,23.28636515,33.36937405,3.746295018,18.11242588,476.6258514,768.3893421,4.346674759,22.27051879,1.04069E+11,24220100906,-0.542642299,2.71865163,24.25255926,26.66295169,3.044480129,13.92361922,10.32542506,23.23745167,5.174154877,28.42787728
290001,14.6242802,33.80176763,6.560046033,46.53814637,26.85643537,41.54026347,4.47738075,24.95449699,452.6856385,871.2615652,6.027981062,41.46847587,1.43604E+11,24859188063,-0.976026905,4.835019191,25.19087825,32.2685384,4.578033637,27.18576585,7.045465267,13.20661733,5.269358594,32.91666035
290501,15.03970538,37.3952074,6.5468286,45.5976304,40.41068371,86.45584922,5.466728567,33.19438009,513.2975274,1316.690454,5.876363159,37.06382359,1.00785E+11,27608946910,3.958647338,22.40381647,21.38647484,34.17381368,4.05715469,17.29070861,6.946477144,15.26816346,6.128260314,42.06852244
291001,14.73433747,35.74444694,6.532043266,45.6280614,55.29603185,148.3364678,6.273960939,42.301846,489.8748343,1375.727501,6.66036544,46.72991618,25547092296,8774353942,2.845329972,16.00009693,11.97197416,15.96099319,4.178453153,23.15647177,7.445665072,18.38725469,6.195293083,41.17413861
291501,14.27079143,32.49502005,6.560971235,46.68390301,84.06176976,247.0021615,5.499832479,31.48296034,514.9220138,1391.642681,6.100756338,39.21104438,4931138020,4261517286,2.712531143,12.2281704,11.35000157,12.43406543,3.343773074,16.02643251,6.724144747,15.82022303,6.503017956,45.54702765
292001,14.26944439,32.6850629,6.584564819,46.97751167,58.04177939,111.9114212,4.891409508,27.98473202,432.7323174,1000.600353,6.371666793,44.74029779,7166264156,5915397397,1.782449952,5.586650355,14.5396879,22.17893296,5.065072868,29.98109953,6.662615543,14.71912147,6.499658281,46.36826336
292501,14.47569359,34.68947422,6.549878171,45.9734336,65.09238155,136.4650956,4.812848981,24.90300656,434.1441549,1099.186771,6.690218102,47.74593609,11265397270,10717115885,2.719572297,12.05826357,12.46122143,19.1732186,4.182978441,19.6281886,6.824539087,15.94907621,6.564928728,46.37948801
293001,14.23478516,33.66318515,6.544210654,46.00960267,81.42406548,184.0003979,4.868730071,25.90720937,449.9758566,1144.045431,6.138944609,40.07930353,10870282674,11821370362,2.657104491,9.221675259,7.181436121,7.811054497,3.17267422,14.33872156,6.996074499,16.35313071,6.463176635,44.93288626
293501,14.00339868,32.26093864,6.578386185,46.84004577,71.89774898,152.8467118,4.949082813,28.62508929,373.0557874,863.1941554,6.501314252,46.31435623,6384020763,7015668354,3.342581079,16.04770211,7.376722055,11.50970734,4.220968405,21.78754475,6.919220872,15.07056447,6.485688468,45.93982191
294001,14.04201145,33.21471633,6.590178558,46.70095318,63.88815249,143.0405212,4.613311415,24.20387268,360.1730636,887.2796667,6.635856138,47.29408256,3360086833,4469367369,3.955502173,17.8878854,10.53954578,16.95154653,5.091933429,30.8227871,7.16157725,15.22744777,6.377529508,44.72433836
294501,14.12092936,33.98948197,6.549832536,45.97234177,40.96988081,88.40563692,5.258576205,31.9645872,367.8740065,990.8090335,6.610935928,46.02624961,1942403083,3106679048,4.400370402,24.07067652,15.50325057,23.97702709,5.066452304,29.79083731,7.097379947,14.64868352,6.417167815,45.76363216
295001,13.80807845,32.27394615,6.515231377,45.65129561,31.03427999,57.81586297,4.997437224,28.75473189,380.5835164,916.1801244,5.762954883,35.05963656,1570283583,2882656808,5.607046131,36.49798133,14.86812968,22.0497324,5.04872716,29.03432334,8.153054611,19.21408012,6.413410751,45.17846537
295501,13.36609023,29.47953253,6.549589778,46.86026802,25.0541164,30.17620027,2.833142761,9.683259196,287.3215179,408.2071195,3.962409954,18.90421365,1461205713,2287991901,5.232833231,33.81274657,10.84674923,12.77716272,3.055626564,11.21502484,10.07753431,26.30656718,5.84237681,36.14186271
296001,13.72025808,31.60527333,6.574654626,46.81951134,26.96319311,40.95427787,4.505715059,24.75610208,304.3203086,515.4847863,4.710452988,24.88983418,1520657533,2756863252,5.262671884,32.16686367,9.252990854,13.00680078,4.158391466,21.06294275,8.750445763,20.26954647,6.500526722,46.07350026
296501,14.10340886,33.89760368,6.448768274,44.45562596,29.21050308,53.96821837,4.579777919,23.0051865,351.0780689,725.3080755,5.635292415,35.47700666,1663626877,3897391424,5.860235344,37.10241338,11.45644433,18.24714721,4.978794671,28.33318405,9.057746879,19.75293312,6.287714204,43.27311424
297001,13.28136031,30.25301496,6.569259197,46.75758998,21.0129463,33.12003953,5.225392196,33.74826774,369.4682133,729.4001353,5.483987266,33.5894744,1452924032,2886936646,5.971514507,40.14251652,11.67824185,13.95818547,3.984030155,21.84090342,8.818443283,17.30912347,6.28830752,44.34295222
297501,13.55174587,30.716597,6.519724105,46.22911243,22.7332536,41.73439765,5.350820993,33.7733965,363.8195782,745.8078357,5.71392458,36.9615347,1526127549,2726364098,5.301234855,32.87770056,14.09282136,16.35182262,3.168376924,14.07632164,9.174507335,18.67021189,6.33930816,45.07309802
298001,13.5649813,31.49246566,6.50129643,45.56157801,25.72498005,48.012499,4.463238423,21.70936266,389.9576846,896.8334215,5.130359203,27.28985565,1704146494,2639784125,4.496094712,24.26057704,15.9875917,23.41374883,4.600113709,25.21668179,9.833757378,25.55945972,6.666029071,46.86888136
298501,13.55005317,31.24678995,6.548028734,46.35330247,22.11694467,28.44094042,3.212072926,13.0905617,284.0975734,410.8140115,4.237990693,21.23029844,5968681256,2475166547,0.995565307,2.857075877,14.98906372,15.25267397,3.009300282,13.98994214,11.11878946,29.56334172,6.065121013,38.87704075
299001,13.39271481,30.7920409,6.479123179,45.29026645,23.43246432,30.7125863,3.749725317,19.21279061,277.368384,448.1755136,4.97188598,29.25740721,23366759270,6563298350,-0.11974781,0.272195471,16.68881613,16.26595485,2.552581016,10.28520522,8.939652182,20.53521715,6.593545147,46.92213671
299501,13.18495514,29.08592128,6.529490884,46.64555236,24.22798193,34.36554757,3.941042211,19.94154466,319.4771763,665.2116497,5.496124993,33.4242844,40499024237,19004767844,0.138464307,-1.354362539,19.77081626,26.01007201,4.556839306,26.85917571,8.939854734,19.73461248,6.23451194,43.27913082
300001,13.54555573,31.65127167,6.576433251,46.6135718,21.12339283,32.2358218,4.634256911,27.60197581,269.2671034,530.6036403,6.021602428,41.2494071,40484810349,28652116220,0.281818597,-1.319086386,17.75003258,28.60139624,4.207162419,18.90183735,9.600097474,24.55193055,6.456955309,44.21467953
300501,13.84102691,32.87700294,6.470401849,44.8628153,23.20318465,35.37356763,4.953165525,31.04177624,306.5550208,638.0747758,5.616606939,35.69356045,29638457723,26409610832,0.510342543,-1.18905809,9.799172742,14.18750919,4.472523603,23.98493486,9.34513249,21.52429469,5.865252793,37.44580262
301001,13.48897644,30.53135043,6.58238243,47.04423391,29.48943927,47.39494031,4.377497854,24.58326693,335.3392261,746.5732967,5.41682944,32.80584083,20772189186,19213221166,0.809805783,-0.54320306,6.908642658,9.555258864,4.456140157,25.00440077,8.063468239,15.98678691,5.540180344,34.79724597
301501,13.90030802,32.07308514,6.531891217,46.09240919,35.06953094,63.91962427,4.291887331,22.02821834,300.0592644,614.0505961,5.612684003,35.31768204,30787438114,24204097735,0.694260142,-0.482080173,6.759365141,11.13508355,5.27393602,33.21191416,8.312823862,18.59443664,6.473426397,46.44156079
302001,13.91137213,32.48700049,6.562333693,46.3822516,29.47751608,43.92159634,3.117787681,11.06374826,288.2343724,517.1248799,4.87536243,27.42260644,70019548318,35723395705,0.480776229,-0.456849533,7.152643358,11.37987307,5.396644577,35.80449403,9.991146681,25.81144064,5.93910646,37.47043103
302501,14.21897073,33.47424182,6.575205574,46.55523004,28.18130021,49.3176465,4.106653877,18.23191777,310.2974086,719.8030498,6.428279123,45.02302633,97681243483,39351745891,0.322993894,-0.326164924,8.747560002,18.67202979,6.224945047,43.04452933,8.070415818,17.10637271,5.993743186,40.58631989
303001,14.23280383,34.12854461,6.553968592,46.02107442,34.65212168,73.71941488,5.151758361,29.27858762,385.0697012,962.9391551,5.476968509,32.15194069,74822395320,36991895744,1.002909751,1.673831107,11.08686792,27.56079616,5.384772164,30.41808015,8.58496079,17.85485825,5.454463336,34.15146268
303501,14.2006456,33.5699061,6.603882871,46.958857,34.54731619,63.80240048,3.895119433,16.48560365,316.3973083,647.5611973,6.018442239,41.38995863,24671511905,18355450521,1.597293711,4.223404018,9.618091167,17.56335298,5.687375237,38.21138776,9.453224288,21.47387367,5.48839314,32.89562719
304001,14.3496363,34.61557231,6.560637083,46.07498166,33.27030315,61.17388056,4.258012986,21.7133714,317.2906305,647.6131294,6.014205969,40.92098898,5247971000,5809457409,2.065171776,4.978865062,11.47181637,20.19773811,5.583864381,36.92317282,7.710598341,13.78666149,5.5178859,36.69813566
304501,14.08335481,32.87614498,6.542961011,46.09634374,41.72143208,87.36239886,4.044584207,17.17273954,306.0640869,644.7313355,6.392148736,45.45924757,3395698835,3741766142,2.72205097,10.45165554,11.95177163,20.09757367,4.793039738,27.16641215,8.380075329,17.02616186,5.672297958,36.84012024
305001,14.03169368,31.92018064,6.555982984,46.70769099,74.35590273,229.0292472,4.952505886,25.28018485,341.1514844,868.5638404,6.507282558,45.59110255,4862749954,5005573131,3.129527597,13.71448652,10.00039269,15.80391903,4.674937101,26.87740165,9.167677601,20.48455353,5.486857908,33.21043727
305501,14.11435759,33.30392437,6.544489474,46.0323525,43.98888245,92.57232758,3.787262223,14.25748302,385.7412855,1048.291726,5.624122662,33.13913104,6628576415,8008991309,4.2204619,22.0536982,10.07972898,18.16315662,5.715658468,36.90224295,8.612264031,17.70604573,5.785485445,38.69949753
306001,14.028559,32.78604923,6.55106438,46.19428619,34.16238702,71.29855495,5.146563798,29.89767193,300.0184617,661.7159104,6.368128677,44.71323279,4903602564,4267854480,2.949908529,14.42185335,8.889357964,12.61210576,4.766593333,28.42997303,9.438746588,22.8175666,6.18810047,41.97021376
306501,13.95542407,32.04272509,6.556769969,46.47327015,30.07907549,54.1316881,4.205751547,19.17162173,279.3028792,539.7723226,6.087301918,41.71852515,3707294614,4296040080,3.720441906,18.09596939,8.345108523,13.61309482,4.593204571,23.45315034,10.02777434,24.69117841,5.890807093,37.75032031
307001,13.93375365,31.93076925,6.546874166,46.34888759,26.03150929,41.76489239,3.960102299,18.8046296,269.3167527,458.3661141,5.501496851,36.27742602,7351461600,7094945881,2.07697802,5.451163996,7.935892034,14.93870006,5.337003737,32.15947905,8.967561349,22.23744639,6.371696008,44.70289223
307501,14.07800628,32.98746554,6.618486278,47.22602361,27.78909814,55.1801115,5.687924986,37.88279705,283.0184484,610.3093149,6.365991845,45.37257372,18809328207,19054105316,2.10466736,6.205242984,7.453573376,16.76892627,6.006337178,40.66152232,9.666181388,26.68902969,6.280568055,41.47649954
308001,14.49103108,35.19771589,6.498291807,45.14915978,41.02517323,106.6134045,5.137793873,27.23222724,361.5458156,962.534942,5.934288802,37.00734413,30300016704,32377528786,2.368653563,8.086437953,9.69222314,28.17600414,6.0556815,38.31840186,8.452384986,18.28081915,5.898348863,38.62458412
308501,14.13419681,32.90772864,6.578643742,46.61636546,23.40132647,32.45296701,4.118062968,21.47283053,323.5555329,655.8231698,5.871875088,38.75667767,39315751931,34387062356,1.015118872,0.474179281,9.315831746,19.19501883,4.632219184,23.25555942,8.080151213,15.86787795,5.202823426,30.26262314
309001,14.16228954,32.0941163,6.52278545,46.17882371,22.28730162,34.28338585,4.577172748,24.16640545,326.4264586,518.783509,5.031681862,30.60736647,62859909912,63129154648,0.992493386,-0.278487602,8.67488909,14.89258551,4.546835335,22.7953076,8.2515504,18.00990228,6.008273577,39.70042251
309501,14.04392367,32.6746258,6.621744624,47.29680939,19.7401995,33.65619034,5.321763717,33.10924422,341.5964009,597.0881369,6.049343139,42.76921186,85009392742,87117951270,1.175565453,0.208703806,7.48614784,13.26877818,5.799155199,39.43644327,7.474644828,16.07274875,6.110645998,41.16137337
310001,14.44019769,35.21312285,6.570884842,46.15620509,16.14727713,31.7903686,6.129874235,41.85277598,400.5368917,944.7025743,6.286859576,42.14513992,77895470280,76337796491,1.095403595,-0.168843352,7.715437447,18.24039858,6.573475895,46.66435656,6.418275369,12.35030862,6.05029332,41.5338254
310501,14.4848423,34.80724371,6.506952309,45.31822577,14.28725098,28.99135405,6.162121798,41.92758791,414.5889008,923.451623,5.547082594,33.23526575,49168793160,46225761447,1.45250214,2.076877914,9.355763789,23.84265876,5.886437648,36.42079026,6.622637883,12.26251527,5.465512754,35.6729845
311001,13.86002071,30.92780253,6.504171977,46.00517448,12.52199404,21.31983598,5.823478501,40.04451032,329.1304661,563.6007579,5.605882387,37.26954899,40416839227,34455106921,1.281026455,1.170783627,7.439551724,14.66087694,6.216124445,43.23037474,8.090737876,18.70781817,6.028903041,40.16839025
311501,13.88548246,30.28489494,6.494313708,46.36089445,13.42612592,23.28808658,5.240833657,32.558672,321.8659727,560.0870537,5.832134151,40.20960201,55107347131,51515051148,1.346640676,1.3147999,7.47029239,12.83132151,5.339014001,34.00337711,8.799798469,18.7099763,4.518340278,21.5239324
312001,14.226496,33.48377108,6.533817403,45.92141032,15.05410309,29.0519244,5.800465285,38.01216949,363.883205,742.5970565,6.253840469,43.23657227,1.14488E+11,1.18198E+11,1.436326628,1.547116074,7.675894336,15.60912096,6.37453404,45.21008024,7.442181439,14.21803802,4.815737861,25.30145561
312501,14.25462605,34.02663447,6.540254867,45.89004442,16.14331811,27.35736929,5.674898736,37.76980863,444.0327447,811.191075,5.678191185,36.83798646,2.29328E+11,2.39873E+11,1.56767317,2.253632649,8.891056672,19.59897876,6.123889272,40.67905614,7.334536954,14.86347968,6.057572934,41.23814929
313001,14.38271585,33.68578426,6.577073141,46.55036046,19.32312752,26.30253452,4.884669578,30.21600762,507.3941433,779.9417007,5.440938194,35.56195398,3.28251E+11,3.39887E+11,1.311196086,1.165271676,9.151197483,18.0173936,6.200583915,42.91747294,8.146871617,16.55543984,5.574210264,34.21326404
313501,14.57446893,32.76537671,6.410542174,44.54399366,23.3767355,24.64216324,2.947841611,12.27431235,573.3396861,777.0311188,5.152497238,33.11971259,4.23542E+11,3.98201E+11,0.870589467,-0.374092894,10.83139207,19.46695703,5.85589961,40.06903711,7.891385368,13.33131459,5.347788062,34.00511549
314001,14.22305437,29.74693337,6.422221138,45.62684677,42.28870668,59.43540665,2.95304027,9.770753211,588.1150769,775.9886703,4.623329778,27.87916835,6.91514E+11,6.93939E+11,1.815915683,3.315620612,13.56087341,29.75821453,5.991021241,39.40665088,8.509186789,17.00306137,6.057278275,40.58611829
314501,14.54906858,31.57355769,6.518659505,46.76255039,102.4525794,182.2992807,2.537456528,5.709801423,569.5168354,900.0679238,5.028329549,31.83077952,1.21681E+12,1.47578E+12,2.033959107,4.430461781,15.32279382,28.5942534,4.002521263,16.29369196,7.787644682,16.21750839,6.186589195,43.09906381
315001,15.64609789,39.50524771,6.653228499,47.11783155,229.6213188,583.2496315,4.118130976,18.58217504,617.4848806,1705.702808,6.476151106,44.16470549,1.76044E+12,3.03459E+12,2.889963807,8.206631597,18.56041504,26.22925466,4.384098472,25.16393218,8.737090788,21.94188825,6.288489171,43.46138824
315501,17.11571155,45.13161062,6.401303006,43.22168081,247.7061038,648.793269,4.090585695,17.5445474,757.2085913,2219.578282,5.241719091,28.02408978,1.59721E+12,3.7627E+12,4.238725765,18.82039875,27.29426218,32.7614459,3.10200341,12.70547648,10.93322162,32.72876099,5.830536834,35.46780827
316001,15.75736593,38.52788135,6.622178963,46.84314432,107.1438153,190.2436541,3.131227164,9.68628727,537.6353399,1197.138931,5.824736405,37.65422255,5.44333E+11,8.8195E+11,3.458760134,14.18580712,34.84181025,52.40380513,3.919498751,17.49152665,8.534409262,21.26654829,6.327452164,42.94640467
316501,15.90068147,35.83328095,6.577864878,46.86026796,109.4980121,102.6323992,2.909937663,11.00228665,634.5171256,1151.18621,6.547317417,46.9426457,1.99905E+11,2.74935E+11,3.309848,14.21582225,36.87965721,38.42806654,2.753310213,8.551822969,8.892245363,16.06964026,5.872054476,39.16662255
317001,18.56182396,35.41996244,6.676755474,47.90267134,280.6839517,137.0881594,0.524634001,-0.017698551,1425.183198,1327.334127,4.975709264,32.08705206,1.84377E+11,1.18296E+11,1.494776895,3.199833328,78.33626813,57.69079868,1.769921363,3.388340526,15.29358833,15.35571974,4.984353421,32.64335714
317501,23.30159978,37.91624629,6.523284359,45.93676573,504.8558863,242.7798805,0.727504524,0.584815734,2256.571663,1535.393011,3.027149825,15.07649955,2.49982E+11,1.20103E+11,0.565460575,0.155696085,124.1338918,85.95341777,1.245670866,1.012219903,23.42312048,18.81301365,3.345897279,17.95486075
318001,20.93827186,36.09079583,6.809376557,49.74744602,505.6099011,270.243687,1.345358077,3.955613981,2002.989436,1351.377372,2.666787793,12.16688139,2.13025E+11,1.03484E+11,0.431462654,-0.075246894,104.2206291,75.30968319,1.529292828,2.831366153,21.43618546,19.23221393,3.790444409,21.69186071
318501,10.87462327,19.98943579,6.826198669,50.50053214,257.3585984,153.8280762,1.710276947,6.446132487,897.82089,664.0771323,3.48436451,18.76843487,92331698779,48064376961,0.549995135,0.092106544,40.62511798,26.23671352,1.042658163,0.933788329,10.67565078,10.70686901,4.260972562,25.26413993
319001,13.25280864,19.6287153,5.745945907,36.84571628,402.8224349,189.6915153,0.549216915,0.092238694,957.7651813,735.0811364,2.256399726,6.352044866,29391930982,16487943343,0.629019928,0.59356027,55.41781222,26.87063991,0.504009492,0.67624573,27.73142627,15.53019214,0.923883625,1.634264069
319501,19.26541869,46.16347466,6.158472945,39.34964752,432.2286304,229.4076497,1.205526283,2.811032492,1144.731906,1211.164565,3.822384668,18.170626,28236158406,16221183097,0.551545705,0.221494792,60.66436602,33.63138371,0.901290349,1.402797926,32.19405609,23.12253948,3.114544336,15.42931706
320001,15.86701871,36.19336539,6.516045015,45.76680776,243.468677,142.274911,1.872295467,7.62176998,712.4323121,862.0522393,4.712348921,27.51926636,14747467631,9443493719,1.652011274,4.794052339,37.68607573,28.42377908,2.547954023,8.590009157,19.72002607,16.18552745,3.829464277,21.34596571
320501,15.02428198,36.77711064,6.633301667,46.93844079,94.88509393,112.5216886,4.539940132,24.96845856,432.2851071,1056.803383,6.55491314,45.72894766,5634521972,5017586284,2.494182037,8.144879994,19.65159522,31.54303271,3.420484317,12.04188929,9.243399282,18.15979886,6.465850933,45.04184354
321001,15.10313564,36.33821192,6.567577521,46.19523642,104.8410865,256.2767249,5.567822611,32.83119087,434.7061874,1114.470791,5.790258114,35.81649459,5446786972,8580223853,3.930952975,17.18354883,20.02983021,45.01649294,3.928154239,15.87966415,7.776435977,17.98353434,6.416698911,44.39032896
321501,14.88574731,34.83352351,6.578837516,46.63102488,99.4107003,203.9617247,4.791517274,23.740532,379.5271799,875.0961648,6.112711458,41.25090592,4282703329,5169077575,4.157700396,22.99067053,16.40377969,32.16908378,4.445587163,22.53898106,7.478933383,16.42341739,6.459560945,45.56180553
322001,14.78476132,34.51731619,6.588635514,46.77632713,74.0528139,120.8146909,4.836040793,26.42327088,365.753127,857.1387136,6.395334391,44.09780896,3434065858,3836631791,3.989426251,22.45823574,14.99766616,33.38074434,5.451013545,31.82501865,7.256406998,15.42894914,6.367727465,44.41161052
322501,14.82893674,34.98545663,6.567065533,46.36989123,68.77168067,113.0954161,5.774560453,39.65337814,346.1280831,800.6402816,6.540244672,46.4962022,3172792754,3793542337,3.766925178,19.99406674,11.11774286,25.39457081,6.361347978,43.72757995,7.059175579,13.95095822,6.289535288,44.38292597
323001,14.76189189,34.80699482,6.570868082,46.42264824,81.80817111,169.0223798,5.997175049,39.57039168,340.0605819,809.0715226,6.447936274,44.61266429,2989430378,3992561764,3.08356475,12.64988925,9.621135392,21.96450447,6.175221033,41.77048991,7.154765469,14.69675306,6.375536224,45.26015163
323501,14.66994352,34.33453345,6.560096668,46.34674848,82.97267429,192.3017994,6.315779012,43.00879606,315.5897466,711.6399384,6.572496128,46.8720175,3095122237,3928880222,2.2314582,4.567768077,8.032063447,18.77425815,6.387489235,44.00654924,7.445951516,17.00475876,6.5018575,45.72349029
324001,14.56506486,33.87874275,6.586363698,46.76756239,81.15265304,197.0510092,6.226616568,41.44099524,312.5748834,715.2396675,6.57865398,47.1373962,4498921926,4867253884,2.15127353,4.172958489,6.805297642,13.01989637,5.693608636,37.53175481,7.722040957,18.27631837,6.493160223,45.32835059
324501,14.67214417,34.6258388,6.58446983,46.64311818,75.06531355,172.9557859,6.338620157,44.59911073,319.7838979,817.4608788,6.648974384,46.94226204,5771318636,5884766881,2.365723626,6.127555634,6.448259306,12.54974539,5.095344817,29.1745317,7.954498111,18.57859553,6.534980385,46.08602717
325001,14.76803858,35.20977884,6.54238627,45.89931051,85.8721995,237.576339,6.125595557,40.36577508,335.3931294,862.4818307,6.401567385,43.34346294,5330407453,6826759635,3.411730771,13.77766747,6.545049703,15.22854165,6.083032264,40.13627094,8.084970426,18.34280713,6.401066205,44.48120356
325501,14.49099075,33.42895833,6.563534515,46.50269307,88.13851734,213.0315324,4.487526829,20.49358959,297.0514997,641.3302456,6.354288081,44.09678028,2615658918,2374469570,1.529437299,2.566923989,5.945471986,11.53142989,5.441465567,33.89937625,8.264004908,18.34432479,6.530226149,46.79198673
326001,14.59684282,33.45153272,6.56374284,46.69556934,63.57064465,110.0723118,3.944639162,17.36815065,288.4539478,557.2755137,5.737032814,37.70313021,2206528518,2370585889,2.845317081,11.11446955,5.685170833,10.80104789,4.973338507,27.16310695,8.896299752,21.08268845,6.398867297,43.93275629
326501,14.71262171,35.04558463,6.575746938,46.39996815,54.79884225,82.72705811,3.914924174,19.39212328,289.4533768,659.0370066,6.636721615,47.78109118,3813328524,3723749045,1.78171579,3.6344279,5.703852692,12.24780841,6.071265075,40.71097679,8.890342538,20.68580021,6.574862414,46.60467151
327001,14.78961852,35.52790329,6.577039155,46.36482826,54.2587667,100.5256513,5.537583396,36.75163991,320.7608901,839.0670031,6.42022389,43.52139565,10145752421,9249524100,0.967585017,-0.239398704,5.463385745,11.99339812,6.217941434,42.6523775,9.056506103,20.52886788,6.337268272,43.631531
327501,14.73945165,35.19625084,6.584340251,46.521179,63.520752,156.630958,5.969323074,38.07312532,312.3568567,759.2599732,6.427607795,44.32366107,16594388466,15582989511,0.908444192,-0.332047217,5.808286279,12.2864443,6.15950755,42.2912336,8.847858959,19.20966126,6.447782809,45.97179927
328001,14.64248539,34.22134964,6.528323776,45.88712344,65.14887662,141.8781326,5.477073311,32.76569503,303.1691843,648.1719075,6.211179288,42.5997852,16978759725,15649235946,1.083668007,0.371202375,6.244994911,10.72150379,5.199026427,32.37919206,9.420130573,22.81656508,6.632609612,47.19923532
328501,14.43813403,33.02589491,6.622156279,47.52534104,47.36664826,70.47090387,4.750147402,28.16264432,293.9727696,569.9803227,6.159306774,43.59187942,10318995442,8515490089,1.0353567,0.188923739,7.224710735,11.59631933,4.384355129,22.39919133,10.35969488,26.05178371,6.337935307,42.79755055
329001,14.90902906,35.78551521,6.545630996,45.88295009,43.92416382,67.52523668,3.69419124,15.34493487,319.1592253,715.2237293,6.286417284,43.33135261,8438499151,6351809035,0.809636333,0.214040663,10.40013997,16.02290958,4.809125776,29.51401271,9.794307957,23.0210217,6.544165811,46.23234578
329501,14.45934144,34.70450016,6.597026075,46.66976401,41.35243423,68.97699383,3.572771886,14.4403331,330.1663111,759.4709013,6.062755382,40.33103356,18645201367,13096054282,1.115417431,1.217159611,17.20803092,25.60625192,4.232754756,22.78755764,10.18292917,22.88150409,6.459172572,45.52597938
330001,14.72449073,35.36669317,6.586027374,46.68648583,45.54574244,82.44024243,3.330623708,12.70656501,338.4487894,712.8656713,6.124077212,42.35538005,39236519367,22924710748,0.536596725,0.076703304,22.34239005,21.9510069,2.134975539,6.298310499,10.74377284,22.7865124,6.152895745,41.63445801
330501,14.75486909,35.9935662,6.461312766,44.58280038,47.29743448,104.6017722,4.409126518,22.72404646,350.0993838,793.7458668,6.252046605,42.56320132,46786791456,29928715026,0.832513905,0.964489793,27.31016281,30.43979659,2.381912662,6.54075685,10.65172525,19.75860476,5.956858897,41.06817892
331001,13.64616796,31.09868932,6.53954023,46.34243853,28.13541079,56.12255506,3.791498486,15.36155421,338.0964868,711.2263183,6.024775847,40.44232462,28211028311,21319438184,1.127883541,1.470126358,30.44468994,47.58644337,3.765201925,18.09301398,11.51842078,22.95234767,5.932948409,40.18425956
331501,13.43743983,29.6208855,6.504768375,46.25671203,17.30213955,36.39928513,5.388544956,32.38007311,320.5670722,683.3357449,5.902038092,38.89276783,10351490781,9247300043,1.651638979,3.693425469,25.42752132,45.46661333,4.30955589,21.9287603,12.01156201,25.38788658,5.77265812,37.1913039
332001,13.34990984,30.22251179,6.528405704,46.12750955,13.54201467,22.99173336,5.152069252,31.05987058,295.2797811,598.4069443,5.659410547,36.05958766,3784579530,3237402385,1.203084857,1.029250791,17.40004693,31.06939932,4.674320683,25.63281942,11.21403508,24.56853058,6.096407844,41.89597555
332501,13.36081246,30.18825462,6.468096001,45.35219551,13.01846376,23.69772668,5.763224716,37.96975426,272.9529391,512.8231511,5.676375794,37.29087678,2042798420,1838643693,1.201807977,0.891358796,16.42535499,41.26384449,6.091642576,40.17371383,12.2386359,32.16906984,6.419925981,43.94737219
333001,13.10736616,28.73267014,6.496593796,46.00127805,11.81201291,18.15308539,5.324701594,34.53373584,252.0517894,416.8542955,5.522275129,36.23441421,1994619093,2001162909,1.577775444,2.215548902,17.91041174,36.79958927,4.155928197,18.74602459,12.79017849,33.58951341,6.241272958,41.39199075
333501,13.23998276,28.98539086,6.509768381,46.41903061,12.27215752,19.87796819,4.533033427,23.94629323,257.3007148,447.0340323,5.005585007,29.25623005,3880091148,3806829186,1.541127274,2.092224015,16.80836038,30.96606467,4.097620016,19.23070289,11.97054768,30.68552164,6.573560997,46.34176142
334001,13.70843695,32.4135093,6.611944788,47.01843924,13.57210792,27.1416207,5.851755302,39.11619932,280.6133268,641.6849271,6.24404487,43.10029274,10026623977,6114946369,1.248133368,1.698783988,17.77550907,36.6687771,5.171653401,29.56406511,11.68258828,30.41891918,5.780158464,35.11826704
334501,14.38785501,35.9699549,6.531170985,45.38808714,15.47969984,35.34530574,5.728353856,35.90507005,361.3949557,921.2374773,5.939291213,38.15974326,16834188047,7143233758,0.705321645,0.349725632,14.18489338,20.15418292,3.326295709,13.7040867,7.651985565,13.10449066,5.539201688,36.76164152
335001,14.01908416,34.02277038,6.584714736,46.37230294,12.93971885,26.43244685,6.015122418,40.62192676,320.1897367,782.288009,5.926974512,38.0781708,15970616784,7701187189,0.475374728,-0.487814636,9.863034684,13.54389262,3.352157794,15.0528501,7.560037358,11.22028114,4.279825829,22.26240403
335501,14.12056125,33.48717674,6.628243481,47.44589614,14.45663281,22.99701922,5.454287763,35.72100596,279.3886652,605.3481626,6.004422965,40.48981029,8655192983,6583453939,0.876460201,0.299631544,6.440481269,8.171777467,2.718242213,8.859115899,6.931090242,9.425123596,4.109690993,20.87408137
336001,14.52951508,36.46021511,6.532902496,45.38363363,17.44911621,22.17555559,3.35576721,14.46166925,283.4520566,605.1137898,6.220499328,42.42199091,3932938466,3981662299,1.603300443,2.326333134,5.965790203,10.73186709,5.687014071,37.99537427,7.072458311,11.52726387,4.555338014,23.36312015
336501,13.89471869,32.8824932,6.495713111,45.28405342,28.86839329,41.0978913,3.097434783,10.93511995,295.0843695,589.192501,6.415796282,45.76958024,2807679005,2356397220,1.2051048,1.225164984,7.846780517,19.09854121,6.359193128,43.26731666,8.976660198,21.94900815,6.312818681,44.10890467
337001,13.49082241,29.77486085,6.505017514,46.51511018,54.28873524,97.65755213,3.17925075,9.889116859,308.6115845,672.6157681,6.235379447,41.797171,1516017551,1347847073,1.252836914,1.684698969,10.20945547,25.53038036,5.920935804,37.29331169,15.65453125,52.22056182,5.652866584,32.81881587
337501,13.61717615,31.74055744,6.481680547,45.23226102,92.4645216,231.87139,4.288349188,20.11536537,258.8078302,541.8011897,6.387427316,44.91897343,732251947.2,820535323.9,3.006499574,12.64121698,9.629181562,19.32689938,5.875479477,39.76828372,11.96146835,30.44503735,4.936434963,25.68781881
338001,13.22862625,29.87250989,6.537019479,46.30919155,64.22527386,134.9785105,3.334341005,10.97714362,250.6119057,503.7274886,6.242426058,44.17960552,624037327.3,947201046.1,3.902455636,17.19219768,11.82780991,22.08407699,5.235709326,32.30038247,9.838537552,21.50692631,5.158048012,27.88601941
338501,13.4448674,30.14357539,6.511885349,46.18988037,46.96223343,124.0234794,5.198521557,28.65268798,260.0145391,625.4771954,6.624762976,47.10138074,688255853,1418467021,6.137043426,41.90103285,12.47815027,20.70543996,4.871101169,29.32381958,9.062328284,20.8080103,6.587673411,46.97366408
339001,13.41464626,31.16364668,6.515800303,45.73350962,47.57392992,130.2626018,5.243414799,29.07634347,288.8062758,702.7460725,6.057479241,39.42451437,1344305665,2146765916,4.803389355,26.13037163,12.81173687,22.35779291,5.394196815,34.35329662,10.21665607,25.99002096,6.161918677,40.39857076
339501,13.40259601,30.88927688,6.563519837,46.5914656,42.30767595,116.4898329,6.298990039,41.73310175,257.3163316,569.4329161,6.430200749,45.44954659,2942122674,2031529680,3.274547313,17.34030969,11.9922304,21.53584,4.459528788,21.76907324,8.93034389,21.24940116,6.52905476,45.795099
340001,13.48109087,31.75049764,6.57769498,46.56483729,36.5482765,88.31997772,6.540481543,46.18126804,249.9050097,553.5119771,6.567815344,47.15732645,4202786027,3287313726,2.104947633,7.867644985,9.232591165,13.382973,4.35770366,22.15558949,8.802214756,18.88624066,6.431868338,45.68568115
340501,13.66513666,33.12900708,6.616462067,46.85617391,37.44678919,88.08073281,6.181040778,42.12858396,261.4225744,648.5364051,6.646131533,47.37358022,5407162053,4603774929,0.854861083,0.050566322,10.09138906,16.74606044,5.064388186,30.69685456,8.78806877,19.32851653,6.480896132,45.83838676
341001,13.62411823,33.28263506,6.554249885,45.91274747,35.4823336,95.02726218,6.373407754,43.2628083,281.0677061,750.5580562,6.401018147,43.38472334,13777706523,10672945480,0.523706295,-0.853195024,13.28329748,32.42852156,5.656304895,34.75302175,8.568001804,19.71006803,6.641970628,47.78611744
341501,13.50400632,32.50492514,6.634533549,47.26255358,30.87134975,81.62649046,5.619313679,32.64442669,267.2758023,717.3483079,6.577709457,45.53134493,29220702532,24012777615,0.582522816,-0.808077162,14.80963078,39.13312321,5.651401112,34.26392743,9.256515909,24.67031051,6.774609726,48.83027346
342001,13.67458426,32.58527365,6.444663272,44.52994272,19.64695341,30.24247602,4.342118361,22.77042226,255.2457582,565.9848216,6.006907524,39.55596674,45448396466,38155674705,0.884157237,-0.198331557,12.91738786,21.44334301,4.08537077,20.353375,11.25644953,33.05070775,6.151054745,39.39636691
342501,12.99028841,28.44516564,6.494768124,45.99704376,17.9248964,26.88213055,4.424163855,23.42717331,228.2434796,399.1823509,5.634706339,37.53710668,52431449645,46807785940,0.758739266,-0.554145903,13.05400627,18.01317761,3.838610521,17.43620943,9.724598975,21.69525509,5.666987127,35.33818928
343001,12.75935264,26.56618559,6.409319248,45.47099002,17.24078814,24.74211609,3.407970882,12.5421587,208.8301097,297.071336,4.786328529,29.1780127,52944739960,52987854218,1.188400397,0.413232032,11.86477317,15.93052339,4.044092092,20.6291831,8.450777565,14.1119728,4.891708137,27.74506269
343501,12.96063308,28.53720115,6.554613487,47.06446455,18.83634478,33.88240577,4.89192883,29.87630159,248.7794498,435.9593227,4.75474703,25.29046827,95378483133,1.01725E+11,1.272037927,0.870156587,8.039806632,10.26290666,4.299904098,24.75419042,8.412278633,15.54074497,5.877659589,39.92645967
344001,13.6785572,34.03665946,6.527121822,45.39415916,20.92079072,44.08115312,5.436099788,34.48907905,301.0364632,775.7617777,6.17610081,40.21245609,2.79297E+11,1.78982E+11,0.690034997,-0.092572103,7.09139663,9.1577927,3.815865875,19.48469594,9.145899831,21.37378369,6.114075535,40.32417538
344501,13.69223976,34.7108971,6.606391854,46.38753508,29.36966592,87.3333294,5.22721566,27.96057768,356.255681,913.315759,5.849551542,36.19070784,5.41422E+11,2.25712E+11,0.221595408,-0.554432788,9.065786078,10.87785164,4.161986145,24.52060737,8.77380783,22.64740603,6.669495849,47.30837378
345001,13.73623109,34.20890023,6.571580446,46.00678438,14.25118504,29.74362466,5.674340483,36.49695355,329.2816001,722.7582341,6.275982061,42.52768106,5.38465E+11,2.29774E+11,0.49753636,0.398078005,14.96323553,17.81887231,3.770323046,20.21203338,10.10050232,24.31503224,5.932707197,37.51155805
345501,13.14656412,30.61645537,6.504085892,45.51593638,13.10530771,21.33827545,3.989235023,17.97305254,342.1228285,523.9330881,4.919092127,29.85059396,3.4149E+11,2.78064E+11,1.410802973,2.087109135,25.67475771,33.06589513,3.882782361,20.29541856,8.93656085,15.10870673,5.54947408,36.89690287
346001,12.87179234,27.99623806,6.505948019,46.71709041,13.06167599,19.18103193,4.266399163,23.85640171,462.6577313,601.5912005,2.489036057,7.371611911,3.07285E+11,3.29787E+11,1.940310391,4.244674369,33.42829619,41.6785126,3.477245188,15.82984269,9.30950134,13.3440121,4.713133338,28.68202972
346501,13.36642289,31.1007674,6.408103159,44.20930111,15.16720205,25.61140455,4.208228554,21.24172318,562.9727241,864.9136569,2.613327804,6.793406659,3.52489E+11,3.66308E+11,1.884877962,3.77876647,27.46334313,26.90915825,2.106025813,6.064205318,9.740741674,16.59966819,5.917783175,41.207101
347001,12.83396422,27.66979378,6.360652709,44.64323277,13.74274362,19.65522476,2.872842765,9.036755914,478.2913179,712.8463432,2.282969678,4.192253643,2.50354E+11,2.54318E+11,2.10648121,5.071539531,22.62250475,26.89152006,3.200861658,13.03419391,11.01244771,23.85182646,5.642794404,34.36757837
347501,13.38695056,28.87449454,6.207391765,42.99692301,13.78281408,23.39740585,3.858422132,16.7059979,389.0731331,637.4717711,3.622509872,15.11408819,1.04073E+11,1.02378E+11,2.448616591,8.13194234,20.01611297,22.63015742,2.724118493,9.294730728,8.433623436,14.08116558,5.350687915,34.4365894
348001,13.48487997,31.55467114,6.427700363,44.56013557,15.5663519,35.09734213,5.057644839,28.9111064,347.1200461,780.2837573,4.497245464,20.46150429,46753993719,43597073175,1.352095452,1.758782579,27.17944488,57.48726554,4.758599647,23.1421404,8.625340265,13.88519646,4.39230583,22.79211358
348501,13.25757436,31.08211587,6.524403116,45.8589635,15.04411422,37.48388607,5.522636917,32.42239983,256.4775276,513.2712299,5.533600342,35.50017818,29016631880,27042562837,0.995477123,0.083462731,15.53233682,21.65831181,3.786820721,16.9170356,9.403140638,16.88618393,5.904954208,40.37263198
349001,12.93366105,30.12471793,6.583647481,46.68179141,12.61540351,22.87845233,4.780086251,26.55390766,223.7770117,471.5609703,6.399445295,45.10951874,22889326769,20158913542,1.063458462,0.744431675,11.98420819,21.97355293,5.232396739,33.03274263,11.28057001,23.38464408,5.941423909,38.64169852
349501,13.05653189,30.27783252,6.577066943,46.73843246,13.62010235,26.85655593,6.024357918,41.06031233,231.3499716,504.0219264,6.550413854,46.89011297,29351788785,20700638825,0.616402632,0.253732668,9.891442595,18.72826612,5.676449019,37.27199544,10.50720131,22.05415761,5.741101305,36.64777748
350001,13.18751828,31.45974542,6.571983877,46.37696664,15.72641364,32.6578884,5.592862282,34.21709002,249.1297589,601.5865215,6.456491036,44.37410057,39192403638,26874935673,0.233157918,-0.845206955,9.879219659,24.89477589,6.449396393,44.40130829,8.277130273,15.43014656,5.291692026,32.70858015
350501,13.2547757,31.8036523,6.564061234,46.16682586,13.36600356,24.23252985,6.09495943,42.00012921,244.1843804,579.6579061,6.510882645,44.85328855,33998786376,25373080419,0.542405448,-0.810532184,10.42154767,30.99799057,6.447477625,43.54464485,6.809875848,9.582258486,4.401577451,25.20849258
351001,13.11904777,30.4080644,6.524721918,45.88748673,12.01917139,20.1012532,5.777054618,39.74178876,225.7987378,462.7518529,6.490903147,45.82285933,16761655585,14465158951,0.790654976,-0.492514212,10.45322432,27.76109863,5.886527631,37.25219773,7.457835945,10.55962661,4.085543482,20.24742576
351501,12.96096791,28.7392617,6.520266522,46.334647,12.6301421,22.85773274,5.76327217,39.26081291,211.0779772,409.0298881,6.320917073,44.58023174,6484451048,4660816276,1.066657301,1.085100219,9.434661684,22.05483001,5.883905424,38.79580703,8.209185019,13.02627293,5.050201109,31.4690507
352001,13.04597956,29.33424454,6.541766197,46.49054344,14.54047205,37.1826157,6.538246318,45.57756667,186.5829145,390.9351037,6.374726173,44.75290048,2062346419,1105511462,1.942514421,8.066349829,8.667795983,18.4188535,4.83581399,25.68017668,9.915380436,20.59407285,5.695499629,36.69559288
352501,13.19480268,31.03111169,6.595294954,46.84043987,17.34529213,44.95217564,5.549213064,32.53720412,177.2014351,375.8464986,6.336393935,44.07305482,400006684,444457313.5,2.813284377,9.721632794,6.662726269,10.38449713,4.250641865,21.58854754,11.86218219,28.24401199,5.690632764,36.19939072
353001,13.61549975,33.63477375,6.602658806,46.49548387,15.14600434,31.55952872,5.442468391,33.88970705,168.2426381,313.6500445,6.058548193,41.8842098,387403094.8,507317379.7,4.324948527,24.30513412,6.804607386,8.745791656,3.205473655,12.26706125,14.85880835,40.92520348,5.801693997,36.25050066
353501,13.84749855,33.60073992,6.505724018,45.26881898,18.25837455,44.34156295,6.14963731,41.17559126,183.7433679,325.8138809,5.708805161,38.33758184,477790411.4,646347074.4,4.330093967,23.7595027,10.10719226,12.57373042,2.651774589,7.993699224,15.09794781,31.05098237,4.070258816,18.133912
354001,13.45105419,30.87079536,6.514697329,45.84730299,21.73434838,42.7371164,4.008457439,16.22669248,220.5274475,365.4975418,4.980536613,29.36191693,955585791.4,760314277.8,1.240985489,1.344044615,14.92085507,18.62948003,2.543105273,8.547759611,16.29186468,41.08324582,5.102057477,27.20528802
354501,13.00572449,28.22959419,6.532489869,46.68447848,22.58721847,38.41194152,4.801515292,28.40190735,283.4133808,350.4126368,3.081419814,12.53695839,6196863364,4415602799,0.975106594,0.874341255,18.33393854,32.32733075,4.681376815,25.56357094,20.23483329,65.310674,5.469548027,30.72013877
355001,13.45862138,30.10499662,6.506005003,46.23785998,26.05135437,40.34087017,4.714998832,27.38394434,431.6470105,571.7508596,4.158922124,23.26637232,18752303709,10514198847,0.482771447,0.394460905,20.07673207,23.83712002,2.78956131,10.29255855,15.70412219,48.5285562,6.160289965,39.49794267
355501,13.81106995,33.10837897,6.500098771,45.25422728,27.62301781,48.94174915,4.23158525,19.40561378,605.2461999,1131.257914,4.82815203,25.78874806,27083974175,15323900313,0.536019963,0.184283262,36.89796261,33.82848389,2.176659904,7.672863042,11.86378662,29.07202233,6.539508997,46.16909982
356001,13.48411094,32.31464343,6.589230632,46.51279923,19.25247031,29.61565712,4.035559467,19.07757061,543.9971635,987.4859845,5.060707431,29.45068247,25233893941,20454494684,0.932398226,0.069751059,56.81763948,56.20973583,2.482305915,8.855725566,10.90428176,23.85224465,6.401498875,45.30023155
356501,15.48838416,31.12925188,6.622885209,47.19447258,32.49712393,28.7112911,2.822078527,10.23607444,1053.348853,892.2809907,2.121674728,5.418672211,40054473404,23994535558,0.922423863,0.302498172,63.2812465,73.83608851,3.750684476,16.51378487,18.37563155,24.68350919,5.815623256,38.99546996
357001,24.71035701,31.39817458,6.088276377,41.81834136,76.75048025,52.01314573,1.937661798,4.745238864,2254.967459,1667.926913,1.706465899,3.708053044,73043682900,25475331185,0.416383771,-0.214784198,73.918853,44.34193259,1.129057048,0.70579441,39.33454785,24.60107909,1.823556506,6.874201818
357501,30.71226201,32.17001795,5.558242171,36.32500936,109.5444813,75.91661999,1.729940438,3.115486187,3009.647196,2560.251474,2.351285868,6.679720214,84083050271,22314043123,-0.318491201,0.693680403,98.07519524,57.72637827,1.108159855,1.091821272,49.70452023,26.27321932,0.490396549,-0.330278763
358001,21.78143442,24.1575524,5.91949925,41.16803392,82.62411987,62.23220224,2.040829491,4.253729536,1927.118092,1540.376879,2.553937434,8.433359397,53616815970,12779476298,-0.982530418,2.401841083,72.22956626,41.05369477,0.77281027,0.078397171,36.23276916,21.91770852,1.142359304,1.66854987
