Time (cycle),Amplitude_Mean,Amplitude_Standard_deviation,Amplitude_Skewness,Amplitude_Kurtosis,Counts_Mean,Counts_Standard_deviation,Counts_Skewness,Counts_Kurtosis,Duration_Mean,Duration_Standard_deviation,Duration_Skewness,Duration_Kurtosis,Energy_Mean,Energy_Standard_deviation,Energy_Skewness,Energy_Kurtosis,Rise-Time_Mean,Rise-Time_Standard_deviation,Rise-Time_Skewness,Rise-Time_Kurtosis,RMS_Mean,RMS_Standard_deviation,RMS_Skewness,RMS_Kurtosis
501,15.27010449,14.46752633,2.981789268,11.20333964,28.72060933,18.36954033,1.758011388,4.391248745,857.3602748,673.2298963,2.344472206,8.157635513,95997973380,16962913357,-1.735309438,12.68783731,39.25211584,36.85523213,2.698314358,7.294789957,2.865175163,1.899903598,1.794923218,3.934773034
1001,22.9859927,41.8016182,5.182419011,29.92308585,32.57499686,29.97259023,2.560568252,6.7965764,1123.922331,1259.838493,2.962453681,9.128407246,77047709077,16328773986,-0.063299615,8.133556066,51.14375576,50.80853093,2.468972641,6.02295065,3.504925424,3.265880157,3.23698773,12.85110556
1501,17.28191939,32.04726264,5.011185796,28.54167298,21.06353454,24.33994739,3.405878463,12.73880589,773.8036152,1030.445649,3.864317231,16.73521301,34650485914,9467508792,1.647080166,10.7912144,38.48585226,39.61572909,2.065108001,3.848458075,2.121598698,1.946791379,2.90428695,9.912477491
2001,12.67018066,24.053525,5.609671113,36.38763318,11.84857156,18.3889701,3.37878706,12.62255008,428.6388092,688.2211831,3.992354835,19.86031487,8416134932,3422213974,2.833353027,13.20689558,20.00964554,26.95975003,2.661732567,9.065392153,1.127859279,1.725857178,5.392359575,34.67109888
2501,12.28287333,27.92846371,6.615954107,47.67789071,11.74267527,19.69906985,2.51739116,5.986997659,440.5779527,720.0559429,2.999804115,10.2968987,3196567450,5394861818,2.847335426,7.795752449,18.27214349,47.78543479,5.303763051,30.04521532,1.24322443,2.535749841,5.778978663,37.89524428
3001,13.61305826,35.69251476,6.344477124,42.51880432,12.93151786,26.49284117,3.641307779,14.93758437,523.524005,1031.556707,3.925144278,17.98574402,5073109821,11648529399,3.994582034,17.47858394,15.22243795,51.34316635,6.336838433,41.68547,1.372383342,2.953067579,5.11669695,28.88625004
3501,12.89165094,32.11676755,6.567633959,46.18745068,6.440299601,11.15993086,2.491760308,5.516949837,414.3409602,842.9018706,3.305084417,11.71199258,5503189142,8486635180,3.28462331,12.23573267,15.40643866,51.73808676,5.525781118,31.10824105,1.851130256,3.619233888,3.223780741,10.05111186
4001,13.1486901,29.94831974,6.201069456,41.61206067,5.65326475,9.39533882,2.997569872,10.21770816,453.6094399,950.3128055,3.365703275,11.45992989,1.12355E+11,27714556783,-2.162990402,7.113362346,10.57053306,19.76434824,3.800830556,16.27819603,2.82585915,6.82125724,4.082881541,18.47112554
4501,11.95089824,22.02753779,5.916441924,40.7088191,7.919674115,12.24693954,3.406350308,12.55170675,520.8928761,971.8387433,3.592277314,13.49336655,4.63531E+11,95209380140,-3.532438729,13.15323309,12.03803397,26.05529444,4.098242651,19.1549943,5.031551836,16.40616984,4.912357415,24.99206227
5001,12.68096986,24.66965635,5.837840185,39.30723347,8.661985294,9.053221396,2.417466541,6.746203311,449.9524542,530.5125433,2.682651662,7.451657452,7.28726E+11,1.23181E+11,-2.6006108,12.37311314,11.04065361,22.06209565,3.279725308,10.16043981,2.543760953,6.147011947,4.717412783,24.37755455
5501,13.07430736,31.14844869,6.488029795,45.26431553,10.56147367,17.13022456,4.027433417,18.69874189,561.800073,906.5786959,3.465084149,13.26742618,5.62132E+11,1.3932E+11,-0.313499785,3.766167304,12.16854111,26.62555221,3.83757914,15.79631686,1.742275748,3.808883669,6.54434207,48.01155832
6001,13.66997428,36.7847393,6.626932023,46.31520554,12.16016414,27.56174162,5.427256816,33.07293497,672.7680498,1551.714202,5.294323556,31.52070694,1.99116E+11,1.1559E+11,1.377499561,3.02350892,16.58207809,34.46483196,3.753415174,14.76238589,1.45041589,2.213039825,4.515399061,26.13593751
6501,14.19629528,37.04273284,6.384024423,43.10883181,15.70070138,33.50537844,4.409280444,20.75941015,835.5806425,1920.763531,4.449404256,20.98930091,50731225249,65595293336,2.279296343,4.987015074,23.41144977,37.1705814,2.6956479,7.655477298,2.070261467,4.6828303,5.316640738,31.61894724
7001,13.12617643,31.21611263,6.61970463,47.37023656,10.89071805,16.5857691,3.188895133,12.05452236,564.2518162,1022.461842,3.662799709,14.41251499,24404000747,26125991819,1.534191187,2.02508174,30.99120588,48.91925538,2.160648881,4.074614761,2.473157917,5.002893319,4.515850078,23.30062004
7501,13.1848487,31.15195721,6.470005231,44.93810791,7.989340732,13.5792896,3.757689684,16.48874202,446.1725621,939.3816495,4.548935881,22.54149918,9611134959,10448869844,1.858131059,4.080522467,32.84108422,66.96224719,3.5615959,14.62388481,2.171999989,3.56462878,3.426428469,13.68061309
8001,12.2895928,26.46094243,6.491259896,46.20415635,7.193417918,9.861888377,2.531699704,6.546574358,393.1532736,648.7344635,3.405281274,12.49834972,4117065975,5388159618,2.916893695,12.06928611,14.71497347,28.33238288,3.454420653,13.24813971,2.208170069,4.579968789,5.229617744,31.77813386
8501,12.674686,28.00672754,6.317949642,44.27996321,9.161844617,12.9170372,2.419657381,6.446724501,459.9057631,724.095947,3.468228654,15.25162705,5054960718,6409855569,1.733218653,2.212899109,10.70695551,20.17924669,4.143406057,20.52956357,2.909828245,8.008306831,4.903121003,24.30808975
9001,13.45310133,33.61354819,6.425911903,44.04843906,12.65980995,21.25498545,3.299066151,12.62351667,630.1344967,1164.682648,3.840047351,16.51823771,7062338382,10241237631,2.036052296,3.746588922,14.42085748,31.0515966,4.501896276,23.06111351,1.909206025,4.29812904,6.025276169,40.55748963
9501,13.43526147,33.32134594,6.388322091,43.34920528,11.06959668,17.89476245,3.308033953,13.68512267,556.9033716,1005.255156,3.815091677,17.62691721,7378438351,10207808950,2.053639663,3.771455085,19.80623108,48.14891036,4.170929129,18.34009442,1.725123489,3.789374654,5.892442094,39.43572724
10001,11.79780737,22.3608915,6.025557416,41.23467153,10.95697316,23.62345724,3.993380355,15.88335764,546.3757253,1243.878527,4.066480756,16.20981193,25691854049,29617399917,1.866797157,2.932908997,16.26397548,32.42780795,3.526809102,12.44435358,1.907003044,5.431092747,6.576089673,45.62583458
10501,12.66307443,25.69696888,5.208335383,29.08756804,15.64527992,37.46165373,4.46165561,20.2072083,832.0836924,2086.770204,4.423643199,19.62615174,83081313227,1.11356E+11,2.016651714,3.438593135,24.574764,53.04456081,4.011625929,16.26415792,2.156080173,5.911802721,5.221825952,28.11623666
11001,14.28275083,38.06743886,6.41209538,43.4171535,22.92990407,54.15559828,3.979164251,15.23439064,1267.828975,3035.587331,3.920627377,14.76093919,1.43995E+11,2.20646E+11,2.313431103,5.091912093,28.26950401,55.74378941,3.475153464,12.37161438,1.499939909,3.035109299,5.131742666,29.82088332
11501,15.89673833,42.63028346,5.733115057,34.63000696,20.62239566,51.20935755,4.518569758,21.14125344,1152.774632,2797.204075,4.375584035,19.95308837,1.23343E+11,2.32839E+11,3.472243348,13.5193084,21.46287188,41.3692724,3.439252573,12.73213345,1.574602149,3.015239518,5.590782991,36.9372923
12001,12.23113825,25.69063272,6.285708145,44.17850168,11.8869283,21.25845954,3.053591673,9.349746017,688.0419298,1292.570522,3.254626355,11.01901287,44835726232,86317971854,3.845849286,18.4175102,14.00706036,26.63186688,2.824751046,7.69844585,1.964799313,3.639867939,4.558016527,25.0095579
12501,12.84518337,27.62112639,6.063973667,41.2009425,14.11131927,26.7371644,3.004130791,8.925984629,758.6720312,1446.073421,2.999097658,8.933398531,15046619067,30170184784,3.662077424,15.56846779,10.57356394,18.99644971,3.279185518,11.12300544,1.756696818,2.924377014,3.512872673,13.84557202
13001,14.5788991,38.09303913,6.239574025,41.1312049,17.23805452,33.09861656,3.511654978,13.35034953,924.568449,1910.692174,3.874971072,16.50323695,11359237170,19144080755,2.787719302,8.24031908,11.4074285,19.83564505,3.37365379,11.76929303,1.884737163,3.497791283,3.354544373,11.19720432
13501,13.70743227,33.19450618,6.361503889,43.43384302,13.72419534,21.53515255,2.951245724,9.438367664,664.5165618,1057.112768,3.122684319,10.63134863,5221146982,7060976205,2.919671685,10.70140837,12.09536266,20.55845285,3.423073333,12.78874113,2.470076652,5.140290038,3.884987792,17.67764335
14001,12.49127205,26.22853772,6.332855658,44.4386441,10.06383531,13.22391171,3.075916572,12.76644274,467.4310003,654.1994569,3.379643163,14.40918108,2544576851,3452242785,2.812306724,9.16964489,12.24598991,25.50860328,4.737709136,25.69634211,3.828163683,10.09200737,4.763751635,25.09625584
14501,12.16677897,24.86603737,6.25885507,44.1999438,10.40346697,15.52060144,2.372510821,5.450034501,477.1553706,756.8875728,2.766785989,7.853984525,2185260667,2260821085,2.37338968,7.843019928,13.30742701,28.43130205,3.913436322,16.15278756,2.503818652,4.983805528,3.278160874,11.16939507
15001,13.02768245,32.00321607,6.666619067,47.5090415,11.34602122,21.06519048,2.801881639,7.587609951,544.9135118,1099.343217,3.305655416,11.42377414,3663822770,4574754855,3.061155333,10.99715433,14.02629359,31.28166003,5.210469325,31.53668709,1.841837178,3.843132266,4.98042187,29.13934419
15501,14.57213257,36.68555943,5.96148989,37.81578661,13.3891655,33.79346705,4.3759622,20.53258817,711.3782947,2063.900965,4.819214566,24.15044422,4252296217,5524086669,3.481768295,14.12945421,17.71704883,33.60618704,3.549334023,14.18970433,1.707806193,2.990165439,4.035723807,19.98538254
16001,12.39068712,27.43686906,6.420270315,45.5703224,8.242555553,14.39071607,3.240868776,12.62662373,361.8670125,610.1633487,3.100548406,10.56553648,3381682096,4755553215,4.785190449,29.44066439,21.25746327,43.16388379,3.685163263,14.98899793,1.953107082,4.06519533,4.652491148,25.22963149
16501,12.71877285,29.35352044,6.557785856,46.50156742,6.723578742,11.47924822,3.806896199,18.06813143,328.9030351,552.0487218,3.613961177,14.90842382,3369425108,3586373135,2.407555679,6.936806641,20.33442097,34.74531194,3.307198027,14.07406287,1.672482644,2.954253804,3.556876024,14.02685554
17001,12.9765328,30.61802729,6.448715897,44.64869502,7.857574727,14.01593769,4.155504361,20.70781284,373.4347668,634.1051547,4.291149232,22.55001877,6691344457,5581292233,1.851838541,5.147952474,23.77022495,38.27658805,2.704714992,8.242952688,1.754627213,3.85422857,4.563254056,22.255675
17501,12.37239953,27.85712407,6.525120227,46.33393054,7.176119405,9.692084069,3.172877726,13.40756802,400.89813,563.3473583,3.648405666,18.0962567,12688641545,11969277328,1.410658498,1.758194657,31.35668398,69.46948962,4.002491163,17.51969257,2.161135508,5.489646708,4.616230664,21.70817092
18001,12.72757475,28.32339286,6.469393432,45.68559087,8.215385001,9.933740372,2.178493522,5.436627,507.394026,675.1439027,2.642579699,8.953087135,36982084644,35783733932,1.317956025,1.005672173,17.84375843,33.44515593,3.369492179,11.49901006,1.403790775,2.487814535,4.358511718,21.92467968
18501,12.92922524,29.90805893,6.530606517,46.08973067,9.98494166,11.39091911,1.980034108,3.877037098,605.6772672,765.3690235,2.165884582,4.750514564,1.87013E+11,1.74277E+11,1.176212288,0.711448905,11.63002015,19.20777799,3.360785893,12.04706943,1.531155996,3.179229241,5.301312319,32.19362501
19001,13.03271815,29.98682759,6.339817602,43.40894908,13.80058875,15.24253606,2.169414699,5.430474577,794.9090519,1012.018313,2.687578203,8.485644003,8.25339E+11,1.49182E+12,3.634276214,13.2519132,9.614592622,15.65456385,3.733300898,15.78868007,1.813267495,4.777312885,5.097786795,26.71722944
19501,12.38106757,26.52901902,6.419107989,46.11284939,18.67637618,26.62935134,2.915261412,9.983502382,1192.902601,1975.69555,3.29333321,12.43089829,2.31687E+12,5.30706E+12,3.50856058,11.74776784,9.645877582,16.06575452,4.245119222,21.07396392,1.264343933,2.847270804,5.998654778,40.24805807
20001,14.21456426,38.07799068,6.583177659,46.39832955,24.36100545,45.94448918,2.956582513,8.832224663,1611.963019,3295.512868,2.996559035,8.486780103,4.01576E+12,9.54901E+12,2.928025501,7.444235035,9.651627078,17.11396947,5.209667752,32.80387405,1.150217967,2.808213961,6.671066454,47.83566809
20501,17.33864776,48.42883998,5.437228971,30.56534688,28.77465546,79.78696892,4.513942054,21.5259682,1898.858974,5339.119563,4.383588545,20.29338232,3.89426E+12,1.04E+13,3.382191837,10.98550526,9.801558627,19.3909576,6.011906903,40.79992533,1.22130337,3.179583651,6.545716177,45.512997
21001,12.41901634,26.52615164,6.161390104,42.45375705,9.16880825,16.56456547,3.26012423,12.24998622,582.2172303,1172.429134,3.701265788,15.2009441,1.34774E+12,3.70422E+12,3.965440117,16.62227259,14.75546063,30.78810282,5.575792135,35.7948833,1.242561868,3.03340661,5.880310348,36.75981795
21501,11.95379738,24.29898165,6.285986369,44.45500133,5.546528254,9.575930793,4.581866323,26.13641651,308.5630454,583.1183735,4.826496538,26.5257384,1.36862E+11,3.47196E+11,5.037258586,27.57792575,30.36347083,85.19865727,5.229316899,29.66998194,1.014593147,1.622043592,4.039359929,18.94569128
22001,12.26387512,27.9062648,6.485230908,45.5763844,5.435818312,8.331332589,3.132223285,10.77334565,320.4879292,595.405211,4.26709197,19.98586194,17090867667,45521704375,6.103359662,40.53674458,43.03993686,128.6602687,4.611501636,21.81900459,1.156324927,2.410661702,4.873783827,25.57556506
22501,12.29749444,28.61720715,6.389867244,43.99609997,5.788293508,9.674831072,3.340125642,13.174283,340.0262831,479.1358041,2.315219838,4.889947545,6470516678,8295067264,3.833404452,18.4276697,28.4723762,73.04308265,4.626327108,23.22243,1.550081413,4.150969952,5.163509411,27.75059501
23001,11.76769275,26.34633422,6.510727955,46.28905342,7.522437897,13.45997397,2.852979738,8.510407196,411.4631445,671.6371168,2.367787178,4.690080393,3535998877,5196162602,5.095973899,32.39764797,20.22258556,39.5388346,3.630688445,15.13843485,1.061335847,1.936317208,4.92566871,28.67842622
23501,11.82126993,27.67028048,6.602186448,47.10974703,7.797115873,14.09545733,2.682149133,6.988089928,448.316722,845.0247602,2.90688357,8.37867593,2435300713,3970284175,5.675456979,38.68506168,21.58069622,49.98879357,4.108974548,17.58429716,1.148314773,1.925074023,4.218587556,20.60554528
24001,12.34999107,30.67538366,6.546297783,45.57288214,8.046884738,15.0977506,3.731160662,16.68004339,439.8761862,870.9006956,4.085792852,20.03058933,1939082735,3645443691,6.107350246,42.27980551,20.26288444,36.6889504,4.362647444,22.93916529,1.377107914,2.09646499,3.943900059,20.94259895
24501,12.17676105,28.74114113,6.482649378,45.25565346,9.562687119,16.54535534,3.468290116,13.3218094,521.3433205,930.7296916,3.749489272,15.49099248,1708427682,2941193485,5.689387244,38.38829544,27.13440839,32.59662464,1.958846336,3.860061945,1.93818624,3.883894943,4.930318872,28.71937356
25001,11.99034147,26.40508644,6.37801036,44.43075419,8.484180848,10.44506999,2.422704301,6.751794936,499.7840131,637.1066748,2.578105164,7.745736324,1789537244,2949096829,5.489193509,35.84149665,35.77016702,42.81002357,1.767339364,2.798812859,2.202171434,4.081278659,3.993676757,19.13043897
25501,11.22911581,22.94293582,6.406575851,45.56492205,7.780914752,9.623064938,2.205282158,5.282544959,477.4495837,597.3050363,1.998225181,3.438317223,1640333975,3007442756,5.172338806,29.90913019,37.95793814,47.6320843,1.695570885,2.067928209,2.050803647,3.670760473,4.277006001,22.26053039
26001,11.71432697,25.02547034,6.364312176,45.0954466,6.765622017,9.347937268,2.39602218,6.440563174,452.840912,590.391275,2.314006652,6.818562192,1065147019,1889140426,5.568535011,36.75964436,29.52546738,44.18388786,2.498327228,6.12608803,1.776476551,2.833721185,3.475238915,14.02449262
26501,12.37756886,29.89700744,6.367321216,43.34622082,6.917855296,13.56980868,3.446076048,12.87615014,434.4964966,787.0870284,3.719296423,15.89666944,899963916.2,1676461655,5.782357593,38.14039786,25.78665775,44.78488226,2.900510706,8.720775034,2.071102829,4.297485577,4.500437155,22.45662267
27001,11.9765222,29.07050817,6.681354175,47.8422845,4.984463801,8.81375334,3.212234067,11.46557184,304.6558611,553.0802388,4.516526638,25.58983196,841542215.6,1579557720,5.546045215,36.36769144,25.86202651,52.17741592,3.067807012,9.492511796,3.070178013,7.975809702,4.816842368,24.44824134
27501,12.50393431,30.84247683,6.442711624,44.24799258,4.467777915,10.17657316,4.910874984,26.84426287,282.1082751,678.9252766,5.414161168,31.9418724,905938067.7,2118942467,5.818172086,36.95047017,15.7820597,29.18786306,3.02839942,9.28562811,2.892577533,4.949208977,2.582064988,6.34346096
28001,11.65913121,26.67702776,6.630700212,47.62136968,4.424888066,7.148576399,3.592606216,14.7091723,264.4332382,437.3821494,3.548483174,13.43041351,812871011.4,1463317276,4.263760694,20.91929539,12.80330842,20.51662591,2.846003108,8.690110728,3.412936363,6.52823188,3.210522257,11.15830458
28501,12.33389422,29.40386837,6.58431471,46.84837293,6.079952888,10.15055407,3.814018298,16.46258992,365.2739967,703.3627561,3.65136219,13.45347694,842710907.8,1682175324,4.493827185,22.02594448,15.39340111,24.74237524,3.781994074,18.82843591,3.083004404,6.129520816,3.138047531,9.483542329
29001,12.85396589,30.58782733,6.048618388,39.24179806,8.506894522,16.98343173,3.506638587,12.42898173,515.3337065,1198.935981,3.626979618,12.94202642,897806194.6,2077738709,4.754877287,24.05231501,20.00596071,31.4405449,2.7701933,9.297230237,2.368186478,4.476696386,3.243346839,10.58284061
29501,11.33556909,23.86594745,6.193330794,43.28185361,7.47125436,16.04171824,3.438787997,11.82656943,432.7560676,1019.859318,3.58072463,12.3784315,684106345.8,1317634755,4.183064079,19.68301738,16.15699517,27.10026286,2.656389371,7.277417181,2.098247744,3.533647964,3.22695268,11.14319807
30001,12.27820517,29.47399905,6.401899749,44.05926969,5.766131921,12.87543927,3.14943057,9.275927403,313.5831565,682.7545697,3.131218774,9.148936663,673482821.4,1640134903,5.681347449,35.87327632,13.76406312,28.22536592,3.464004714,12.53795108,2.485734425,4.643287479,4.226641423,21.01125033
30501,12.45373089,27.52190829,5.808990583,37.41491608,4.58225999,11.54096708,4.54069726,23.4999828,253.5051294,606.5213192,4.513280762,23.43349316,668507004.5,1534659977,4.408254274,19.41211734,13.68428366,29.19635163,3.412230135,11.4256118,4.762450807,13.77496294,5.229198887,28.45085349
31001,11.8616744,23.97835687,5.826571145,38.83367935,3.050301112,7.094356471,5.210842305,30.65953181,176.4636908,382.9803598,5.121563912,30.10552293,542487302.3,994470989.6,4.23494413,18.90067555,15.50117087,32.78016387,2.981660817,7.93304159,5.440946127,16.06990686,5.365962136,30.23798642
31501,11.34931986,25.02825977,6.437905743,45.1209419,4.078201003,8.876567389,3.14373093,8.811534994,218.328775,460.4289947,3.250813164,9.711996131,446743044.1,759104399.3,5.515812081,35.79628712,14.21733754,29.32233059,2.773210484,6.537839649,3.626230986,7.076197468,3.61632618,13.3423487
32001,11.14619396,24.73007212,6.537014712,46.61438288,6.024951398,16.24509315,3.667680198,12.92434197,320.1321935,818.9147993,3.430213405,10.80225866,415334068.9,666202747.9,5.485134247,36.52836543,12.75352602,25.09487743,3.175240088,10.48379389,3.0559444,6.210102222,4.675872269,25.18781528
32501,11.84692206,29.59564162,6.704366836,48.22644747,7.931340673,21.00292684,3.359796231,10.56629321,410.4017624,1044.119299,3.224604587,9.424897479,504669704.3,1020886613,5.582942503,36.0553268,12.65951724,23.40980067,3.612162363,14.90136467,2.561537982,4.486260918,4.135939357,19.87730171
33001,13.6745054,36.4123173,6.039351081,38.39623235,10.36591253,28.34112064,3.863071864,15.75561328,548.3868256,1525.846255,4.204166566,19.20419793,790734173,1801459621,4.490506773,21.91241198,13.33047514,23.13619603,3.129810696,10.91065941,3.324612136,7.348236165,3.858639098,15.10425637
33501,11.17476689,24.86311237,6.542816709,46.82495131,7.969459425,18.55170797,3.872218116,16.11378019,426.474571,940.9132885,3.675083706,14.59299322,1261883700,2049470932,2.245761799,4.828245656,14.37986892,23.64725375,2.438619164,5.642082886,4.930843886,13.42422126,4.122406319,17.76285459
34001,11.77327416,25.44012335,6.268966394,43.78713659,8.194892998,14.3281254,2.442287877,5.739326968,465.1849751,808.1952241,2.449427571,5.856667826,2087756852,3345765056,1.863858282,2.499663287,16.21230179,27.37724374,2.548064701,6.87660434,3.789591384,8.809587173,3.385738618,10.68574335
34501,12.12972044,26.0903475,5.882412165,37.99652873,7.809052336,13.56460791,2.479797625,6.167907962,456.6499423,822.2729263,2.741069791,7.914959881,2379191635,4745952605,3.448431817,14.17612505,16.81837467,29.86796746,2.947110574,9.176750079,3.852953871,9.852179009,4.558763494,22.04741416
35001,11.14066569,21.7197943,5.865185827,39.26163737,5.408358394,11.71916994,3.802553299,16.14758576,319.4183472,736.6448267,4.126148045,18.52501798,994480070.6,1808694413,3.306227125,12.73016717,15.17337894,31.83278723,3.832503384,16.07458704,5.050397317,14.9243775,4.800174349,23.06802556
35501,11.54767008,26.25448106,6.53432105,46.28417363,4.521010817,8.30001908,3.513487364,13.26686507,244.9266219,461.2780721,3.78869628,15.43982396,453006642.3,676014701.1,4.405781523,24.08141598,17.40006419,32.90709859,3.13955761,10.48355386,2.423428444,3.924549582,4.818954235,29.56130958
36001,12.51985503,30.56011537,6.431427878,44.16871127,6.209555683,14.95150564,5.079578819,27.20818126,351.9582023,867.2625756,5.052624802,26.54179547,494782076.6,919792061.8,5.534407397,35.02516315,19.66410029,34.84505074,2.868854708,8.669949935,2.864569814,4.905442239,4.448998581,24.14060507
36501,12.28250194,29.60411867,6.591840165,46.56434891,5.023991154,9.76636847,5.531935056,35.6135284,283.88643,509.0546218,5.326305605,34.10980705,463708224.5,865533550.1,6.124874012,42.68312216,19.74171496,34.66863807,2.65672011,7.10989444,3.123423488,4.750955719,3.664044149,17.24195255
37001,12.46739253,29.42433548,6.574523706,46.50846046,4.674209423,9.120587102,5.675827881,37.88085907,271.0177396,510.9052322,5.484015618,35.81582482,509140324.9,997687117.5,6.144259416,42.53732761,22.60174088,42.37986095,2.908370106,9.355667568,3.261274559,5.412718773,4.486211429,25.64227812
37501,12.5840608,29.56262018,6.575066734,46.55303464,5.328895616,11.33190402,5.477731849,33.92602833,302.2628966,633.7706709,5.372161238,32.83294725,538124516.6,1041671352,5.948959338,40.21079472,26.02805179,62.84076074,4.582093152,23.16035982,3.400911194,6.833574072,5.147706668,29.98094561
38001,12.58711664,30.44800406,6.736602173,48.52209495,7.420423489,11.92848835,4.975111403,29.2717557,417.6876583,724.1720604,5.528422455,35.47766266,1048442311,1643058521,4.620446264,24.96760066,14.56289104,21.89778281,3.739933156,17.77824344,2.893942144,4.846332428,5.537685915,36.28864407
38501,14.43502801,35.23282822,6.610486272,46.08603974,14.75602117,13.92248438,2.859011724,9.700671444,844.0243132,961.5036071,4.535755872,24.43295663,2824780528,3708286132,4.227487414,18.0581282,18.12263697,12.03646046,1.752435129,4.837107559,4.55694274,5.730503276,3.590628642,16.09389743
39001,17.86062064,37.42047204,5.587633465,33.8307736,19.63125714,14.22936032,2.513524096,8.208392766,1051.065715,703.9591916,2.149027385,5.751223546,4002755081,4812188311,6.087383871,39.14072897,30.46748734,20.21593832,1.969673295,6.019260008,6.342281214,7.113866746,2.596482691,7.195066087
39501,13.72930378,27.13636133,6.136145209,42.14918431,17.78223142,14.08176219,2.624923017,7.512998118,844.1343548,612.9827625,2.801763976,9.90146532,3573821778,4331342315,5.888573175,37.0777104,29.3556543,20.0252638,2.07976008,5.702095372,5.04031658,5.405133475,2.413368289,5.746967026
40001,7.946369523,5.812525116,1.834670139,3.664291005,10.45876254,6.798515629,1.79577704,4.472101302,603.0402528,345.623534,0.855249816,0.83939769,257938852.2,163779424,1.467727925,3.074991958,92.95492837,56.28298885,0.911724129,0.803881916,4.75225451,2.719871341,0.93945704,0.796903024
40501,15.98614758,20.90262225,5.293525859,32.81927047,19.88841168,12.45871516,1.762072063,4.290986095,1147.931837,645.5068287,0.796034486,0.535177864,372531331.6,253331843.9,1.681990679,3.617686887,175.7458009,98.6412439,1.083718306,1.433229555,9.214128593,5.624064401,1.683099631,4.740076701
41001,19.24402337,36.66833505,5.709903232,34.69093245,20.47717016,14.66204656,1.938933431,4.18466145,1181.54142,829.9661722,1.794753059,4.185204763,329283669.4,268006803.4,2.714357479,10.41587369,177.8041694,104.8543612,1.061449952,0.809748865,9.613269388,8.167670168,3.896379615,20.46893208
41501,13.70923835,28.85297765,6.475820368,45.24257459,11.05234434,9.441153811,3.018349455,11.71457999,612.9679326,492.4866688,2.554755144,9.502967187,156377360.5,132208839,2.997950893,12.39823618,87.53441332,52.01141684,1.326670772,1.894314872,5.324775458,5.889203232,5.153922089,32.83348116
42001,12.09029416,27.6357466,6.589287246,46.96995048,4.446523924,7.897591979,5.928487454,40.30640753,235.2848574,393.614435,5.127850478,30.05506451,56645850.45,68494041.2,4.169956988,23.16855597,22.21403407,24.88075532,4.273868338,23.32505984,2.705108042,5.180640772,6.365460385,44.92161986
42501,12.21206274,28.32784853,6.538818112,46.13889583,3.95198161,10.02794263,6.089773046,39.33943558,200.9039187,486.7545529,6.100036309,39.78250957,43098879.31,61848719.82,4.652431075,27.54354842,11.46898161,22.6639619,5.471750875,34.1104634,2.665987987,5.337542022,6.334519473,45.1926975
43001,12.1766364,28.37267919,6.573674541,46.56177951,3.220070382,6.519208807,6.128493822,42.13248684,176.4042993,352.8578189,5.896646867,39.17470071,37765559.65,55197955.69,5.007539736,31.21176959,10.95659401,27.22995558,6.437245268,44.2339781,2.938196072,6.981518167,6.527628158,45.72732512
43501,12.23996374,28.90925987,6.595819259,46.79718857,3.32764513,6.896032749,5.341566777,31.14646414,170.1473394,312.1545266,5.185746836,30.71658773,60603746.57,57217993.51,3.792538509,20.8789252,11.25380724,30.05268481,6.630858601,46.57491336,3.12100218,7.486996235,6.383493602,43.58297623
44001,12.35346479,29.78552931,6.581026837,46.38183358,3.50104739,8.903630297,6.353210048,43.01386541,166.0892684,351.4052823,6.494302598,46.66134733,254900700.9,63607564.13,0.071253909,6.652193124,12.06632522,31.67186557,6.255224015,41.30702426,3.162635529,7.413773864,6.575031276,47.32922841
44501,12.33835131,29.51268559,6.561066675,46.16327869,3.645779077,9.452435258,6.244026024,41.2622871,194.3468174,490.5305952,6.369643605,43.16967586,515064904.5,110379541,0.444209044,9.666283251,10.32616145,21.76948398,6.343520218,45.16131135,3.589033489,9.857959241,6.497594575,44.30603795
45001,12.12357706,28.06839154,6.538206885,46.10978255,3.237571564,6.152998159,5.579844681,35.33398327,197.0184995,416.0451553,5.32448912,31.2833891,514534128.2,209202716.9,2.729213069,11.7239365,11.20885299,25.64492248,5.780622004,37.21650647,3.544934464,8.888930028,6.327653684,43.07773366
45501,11.97858578,26.88287648,6.550416684,46.63499486,3.142957001,4.854437969,4.317498453,21.26287858,185.6177186,344.0228997,4.890234223,25.99186026,324752848.3,248298038.4,1.001502241,0.444284705,11.96769137,31.50790781,6.019734748,38.90298247,3.605050543,8.723617292,6.234553801,42.6745117
46001,12.12226639,27.91454155,6.571476717,46.67471982,4.021552229,6.243147099,3.942118051,19.72524473,200.5029867,406.6959458,6.209516193,43.52624068,369095241.9,312487592.9,0.834611201,0.251624006,11.54778311,29.70990108,6.144525222,40.21149369,3.892947184,9.58564807,5.873969329,37.04861212
46501,12.28480702,28.8799032,6.492954206,45.31081369,6.100421814,10.48044999,4.252464749,21.48645872,263.509028,576.0573085,5.769610845,36.53826713,549376457.1,432113643.4,0.873063773,0.903483136,10.06981003,15.84391351,3.716699867,15.69506367,3.01869287,5.405574185,5.877039658,40.06864929
47001,12.10884345,27.67332838,6.602425764,47.22892322,6.464208157,8.793879609,3.204203984,13.54909765,238.9206309,482.9015697,6.103468289,42.43667032,414633814.7,354280630.1,1.284483589,2.110492358,12.19860983,25.73100446,5.069851179,30.42871684,3.539127199,6.898782646,4.916942457,26.26013138
47501,12.62867207,29.62856747,6.528119701,45.84628233,8.375678864,14.29917287,4.507872375,24.31863726,253.7620693,579.4787187,6.15759387,42.12941561,149736647.2,196330867.6,3.664534486,17.85627135,12.72951308,30.71164514,5.202457949,28.8615638,4.025295042,9.921966245,5.803386268,35.89946154
48001,12.46711296,29.06795362,6.537795102,46.03676666,12.63510912,32.23369412,5.470085702,32.38466714,264.8524999,691.2343343,6.460775882,44.36744458,62183936.91,105384756.3,4.412466953,21.51635596,10.04154352,19.50426699,5.422953226,33.96026861,3.524431035,7.612196308,6.168031495,42.32503251
48501,12.632242,28.83333828,6.534269265,46.33614687,15.60736769,48.37093127,5.841954263,35.68089997,271.1649571,748.6065957,6.66241011,46.70630631,67619166.05,116405740,5.596309556,36.78808639,10.96832272,21.74766703,4.980450052,27.14673742,3.888708972,8.264857803,5.661778679,36.21184544
49001,12.63197355,29.81219921,6.572146864,46.41085028,13.38837938,36.83826445,4.826723924,23.61952397,279.2674126,738.9054301,6.327737332,42.19329599,94472480.36,125811395.3,4.151352027,22.70651021,12.04359188,28.08718491,6.213293791,42.13811056,4.092652959,9.777614169,6.339457017,43.56171256
49501,12.73303855,30.24887018,6.577303182,46.47542938,8.312998355,17.03379568,5.159074482,31.40111129,244.5284838,550.7351809,6.56038075,47.07699014,319970690.7,305314505.4,0.977944916,0.073257957,13.17961816,33.8438096,6.391368871,43.41444273,4.245885954,10.78252141,6.503678559,45.09480825
50001,12.73235461,30.45859979,6.603674285,46.78637633,6.590541467,10.26852537,4.916792604,30.50073315,258.3051232,575.7476846,6.471442056,45.93774031,903143167.4,858780358.9,1.208897747,0.684063794,14.47862957,34.75092345,6.586919086,46.14669018,4.171263436,10.96992512,6.708034392,47.6039936
50501,12.91501405,31.14823086,6.588584182,46.50609125,7.376480355,12.48142208,5.011198678,29.36623933,294.8328039,625.468705,6.116607082,40.80672869,1736548215,1615595929,1.139934097,0.755328159,19.56506545,33.63388629,5.801695973,38.405737,4.435605835,11.69090052,6.572978902,45.59422392
51001,12.87365785,30.53093855,6.519849001,45.60635213,6.942784322,8.837356008,4.115002387,23.50827411,317.3943753,519.0863051,5.77254869,38.98502323,2356005742,2111702610,1.00971797,0.217917851,25.98943922,32.88629583,4.174719618,23.91607563,4.333958772,10.22003138,6.388446094,43.93876063
51501,12.51879888,28.33274574,6.583265865,47.12576298,8.005121835,9.086633057,3.582466233,18.85299736,337.863928,507.9960614,5.47296835,36.99333361,2702645754,2495889096,1.386964648,1.961824826,29.66622308,36.77535552,4.398242908,26.01181729,4.082696175,8.645031998,6.285982331,44.12625343
52001,12.86604057,30.66343381,6.597769711,46.83683757,8.756651428,13.73566948,4.818303717,28.07068786,339.04416,689.3528419,6.128312466,41.45452953,2594732786,2518543471,1.499987114,2.270212427,27.77096593,45.58527747,5.836183824,38.48880906,4.016264148,9.193641284,6.625651796,47.67834961
52501,13.00980628,32.1032569,6.517722368,45.31192683,8.692236887,14.84397237,4.130228157,19.60669593,316.3700173,686.9210842,5.39837378,32.06125184,1900507153,2274118718,2.566475986,7.468092328,21.41523084,46.94164358,6.162093193,40.66023741,4.331918546,11.07454016,6.540041539,45.3896483
53001,12.65244788,30.88976941,6.625245557,47.01048293,7.581663202,11.46863097,3.997010355,19.35892841,316.1417634,542.3666166,5.294251909,33.44095074,1704225863,1887362560,2.095932239,5.258329289,17.62714397,38.33415088,6.273798402,42.47951283,4.522495826,10.65855719,6.191875684,41.19685567
53501,12.60361378,30.40397474,6.472978169,44.80473414,7.850556139,13.1165867,4.655071736,25.55058315,385.4012971,632.5729559,4.816115478,27.80544352,2324235938,2244003820,1.536618118,2.702517924,18.42708486,30.29110262,5.066497994,30.09879875,3.948339141,7.67029148,6.266767869,44.50697373
54001,11.81241618,25.37772108,6.426526032,45.20918164,6.794799301,8.861137989,2.686852063,7.653161432,365.9742636,411.0714348,2.071903147,4.582263435,2569335943,2702674295,1.721490396,3.048785145,19.31672652,21.74635811,2.234242682,5.287849004,4.231273462,8.977862614,6.039752676,41.1072281
54501,11.75176048,23.52589943,6.248596888,43.94967388,5.299229635,6.84415317,3.202717822,12.43070578,353.7936936,450.9710961,2.750721193,9.31535946,1674798606,2041925619,2.292299327,6.006781049,44.42459331,55.75935058,1.696809295,2.069187215,5.431983871,14.61599066,6.203290422,41.19669535
55001,11.69622366,24.79210811,6.447011051,45.69238577,5.799726861,7.928830377,2.379410708,6.051416206,414.5640178,558.0151383,2.068329885,3.903851861,948539136.9,1248609611,2.420529358,6.596621191,110.0865489,133.7653169,1.351929363,0.756786667,6.040448997,13.82383371,4.825830682,25.01468447
55501,12.11514271,28.10097818,6.609432225,47.36892924,6.392913546,10.58052099,2.975907503,10.27266604,462.6608391,801.2079576,3.143168865,11.84918829,529586480,666618648,2.288059736,5.803205003,151.1089897,183.8770939,1.225951992,0.349358019,5.292955386,10.35976747,4.54610994,23.0891493
56001,13.10342757,34.86242284,6.605088872,46.05822023,6.726584954,16.89732028,5.205190263,29.66601843,420.051392,952.3779037,4.803902211,26.01924383,362377716.5,696771690.9,4.164422786,20.92957489,107.1811094,147.6328164,1.928126164,3.770749683,4.669295394,10.79684123,5.974676083,39.00480156
56501,13.62414776,36.34696628,6.440569463,43.68348619,5.178935564,16.68405495,6.160867594,39.21755343,270.6452041,709.461147,6.313980462,43.25996944,332510322.4,1124862860,5.211573947,27.92517911,41.17126432,74.3922481,4.264069274,23.3635045,4.218521812,10.46427931,6.534538737,45.96620929
57001,12.18685556,29.51228077,6.647068395,47.28781971,3.940909181,11.02408367,6.550847994,45.6039306,247.8738276,684.999693,6.60660872,46.41429184,158745601.2,376961442.6,3.934142172,15.61410535,25.16849055,50.45334357,4.921186624,27.93051671,4.434463667,11.37856947,6.484986461,45.06001595
57501,12.07573336,27.90099365,6.562303576,46.82249038,4.358215124,10.26321818,6.072284068,41.47251225,280.0642179,748.1786715,6.362111732,43.40183397,120848612.2,267083803.6,5.615676588,36.24438829,29.90930598,75.01313715,5.181967356,27.9845751,4.735042033,11.94344694,6.205673021,41.32002425
58001,11.88287189,28.53835443,6.495213552,45.20731895,5.27660035,11.32341235,4.748830774,25.69248853,312.057372,733.945632,5.373674268,31.6768551,108206259.5,175149585.9,3.464178639,15.16423158,19.52871537,40.5171711,5.781749519,37.96343163,4.235735077,7.864600979,5.178468098,30.6113257
58501,11.36844306,26.31962935,6.530582345,46.00900463,4.030892597,6.68619028,2.90669055,9.101865818,232.9839379,393.1365588,3.825260832,17.80805585,91343442.72,152089683.3,3.219285203,12.28981102,16.45787934,28.72519057,5.342097561,34.02776371,4.658121979,8.983877865,4.963246645,28.12498286
59001,10.88940466,23.66333485,6.384323097,44.61100553,2.513636974,3.833673506,2.857255561,8.238715474,156.718244,216.2719415,3.188540584,11.65154714,51280648.36,74750862.92,2.61659381,7.420108548,14.96701203,21.03469584,4.324808454,23.66576754,4.548777166,10.82309569,6.352412696,43.4206577
59501,10.54928858,21.73592151,6.380015384,45.30283359,1.590565753,2.050809693,3.240684787,12.23883767,112.6102003,136.1854979,3.173667817,12.27529282,28924747.75,41109213.9,3.554138926,14.72269153,13.28474596,14.21541288,2.256513765,6.382656569,5.399211242,14.68582557,6.0994103,39.54075131
60001,10.48878291,23.05575901,6.537388803,46.52051648,1.403713994,1.827681857,4.197242227,23.22049948,104.186469,151.733821,4.430626537,24.27073595,23425644.26,29005446.08,3.879772857,20.05145512,13.38584457,18.99207435,3.875290476,17.45655286,5.173194784,14.33192336,6.634835724,46.45465699
60501,10.72969425,24.66874189,6.495924827,45.5521593,1.565133733,2.421665789,4.854890974,28.51904745,118.477027,216.5408222,4.808304319,25.56450338,23584012.52,30028032.31,4.162402555,22.78554135,13.15815413,26.30872043,4.520694206,20.6250923,5.164738952,14.57623711,6.618555773,45.88616201
61001,10.81866545,24.73837091,6.516429678,45.90187489,1.802386001,2.403250095,4.4332721,25.80752983,114.4674651,165.2889955,4.773085266,28.81478231,26573642.89,31285679.27,3.499371004,16.36437986,7.924461632,13.80363107,4.761574,24.92576133,4.899646563,13.08865921,6.673395992,46.95571758
61501,10.9297391,24.15344141,6.463568477,45.43994833,3.188524376,3.250114236,2.405250143,8.400500029,170.5361567,192.5600106,3.242657478,14.86968223,46431098.48,46022633.37,1.987814022,4.701873998,7.131855102,14.61426653,6.296955052,44.08845485,4.61615695,11.9975481,6.746707945,48.44105816
62001,11.11255741,23.90554727,6.497582613,46.30574124,6.294948499,6.170631334,1.665815299,3.21818011,351.9298834,366.5742588,2.174371341,6.751229363,105562499.5,102881411.5,1.55049317,2.338170965,8.063218475,16.35652916,5.601903931,35.16172465,4.598356333,12.62079703,6.638788096,46.36857579
62501,11.42863618,25.46333812,6.497838198,45.94233994,8.750281717,10.00706417,2.559769162,9.056816766,499.6057723,622.3211542,3.228296098,14.35268762,161167798.9,181888105.4,2.548828917,8.194662065,7.934756788,14.35442274,5.765446144,38.80062311,4.53315824,11.50556951,6.261765839,41.90468989
63001,11.91008181,28.74836434,6.71711982,48.52785147,10.31077416,18.86980223,5.096181409,30.95959209,555.1888394,1094.625767,5.571363627,35.80594944,198247244.9,345507670.8,4.839937174,27.75673736,9.39489499,15.16731945,5.566342088,36.53097779,3.754074822,7.936675402,6.183060404,41.79742869
63501,13.40699026,36.37362876,6.482286704,44.19689471,15.43349045,45.66724558,5.608614208,32.57753939,795.4086481,2427.918583,5.684364114,33.34920393,294464724.3,826792258.1,5.495584738,31.50778274,16.50311979,19.360247,3.400782885,16.66063467,3.317942762,5.34228314,5.20412364,33.09404854
64001,13.37045368,33.64307642,6.422302864,43.92216542,14.36809436,34.04324055,4.861369793,24.4538994,698.5088135,1569.256085,4.861490275,24.84300873,275199600.9,562324196,4.601005365,21.78661443,33.88059215,41.78352471,2.186768601,4.599597698,3.281607337,6.011692872,5.286573228,32.5654961
64501,12.45283214,27.6578979,6.424389798,44.94747683,9.851257819,11.75243156,2.944407245,11.1284148,561.2540141,739.7533368,3.454326061,14.93547369,210103411.2,203949834.3,1.752658981,3.256519708,55.71651989,80.05523007,2.153705886,4.459195734,3.601582177,9.018294037,6.245652964,43.12634877
65001,11.7110532,23.32389806,6.372371134,45.72812464,11.76644302,18.86841874,3.450089454,13.49490709,592.6153488,797.2835311,2.398499133,5.654102152,306736221.3,475872197.2,2.79525184,8.289523822,59.90030325,106.4072593,3.109668627,11.76286815,4.7876661,14.70775203,5.794064521,35.69864431
65501,12.6551991,28.86982718,6.440405921,45.64719718,12.13205817,22.21118091,2.886468818,8.191460105,662.7272796,1184.593756,2.774645277,7.335976901,437670687.1,800897947.5,2.80432049,7.483462774,28.88544128,49.85805881,2.862942837,9.509801814,4.15955326,9.843028801,4.270266165,20.05743334
66001,14.57552259,38.24304662,6.063020591,38.91410059,18.31945757,46.99098306,4.086807557,17.80007623,911.5088131,2394.188287,4.409053409,20.93159921,778658411,1681524137,3.036538967,9.1182024,12.95118819,22.61408132,3.560198276,14.09300059,3.614751537,8.09053907,4.287430563,19.21369178
66501,12.20959392,29.1545507,6.581328433,46.48554052,11.09212893,20.58881515,2.204163215,3.653687776,541.7416823,996.8316139,2.478798581,5.44058601,627480521.4,1256292249,2.524898909,5.409781485,9.240930467,12.43973823,3.473341651,15.26043219,2.820334488,5.549927755,4.551386733,22.87089008
67001,12.39301544,27.23276627,6.387527611,45.25001324,9.888149197,20.46788614,2.949303149,8.810626202,490.5606996,999.3550637,3.268383196,11.41498809,312243821.1,618364939.7,2.75944078,6.719826012,10.05105587,13.78211632,3.246901561,11.76541362,2.400473837,4.19223923,4.352025511,21.23701024
67501,12.740716,31.09549971,6.489378087,44.89245465,9.107302481,20.14433447,3.493062431,13.07062254,481.6169462,998.69127,3.701893262,15.15118339,126230783.1,210257321.1,2.82926263,8.252868455,20.23342321,37.65623863,3.526477515,12.53779815,2.085819878,3.763292097,5.318001801,32.86762153
68001,12.42385147,26.5911647,6.195127599,42.02839064,7.335415225,15.26572207,4.407576282,22.30271248,418.1114589,733.6860422,3.739859788,16.16873257,99801177.49,175511743.9,3.956250298,17.5159475,46.25731189,73.28053208,3.668184432,14.52653418,2.37040951,5.689809883,6.01819748,38.70221617
68501,12.02980369,23.96234913,5.829018944,38.68604582,7.641526684,15.57264237,4.705605353,24.30330422,508.17765,964.4174678,4.651943679,25.3086062,104646157.7,192242114.8,4.428196133,22.00462014,80.25007186,107.6696164,2.395986586,5.396345923,2.192489199,4.480890748,5.998826552,40.4659739
69001,12.57341405,30.87903044,6.593086191,46.42782685,11.02035501,30.45538936,5.033378723,25.61483643,703.2961117,1937.929221,5.238400709,28.02504869,196696762.3,547685174.6,5.136378893,26.73194049,109.8508916,240.9278827,4.893381746,25.66110056,2.448234748,4.629302948,5.538483807,35.6333289
69501,13.60475072,35.78551181,6.421643164,43.6866572,11.65968466,37.40092426,5.678832952,32.81334501,733.0255746,2358.295571,5.716637477,33.50238787,258511735,740778020,5.588616504,31.92981174,80.89499479,171.6550498,5.64954395,35.01921429,2.693791219,5.222738729,5.827414252,38.42059284
70001,13.03609647,33.84754378,6.556509095,45.50670026,9.906765711,28.97292007,6.254908395,40.40413306,660.0098376,1817.975618,6.066494686,38.34037644,254573185.3,628828929.1,5.911397277,37.01951967,83.24454548,141.4377631,5.043199905,29.39529762,2.921280561,5.075008463,5.595463372,37.56249923
70501,12.25921735,27.954225,6.392472486,44.07157888,9.503773813,18.39636117,4.402167958,20.33803893,637.696519,981.2313626,3.659154462,14.56813141,242802380.6,453041469.1,4.727461794,25.20108976,102.068906,113.5206337,1.596636229,2.007416868,3.407374828,7.23908098,6.389869221,45.75887886
71001,11.57264986,22.37903766,6.15969785,43.29296515,9.428848907,14.66500006,4.115510536,21.48133651,676.5339064,951.6476375,3.807448644,19.68153705,206046815,331315372.8,4.306883602,21.96966475,152.9873176,182.7340921,2.311425424,6.412926473,4.27891982,12.74366937,6.320477548,41.588044
71501,11.8683085,24.76048002,6.376438586,45.06674642,8.626796612,9.565649943,1.867781769,3.804658538,642.6530463,698.0288728,1.679816608,2.688556274,174217657.8,179998884.4,2.168066852,6.405843531,179.3565747,170.6722675,1.208970235,0.775569546,4.319414171,13.29896986,6.265842749,41.06839837
72001,12.27256264,27.29334492,6.397625818,44.50708111,9.469448451,12.69118328,2.587737234,7.089472551,733.4497553,1144.305941,3.509605404,13.55988458,219360489.7,230090433.6,1.843825118,3.6362913,210.1848358,282.6828871,3.441388089,14.25998363,4.03118848,12.05311108,6.543890924,44.88971479
72501,12.46469132,28.95820117,6.566307408,46.77738801,8.76507779,15.23091635,4.459587028,24.06962614,596.5666246,1000.947228,4.779451539,27.73880676,289180561.5,391621045.2,4.508506992,26.69056304,134.0934166,152.6410878,3.76837669,18.69060676,3.735989726,9.031028956,5.456873762,31.70955345
73001,13.1357431,32.95158995,6.536044087,45.45845795,10.29657067,26.63204896,5.485319088,31.81839797,536.8938006,1311.8925,6.008974862,38.63368758,425057043.4,799581110.5,4.866163357,25.98682015,60.97789872,53.80196184,2.580562587,11.48938587,2.920501896,4.899001531,4.763465516,25.68734371
73501,13.06003432,32.83007873,6.609175374,46.45861116,9.325531385,24.22852263,6.29282257,41.65669267,475.5443453,1217.881563,6.374899086,42.870626,434344591.2,667894703.5,5.491890692,35.27184037,36.68964116,41.03652347,3.101303602,12.56817056,2.750365454,4.557167401,5.287745835,33.93619294
74001,12.99871691,32.19348044,6.638182001,46.97817994,9.151803312,20.52642296,6.247947939,42.24398842,490.7550345,1073.712057,6.325073359,43.84375632,542873716.1,784125972.8,4.687846354,27.00996951,38.63083858,48.14247702,4.179790478,23.5461663,2.729604774,6.198785038,6.482396534,45.79241337
74501,12.71009716,30.47245526,6.535489106,45.84601521,10.05292466,15.9761599,4.106499286,19.32940826,582.5626392,981.4701665,4.518944676,24.03193589,654482244.9,935104470.9,2.941304643,9.022773721,54.00439571,77.82638277,4.30307034,22.02169323,3.006748421,8.906896589,6.645299553,46.30245821
75001,12.64692711,30.14276687,6.633047219,47.53843788,13.6787136,24.40733635,3.157049843,9.97220653,690.9524282,1178.530625,3.5730247,14.81063472,731566996.4,1300830642,3.078550138,9.438896602,58.71852319,82.54985815,3.561648218,15.78946306,3.345764891,10.87271438,6.006523637,37.16487797
75501,13.11338961,31.53330781,6.266715223,42.05399158,14.66474768,34.48387015,4.096954786,18.32588152,695.5052523,1572.540942,4.496342025,22.28331279,726124268.4,1763938777,3.973560776,17.05374506,56.29514326,105.678777,4.077182818,19.8126056,2.31577297,5.865507079,6.120498512,40.55501645
76001,12.04223409,26.2368938,6.511812339,46.53878846,8.28275761,16.11457067,3.311788546,11.27988565,417.630636,725.86307,3.284820811,11.74807714,397139081.1,1076680247,4.58369844,21.72969245,31.97478573,63.39875742,4.130873861,21.03287054,1.980046621,3.670485868,5.454724281,35.06014687
76501,12.11154111,26.01113828,6.271505578,43.11464578,5.540025589,9.457441177,3.60951412,13.75685314,345.6059864,585.5579138,3.79450761,15.92631508,232985736,442777651.5,4.668779735,24.98597423,19.34275493,39.72274827,4.92988434,28.23667643,1.912206631,2.844715644,4.230754385,21.61984994
77001,11.38282981,22.38723336,6.344865712,45.27907576,5.270536394,9.403038939,3.474033734,11.87137151,347.0001123,615.2790941,3.505623509,12.1790654,313749685.1,655117568.4,4.242986052,20.90771873,15.27157228,28.20850896,3.973295761,16.56431599,1.897541006,2.734775855,3.594887832,15.26076731
77501,12.09038503,26.96818956,6.429745782,45.78902903,7.116536549,16.3912926,3.755966814,13.86248377,485.5267799,1143.7307,3.900528984,15.18090408,744284095.6,1943022853,4.086956134,17.25856381,13.49591019,29.68134791,5.168360461,29.91887691,2.373691419,4.848292046,3.91544792,16.01038273
78001,14.71892925,39.49888222,6.27270082,41.52528141,18.11648908,47.80310055,4.250743019,18.48660375,1125.316262,2854.567956,4.130676557,17.52008734,1856544190,5119566040,4.55524187,20.67605149,28.51382482,63.97305143,4.951950437,27.8340503,4.440353022,11.93815594,5.039772158,26.31297766
78501,16.54511531,36.84951047,5.344069521,31.54246681,24.66216165,45.93818119,3.524967576,12.95514539,1594.247886,2973.75487,3.435667524,12.15203776,2594619272,4604108925,4.373486195,21.17904301,49.97269893,82.07782703,3.015213477,9.100554803,5.832960837,8.743521099,4.347414613,19.78742239
79001,15.38253657,30.1357821,5.028942908,30.145302,23.94235684,35.05398578,2.734863255,7.12451776,1496.993588,2187.117709,2.646581415,6.449707388,3237660731,4075382817,2.924532545,8.942541923,50.29296939,71.62004342,2.581674363,5.948330618,5.739468455,6.11582382,3.507545055,12.90167611
79501,10.67631071,22.68883593,5.286000105,32.9250316,15.73580519,25.43392218,3.251421383,10.60109753,955.7407348,1546.601739,3.216300684,10.38685659,2915051761,3950328192,3.553023908,14.46215816,31.06838646,49.41006464,3.305665917,11.40020678,3.474595308,4.467627045,3.996298726,17.12181173
80001,7.747713569,8.869693294,3.858119089,19.024149,6.6583514,5.029188262,1.515141687,1.833513038,377.1164913,290.290196,1.42320527,1.562283067,1089126767,949319099.6,1.652362642,1.576282466,10.71584149,10.31986319,2.600483498,6.827813968,1.105748317,1.052584984,2.258116238,5.165412578
80501,12.99963418,31.72197572,6.311831008,41.82530765,8.434103936,10.03821988,4.275213244,23.56071157,512.3523001,614.6306876,3.566994623,16.18230204,780344654,721860202.6,1.908857988,3.084924052,16.61198169,28.13564141,4.591246749,23.66693508,1.638920733,2.643138117,4.603235178,24.3506838
81001,13.45878862,31.39675517,5.855166201,36.95496962,6.665330693,10.16596798,4.018217197,17.67759968,418.588644,693.9473236,3.929699112,16.36868378,336441490.3,408325245.6,3.538062148,15.18110877,12.62656455,23.35193331,5.220038745,31.19780209,1.202197139,1.844785584,4.654003895,26.53714673
81501,12.04151078,27.71578966,6.535468846,46.13901672,4.457966597,9.186218813,5.661278945,35.72788063,274.2807371,624.1601051,5.626306305,34.77542619,92316614.04,125578882.2,3.492300936,13.6945547,9.161667071,18.81640915,5.98659175,40.58756421,0.989151837,2.035926057,5.608202783,35.72268115
82001,12.03612827,27.68701688,6.571725191,46.73589801,3.391374307,7.125171427,6.407490246,45.2526562,202.3129892,464.6149897,6.513065272,45.91760983,20584241.74,24522312.83,2.680907122,7.793408952,8.580726626,20.29966909,6.589351944,46.62033831,1.071894834,2.966773553,5.951394146,37.11646344
82501,12.15037146,28.51760387,6.526720812,45.83654463,3.376064142,6.858574088,6.271298569,44.22491299,202.7913996,461.0888618,6.311130528,44.01933794,12606994.98,20558040.63,5.353700892,34.13488261,8.420697526,20.87839295,6.566056088,45.99040841,0.845851087,2.116308797,6.569506002,46.70717813
83001,12.07207669,28.0040892,6.568221171,46.51626907,3.467442344,7.870584312,6.570852406,46.78630778,214.9454202,570.628406,6.557070252,45.46030665,11214109.41,19735017.81,5.936003147,40.84667389,8.25556929,20.52831187,6.691933202,47.87984458,1.012242515,2.664421698,6.17201804,42.0303006
83501,12.01049724,27.72110716,6.560298936,46.46975806,3.581029956,9.155015681,6.59481441,46.16941728,215.8251252,625.1063364,6.604692115,45.62608572,10902055.01,19222610.81,5.747948134,38.6635402,8.999157464,23.00689881,6.486459388,44.59381181,1.382623137,3.515081516,4.651687974,22.90988146
84001,12.08963644,28.50147214,6.629761391,47.37263088,3.458102306,9.145826885,6.671543017,47.36149366,195.6652577,529.4051706,6.259269145,41.82372263,17284441.18,24198943.35,4.904436929,28.66619146,9.197060241,18.46210825,5.085102322,28.33907644,1.223981558,2.808820719,4.4135437,20.55192222
84501,12.45626993,31.16549627,6.567206608,45.90717317,3.993833801,11.94618553,6.621514234,46.81864931,214.8114367,549.3619164,5.769748011,37.61520161,30357565.62,54884806.87,5.788025051,37.60574185,8.750210136,15.64200143,4.913946111,28.47958248,1.052022052,2.150287096,3.659023881,13.31260328
85001,12.27330504,29.6470651,6.505094351,45.25104223,5.25283173,16.04120967,5.495269278,31.16170271,256.1667129,765.2070328,5.522873646,31.96242164,38401731.64,103938487.7,5.206079349,28.08264659,9.135001154,19.62696906,5.615462925,36.09872832,1.603485373,5.043732592,5.017287027,25.89452811
85501,11.79515303,26.54002129,6.546434208,46.64995162,3.208954611,5.905499372,4.138283036,18.5417071,167.1713572,335.3377065,4.354937393,20.71470165,13872721.13,29683779.13,4.501342965,22.41500259,15.2464012,48.38952151,5.458603434,30.68847355,0.889775499,2.207665749,5.672373633,35.79538305
86001,11.71189736,26.40452558,6.515828713,46.05415037,2.94811306,5.253716729,4.290113778,19.95600826,149.0022868,289.3331888,4.581991741,23.10280187,9475697.627,18178344.73,4.7906533,26.35611442,13.78577411,34.92633116,5.164558929,29.19682839,0.863260834,1.814616503,4.724678574,24.78354171
86501,11.58100662,26.22854209,6.560591841,46.64067101,2.668898594,5.171991066,5.494238218,34.59572564,133.4583458,258.6856583,4.806126551,26.32927669,7179842.016,10175739.43,3.826674219,17.83666917,11.87443567,20.89548047,3.516986002,13.86751193,0.71670977,1.291944386,5.117981835,30.69977772
87001,11.72978214,27.34751066,6.563413921,46.44588835,2.4078947,5.129794376,6.295575533,43.81612675,115.2696361,227.3375782,5.769910994,38.7022045,7556312.716,12359720.54,5.466011249,35.84321475,12.67339997,22.11582785,3.118951563,9.795339802,0.741321987,1.474546652,5.200129602,30.0119273
87501,11.77327975,27.90749828,6.543997958,45.98297113,2.352116447,5.345700021,6.521123021,46.20802005,113.4540145,267.9648542,6.3103818,43.41378823,8026866.526,14297039.05,4.859485067,26.62489148,12.95783256,25.29957129,4.212913304,20.72288702,0.794930598,1.878391601,5.772239366,36.30324907
88001,11.70720581,27.26699974,6.554358333,46.32124591,2.459559142,5.764802696,6.441797714,44.64588669,114.5920615,270.5940402,6.218540748,41.79133853,8806548.244,10267914.11,4.099353786,23.16209479,12.02724341,20.22969709,3.503424829,14.33510691,0.714321955,1.696553566,6.472931461,45.14078792
88501,11.63595014,26.79738465,6.556748213,46.41656963,2.415210577,5.038198446,6.260706251,43.12835045,104.9524538,224.3141809,6.408041662,45.21214536,13507335.77,11012029.68,3.356153213,18.89328021,12.08705808,19.2851991,3.487297861,15.1290053,0.684642624,1.600690782,6.608408396,47.0249625
89001,11.66773546,26.70496597,6.550820178,46.41482249,2.392441638,4.461279357,5.925860025,40.66345723,104.9769401,205.804924,6.212327036,43.31838752,16393372.13,13997609.07,3.106923443,15.18444532,11.17445132,21.79280192,5.185736108,31.61687857,0.693467045,1.588754767,6.509375438,45.74348374
89501,11.74050427,27.13359573,6.562310793,46.4838731,2.510954285,5.096245419,6.323298141,44.66538884,107.7588948,197.856545,5.93339625,40.73523842,19409765.64,16285341.04,1.045535967,0.385711309,11.37543044,25.78500349,6.115041695,41.23418999,0.682881937,1.48667856,6.46124691,45.58431876
90001,11.84802006,27.73156455,6.556992152,46.29947023,2.866540706,5.994489302,6.107324067,41.38167952,124.0486519,207.4661354,5.474566876,36.20953707,44336537.54,43444448.1,1.370951953,1.194733254,12.02368217,24.26550266,5.21409835,30.53218994,0.689010391,1.465602836,6.436153135,45.69282554
90501,11.89442651,27.96193696,6.581217771,46.60549752,3.446268969,6.308428241,5.787531124,38.9152585,168.5324051,277.1597228,5.074765435,31.49976301,88714777.34,111026150.4,1.655397355,1.936885887,11.34694085,23.31236915,5.088601078,28.0099534,0.709132367,1.575684396,6.507016575,46.1203256
91001,12.01773861,28.45035418,6.572741564,46.43091881,4.136978411,7.498418375,5.380503535,33.97317951,217.9036242,392.006597,4.712529127,26.44256053,127903360.1,186643281.2,1.854121152,2.772465869,11.52061439,31.16927752,6.301252961,42.04270987,0.757920759,1.748006482,6.479738633,45.48303071
91501,12.0358054,28.44138546,6.56911541,46.37763593,4.249826122,7.58675744,5.22989311,32.3809901,220.7147659,376.9713909,4.268554216,22.21651452,138207413.3,226030628.5,2.172277757,4.3198348,12.74835547,35.08342977,6.014820246,38.48526265,0.788127265,1.831426565,6.36884652,43.92845314
92001,12.04602819,28.22334999,6.571153189,46.49975186,4.078866729,7.478105638,5.478045712,35.22209248,204.1439502,337.7920342,4.217921089,21.72596783,129301363.7,223600509.5,2.450581145,5.962869351,12.14644824,23.6601894,4.693596665,25.84563329,0.778736724,1.780212948,6.434862975,45.07353745
92501,12.03282761,28.09608606,6.563170882,46.39912734,3.857797583,7.578492707,5.847673938,38.85481001,176.5440929,286.5661783,4.36579905,23.24737171,113271039.3,205176175.3,2.603699087,6.875070836,11.34856213,17.51116597,3.416349528,13.41319953,0.767432122,1.723363196,6.347983461,43.94001027
93001,12.05973856,28.0553371,6.571233595,46.56287395,3.985243622,7.951299747,6.061580863,41.2460473,171.9934038,273.9976791,4.616653483,26.71243686,111034138.5,199661374.5,2.465146235,5.961524968,10.01216457,15.16303677,4.490357448,26.5025714,0.752480872,1.617217295,6.450112894,45.8726416
93501,12.13237758,28.36497712,6.55598391,46.27798545,4.387506258,8.098689185,5.50717674,34.99632679,180.9524217,308.6807399,5.012706452,30.183545,126520583.5,214161281.4,2.273705628,4.87350049,10.32238182,22.49564049,6.258397079,43.57399738,0.776013997,1.760857047,6.475540032,45.43112776
94001,12.12368609,28.12986376,6.555312402,46.34477134,5.149364802,7.37017836,4.171382926,22.87126481,181.5681595,283.8459397,4.646875726,26.87525949,138637469.8,239861783.9,2.314488494,5.105852779,12.66982533,34.87250329,5.708249772,34.36256651,0.784268739,1.762491048,6.359924062,43.91993615
94501,12.16596598,28.15173202,6.570754893,46.6183883,7.458754413,10.12265596,3.475139051,16.23723019,183.9629233,277.0300612,4.322297666,24.05214284,151687070.7,258079368,2.426934588,5.983721641,11.07569934,27.99562062,6.009152819,38.34826969,0.752616289,1.614427941,6.404610462,45.2534066
95001,12.28769559,28.99902778,6.588542935,46.689437,9.706686347,16.19658313,4.664186804,26.97290398,190.4934276,346.191546,5.666807594,37.77356049,173035277.3,248243854.8,2.332595684,5.762439526,9.242535573,14.46608248,4.867975383,29.1745075,0.761021992,1.714788422,6.564074779,46.89885451
95501,12.45623511,29.93659029,6.570693482,46.25279479,10.21930272,21.88077147,5.278309759,30.88283895,211.1109087,498.942653,6.016717054,38.87527613,179863004.8,222665179.4,2.121570739,4.308063921,9.606974592,13.96523138,4.220526842,21.01246612,0.800350464,1.923705534,6.380215326,43.49947287
96001,12.3746485,29.34364201,6.571257531,46.37382641,6.704675466,11.48682118,5.043135535,30.89297372,184.8900991,401.7898866,5.939664426,39.06581833,141344735.1,152551604.8,1.730516491,2.84317613,9.227370322,17.55033713,6.296029917,44.87233404,0.734602184,1.647317804,6.558050005,46.58802721
96501,12.37586837,28.89424167,6.581787118,46.71380537,6.00729472,11.18979937,4.680279723,23.77738827,179.1176823,360.2236001,5.716764033,37.06105964,134314533.9,131501166.7,1.525450418,2.26955815,11.27028048,29.13516369,6.147394001,40.08199337,0.75369247,1.637841175,6.430537331,45.55548069
97001,12.4028085,29.20757919,6.563094985,46.30334721,5.898062456,11.62311949,5.361171652,32.25758367,179.0218368,372.2875008,6.061691476,40.37899434,148820839.5,119763261.8,1.132489075,0.810206367,11.58847401,31.08974557,6.302431608,41.73597384,0.776277087,1.815380028,6.48665307,45.1584706
97501,12.3299047,28.75547282,6.562033109,46.41410441,4.56868031,8.691436436,6.148067787,42.2651731,152.0383992,290.5945531,6.184303171,43.13150591,136399080.1,114480632.1,1.296772775,1.264453863,10.05486275,21.59552156,6.027122701,40.16312033,0.743490081,1.651455157,6.31211992,43.24175655
98001,12.34229394,28.80473264,6.580518385,46.67925458,4.234414806,8.246572922,6.056490595,41.64032961,153.707663,312.7403962,5.946581582,39.88995778,128187593.6,110306843.4,1.328966619,0.78321102,12.15736079,25.03371675,4.626349906,24.28066827,0.7015385,1.463173524,6.283829941,44.24584167
98501,12.39784317,29.26297169,6.56059319,46.25568552,4.502107998,10.27512898,6.293358456,42.52960803,164.3440078,392.4987893,6.079898344,39.68757706,119200666.3,85306246.16,0.997864814,0.885269235,14.27624942,34.00519336,4.443311504,20.94084297,0.716290886,1.639807169,6.442439332,44.86169777
99001,12.34623911,28.90307866,6.568732785,46.46534931,4.221695493,8.838034525,6.278107557,43.53280767,140.0550002,325.4132492,6.525906863,45.90335427,71181341.03,42248253.18,0.625272642,0.249862353,12.49566068,25.7171624,3.602400071,12.92580347,0.709677316,1.607521591,6.476258637,45.40720561
99501,12.35677548,28.83790933,6.572795012,46.55204629,4.28826633,8.837398591,6.021403028,40.96279276,137.5280734,295.9597281,6.437252305,45.70707741,30581443.9,31719887.72,3.408451553,17.30645433,12.32190031,32.95154596,5.574155236,34.31493783,0.70614646,1.531190847,6.467798497,45.75883761
100001,12.37958194,29.0176986,6.569331758,46.44773547,4.487928313,9.936852849,6.297079276,43.17692433,138.7501327,310.0075331,6.537196252,46.46949115,21016890.06,26785853.15,4.205363608,22.60669053,14.0437534,38.11762706,4.430783707,19.15728691,0.716062166,1.56500374,6.525158598,46.45361714
100501,12.37809798,29.04603059,6.575322334,46.54415482,4.572887004,9.795703809,6.486993587,45.99847133,140.737603,326.8683003,6.499641077,45.64047946,31401361.07,33551010.16,2.028288849,5.432730969,8.722016161,18.84524544,5.249032649,30.20180575,0.737268935,1.646516327,6.436451521,45.03748402
101001,12.4073981,29.3505252,6.588100627,46.65396223,4.852493281,11.40102702,6.537320534,45.77120177,146.5076567,345.8767136,6.616374733,47.18641194,86656606.79,89890344.97,0.966543241,-0.054069548,7.485931351,14.40402844,5.966751894,40.84045636,0.753687827,1.686997477,6.54816627,46.6274698
101501,12.44269583,29.66040108,6.575842785,46.4023349,5.201922649,11.25366639,5.889748691,38.05375015,171.9061022,375.4961429,6.295895257,42.83098428,205675842.8,228722984.3,0.938725969,-0.410087138,7.280814629,16.53676711,6.121992643,40.5277824,0.790647638,1.821846346,6.494995505,45.62840314
102001,12.38200339,29.27928244,6.570371032,46.40235605,5.015841975,9.256344761,5.878577329,40.00971201,185.2454666,339.4587375,5.973462059,40.72426178,299810001,344946256.8,1.008665871,-0.283195569,6.155773756,11.94299849,5.931041826,40.11594101,0.830800574,1.933623415,6.534829316,46.08383875
102501,12.3129657,28.81642168,6.56956585,46.47768639,4.944365757,10.05977988,6.289070472,43.41568841,191.1037802,335.8539217,5.721036673,38.33332552,270311381.8,317674334.3,1.08722253,-0.012645213,6.037542885,11.70026193,5.503681766,35.20527611,0.853820063,1.984156,6.435886454,44.61043798
103001,12.21221432,28.33316661,6.55320133,46.31372192,4.507576029,9.013962584,6.001203593,39.88515246,177.1531423,355.0014815,5.942576695,39.62988211,153346448.4,185973615.8,1.363143374,1.101864436,5.760906674,12.43470461,6.09669446,40.75239358,0.830841078,1.834231074,6.518760505,46.37322192
103501,12.15000058,28.08510455,6.583992066,46.83069099,3.843989975,7.694747172,5.886780879,39.64239038,150.3714141,304.784009,6.149951201,42.4173886,72243168.16,78915050.16,1.983140553,3.973984759,5.226909226,10.70008714,6.408453455,46.05510976,0.873417618,1.90818938,6.440916263,45.2585967
104001,12.28048059,29.12642005,6.57363204,46.4164071,3.90885124,9.702283604,6.577311386,46.13088895,142.8329228,314.8274885,6.182520405,42.48233267,44302253.13,41733519.94,1.871401503,4.656414232,5.666850551,13.02649505,6.422550969,44.89020089,0.932136787,1.900336526,6.182988206,42.43714977
104501,12.24682635,29.05126602,6.544441156,45.99026088,4.201251812,10.14554625,5.808283976,36.41726638,142.6146121,326.3210274,5.90614126,38.10191073,31166897.5,46415510.87,4.131705549,18.51865514,5.928744573,13.61851989,5.743949133,36.09267284,0.942017504,1.700677092,5.927412806,40.57544494
105001,12.06026691,27.98150662,6.577922189,46.70682331,3.445565386,7.140949475,6.209258728,43.41633085,123.4675733,252.0654296,6.260622756,44.05808484,12864709.81,21161382.95,4.388155959,22.16311069,5.113736184,10.17859116,6.031368298,41.36816805,1.037937923,1.917933638,5.762114138,38.79698594
105501,12.06335219,28.22254124,6.585134347,46.70799702,3.316803574,7.294019953,6.491270792,46.28768002,120.3801094,259.3135888,6.498281258,46.3609042,8365445.667,14693430.87,5.486072874,35.93697585,4.86565721,9.520997009,6.326295889,44.97013747,1.245093408,3.230080866,6.610561153,46.44176607
106001,12.14710255,28.77426096,6.556752832,46.18330023,3.574308773,8.290695378,6.269797058,42.66969558,129.5028242,282.4508335,6.214316191,42.39393431,9534909.086,16546465.81,5.176733146,31.7666232,5.172220573,10.12334692,6.091090048,41.67194351,1.576165279,4.426024066,6.018805567,38.40733891
106501,12.00420761,27.81075479,6.50504775,45.63131241,3.505992951,7.205695448,5.867464563,38.87988897,160.3414853,265.3902067,5.40544554,35.36831899,11221685.23,16160703.63,4.034513401,20.88136891,7.375868069,10.29782772,4.904678505,31.28871319,1.751764921,4.76595408,6.405602943,44.70789172
107001,11.84409996,26.46315476,6.561027742,46.86288679,3.638187422,6.66966128,5.375312029,34.6208627,201.4458802,330.5845446,5.002350649,30.80554185,14865528.77,21318230.44,3.665474795,16.41518869,11.83990009,14.47564021,4.391932221,26.15237857,2.121840269,6.322553262,5.892144258,36.33374024
107501,12.06829688,27.79414378,6.525247659,46.00088254,3.573133993,7.387528883,5.766955133,37.53016984,198.3439271,372.0384127,4.91642612,27.73486057,18488820.07,23854492.55,2.752968207,8.53153704,13.66925079,19.08137619,4.963674076,28.93188415,1.506482546,3.565318211,5.657169775,35.66139105
108001,12.08065075,28.10328312,6.559645934,46.3371613,3.231034457,6.604665653,6.314167378,44.47895068,133.8450083,246.8369006,5.638149688,37.65378245,21530359.39,23640650.23,2.34037772,6.694467609,8.396180954,11.32324126,5.210540147,32.98003185,1.330593647,2.714063055,5.065072662,29.01872337
108501,12.14267496,28.1174381,6.561242559,46.47996488,3.306607533,6.788216414,6.289344174,44.30921847,124.7589979,242.8405561,5.9424024,40.66166201,27388013.15,26867846.49,2.050817311,4.770165646,6.034346186,11.02929905,4.754829048,24.69443161,1.17413625,2.605292693,6.345258566,43.74817884
109001,12.30064213,29.09435986,6.615819428,47.06956207,3.615132216,8.762565006,6.676243725,48.29296947,131.5316718,306.3384423,6.594376778,47.42651013,28413637.11,37082775.55,3.929075554,20.35216024,6.117085794,14.20204284,6.39523006,45.30837815,1.073016648,2.051675427,5.966731793,40.14183757
109501,12.58533887,30.62546516,6.542924496,45.77657482,4.42162889,12.63754367,6.147195216,39.35888572,154.2324191,424.4199908,6.187672426,40.10278834,22411897.08,54596665.42,5.365713462,30.57389477,8.158355896,24.26194338,5.806101438,34.89768823,1.07896981,2.072891785,5.355085005,32.20532154
110001,12.41039397,29.54819069,6.593143297,46.62815684,3.785448664,9.341462364,6.48406785,45.16603035,133.8896348,321.5345797,6.440219636,44.68569225,12313464.88,25563847.67,5.245841007,31.99905563,6.089399776,13.13852464,5.729787968,36.86284856,1.155283462,2.794052279,6.288946928,42.31800902
110501,12.39439207,28.92874699,6.570057986,46.5406165,3.78811865,8.301031874,6.164278133,42.51182917,131.2730897,278.2023066,6.163829322,42.68402195,11346761.15,20610975.53,4.488090051,24.09019352,6.034388872,11.40373744,4.839044309,25.8831026,1.174796115,2.847530624,6.399677017,44.18829251
111001,12.35096198,28.9049551,6.57907773,46.60472464,3.599751996,8.331721979,6.500015662,45.71067391,125.9747448,286.6715357,6.597975795,47.13396552,10797458.68,20557427.03,5.548282753,36.12237801,5.832506854,11.90321798,6.137685884,42.06777183,1.18505943,2.817002616,6.375370329,43.99046786
111501,12.36644691,29.03676379,6.56326986,46.35327578,3.544844544,8.153414819,6.442709952,45.00016488,128.3463228,306.4505061,6.47447024,44.9501318,11457957.72,23293819.99,5.535786283,34.79098294,6.296397224,12.45762878,5.898597453,39.32663975,1.116266217,2.567089637,6.550809889,46.46890628
112001,12.2810061,28.76353803,6.57225695,46.4963861,3.398722861,7.631586371,6.507802945,46.06470368,122.594592,281.9039036,6.549105798,46.32929791,10526579.74,18920458.6,5.163101252,31.88651535,6.484390503,11.38743582,5.641476697,37.60056822,1.143819198,2.572526106,6.483004966,45.95622881
112501,12.25428815,28.60013904,6.57237262,46.56708055,3.393171713,7.555835975,6.482738422,46.01250275,122.7914769,274.0240205,6.49765205,46.11748651,10585819.28,17726911.14,4.739480259,27.96631797,6.843810936,11.80932223,5.679559146,38.58995631,1.153199274,2.847220261,6.645801688,47.08813747
113001,12.33104733,29.15255323,6.588149456,46.67564025,3.593619105,8.541513606,6.461938444,45.39564247,123.0805579,289.0761853,6.558804539,46.28773895,11075877.82,20728002.53,5.665234171,37.56132347,7.488096719,16.70802513,6.494366861,46.34601162,1.17721001,2.898327155,6.403551001,43.68475065
113501,12.40750637,29.29426309,6.495411757,45.29267597,4.195577698,9.280476759,5.484045343,33.454563,124.2064835,281.771814,6.33857284,43.40980961,12672921.07,24819933.75,5.170638911,30.52030465,9.241543831,25.87113228,6.311820459,41.93300773,1.098940166,2.530831279,6.611316237,47.76287598
114001,11.99500454,26.77319115,6.572092707,46.97915132,3.933886124,6.44611923,4.036600354,20.88557911,117.9465741,239.3707495,6.402913775,45.89567744,11349898.18,17215828.47,4.05700437,21.65796283,9.461549693,26.61392785,6.361681057,42.36185901,1.181175472,3.007816162,6.561215261,45.80929734
114501,12.43628331,28.33275403,6.53504424,46.38577982,4.143033739,8.441779613,4.902029654,27.29013625,125.2416463,269.7483737,6.348082511,44.5262187,12498722.7,22141725.16,4.648408133,25.6754429,8.491416269,20.74175253,6.675038902,47.82575491,1.209485033,2.843129075,5.965355188,38.80269801
115001,12.6882007,30.1570701,6.499178506,45.32258247,4.705422464,11.81235751,5.479195226,32.50172083,129.9819676,306.9844627,6.546221446,46.24908334,13495125.12,28185955.84,5.116019574,29.37064454,8.990758779,20.97097411,6.468486355,45.55799672,1.10629387,2.377029519,6.02563574,40.76382017
115501,12.48754312,29.32344924,6.554850799,46.29218721,4.361707516,11.21786567,6.22038618,41.2292262,140.5186146,349.0836479,6.444389172,44.19549151,11820341.16,24011815.2,5.748993045,37.45135376,8.949393946,21.70848447,6.517697578,45.43425739,1.059018171,2.492362555,6.542291232,46.02282008
116001,12.36666465,28.99348827,6.584698432,46.67051372,3.631139643,8.345828903,6.521142423,46.1072586,131.9608008,307.090617,6.39747598,44.13290577,10225680.65,18917996.38,5.838873691,39.50816634,8.658465606,20.58019544,6.572131581,46.45274396,1.033037882,2.484240223,6.541316693,45.8351588
116501,12.42941607,29.16770873,6.573146666,46.5085726,3.662210997,7.678692339,6.204489101,43.19333583,124.544918,265.1113416,6.355048354,44.82426654,10475475.9,17733572.28,5.468606522,35.86608297,8.539339643,20.25007653,6.60812958,46.94542182,0.984644289,2.329259308,6.640527719,47.47482327
117001,12.4321367,29.25048033,6.572398989,46.45668905,3.500809906,7.76488715,6.46380269,45.43080995,119.5125164,261.2265467,6.471975805,45.63921861,11768451.34,17725452.73,5.042506866,31.33426959,8.561477198,20.50984285,6.579434243,46.41641782,1.022813969,2.461882013,6.58821415,46.57334495
117501,12.20633852,29.14833805,6.611099191,46.87810934,3.818751082,7.810868874,6.584120745,47.06925631,121.4318268,254.4631529,6.540089708,46.55891858,22923012.34,20746318.11,2.977351711,11.4558134,8.555354901,20.08591173,6.595492466,46.52901217,1.110924938,2.476899384,6.188922435,41.27315043
118001,11.69287444,28.99338535,6.714464684,47.88748548,6.728296375,8.268498366,5.848871715,39.35856293,165.9493229,252.6844738,6.293931869,43.89355532,66661114.25,50077756.96,2.646200224,9.20773388,9.832807316,18.72027967,6.697511248,48.1326874,1.407212079,1.657686432,5.221931254,33.02876061
118501,11.57397937,30.51256385,6.76004605,47.87965645,9.886511713,8.449988794,4.248693323,24.92249281,227.2895224,252.6428231,5.456083183,35.28173938,143688627.6,111001057.6,3.464052698,15.94755224,11.89498802,19.68324797,6.701096307,47.91367829,2.291087226,2.343712099,3.452269099,13.73859403
119001,10.28125533,28.5523842,6.966701483,50.87752219,8.84856514,7.626966495,4.152245879,24.67023847,206.4369533,233.1993369,5.570962526,37.23509196,219464616.9,151918859.8,3.439174852,16.25695126,10.10791965,19.27216524,6.830442027,49.59309138,2.403390537,3.081190957,3.986499952,17.66980888
119501,6.177275012,15.49816015,6.963154926,51.58198099,4.586142177,4.089506194,4.462344632,27.21759341,110.4045122,132.2545067,5.484243819,36.18365032,222387421.6,130629083,2.931487466,10.74921467,4.963386548,10.5510222,6.840556929,50.37628144,1.348249082,2.107826915,4.953192982,27.85874253
120001,9.123635554,17.11519435,5.911759864,37.94524919,22.22806672,11.46127184,0.476125973,-0.280735789,325.3093647,247.8985361,2.675553793,11.31396835,124408966.2,97684050.04,2.411831694,7.603412258,17.52311319,13.41504978,2.929529893,13.83381346,2.093902804,1.812857336,3.592935331,18.73558811
120501,14.17844706,39.8779194,6.216067125,39.8418104,27.90901622,17.86585559,2.111490319,8.322256048,425.9769613,499.5649821,4.924970142,28.6762874,153120006.9,154644172.9,3.721547897,17.1652484,23.12484626,26.28005727,4.893739146,29.01388979,2.805462057,3.86412631,5.483699922,33.83435701
121001,12.99615561,31.11882584,6.516004131,45.66377801,17.57464222,14.00068902,3.842357899,21.78098575,283.3402912,394.3699725,5.801921953,39.08014449,98612437.92,113690120.9,4.890375937,29.79437133,15.55972766,20.32967787,5.430276256,35.49061886,2.018862042,3.161255439,6.197315176,42.99430258
121501,12.93292789,30.7147603,6.618086399,46.98786177,6.976972568,12.23815873,6.288043735,43.81698015,187.1450122,391.7470541,6.477367182,45.83115628,65483743.8,111015509.3,5.921997308,40.4283764,9.595327693,21.9444469,6.465164287,44.81201026,1.442549387,3.346991455,6.617673869,46.6297758
122001,13.22631585,30.84605985,6.562614721,46.40315902,5.333052763,11.4759723,6.291169671,43.54939921,185.1868378,388.3660698,6.284123229,43.48318371,65354556.89,108807767.7,5.596658322,37.01907646,8.877856729,20.76713704,6.593835529,46.78518657,1.383869162,3.198467947,6.435184855,44.64767502
122501,13.21164645,30.68803637,6.55680734,46.35760079,5.210098884,10.2121626,6.172040625,43.00454376,180.5616503,350.5255041,6.242160866,43.88320517,90541514.32,99183009.52,4.399033533,27.37089933,8.960929722,20.71872816,6.56562143,46.58364644,1.324544533,2.82621313,6.474493609,46.17033511
123001,13.27088578,30.9304253,6.591403695,46.85812707,5.351384856,10.48709301,6.214202787,43.84357899,190.5581703,376.2539868,6.236272316,44.09076327,222052162.8,196915976,1.764426504,4.748403306,8.972477219,21.12998823,6.56389185,46.26868602,1.342710398,2.951502214,6.522028017,46.53419839
123501,13.45651715,32.17223202,6.563667065,46.19876333,6.470635009,13.96068348,6.493119732,45.82662132,218.7934522,513.5298047,6.483081405,45.29421057,365290602.7,385877321.1,1.905371713,4.896253346,8.944928839,20.87065071,6.582507751,46.71186238,1.39903689,3.303279019,6.51238571,45.58383896
124001,13.31600386,31.58208485,6.573133962,46.38663148,7.878544931,16.84667246,6.114049851,40.07647118,249.3187942,589.2667917,6.02078994,38.85811768,439683432.6,433732305.2,1.405462504,1.753528105,8.920485573,21.21903822,6.59651823,46.75390183,1.415608347,3.279814726,6.40571338,44.14605841
124501,13.29180573,31.12110471,6.593926266,46.90652855,7.273569307,13.27740236,6.285931252,44.67799928,226.8180392,425.5840444,5.948116083,41.17202727,594453364.2,492101824.5,0.883826103,-0.040799146,8.883404576,21.89738575,6.662089836,47.48337689,1.355458598,2.802321201,6.447739241,46.13597235
125001,13.49172613,32.4247094,6.572341849,46.31634994,8.290549777,16.27580672,6.191973795,42.75646825,297.8759003,497.5023402,5.205631265,33.43113618,987934326,881877076.6,1.155887329,0.81882944,9.676828843,24.59833048,6.482837062,44.99721901,1.45213197,3.130709058,6.283326374,43.84265774
125501,13.44536683,31.45933636,6.436603632,44.50613732,9.958632202,17.45152213,4.633934988,24.56703971,430.6977918,659.5425699,4.103616703,21.52821785,1797974827,1717003245,1.668537518,2.678770891,10.89650781,23.17563693,5.433314594,32.82067879,1.534157471,3.559259743,6.400918243,44.50247652
126001,12.8182024,27.24821809,6.518357875,46.90348124,9.531682626,12.43134418,3.050098571,11.62881359,519.3112017,745.1613035,3.546075153,16.66752172,2727947909,2730975125,1.892144811,4.376380844,10.2534046,15.77108305,3.776921648,17.98624586,1.660600888,4.106484198,6.497646718,45.1359079
126501,13.60588357,30.7897138,6.484402455,45.86976948,8.879214902,14.66021073,4.753503809,28.14201996,511.8394565,870.1286443,4.650331198,25.99716626,3083048017,3150105449,1.873045863,3.696086867,10.07332827,19.65219916,5.277651335,32.61784195,1.735278615,3.697254664,5.426687785,32.49119607
127001,14.182246,33.96369514,6.384011356,43.77911795,8.37001973,18.25806476,4.886965759,26.14214055,401.9914753,663.5584187,4.423911199,23.50012437,2413460876,2303114568,1.709980314,2.912074555,11.43824063,30.91634999,5.74673003,35.22205978,1.589212335,2.898740921,4.942911,27.29846158
127501,13.58150092,31.88489622,6.561632421,46.41854778,6.394606225,12.71173899,5.65784741,37.64284561,352.5921702,574.2193396,4.164006555,21.35544009,1455379890,1231816898,1.106514345,0.737906172,10.39007805,28.04815885,6.214701732,40.87250856,1.621339598,3.306939786,6.098636175,42.75808835
128001,13.36648337,31.47801645,6.590734498,46.71225933,6.710285269,16.46619809,6.316651109,43.70811098,393.6038628,910.1938236,5.67768933,36.81984906,839188397.6,679899323.2,0.694154808,-0.498252578,8.370107874,17.73287792,6.085745661,40.96155981,2.152539738,6.102526466,6.336313131,42.86501729
128501,13.41216416,31.48180391,6.579743805,46.60117424,7.921920423,20.74190807,5.47276039,31.56110379,459.8823107,1314.907263,4.998859328,25.20765068,443724321.4,441345289.6,1.430263798,1.784478168,8.963370206,16.87955714,4.971422582,27.58711156,2.585577574,7.166785901,5.030354579,25.83931238
129001,13.44752639,31.58993882,6.546194641,46.11654734,6.48089143,13.96658518,6.202449665,42.76591712,305.6030785,671.5741635,5.145038516,28.66880794,304696311.8,332443258.2,2.483498591,7.985274561,9.36590995,19.95996676,5.894197386,38.28798221,2.039424046,4.632110338,5.066702103,27.0584598
129501,13.32006538,30.8586818,6.558466641,46.39017958,6.052140874,11.86711026,6.214299827,42.9477067,288.9814523,575.8460825,5.795811331,37.18405987,286647639,306013507.8,2.724940536,9.07558197,8.56456574,18.14796251,6.492938005,46.38612512,2.006302644,4.771994671,6.065515044,39.43397822
130001,13.27093974,30.35622876,6.547687485,46.38432582,5.736825502,9.318837101,5.838940587,40.43545101,265.9391201,393.6336265,5.111507396,32.33009469,397959496,374489005.5,2.863238353,13.71421143,9.042005607,20.53904628,6.484059117,45.66519335,1.785659563,3.522875863,6.160579504,42.90503935
130501,13.33685897,30.84710177,6.589688663,46.90495469,6.341921892,11.46729531,5.757603668,38.43725682,313.2031421,548.9429835,5.448372428,34.80656109,836820296.2,743607927.2,1.670417163,2.771661829,9.140838932,22.15992805,6.47694968,44.93430704,1.874308613,3.700811322,5.874269836,39.64918568
131001,13.60999753,32.54306453,6.550549293,46.0238799,7.828661954,19.18285519,6.10555428,39.57498901,440.9791382,1020.461706,5.713384854,34.96475109,1526703487,1908545389,3.028829039,11.36158146,9.014257785,22.01943415,6.57262111,46.27380102,1.94641254,4.49186764,6.188958263,41.07061255
131501,13.48697647,31.85756954,6.558888024,46.23540798,7.441899993,15.29645866,5.270746787,30.93369299,393.3696257,696.2204035,4.907110918,27.86457984,1614147806,1559069293,1.467021697,1.60889685,8.743517433,20.77292475,6.469241012,44.91742113,1.745244806,3.666252774,6.514548913,46.52887285
132001,13.52440871,31.50567722,6.594976006,46.97659922,7.005410383,13.47690908,5.02668842,27.63758587,379.6207542,643.9781066,4.671368604,23.91679935,1621308468,1557906756,1.551977294,2.195101827,8.634773968,19.17924362,6.528041379,46.69594544,1.867190581,3.933394182,6.19375428,42.87215057
132501,13.69206483,32.87207164,6.552032059,45.96481937,7.192333635,16.1725465,6.02863991,39.3923484,383.6508983,790.6590713,5.849848352,37.79054576,1566687405,1556562129,1.836579586,4.406330037,8.820186599,19.8752639,6.313204094,43.18700939,1.965706594,4.597075337,6.467579292,44.97320093
133001,13.38309089,31.14618479,6.552317309,46.28809024,6.24956881,11.93676759,5.73198385,37.63282746,332.7535578,618.8241462,4.965159108,28.09492746,1231668794,1258969637,1.561847723,2.190522274,8.478085044,17.72452587,6.473134994,46.57546074,2.069071935,4.726602008,6.30466609,42.57066627
133501,13.55331391,31.2763112,6.575034964,46.90415565,6.508396035,13.05071417,5.199382947,29.74165619,315.4204057,586.8029201,4.735149928,24.52511728,1015447656,1285084931,2.815516323,10.33483774,9.064492523,21.07305061,6.518004356,46.03849492,1.862515913,3.723346794,6.404246249,45.25111542
134001,13.92274305,33.45365225,6.477521857,44.90111953,7.513724575,16.74992999,5.510205749,32.97593099,337.8505764,681.793977,5.324195539,31.71263875,1001947414,1195276688,2.708749187,8.517036088,9.439046359,23.64641728,6.453403387,44.40048762,1.77909027,3.417548109,6.170577751,43.00433329
134501,13.23871752,30.23167663,6.531595961,46.15401223,7.145114198,10.88457974,5.396757481,36.02850057,301.7852258,477.8640431,4.950084073,30.63862407,1250020441,1518824515,3.126909282,12.98839756,9.26558272,23.27469765,6.563336487,45.81083356,1.644818488,3.368018582,6.458081844,46.37993515
135001,13.40263154,29.9538594,6.522845188,46.57359223,10.11929104,16.10229128,4.709943406,27.2469411,409.4325785,752.8372078,4.972655815,29.34429889,1732609266,2313031380,2.840483898,9.815738658,8.85808801,19.77650892,6.333130108,43.51129041,1.73914329,4.21429926,6.62534877,47.26557775
135501,13.86668302,33.05159156,6.481724524,45.03848486,12.0876839,26.16396857,4.980209568,26.45097038,539.8792309,1308.257179,4.949361954,25.38905481,2150447857,3815120468,3.211673139,10.29471805,8.513016616,17.27750697,6.021522598,41.14703223,1.970280403,5.224524756,6.103691536,39.38194834
136001,13.32392482,30.7578762,6.538410003,46.15040244,7.149746963,11.02944626,4.327301504,24.1539785,339.4821675,528.9863268,3.656059896,16.12556659,1491573480,2973861206,4.450144443,21.81300708,8.853165761,21.32126119,6.595639566,46.63646456,1.592578083,3.546757591,6.39681818,44.37965029
136501,13.58149698,31.41374195,6.57678178,47.07016138,7.634218076,16.55945958,4.78380759,24.79592277,412.5758917,857.7384208,4.162222033,19.12778978,1670134318,3333247346,3.427997999,12.19050108,9.517077647,22.64708994,6.012341117,38.76385497,1.650589669,3.408999485,5.622152246,35.33399953
137001,14.22537339,35.28881026,6.447426066,44.24303772,9.355987548,26.43186787,5.32133976,29.21182431,518.1854473,1438.071555,5.141158596,27.5023913,2175490482,4066768630,2.935597863,8.719789336,8.477929615,17.47310192,6.18624463,43.11958222,1.80058689,4.431513914,6.164231227,40.57457293
137501,13.50753519,32.16169655,6.595952931,46.66938245,6.689184592,15.61942787,6.092303705,40.56847157,312.9173973,670.9405159,5.29826975,32.38817886,1436549183,2152854626,2.37081579,5.109442055,8.993821641,20.14977114,6.455793968,45.38361294,1.702129763,3.742504198,6.147215729,41.65066233
138001,13.42337552,30.43518678,6.501341884,45.8678954,6.030241832,10.20427422,5.353011862,34.12373,267.3430004,438.9286713,4.553310643,25.12710659,682293641.8,993437784.1,2.459717877,6.072657325,9.254384491,20.96077862,6.27893384,42.71068733,1.681880305,3.326728455,6.006426681,41.31085151
138501,13.24906196,29.48905827,6.518195323,46.16307896,6.266652814,8.437865891,4.166927152,22.44428354,248.3611857,353.1327877,4.475329032,25.54000457,320841792,447927255.7,2.978408823,9.465259407,9.184734089,19.51639229,6.377593819,45.34067903,1.609179308,3.233458505,6.169020867,42.58440369
139001,13.12427925,28.88750331,6.502948222,46.06939129,8.316065359,10.72693385,3.876482736,20.04784265,264.5684083,397.2837012,4.428065691,24.98643884,502995337.4,659466905.7,2.137727859,4.256520405,10.82295456,23.59543049,6.4288269,44.89653612,1.669360974,3.483087435,6.223351209,43.75737238
139501,13.26822329,30.01591727,6.588042187,47.28143239,11.61834444,20.78747189,5.728794295,37.97775098,359.0507433,716.9929692,5.985586327,41.56075095,1406791768,1805419284,1.656241738,1.945586857,13.0936068,26.52688712,6.307965363,42.78719312,1.8574698,5.012135126,6.51118531,44.71378295
140001,14.00524105,35.62665407,6.63200798,46.70211332,15.82986522,37.26819556,5.397056629,31.26296341,629.6575293,1810.623696,5.867366892,36.2041607,2686507912,5555937117,4.123850936,18.16211474,11.75605319,20.39332178,6.025132067,40.90787597,1.954036035,5.310434359,6.268526116,41.42544465
140501,14.68410533,37.09354853,6.395518019,43.48219816,12.89046209,28.39132963,5.547142766,33.9560851,648.8275978,1997.683318,5.258327126,27.83952664,2618588083,6819647484,4.897539632,24.63475831,10.09794019,20.66091456,5.481128989,33.46387519,1.7504094,4.228333055,6.599155623,46.8756975
141001,13.49497799,31.51038448,6.586756317,46.83725678,11.1161029,21.40592636,5.177126323,31.63643618,305.0585525,578.9036843,6.091200868,41.99030382,942756578.2,1361369012,3.6656689,16.80665827,10.1102782,25.03853644,6.287590444,42.39425799,1.744194725,3.94062073,6.315112906,43.21478788
141501,13.35523882,30.40338368,6.553973412,46.53415091,9.350614634,15.67607037,4.032259046,19.21093288,288.6744427,399.0953673,4.163643048,20.57667486,579028214.4,669492089.2,3.222734716,14.9638769,9.598985583,25.10276205,6.562363039,45.7568675,1.581189898,2.847823435,5.95398278,41.22324733
142001,13.23606754,29.29312528,6.413460481,44.69873475,8.595175431,13.1360406,4.288904625,21.59676037,278.8562973,361.7786198,4.185200299,23.40833873,679828849.2,706133737.5,1.637899593,2.473727428,9.742544916,24.03952799,6.375766968,43.32259182,1.725667457,3.567315209,5.428583797,32.53155463
142501,12.98900847,27.34397985,6.46742127,46.27677793,9.237978641,12.9774565,4.608003745,27.75386724,337.5189478,558.24984,5.542222325,36.93104242,1174464847,1269779862,1.582240039,1.965336045,9.427599941,17.85728269,6.058414578,41.41269879,2.063392634,5.494539854,6.094810216,39.45127327
143001,13.38398502,30.21920453,6.501453023,45.84265839,9.7091662,15.62507831,5.044211591,30.62782077,477.8728926,973.0338001,5.049262477,28.52770509,1800395225,2459033443,2.284978147,5.57901948,8.979814268,14.55149526,5.504954222,36.76268853,2.042546763,5.242522501,6.054255929,38.77330693
143501,13.52625192,31.97698812,6.608607148,46.98696445,8.480829192,14.08206564,5.229012971,33.7226856,463.222746,817.7645943,4.036906974,19.93710714,2275057268,3705908392,3.129321013,11.00471027,8.558354102,16.52686982,6.0883434,42.26590819,1.739785267,3.427753242,6.126078286,43.01859145
144001,14.33073142,35.8939048,6.613251066,46.59705311,9.391468159,22.06182902,5.894102648,38.78756596,545.491164,1214.516306,4.91180799,28.45516309,2774594461,4746605620,2.752913792,7.263432409,8.650475033,18.03947451,5.928021158,39.37936883,1.924354371,3.893057408,5.680006368,37.20578801
144501,14.64924088,36.29508882,6.413985621,43.81858536,10.83679252,26.08656247,4.960968094,26.15722828,611.0313125,1459.159088,4.516774195,21.45369949,2991952780,5173859571,2.849053417,8.258413964,10.19529192,23.26364506,5.867001635,39.07019193,2.101664726,4.83770877,6.293099104,43.79268066
145001,13.81529699,31.61960965,6.567857413,46.87692432,9.290824977,18.91492762,5.383748232,33.32170982,424.3774055,828.9536984,4.950889305,28.03037199,1632980481,1875000243,2.346227494,5.984808227,14.96797565,41.34604668,5.857154214,36.12237241,2.491722682,6.543517751,6.274182181,41.64214307
145501,13.92162926,31.50630757,6.442855408,44.94093298,9.69735616,19.71503498,4.845366082,25.03707946,411.7197675,790.0419208,5.151894378,29.19344207,1135900424,1343805357,3.343030388,14.25404667,12.57512854,25.73245036,4.406344,20.6190253,2.446138372,5.323494326,5.081840993,28.23618052
146001,13.48502697,28.42802519,6.470790089,46.04320377,8.06911063,11.67194239,3.82765991,17.83387033,375.3391161,506.1214166,3.325975435,12.38943485,1269755415,1923385102,3.615328911,13.97593612,10.74944953,21.80212759,4.84663973,24.96942447,1.951372877,3.307600839,4.75006026,26.44993936
146501,13.96217228,30.21001141,6.439227478,45.82838267,7.811861515,12.7515816,4.695780777,24.85253241,386.0652888,671.4122209,4.849102795,25.96541392,1392257254,1763864810,4.148902871,22.10044168,9.411359819,19.72579789,5.686159391,35.9349933,1.749021331,3.319957055,6.08985801,42.57074708
147001,14.58746151,35.77736444,6.55668898,45.91690702,10.13940087,25.24679685,5.538119367,32.37033509,500.6233408,1333.087671,5.555593743,32.12635644,2083203343,5079097095,5.152069121,27.14548303,7.999658424,16.95674325,6.374208526,44.5175707,1.870258812,4.515352122,6.487904522,45.16535826
147501,14.87433761,38.4511474,6.646769551,46.80517542,9.91042228,29.74757414,6.604471683,45.19276034,457.7267006,1393.174687,6.627191215,45.52158533,1748796107,4949379168,6.053652852,38.31730152,7.681621153,15.05143462,6.278137169,44.0989538,1.941768011,5.162447736,6.446978554,43.94850197
148001,15.1578003,39.59310003,6.606428525,46.19903894,11.33295495,31.56282921,6.328039944,41.71454932,509.0386659,1477.587804,6.518482422,44.20587369,1706388337,5111085434,6.292285914,41.40240704,7.805823739,14.82600238,6.182414624,43.58134086,1.850028758,4.909468979,6.664317197,46.91553464
148501,14.91972474,37.39393931,6.538999158,45.49317496,11.68554923,25.2799153,6.350515601,43.65361525,527.4779552,1319.932436,6.28258048,41.59102996,2021853078,5343143833,5.67914982,34.25444649,8.264340809,17.9020905,6.523036037,46.70231129,1.821534338,4.55802659,6.490347209,44.80791245
149001,14.0799203,32.05263513,6.556299539,46.50920601,12.48941109,21.07615801,5.701055723,37.34777016,464.2508784,806.2219605,5.625203899,36.73742757,1783972045,2924332977,3.307244147,12.0783943,9.187889381,22.93556033,6.511759666,45.16137411,1.720998727,3.703357634,6.478121109,46.13164402
149501,13.79969626,30.09135716,6.485955643,46.19129678,10.96415278,13.73937254,4.669245598,28.89294924,397.6497591,556.260752,4.504853298,25.43832977,1395461675,1433878679,1.675208107,2.762087031,9.823108692,25.02858015,6.583194644,46.16456779,1.708742084,3.568800969,6.314717413,44.31761733
150001,13.67013487,31.35474088,6.577461953,46.7867932,10.30896139,14.75503257,4.48466441,23.55082772,381.0197417,638.5768728,5.643182116,37.52041315,1393575285,1092050405,0.776445724,0.415893144,10.67294445,26.98266228,6.461510177,44.35391692,1.593482038,3.456918578,6.473275352,45.93202511
150501,13.86171296,33.69437963,6.592601119,46.51300157,10.1528807,21.15884873,6.165965863,41.54841109,433.5381877,1046.454751,6.18539097,40.64581921,1286445464,1243918001,2.58146767,11.52003162,10.10105458,22.44300733,6.358226008,44.12979739,1.63088509,3.8212328,6.588997866,47.06625799
151001,13.86958561,33.75445289,6.478430384,44.8315043,10.87542873,24.98612722,5.304983666,29.92434838,401.22732,1027.790443,5.748597161,34.72137509,1205613648,2098680676,4.789746125,26.0810488,10.18382181,21.9824708,6.087416259,41.52752829,1.719775049,4.223212309,6.162842427,40.43611009
151501,13.12530114,29.67167034,6.581496725,46.99002049,7.955060493,11.099237,4.111750466,21.79616617,284.0270934,525.5676413,5.746648508,38.79904586,656880173.9,977906587.7,3.714291604,17.05993317,10.46512162,25.00584934,6.357544778,43.42462487,1.495723917,3.143660831,6.475609232,46.47034124
152001,13.248138,29.87053546,6.530133628,46.39205188,10.60757649,14.09537332,3.832740857,17.87878701,298.4164051,577.7089272,5.511041882,34.8699975,420494920.9,704024379.1,5.238457547,32.46332904,10.11960564,24.8305093,6.646133897,47.33087912,1.554816798,3.272814979,6.310872036,44.3010133
152501,13.22127717,30.80633423,6.515896133,45.72060567,14.20733491,19.54863778,4.286122454,23.56845819,306.3173131,651.8545559,5.707074946,36.2722348,264794219.4,405786828.2,3.962031801,16.49021086,10.39096563,26.04316372,6.493917861,44.94944786,1.552752036,3.480170691,6.425994997,44.79043569
153001,13.05674853,30.07421285,6.548958947,46.34295682,14.12360124,21.01478422,4.815275867,28.11475628,275.124599,560.9930991,6.234183071,43.52043283,143282367.3,195948811.5,4.723249434,28.95004406,9.939270115,24.30357118,6.612717717,46.74357602,1.523781101,3.382406088,6.478591733,45.65829334
153501,12.96254058,29.7312095,6.544465386,46.28911753,10.90955866,13.41089631,4.221154522,24.91977245,266.2249814,559.4664178,6.443046344,45.83319684,140778234.3,164397471.4,3.392077338,16.31818519,9.681441097,23.17982709,6.603976921,46.72200099,1.544450767,3.38217142,6.520929089,46.44088508
154001,12.96949939,29.92474798,6.585705119,46.87622278,10.5210901,15.2992625,4.500018412,24.86840131,277.5974746,631.6125624,6.518938201,46.05220204,186495621.2,211951755.8,4.100234945,23.459066,9.31518005,21.61369388,6.560713851,46.41962332,1.651081341,3.731143222,6.459277181,45.19015607
154501,13.16755572,31.31854926,6.559115815,46.194042,11.43892669,20.97515605,5.193568118,30.28275898,290.712526,678.1181385,6.285168198,42.36730595,215440995.4,301214591.9,4.353529599,22.64783084,9.22664618,21.75538577,6.616488359,47.23818622,1.653002547,3.463933748,6.193496474,42.21159132
155001,13.1960585,31.44665828,6.571051001,46.32148399,10.23107735,16.02933706,4.967512279,30.87826479,280.8011494,538.1181191,6.303032946,44.80647039,188514762,219023973.3,3.272187595,15.4190357,9.473761494,22.11651403,6.263795301,42.32661074,1.766062554,3.662775393,5.776607329,37.98264698
155501,13.05584122,30.22145681,6.501544976,45.58651676,10.69909772,16.57499883,4.447701436,24.21635683,342.6670199,583.4363542,5.747981751,38.29655406,399901824,349778940.8,1.31963158,1.764825933,8.646924682,18.67667331,6.415991484,45.33602945,2.150800577,6.151468541,6.519359935,44.63550575
156001,12.82485753,28.67869049,6.582353919,47.23048075,9.433722883,13.13508782,4.088296408,21.05251996,386.9749117,728.6766269,6.504000159,46.75351228,1020253025,707986014.6,0.309255281,-0.68058319,8.38418104,17.76616866,6.44964026,45.87788926,2.556298287,7.165532283,5.454223742,31.10402576
156501,13.28728616,31.40489192,6.563425352,46.30079754,9.030633203,17.91153976,5.928924527,39.33869523,444.6381225,1117.264596,6.406521217,43.02367113,1415684910,1069590245,1.399107327,5.174896381,8.613755599,19.51568599,6.489283891,45.80248929,2.038074864,4.856689131,6.05055088,40.47773555
157001,13.42314419,32.11430459,6.514833147,45.46030141,9.297469335,23.16147834,5.100047285,26.85480391,436.3372272,1098.43708,5.483694469,31.89757431,1092076858,1248212189,3.759510861,17.34132934,8.765539956,20.17016923,6.266582195,42.63032759,1.821208506,4.169834722,6.35147445,43.69160492
157501,13.3913373,29.78244511,6.578527055,46.60924069,9.139644846,9.926131499,5.024049767,32.15413493,501.3379422,558.3975102,5.042868533,32.26559085,763997153,421643947.4,1.738356565,4.792060562,8.837182594,18.25884066,6.436748274,45.47174452,2.092829777,3.270781955,6.146492586,42.97745626
158001,16.23431786,28.81759601,6.56646008,46.98208653,21.45769062,13.26322186,1.293527379,1.751057028,1162.253201,779.8506398,1.37968739,2.203816216,2144260404,1087314861,0.878826308,1.5845257,11.61315923,18.59979883,6.261395283,43.68040634,3.823269842,3.364756412,4.34711878,25.47423777
158501,19.16386168,32.31238134,6.511806187,46.09696228,29.32843555,18.90491814,1.476245864,2.607738069,1594.956654,1130.09392,1.599218184,3.19140994,3198604852,1728346357,0.931030031,1.80626152,14.49367781,19.89484446,5.80180898,38.51070257,5.026066506,4.119526846,3.881327291,20.66201377
159001,14.70636399,26.81146782,6.779336128,49.78609548,22.79782472,17.284427,2.081907256,5.648044291,1248.43222,1017.014319,2.144424803,5.752571946,2693154189,1502296537,1.009355403,1.855468952,11.10068861,15.22460669,5.87332323,40.16933745,3.791678398,3.350623164,4.273334871,24.20394108
159501,12.90462131,8.22937819,1.17426842,1.935410977,21.29202538,11.31651637,0.487716407,-0.271070279,977.4532988,540.5968176,0.572817238,-0.553943661,2915770569,1958126877,0.754674381,-0.364874363,24.59963247,12.76672389,0.347992339,-0.562515606,3.06067808,1.854399069,1.282767318,1.368286413
160001,23.41093597,27.19985317,5.169964626,32.40176857,35.89731855,19.08554171,0.408118498,-0.543785072,1640.751482,1045.317457,1.423348193,3.940034625,4672490025,3147812687,0.889944024,-0.258357758,40.5876183,20.47185255,0.538161478,0.032030873,5.250451554,4.249710268,3.122742884,14.43973679
160501,23.50630411,34.79474379,5.553107442,34.26786721,32.93690615,20.8766746,1.539151983,4.606176405,1513.857552,1331.988247,3.49647241,17.89480131,4315335536,2711486603,0.84571273,-0.329793488,37.42591151,20.99788935,1.840891395,6.330285928,5.074710907,6.266591124,4.702314521,25.86872672
161001,15.91813491,31.56626444,6.585964632,46.80014971,17.09752599,20.14561665,5.304871488,33.931147,818.2798339,1266.910578,5.958136873,39.97098836,3154651587,3104011699,2.297852248,6.128601204,20.29526976,22.10206615,5.730624713,37.69317703,2.683989027,4.921581585,6.218977719,41.95402255
161501,13.94785184,34.57638137,6.678082811,47.54416804,9.618658919,24.49308847,6.526766276,44.93985425,519.1346051,1376.374655,6.61879675,46.04172908,3750390353,5663221109,2.815973886,7.306831326,10.55813936,22.35795978,5.939560312,37.58165245,1.856409067,4.498471922,6.567050924,46.45448512
162001,14.67788103,37.94971566,6.53936536,45.27864397,10.807364,27.08728159,5.894227989,37.08283327,557.9426405,1348.372591,6.025626215,39.07637884,4790866546,7184238081,2.773935812,7.647470547,7.55961659,16.31564028,6.148372353,41.99709243,1.877208075,4.247578924,5.85702727,37.29435538
162501,14.41743772,34.25458986,6.470937732,44.93093143,9.271374022,15.69984822,4.843341954,28.14317382,475.9000283,838.5792579,5.511016045,35.60643271,3958028231,5298986820,2.714191993,8.151352278,6.988053118,15.07580005,6.466166804,46.05065727,1.576957076,2.793283047,5.66580608,38.03613599
163001,13.79836006,29.67203574,6.410836864,45.32927466,8.519023806,12.45041287,3.917902872,18.22343122,469.2387865,710.7878474,4.191600798,20.72803922,2551115167,2879992233,1.762058015,2.778846588,7.104404262,15.77198503,6.363549962,44.23547418,1.519707115,2.789588764,5.861328248,40.16907674
163501,13.63962153,29.94528172,6.573648817,47.34427248,8.379698183,13.5331954,5.00418732,31.36681797,483.5141344,852.9540926,5.747715399,39.48876458,2383824301,2893502632,2.516160777,8.002951976,6.773724943,15.40306477,6.603886727,47.27478631,1.531875789,3.539684143,6.503679774,45.77153931
164001,14.46223895,35.48966805,6.549573803,45.77721173,11.75089415,28.85136067,6.062780198,39.29058961,678.0628302,1707.218834,6.133236768,40.15223857,3009941795,4732059845,3.020309817,9.418626555,7.116769309,17.16090232,6.577158085,46.37063075,1.611606617,4.170925012,6.437979914,43.81533639
164501,14.68793357,34.82102389,6.366590845,43.53435563,14.24366502,30.10728047,4.576268905,22.21497339,797.004767,1732.912897,4.77599403,24.3273915,3242151099,5798337525,3.570322464,13.58925124,7.257342558,17.16204756,6.373079558,43.62990199,1.501725952,3.659423671,6.513150937,45.37699996
165001,13.90061337,30.47101215,6.481276449,46.22040826,13.45858746,21.38755901,3.410411789,13.61999378,748.9857971,1244.119922,3.809515184,16.7160404,3222041826,5121916161,2.605438099,6.678843741,6.966297094,15.26241986,6.458948213,45.88800995,1.47822893,3.302198008,6.445152935,45.58962169
165501,14.03067665,32.68026667,6.576493855,46.62049464,13.68554864,24.8453665,4.196491824,21.37627505,738.8101115,1441.240924,4.907106082,28.38034357,4011889553,7271908903,3.353393277,12.42225178,7.154075424,16.30060626,6.543151272,46.33686626,1.465448489,3.341735466,6.45195897,45.09296229
166001,14.30587528,33.73964335,6.494816622,45.35559161,12.6254081,21.81595544,3.320045268,12.20985495,674.2702083,1254.428391,4.023143913,18.50092456,4873624944,8626692544,3.482801227,13.487388,7.342860674,16.78663473,6.344962976,43.58260947,1.445760587,3.064998123,6.299923344,43.69208105
166501,14.20260112,33.0055241,6.564119485,46.55932693,10.49835331,17.80211016,4.083779313,18.658057,527.7880864,1026.290221,4.433993562,21.46832424,4869352406,7174068485,3.268536046,12.76238412,7.24788254,15.45707122,6.174752169,43.27686494,1.454122656,2.887901144,6.284038153,44.73428749
167001,14.22673515,33.39925301,6.531766928,45.88445405,10.30165219,19.7933273,5.884904259,38.98812477,473.6982482,1064.548828,6.165610451,41.8934631,4540431149,5470205392,2.466145299,6.274751945,9.066238868,23.42813712,6.227482129,42.74155046,1.596154247,3.771490326,6.551270671,46.10192097
167501,14.1397669,32.32414256,6.556236445,46.50317215,10.51777849,20.8800607,5.417280887,32.15213776,480.7877567,1101.314388,6.063808456,39.68071865,3784544245,4339895624,2.655801402,8.36371852,11.24278115,31.38341557,5.228727921,28.18979056,1.740960937,4.015726271,5.75846746,35.91605247
168001,14.22837624,32.77195469,6.57571662,46.7784308,8.568217291,14.92671739,5.411555017,34.23338873,421.6368271,844.8609572,6.300370151,44.74450912,3215346391,3256840199,1.963676546,5.05280943,7.778322353,16.9065554,5.624728696,35.30690552,1.542924679,3.205594776,5.868658222,38.84256803
168501,14.50501313,34.78897167,6.602563199,46.75101992,7.945283697,16.27170931,6.467976658,45.9999578,434.3086708,923.358915,6.385941204,45.20465396,2862977679,2642847421,2.321749969,8.737778845,7.185197676,15.78244161,6.403862601,44.9766575,1.565950763,3.788487674,6.631726041,47.15842432
169001,14.8483076,36.6190264,6.583288704,46.26185266,8.302882813,20.22447359,6.534484804,45.63408323,462.8360595,1109.103772,6.528465423,45.75498903,3370092505,4700719604,4.384137477,23.02817681,7.140096218,16.36731084,6.546976407,46.49720513,1.733041872,4.493460313,6.389433016,43.25051857
169501,14.67254531,35.40235986,6.509295658,45.33897793,8.583131869,20.8527999,6.13828581,40.15429459,484.6091065,1174.926658,6.300188644,42.34846813,3457852676,4460494516,2.743274377,9.182215195,7.17233483,16.78298982,6.351913974,43.28341832,1.565011189,3.783699954,6.464844974,44.70844705
170001,14.25478492,32.58564259,6.622345582,47.64098526,7.700882924,15.6527217,6.240188544,44.14072739,440.1528759,943.5545032,6.519616673,46.93065697,3642799601,4309479942,2.598070063,8.343460728,6.674325519,14.25932186,6.52463197,47.12039857,1.539555595,3.436989295,6.356891312,44.83723144
170501,14.78498142,35.56328324,6.557552651,46.10023872,8.58514925,19.51133108,6.466613798,45.58629923,477.2460572,1090.794673,6.466514044,45.77487994,3732404070,3760412403,2.662962618,10.6455904,7.269497338,16.86882355,6.413362883,44.68618487,1.626440125,4.12232708,6.449955795,44.20472436
171001,14.84968168,35.51769636,6.489032177,45.11989703,9.70205896,24.27626646,5.794356974,35.84341436,526.8201265,1328.710316,6.013135694,38.60661511,4582152976,6737587682,3.60927859,14.80863041,7.44213433,16.95764347,5.955189271,38.83547925,1.610527406,3.835162141,6.365005849,43.63746283
171501,14.11508041,31.64017532,6.49012909,45.7929381,7.33686992,14.09811695,5.800632761,38.33573947,419.8150194,860.5495987,6.103457332,41.47252008,3616258375,3813836114,1.525601684,1.936488056,6.533329433,13.35766092,6.134902664,42.67299262,1.53169809,3.160406047,6.089824497,41.78057475
172001,13.97974395,30.75132409,6.501267747,46.41471167,7.829053168,14.1288098,4.230066262,20.20708913,423.0839213,831.4625721,5.058982193,28.40919694,4915182633,7147354008,1.817813285,1.9992129,6.547315874,14.68230707,6.401370719,45.52402156,1.751331474,3.196973346,4.898277744,29.52633092
172501,14.2077486,34.19764843,6.600848521,46.78308316,8.49727172,16.4286517,5.014403481,30.39585734,439.1084043,997.0099981,6.153914845,41.89674144,6069571903,8479744836,1.789058851,2.009085883,7.679530214,19.36860237,6.248028081,41.8528746,1.928542146,3.556233279,4.581587557,26.00479382
173001,14.68456596,37.75559703,6.578402484,45.81967663,9.338317142,22.55193933,5.897855908,38.21046987,463.2560277,1224.122815,6.391210715,43.45624589,7297167678,12164614765,3.32373767,12.74905537,8.112249283,18.69108373,5.836066973,36.91542024,1.959697578,4.455582662,5.639067858,36.28463996
173501,14.54034706,34.36731512,6.403823213,44.15542504,8.729917453,19.51198912,5.013434424,27.15115524,451.5562256,1073.558776,5.805062317,36.69989532,5397002494,11208936464,4.421468134,21.20556617,6.640148154,9.969903714,4.620840422,26.85336829,1.930147716,4.645441544,5.033107597,26.94615724
174001,13.97794252,30.51299006,6.385369495,45.06085107,6.950756049,13.90696557,4.989217283,27.43395901,395.3201796,831.5687014,5.77353052,37.62043798,1877589836,2611045337,3.332018093,13.25359675,7.048070089,11.58736257,4.552357936,23.72965809,1.448797643,2.921444095,5.326358729,32.05685565
174501,13.58647753,30.94498512,6.510285266,45.83076628,5.936073027,11.96626859,5.834555435,38.34479585,366.3559393,772.0601727,6.209719933,42.58706912,624800559.2,633208539.4,2.890662277,10.82233618,7.655566527,15.12767919,5.792723282,38.89489239,1.300715902,2.836612004,6.516313713,46.38906959
175001,13.43343476,30.44502176,6.532922312,46.25628011,5.316488725,10.23397507,6.076996806,42.19650294,343.8653848,698.783852,6.30446139,44.44585865,276995782.3,309533020.9,3.066242986,12.32899517,10.5569543,31.76370743,6.019079493,37.64208015,1.316812626,3.043957312,6.459435715,44.99396268
175501,13.36910685,30.50259691,6.538783602,46.25403269,5.104166894,10.4935917,6.382842011,44.99996499,334.5435629,709.7202845,6.462263953,45.80844265,292908237.8,316114122.4,2.33227471,6.347888509,10.24438368,29.40869485,6.039601105,39.01828814,1.262773853,2.856109041,6.505485641,45.82607091
176001,13.41473843,30.966878,6.579437453,46.75004385,5.222559342,11.41013212,6.545044015,46.91299156,343.650566,772.3653023,6.558411489,46.77476091,682465245.8,659533432.8,1.97468586,4.323124249,10.11004214,26.850931,6.138157557,40.34147411,1.26166053,2.815699507,6.55304703,46.8793065
176501,13.58526931,32.06767878,6.549427356,46.11405733,5.563017548,13.20311243,6.426442081,44.30973208,355.7338749,840.5566257,6.407926946,44.09810777,1135530167,1079381947,1.781864184,2.924648439,9.574362388,17.24688967,4.775062258,25.88869037,1.286027482,3.009873446,6.472907526,45.08075038
177001,13.59208111,32.16599893,6.604426476,46.87023312,5.643755119,13.23616737,6.615990082,47.2752166,355.3195865,813.3043853,6.619834072,47.65377091,1358847456,1172787885,1.22310883,0.833814789,10.47020649,14.27054053,4.249683534,21.04278647,1.273433238,2.949438973,6.625466526,47.42353787
177501,13.74700834,32.77532304,6.546653554,46.02519754,6.120549629,14.59341449,6.373995074,43.62083322,385.4833471,931.4893984,6.432708773,44.33188297,1495439249,1406350112,1.108182098,0.317089919,11.00859942,17.18351683,6.014279886,41.35306302,1.317341717,3.157328744,6.501206634,45.35470212
178001,13.57907696,31.94312222,6.578759618,46.53711656,5.679594182,12.82001274,6.468775454,45.19851812,368.2971101,870.5724163,6.509649388,45.4864647,1361069122,1358656569,1.455926344,1.487767455,10.55876503,21.62280414,5.179402384,28.16206323,1.273832051,3.040925608,6.595431985,46.60152387
178501,13.55574533,31.47377111,6.568779274,46.55870802,5.497107553,11.49882869,6.413408052,45.81057752,355.7224018,798.1874363,6.522307734,46.38089334,1102518734,988138280.5,1.555948692,2.414150341,6.580354147,11.02976896,5.598615651,37.01338543,1.259961503,2.949924263,6.581640638,46.73658488
179001,13.55076784,31.62074328,6.561596132,46.40253544,5.687600027,13.09812712,6.545199369,46.36372021,351.3789817,806.8655065,6.561558214,46.58451604,838496513,668513342,1.489562832,3.055211707,6.07927996,9.986565904,5.732080397,39.16583309,1.254118505,2.978370619,6.58576826,46.63125242
179501,13.53902251,31.70497008,6.569318639,46.46393779,5.868044104,14.0787709,6.390598759,43.75828866,354.044195,848.1050445,6.606258054,46.77086222,501263474.3,482328754.7,2.64110451,11.14659336,6.304657216,10.56818653,5.516299356,35.49371413,1.261151618,3.050154139,6.577874293,46.2796234
180001,13.51513749,31.68365791,6.570898787,46.48734693,5.453997249,12.54669621,6.573712842,46.77160567,355.2040348,838.6092468,6.434297038,44.48408198,311922972.9,435903074.9,4.336185416,23.87127058,6.801604953,10.53331763,4.882238409,29.86180797,1.224967316,2.792850184,6.405835076,44.35288932
180501,13.53739587,31.829231,6.571123149,46.46409037,5.504890106,12.76967615,6.597519176,47.08261961,339.3352371,759.9601518,6.543735817,46.70941082,250058890.5,361319753.1,4.766104094,29.07803264,8.295395054,16.1788462,5.968401976,40.53758875,1.183539327,2.549068332,6.392900643,45.3341918
181001,13.49395088,31.67316561,6.564741932,46.37121617,5.674480854,13.47118107,6.454442119,44.66613217,339.5516354,780.8419075,6.537840355,46.20198296,229819331.2,373758932.2,5.274539271,32.92810902,9.908762904,25.66533414,6.352551398,43.14104447,1.199563996,2.798366383,6.468274487,45.07943921
181501,13.46126827,31.36296173,6.565902469,46.48233135,5.371338872,11.95681012,6.51231889,46.18176068,339.1031317,787.8352856,6.549111946,46.22164131,188096774.2,295903926.8,5.822603301,39.78442673,11.61211215,39.00345762,6.487251117,43.40552082,1.169592569,2.719854747,6.543142039,46.11621692
182001,13.45243772,31.41390196,6.566257464,46.44487732,5.494946308,12.37701985,6.508883931,46.32247166,338.6587691,783.8833339,6.554387579,46.35325426,166544737.5,273970430.6,6.123116877,43.26337091,13.40073259,41.37359304,5.459122241,30.51880264,1.156597269,2.645441472,6.568749426,46.76895192
182501,13.44467462,31.33328092,6.55262163,46.27232419,5.67684211,13.32220268,6.282517314,42.41973257,337.973296,776.2655425,6.505096108,45.72918843,160524451,296657715.5,5.954480939,39.75630641,7.680198321,13.55274477,5.764502689,39.11106464,1.171005743,2.757670664,6.546169677,46.06335858
183001,13.38708487,31.00595188,6.567652409,46.54193056,5.075643215,10.9967742,6.528360727,46.71196892,332.2872769,746.7780928,6.565704826,46.82191185,163835856.6,225733320.9,5.285049076,35.05506591,7.499393138,12.20830642,4.500061226,22.82129898,1.149726704,2.645196458,6.522400125,45.94934291
183501,13.45762227,31.4453327,6.580880954,46.66753528,5.20957103,11.58102409,6.526031575,46.66408732,340.7252501,800.4273632,6.614150734,47.16928288,223850766.8,311511344.4,4.628513681,27.42868937,6.335299318,12.15175431,6.000118584,41.15562562,1.170270036,2.642737494,6.521155375,46.2458913
184001,13.55907062,32.08490918,6.550452286,46.09803378,5.539073253,13.03100222,6.34600223,43.20604801,352.9677923,858.8834438,6.450381888,44.41874916,269587951,507657975.7,5.343542106,31.13867546,6.101738257,13.96356215,6.119236916,40.41686151,1.190810788,2.638001644,6.344782127,43.70186985
184501,13.47185999,31.45522301,6.572802573,46.53060558,5.178037753,11.42154092,6.52126897,46.27691163,335.5750002,772.1505833,6.594179477,46.95833506,177368952.8,289712334.9,5.358750662,33.61283418,5.118241609,10.37327528,6.200643552,42.74459002,1.153083206,2.38033738,6.379766634,45.20881194
185001,13.49767454,31.35881025,6.564493665,46.49179273,5.200689052,11.09016116,6.427315417,45.71652829,339.501702,770.0541198,6.534092906,46.35388974,148305215.6,262288108.2,4.792510136,27.03347633,4.941342775,9.025290192,5.650782473,37.36055951,1.156015298,2.450714978,6.47061411,46.31943742
185501,13.51523263,31.68949807,6.579391811,46.60005686,5.429534774,13.02441901,6.693303327,48.30345831,338.2623139,781.7841898,6.523591896,45.88568003,137657610.6,298395882,6.549299687,47.17207586,5.238044488,11.33740296,6.548712781,47.14290542,1.292606482,3.154941149,6.644577898,47.76606957
186001,13.60088387,32.19439949,6.573500877,46.43301616,6.157132685,16.5369892,6.34793472,42.37443856,337.1635359,769.6343941,6.561429731,46.6099333,155881227,405764364.2,6.24168643,41.13769507,6.44698191,15.90674743,6.182750607,40.58574357,1.594763906,4.405282144,6.167674634,39.9997996
186501,13.59086631,32.08158754,6.562229072,46.28729028,5.639634585,13.14588431,6.328633846,43.37858609,342.0754111,790.09343,6.525857116,45.99801544,139393444.7,331440003.3,6.33951858,43.21475899,5.576341092,12.34233818,6.019963392,39.57793222,1.382768964,3.320632495,5.973087325,38.61578454
187001,13.52415721,31.49668208,6.565691089,46.47180628,5.413196179,11.09900072,6.067091909,41.65838361,344.5524992,794.6821428,6.532313677,46.0071384,127969487.1,258462565.4,6.240660731,43.81445095,4.978954734,10.12301737,5.631630097,35.74421906,1.169901883,2.291945017,5.746942273,37.79829735
187501,13.49969671,31.32982118,6.566666177,46.50596138,5.176241103,11.1103812,6.47435255,45.85855232,341.9579095,761.8391435,6.498471305,45.86528778,122368121.4,244166907.9,6.338258598,44.86907996,4.868245768,11.19547008,6.427419031,44.49696371,1.111817875,2.263992902,6.381675197,45.25236662
188001,13.51758296,31.51768904,6.573380056,46.56619964,5.233912315,11.58467338,6.508082254,46.14726474,347.6656835,773.5854903,6.561267304,47.11465703,122325387,255630887.1,6.481653927,46.42743503,4.771380049,10.5710052,6.390826182,44.42998357,1.122956708,2.429542382,6.432292558,45.1588767
188501,13.58295436,32.00730203,6.573266188,46.47020111,5.287186555,12.21338464,6.525614634,45.93264945,367.5423397,909.7490953,6.569120358,45.98976487,127435044.8,300692630.5,6.542418195,46.00687814,4.594611958,9.605728801,6.351037433,44.70911402,1.104564587,2.413001553,6.452596194,45.43320631
189001,13.59843322,32.11875945,6.57040426,46.400043,5.342936669,12.51895377,6.629006201,47.48068538,375.6679035,918.4706963,6.513318144,45.32112241,130661068.8,312788032.6,6.482881991,45.07195995,4.598673588,9.648805555,6.482489378,46.64205493,1.137340298,2.532645242,6.570006892,47.40142686
189501,13.58380224,31.93414363,6.571741548,46.47340183,5.750800666,14.63869756,6.596843319,46.26350084,372.9357513,885.8169464,6.589409864,46.76946652,129745506.1,306753218.4,6.57010669,46.45905611,5.208293702,12.26768714,6.514268419,45.70453901,1.292286722,3.29591048,6.552830555,45.54159171
190001,13.53139502,31.6195276,6.561581376,46.36800923,5.991047647,14.26486169,6.156944527,40.84211057,367.1668662,874.5910191,6.51223823,45.47054309,127642953.2,288859204,6.370068565,43.81612479,5.506439242,12.75365496,5.745943852,35.73024888,1.382143222,3.313478235,6.007923029,38.89421839
190501,13.50296029,31.4183274,6.584344593,46.75680263,5.436802437,11.48731561,6.257843437,43.92422124,359.5450902,821.813498,6.596930231,47.26023614,122562447.6,249941163.8,6.372561737,45.51911763,4.5624753,9.220540874,5.987085493,40.60896315,1.178429027,2.48034653,6.294639585,44.1448444
191001,13.59900519,32.14056777,6.564485531,46.31855501,5.534414962,12.72162831,6.529771299,46.26800806,366.1616533,873.1520787,6.534565324,45.83965453,129702542.4,283259692.1,6.350193144,44.14848024,4.444285621,9.269982299,6.456523401,46.09412362,1.126417419,2.353741432,6.481330527,46.51161258
191501,13.51940934,31.81492788,6.563361008,46.32139173,5.841129163,13.83149865,6.36028727,43.58743278,358.1506875,850.0137874,6.571487321,46.36090851,135644837.1,273602403.5,6.170335012,42.58706726,4.693747377,10.56329796,6.43537513,44.97063334,1.18113049,2.700537976,6.499802021,45.75491042
192001,13.48832681,31.39141514,6.574925652,46.62752295,5.412602636,12.27112598,6.465403228,45.30257142,359.6210074,830.1634688,6.524514633,45.9783165,147085721.3,293129612.9,6.114840104,42.15271177,4.766659344,10.123759,6.346381197,44.21973973,1.200612487,2.701198191,6.305771355,43.21364797
192501,13.51448432,31.62957673,6.55643219,46.28087123,5.346884484,11.8285909,6.540236726,46.75081597,355.6484608,787.6744223,6.440648611,45.10921896,146883109,297416900.1,5.505489703,34.01040717,5.319479922,11.17920194,6.356188727,44.90730121,1.203811226,2.673574895,6.405783351,45.3252938
193001,13.45259851,31.26946951,6.55952498,46.38551058,5.445113582,11.85481791,6.178786234,41.58571531,348.3695106,726.7993417,6.405723403,45.42896525,121421904.2,218389788.8,5.652929659,37.41200512,5.941842328,13.90975109,5.944076668,37.60344274,1.283075969,3.02363008,6.275618192,42.25458103
193501,13.42021512,31.20019519,6.583911636,46.75184271,5.117207621,10.46765616,6.162612795,42.88343186,354.4798488,786.4567734,6.584245204,47.49423044,122179500.2,233503960.1,6.01346339,41.8167721,4.770900059,9.457233002,6.354246851,45.36216923,1.181969136,2.678580199,6.598110649,47.27667729
194001,13.48403891,31.99612909,6.58448031,46.58411506,5.396986025,13.20281637,6.618020202,46.93600251,382.6138527,994.5527093,6.560591107,45.57912689,155102717.6,332927827.5,6.184215285,42.75111458,5.047981108,10.46405706,6.161135787,42.83483897,1.195587447,2.792580295,6.493961765,45.45510412
194501,13.53710785,32.49234735,6.586649178,46.50311391,6.010691533,15.51715553,6.277168653,41.70710744,393.5556588,1018.697956,6.501212354,44.77120897,194488359.4,444507441.3,5.86004603,37.07116525,5.655518301,12.76737332,5.905398645,37.72817426,1.163255133,2.64135304,6.488030608,45.48061286
195001,13.59317405,32.4666392,6.549748845,46.0159756,5.773642593,12.85005937,6.190318554,41.99077245,395.7789448,965.7706183,6.480664776,45.06739406,158936991,304266638.6,5.122879593,30.57483668,6.393921343,9.314691955,5.304802215,35.17040304,1.149329526,2.479183553,6.497187959,46.34084063
195501,13.2228043,30.03598111,6.475378073,45.36041834,5.332970168,8.733268278,5.25052826,33.11501976,406.2711085,744.4438184,5.576700308,35.8445877,134122458.3,212581911.7,4.19332076,21.28876391,11.58016399,11.41313074,2.704335973,11.80587036,1.159754098,2.559676183,6.442594691,45.19355672
196001,13.05693402,28.3497028,6.509838747,46.70456592,7.117617632,12.07314471,4.389308585,21.96964905,421.4777448,759.5115033,4.810001558,26.05313719,143919182,260048704.7,4.592623894,24.96347261,16.83691809,16.46803176,2.496287074,9.554075795,1.153270617,2.606715237,6.645858012,48.13847426
196501,13.58453065,32.47366771,6.553120178,46.05783567,8.540260633,20.80720773,6.024155496,38.91872058,415.8966646,1073.863214,6.298103566,42.17929496,183534353.7,471622270.9,5.81727748,36.50127143,21.66305813,22.13691311,2.533454496,10.12291951,1.282995321,3.321370429,6.574422606,45.75403482
197001,13.69563743,33.06219537,6.507075514,45.25572283,9.264364693,21.99630087,4.907795389,24.28351355,446.1509335,1066.444909,5.687278803,34.78878736,184158759.6,385212382.7,4.365663011,19.67577846,23.81522627,23.54772705,2.604709255,10.00802811,1.366751279,3.19524881,5.870556085,37.2342972
197501,13.34163993,30.56976814,6.682606003,47.83258833,12.97874859,11.00805106,4.099075547,20.51432176,631.5332979,795.928291,5.738345736,38.25488215,231447876.6,284880176.1,4.230353973,20.005772,28.31906513,20.44930216,2.370991395,9.293957921,1.555873683,2.282398588,5.895404789,40.28040033
198001,14.09334109,31.57787336,6.794082084,48.57335719,22.54008155,10.92517559,2.556731282,13.03764773,935.8846441,807.7398304,4.994358298,32.55295919,345159821.9,266508207.1,3.181554712,15.93752021,37.87807179,19.43156941,0.341700321,-0.575313407,2.365436809,2.362652402,5.430550562,36.25010313
198501,13.41495354,32.12536192,6.902389435,49.97117755,23.28970418,11.97468863,3.180787382,17.1758127,895.6408173,774.255187,5.318906681,35.97445846,389873889.8,327581842.2,3.759957344,21.1927579,33.17376184,15.68461038,0.175240347,-0.595375257,2.707156364,2.606616158,5.426267573,36.70914558
199001,8.416974403,20.38570284,7.039225152,52.35521245,12.13382391,7.517996973,3.993885545,22.97686892,462.5618828,486.9604197,6.064357838,43.21301077,270182899.7,260861659,4.050238431,22.38806559,13.82743349,7.161245674,1.65954922,7.22918138,1.818847823,1.825648589,5.388386165,36.82049306
