Time (cycle),Amplitude_Mean,Amplitude_Standard_deviation,Amplitude_Skewness,Amplitude_Kurtosis,Counts_Mean,Counts_Standard_deviation,Counts_Skewness,Counts_Kurtosis,Duration_Mean,Duration_Standard_deviation,Duration_Skewness,Duration_Kurtosis,Energy_Mean,Energy_Standard_deviation,Energy_Skewness,Energy_Kurtosis,Rise-Time_Mean,Rise-Time_Standard_deviation,Rise-Time_Skewness,Rise-Time_Kurtosis,RMS_Mean,RMS_Standard_deviation,RMS_Skewness,RMS_Kurtosis
501,13.10007579,16.75318507,3.240285316,13.08803776,17.27454747,18.27109201,2.050978615,3.491051758,803.6199878,832.2985394,1.943355326,2.907550843,70900271338,52423138910,2.297643367,5.789967777,11.93001706,8.901494975,2.088025754,4.441796348,2.193226541,1.983448166,1.939518769,3.464724972
1001,21.19868897,47.86762145,5.543014671,33.41894449,24.87504918,34.80240726,2.904514082,8.896518726,1147.268158,1629.72177,3.195676216,11.71531056,76954933163,85439868756,2.672433644,7.404504219,14.25668633,17.36343468,3.618069326,14.67075788,2.958177032,3.91357413,3.311353111,11.95977899
1501,17.22848937,39.21499784,5.965485144,39.04457031,16.84633919,23.42705484,2.743421431,7.283929657,782.7302625,1032.845286,2.619358118,6.699633532,45929104689,62560868063,3.029706423,9.613307552,9.248256087,12.0006145,4.727823033,26.68820576,2.000770536,2.92701282,3.50029217,13.35138669
2001,14.9738178,32.63742283,6.36962802,44.9055231,11.53402548,21.75919406,5.162300433,32.59381615,588.7248965,1041.816578,4.62605452,26.55811605,14004113215,18395886738,2.966258682,10.317735,15.934371,22.95164397,1.714302011,1.540372841,0.968254403,2.175042349,5.905086618,39.99994305
2501,14.82284886,33.20318958,6.53448323,46.36106844,14.84895758,26.24521934,3.813773786,18.33229014,729.1765809,1320.886091,3.871861862,18.59619489,8929562107,15153036604,4.528435611,23.45212418,37.91605644,58.87897304,1.662313288,1.30701178,0.731358896,1.574175089,4.809701221,25.81636659
3001,15.0484423,34.62704778,6.555138813,46.46201514,16.96290559,37.25770318,4.470595901,22.33995665,956.7420729,2527.255094,5.027934382,26.64959076,8013890505,13677434847,4.550523757,24.06017482,52.76714953,91.3652627,2.390785354,6.392538225,0.543256321,1.137487405,4.689553262,24.37687846
3501,15.30160554,36.59734785,6.584079985,46.47851607,12.9282963,31.06356714,5.604477174,35.06897738,724.6638423,2042.076283,6.420916721,43.97493322,6175538777,9125871091,5.037372766,31.48565864,30.92742215,60.78232048,3.692309924,16.91918395,0.48647029,1.024716876,4.703504253,23.96361643
4001,15.34116983,37.22034883,6.612203568,46.7571493,12.17066751,32.96255167,6.729062408,48.14993801,701.0674799,2029.680618,6.886279326,49.70820276,6003763572,9382988947,4.72701362,26.73147343,13.20072482,32.56054756,5.970273107,40.39863833,0.43175625,1.006938596,6.213231657,42.03368243
4501,15.47646192,37.99591307,6.629763142,46.99893062,14.25308217,46.00527953,6.735498801,47.21650592,804.9032235,2645.895393,6.790667566,47.93555751,6389090933,16135559840,6.642323048,47.88044458,11.42722584,26.3684718,4.455885757,20.61660009,0.402531616,0.980544253,6.612168955,46.89316204
5001,15.50584553,38.8840929,6.588150468,46.17567964,16.89455156,59.64474163,6.164442388,39.16335305,955.770623,3446.347836,6.228848247,39.94458119,9960439989,34466861610,5.739776175,34.02464955,10.25489108,32.0382965,6.091011445,38.99942932,0.406004368,1.020457873,6.42780871,43.82179129
5501,15.16583992,36.65453994,6.549527396,45.93520691,14.61760184,44.13643696,5.930323119,36.79983955,829.6700004,2523.300192,5.654663884,33.13639253,8508775715,28021924206,5.635304533,32.21553129,12.25334637,45.48625901,6.558826959,45.35963727,0.361920674,0.695568472,5.819261813,38.43258437
6001,14.60079423,32.97220642,6.484478733,45.54019743,10.70287225,21.77442397,5.115829065,28.96296567,529.1206677,1016.093186,5.279501,31.53662088,4872651238,9960191533,6.017250325,40.79154793,21.15989496,76.87812887,5.411283052,30.51106706,0.35930781,0.699808951,5.099759483,28.09429662
6501,14.04607844,29.57606619,6.491789949,46.5135599,10.86633358,19.78634905,4.231219781,20.06062317,518.1125753,881.2285206,4.13161814,19.17559651,4144878594,5920539906,4.396094659,24.6277482,13.05204898,37.24445723,4.678532342,23.48099366,0.372405885,0.906714479,6.348493797,42.9590999
7001,14.47051709,32.1159276,6.499592681,46.13662546,9.489356303,17.7006711,4.437827576,21.32820868,465.5100153,857.0798293,4.581706951,22.68473022,3906964901,6581869650,4.822286347,26.4035611,7.275023049,19.71039115,6.307550532,43.18991924,0.380358612,0.87972001,5.871306347,37.65030402
7501,14.80174133,34.89613616,6.475925372,45.04903496,11.73547767,31.82272628,4.857172938,23.48664066,556.4472779,1437.27718,4.894539391,24.23853972,3885824947,7953632379,5.575358508,34.84259137,4.556560189,7.602536606,4.419898377,21.54299936,0.347705737,0.717422093,5.98612796,40.64834841
8001,14.50018527,34.0044286,6.560713702,46.374796,8.938436799,21.86863496,6.254086719,42.76950151,435.499147,1047.87359,6.319851316,43.58918586,3319149237,7096728723,6.379232571,44.6853955,3.640071602,6.114633423,5.350507374,33.87800082,0.330717059,0.725558584,6.488375328,45.82959029
8501,14.47416266,33.81090992,6.568062036,46.46170607,8.298388156,20.71571927,6.694282865,47.73624518,406.6765497,1005.645408,6.68581986,47.68606235,3143494435,6716828628,6.453202491,45.63904155,3.427391982,5.884837857,5.781758257,38.81448311,0.332639706,0.732539255,6.462986298,45.50876143
9001,14.55258132,33.68453148,6.547506143,46.24534586,8.546353125,21.25174664,6.657007627,47.26573041,417.5501567,1038.667836,6.662580949,47.35565521,3145785729,6554302832,6.365804085,44.64143627,3.530310423,5.339505586,5.168268783,32.57110636,0.337785515,0.72813446,6.423462547,45.11941825
9501,14.48298311,33.17958237,6.550015014,46.38685812,8.663127761,22.17544937,6.564883996,45.74637835,429.5864362,1103.566598,6.539410044,45.37981372,3096437220,6138150483,6.137714785,42.00326736,3.827727916,5.692522687,4.168929598,20.22769827,0.345723645,0.713258605,6.340236838,44.30013988
10001,14.55039482,33.85097087,6.62094083,47.37240749,8.085792659,19.02875077,6.31411872,43.47885037,404.443245,910.5618919,6.131625682,41.27080688,2965380065,5334358841,5.450859776,35.25783108,4.937305929,10.63373148,5.704067083,37.58216554,0.345807925,0.659785142,6.094516337,42.0584448
10501,15.17516806,38.04383589,6.605407135,46.41774881,9.297407676,21.74233153,5.792390173,37.99186407,447.1072747,958.8805706,5.361036008,33.04634515,3885332650,8662517532,5.423228637,34.10614834,8.307879685,27.58298348,5.693434327,33.14771519,0.391314869,0.778446385,5.280473676,33.23048926
11001,15.38400305,36.90095385,6.39015167,43.73504919,10.56622297,25.10965174,4.854795211,24.84735621,498.5142984,1087.829597,4.903471065,26.4679501,5076341876,13927378079,5.125877021,27.13013446,7.101580068,20.86869336,5.969471555,37.54225578,0.555402842,1.425358519,5.960287205,39.34173536
11501,14.53385168,32.31558578,6.480079188,46.10914822,8.478781047,16.88883312,4.693442662,24.00813451,416.6326341,834.0829005,5.056848314,28.96500958,3333035600,6615430932,5.11681492,30.43279073,6.226194063,14.35251878,6.084088641,41.15667997,0.657726998,1.839376358,4.945944363,24.83487197
12001,14.55915551,33.54884812,6.521635473,45.95763817,7.740838781,17.18423,6.196827367,42.13309274,405.9683603,918.0843392,6.11516183,40.96512852,2983388254,5852126413,5.979187464,40.74651163,5.834803772,13.2981423,6.582335352,46.91541547,0.443486764,0.978613451,5.092341218,27.32382339
12501,14.49367542,33.77726925,6.556622099,46.32862104,7.595055486,18.20256697,6.50365254,45.25290233,377.1020414,893.6906335,6.575207113,46.44101458,2833373038,5875357518,6.385312834,45.01081293,5.840400362,13.38223398,6.539486234,46.27272494,0.39890017,0.848092264,6.395684373,45.07059469
13001,14.43034846,33.76629705,6.570668914,46.4825114,7.406082595,17.62027254,6.602417399,46.8198231,373.5510234,887.7335618,6.611986549,46.89431524,2767108250,5893676311,6.444405981,45.45616749,5.769276629,13.46819999,6.56358406,46.38164806,0.400158254,0.889746298,6.419314103,44.92785221
13501,14.45005493,33.79007707,6.565660033,46.43019423,7.454523977,17.78764336,6.59973735,46.74401793,377.6457627,896.6069923,6.590329937,46.65266035,2760719771,5862996704,6.413688976,45.14755522,5.762476388,13.41803541,6.555735501,46.32259181,0.392138456,0.887459007,6.516307108,45.99950986
14001,14.51035974,33.78876439,6.556202817,46.32976802,7.488759474,18.02134274,6.612297385,46.86788963,378.4427224,907.3257235,6.607033332,46.81932108,2831987045,5810337147,6.316885534,44.12914627,5.823642569,13.34801232,6.523016027,45.98477126,0.392525443,0.885801827,6.514895879,45.99684372
14501,14.57871886,33.66101442,6.540871255,46.17231384,7.507134198,18.45894254,6.647233583,47.2264814,379.3260393,927.0387961,6.637435451,47.13002691,2922437840,5597753865,6.126702412,42.20238769,5.901614517,13.10882868,6.461354569,45.36544583,0.395052088,0.879644835,6.491708461,45.77870628
15001,14.55349338,33.09455745,6.540712285,46.3060085,7.644669477,19.63507749,6.671049914,47.24036095,385.5124267,978.2560276,6.659705797,47.15781713,2915594036,5004516352,5.891051359,40.74927187,5.879021833,12.34680047,6.427744119,45.50861072,0.394578541,0.862721495,6.487166095,45.9101174
15501,14.58809717,33.83882121,6.621552882,47.39701394,7.601772274,20.13152378,6.553663686,45.29452256,383.1397585,999.3594566,6.56469832,45.55673689,3217515175,6663384142,6.033716334,41.19014979,6.197646802,13.51591508,6.502772313,46.72572483,0.396984198,0.888140563,6.571884866,46.99968635
16001,14.90993135,37.54120295,6.648330754,47.05784969,6.580842331,17.25074798,6.802937605,49.11642885,341.4551607,879.4733016,6.770686132,48.75305476,3919320057,12018847844,6.505333597,43.99193976,6.930624026,18.14863622,6.571873642,45.63135406,0.410015203,0.982964934,6.567144461,46.24158174
16501,15.19377569,40.48468959,6.659266241,46.8592956,6.735338108,19.42896538,6.703128899,48.05259944,346.2730466,975.0435619,6.751343299,48.60633439,4529915210,14966307991,6.251224791,40.65709671,7.245873547,19.30745667,6.510381138,44.7535054,0.436207204,1.030645313,6.470356286,45.00742521
17001,15.88630514,42.38684527,6.467823314,44.03759437,9.486121833,30.10315441,5.96508947,37.85072339,440.4309892,1405.945488,6.200261184,40.3925249,4498140821,15101514957,6.349299057,41.66627843,6.83890731,18.62432837,6.725764,48.23198672,0.492265103,0.986572899,5.826866886,37.52080273
17501,14.30468384,29.55641452,5.866242838,38.25701727,10.67611128,28.75607132,4.163014087,17.8001589,447.9291169,1156.960464,4.242699011,18.31531122,3980842295,8982427890,4.294239548,18.41362479,6.892339838,23.52554055,6.90980792,49.44313923,0.475011385,0.587367083,3.685819839,17.79028564
18001,13.76003359,26.71288209,5.116659691,28.32488967,11.15987746,32.41290793,4.302744123,18.35579688,406.2786434,1108.563217,4.713367513,24.31972768,3378251868,7612913873,6.137299388,43.32445571,8.329132616,31.85992191,6.26340466,40.19002714,0.603601425,1.034413841,5.104205875,31.23051326
18501,13.86304159,33.56859388,6.492804219,45.03036131,8.924949179,23.29289263,3.850767449,14.14897426,326.1561728,816.171295,4.22036741,18.40710463,2583539152,4339906457,5.058987046,30.17139171,7.293194637,24.30071466,5.40183732,29.43011979,0.729544545,1.628499221,5.875743849,39.17201881
19001,15.15959805,36.31738941,5.811291555,36.57243342,9.521363829,28.89160006,4.551743889,21.45888303,361.0587606,1044.40701,4.648036643,22.28471329,2469104696,4098290455,5.000965259,29.82983064,3.178435891,4.546351998,3.911872511,17.76652071,1.247978595,4.313037949,6.013737599,37.37157195
19501,13.49624506,29.01264489,6.170012277,42.60941495,4.197848894,11.05057397,5.903021746,38.26587565,185.6242971,447.7753762,5.890398709,38.36196882,2460223809,3832573908,4.771771201,27.95007572,3.083677806,5.29123191,5.850865592,40.8630997,1.447151273,4.920969035,5.695219401,33.30251404
20001,12.92151401,29.24374913,6.544700496,46.34108473,2.752181747,4.405053105,4.709211862,25.79245778,129.1324849,192.8004746,4.506612868,24.21603632,2601148241,4288311179,5.683463169,38.0805507,2.537788734,3.140099419,3.449089361,14.61467778,1.176811528,3.231479602,6.39664994,44.03279912
20501,13.01013364,29.5515745,6.512459511,45.92896175,2.687257545,4.411193475,5.449316479,35.30213896,126.5119137,194.631281,5.182097128,32.68247644,3157012660,4866972875,5.38828797,35.1033596,2.3970511,3.260389329,4.510791353,25.98983591,1.101311195,2.916784552,6.741984242,48.04698545
21001,13.09518994,29.42534758,6.496273341,45.77371854,2.837266574,4.375586964,5.315223841,34.17030884,136.9439197,196.0335744,4.949190855,30.55410153,4328262845,5725565065,4.481068198,25.92370557,2.672495772,3.570089642,4.604869401,27.22319812,1.067704914,2.896049918,6.760310366,48.19388831
21501,13.3691468,29.00983522,6.420368907,44.9885786,3.222094514,4.203321704,4.344096378,24.53609232,159.1622188,193.7931774,3.883642901,20.08959897,5790467504,6887585066,3.55908069,16.66574341,3.194860366,3.899725606,3.933432044,20.57001447,1.032852402,3.073210254,6.810591179,48.69238968
22001,13.44110384,27.24097193,6.319538204,44.26651706,3.750977166,4.743328684,3.409508304,13.56112919,193.435692,252.4754032,3.493114365,14.12946424,17204816478,36247408117,3.943822865,17.17333703,4.094970416,5.984279706,3.916785493,17.41236773,1.165982829,4.003963828,6.587184893,45.3657882
22501,13.80826958,27.43055735,6.276511102,44.61537874,5.580952156,10.42079359,4.056333367,18.17137967,315.6048846,616.7982102,3.690712882,14.10597185,93141719960,2.34214E+11,3.683245897,13.55210551,6.519998675,14.47438811,5.384842034,33.77386367,1.622809737,4.761546502,5.269255423,29.6846746
23001,15.37775911,38.32437841,6.717401303,48.29070942,11.63781655,37.33157471,5.345417479,30.35978116,752.4077022,2396.471862,4.967706556,26.24300483,2.54084E+11,6.40628E+11,3.082774573,8.594886762,15.819598,54.85716893,5.431099219,30.43927561,1.072209105,2.220540528,4.124667906,20.29742819
23501,18.47697502,52.27529651,6.217908803,40.49344034,15.65030415,57.63417391,5.45333137,30.13950034,1005.889433,3671.708739,5.287840269,28.45311319,3.31802E+11,8.96705E+11,3.342091751,10.08462122,17.7180477,57.69597381,5.133676637,26.66677697,0.831614145,1.914056939,5.292291407,31.91509109
24001,16.54205394,46.53896661,6.765736142,48.05981078,9.86246315,32.94403422,6.493022036,44.92899586,552.9317417,1754.993496,6.198885585,41.69639579,2.08089E+11,5.24131E+11,4.433539055,20.41113713,12.57303789,24.55435356,5.120025317,28.65306914,0.737597707,1.667769352,4.393651658,18.89141184
24501,17.05830749,46.63191408,6.535634657,44.89836287,10.06667993,34.72426297,6.482275154,43.53986736,569.24562,1733.869862,6.23132642,40.86512414,1.78658E+11,3.19183E+11,3.694771601,14.91497955,15.4000651,24.58313222,5.430031454,35.55490244,0.549449687,1.050396157,5.670331622,36.79003519
25001,15.86424182,36.92173607,6.384358101,43.97864874,9.598819167,27.4449031,5.673261055,34.01581278,550.8254573,1223.12178,4.666789627,23.58625309,1.56631E+11,3.0285E+11,4.085913501,17.95155206,40.07874924,91.96974883,4.298843323,19.75610662,0.478077663,0.785260165,5.272108583,33.70069553
25501,14.68884589,28.48774464,6.11978662,42.27390268,7.398826408,13.90276803,4.881523596,26.44329703,435.0382145,657.9120219,3.134560038,10.46121719,44112204568,59535032048,2.755820198,8.363908399,183.5016044,473.6102198,4.00263226,16.18986026,0.69709404,1.424577313,4.305387272,20.7739447
26001,13.56502397,22.79879194,5.837203243,40.44619905,8.203906653,15.2592772,4.157402227,18.81772278,631.7231814,1329.083355,3.782901411,15.90851279,12548493731,30680076994,5.769317145,38.98348939,422.2688343,1076.36392,3.423461858,11.30447318,1.173443416,3.389813375,5.30932873,30.94080419
26501,14.64445882,29.31136091,5.821451631,38.44297536,8.184472477,16.01629562,4.006549674,17.88539145,730.3275899,2113.160926,5.099028479,27.41164762,10180888033,17607485576,2.679146489,6.97875185,574.5954241,1626.532466,3.539888372,11.92916991,1.242516887,3.546120739,4.506042008,20.35524018
27001,17.33327235,44.9279769,6.112502734,39.59459581,11.12433609,33.67826956,5.084516527,25.85264719,530.1652836,1227.985018,4.598615455,22.47205058,12340921671,31588354993,4.657122247,23.03860677,270.4682677,834.3936092,4.443462942,20.79158528,0.69576981,1.691277938,5.701257487,36.81633276
27501,16.18227212,41.83797351,6.560744412,45.53045249,7.5154939,19.4863762,6.417608912,43.54102788,460.234924,796.1883441,4.23569826,19.87451892,7289215201,12920070266,4.448481663,21.70963555,50.1162867,149.3683773,5.194722234,29.19528184,0.497155979,1.01998141,6.297682643,44.15159072
28001,16.10209968,38.57807712,6.59370737,46.73463945,7.428582766,14.61039279,5.952418411,40.52630173,406.6858913,638.4192179,5.151244924,32.78479732,7662406389,10058218491,3.638605986,15.92766255,17.36604773,40.2727013,6.101940281,41.10487923,0.532892986,1.247396777,6.279289733,42.60106888
28501,15.79308406,37.38750311,6.592411211,46.69210351,8.197396908,18.61711572,6.090619776,41.05512732,452.4530312,1058.600111,5.945147147,39.34422135,15890769653,35213185569,4.173385332,19.20615011,9.886992703,16.4339191,5.002807367,29.54636719,0.482691749,1.086086871,6.127866512,40.51784726
29001,15.76151202,37.70379042,6.683820532,48.19131216,10.26898574,35.23805495,6.680340411,46.12911325,711.9009219,2605.654009,6.160966798,39.08590319,49667182615,1.36834E+11,4.181503386,17.80020343,7.860441689,18.23950524,6.663518174,47.96060428,0.438381127,0.82611945,5.614432735,36.47577164
29501,16.94762747,45.43399731,6.619205403,46.1632264,17.09122658,61.34061683,5.794542082,34.81747142,965.0615802,3562.081151,5.497992583,30.70065575,1.24183E+11,3.64676E+11,3.629836317,12.10471443,8.68729452,24.31121997,6.539816621,44.84325405,0.490030038,1.160884577,6.361891508,44.26271136
30001,17.81645607,42.30238187,5.850025633,36.79338991,16.86907884,50.98846197,5.039560435,25.68163351,695.7198675,1920.443169,5.104114936,26.29718534,1.31587E+11,4.47335E+11,5.139963678,27.4489297,9.150636307,22.07875457,5.34827413,29.90465612,0.59788966,1.4440694,4.981023837,25.62149916
30501,14.95809813,28.14588035,5.728785793,37.78182052,11.79053552,27.95852898,5.280455865,29.56792886,588.4528658,1335.446304,5.278080696,29.66210651,1.34685E+11,3.41385E+11,4.102470628,17.87051352,7.015663662,10.6599382,4.373081258,22.1887527,0.469596104,0.834731134,4.861155454,26.18189731
31001,14.97652953,30.84814763,6.260624541,44.19546712,8.990123854,18.10954017,4.747348117,24.46633146,459.1270398,873.0966871,4.542837384,22.90431329,3.72664E+11,9.51019E+11,3.376430917,10.46085026,6.91891386,11.89941201,4.788309924,25.68856024,0.499601875,0.978968553,5.963434012,40.65470424
31501,16.47787333,43.85426693,6.617072925,46.23257359,13.65635233,44.80125089,5.171429572,27.44141592,723.0880137,2296.879268,5.078288705,26.55075258,8.28696E+11,2.23172E+12,3.257293979,9.643429627,7.935249459,21.83962355,6.494943327,45.42281952,0.583317339,1.332442285,5.674483357,34.99863521
32001,17.94668924,49.91149669,6.171974495,39.92842409,16.17734226,62.62133546,5.573275243,31.30198154,908.2862077,3497.557127,5.575490965,31.42595959,9.53257E+11,2.93374E+12,3.879748529,14.89807324,11.38230808,39.70198805,5.69772056,32.91722721,0.570349897,1.373375864,6.220843834,42.75818861
32501,14.99719673,36.26710631,6.603243053,46.591386,8.81899625,24.93428135,5.412888872,31.00138281,508.349107,1448.645462,4.938803373,25.06062932,3.79109E+11,1.23464E+12,4.478780567,21.04955613,7.857824568,20.47356459,5.915366982,37.4732766,0.688756205,2.095648211,6.338749286,41.68656284
33001,14.27161738,29.02094835,6.330836286,44.61162185,5.648568592,7.228330045,3.156741231,11.04353323,301.6304421,373.0145273,3.061725073,10.82899599,43257430850,96375195374,3.160576819,10.17102591,6.10551418,9.249163727,4.987645711,30.72099555,0.64855789,1.817597352,6.373767353,42.91236388
33501,13.89445323,26.45218492,6.152661285,43.10111255,5.646158458,8.32764518,5.140234631,33.28186405,307.4430962,449.9767881,5.01771934,31.92866685,11309449906,16907985043,4.682491338,27.89633949,6.122790478,7.875854049,3.716458669,16.61280781,0.644103239,1.65151153,6.440558422,45.05576386
34001,13.81674295,28.47185931,6.474030219,46.64378467,5.253774538,7.938918131,3.854185509,16.43111484,293.0394217,479.0592376,3.982857755,17.69075541,6874214104,8075547439,2.946133038,10.37265961,6.268887639,9.341277783,4.40977824,23.60819612,0.72670919,1.762594599,5.466353412,31.93457766
34501,15.07068493,38.10637708,6.640087666,46.8849129,7.03782234,19.44777134,5.91589194,37.37775571,455.9764744,1324.51947,5.423738223,31.47549463,8307288742,16997889109,4.034894733,17.75212991,7.203810008,18.37572156,6.505090271,45.01636919,0.584795964,0.935156241,3.473228578,12.42151728
35001,17.01724355,43.53902864,6.120447408,39.77676617,9.703077296,30.04759486,5.203747295,27.31463744,638.0652746,2108.686267,5.111584826,26.1571333,12482504061,25855976039,3.728657783,14.51000038,10.24306251,30.21186297,5.811036118,35.35663106,0.664603243,1.478690591,5.093983693,29.09268658
35501,14.53817056,32.13330872,6.53942545,46.6510717,6.080950834,11.50906501,5.767769786,38.38335687,332.2979368,557.2890946,5.150968608,32.06643286,15236910669,29283339342,4.272999128,20.79402738,9.501725068,25.83668375,6.367968922,42.69704369,0.913217579,2.79841225,5.164239331,26.98244726
36001,14.8464121,31.09061994,6.276274717,44.11531728,6.834924141,11.84369891,4.931454448,27.80437668,391.1884679,722.8174962,5.170772168,30.32246111,28896061745,52903789388,3.184594193,9.87018497,8.33539986,18.1687557,6.491345247,46.35617594,0.703017886,1.823701564,5.317264249,29.58267051
36501,15.39830423,37.42283805,6.682924395,47.79973795,7.484900769,16.16391741,6.466725213,46.37523775,444.2935616,1022.329856,6.106602951,41.6103462,1.13847E+11,2.50499E+11,3.139131735,9.592418487,9.072169839,21.81108308,5.961670496,38.76875432,0.574944432,1.107384418,5.064499421,27.86116088
37001,17.19772918,44.4041514,6.295524353,41.91663794,10.82957866,30.15286523,5.941923429,37.98162588,746.9457427,2417.872968,5.559159925,31.85025365,1.13005E+12,1.9048E+12,2.272049769,4.689020743,11.60656034,38.93179434,6.469040412,43.27395589,0.61966874,1.316213469,5.861199736,39.002646
37501,15.1702925,34.05657372,6.43267377,44.82611572,16.39210543,31.94661724,3.546653838,14.34528971,789.3100518,1699.546715,4.277899682,20.96594524,8.31213E+12,1.40519E+13,1.885398426,2.183510605,15.75370833,50.22233161,5.372145803,29.7856276,0.840373465,2.434967648,5.667579253,33.37644081
38001,15.49111118,30.94066841,6.049877385,41.58941812,25.98184466,35.80017167,2.50702846,6.977320946,1178.501949,1611.273596,3.309526013,13.75620529,2.01311E+13,3.25356E+13,1.858567383,2.256182097,15.23415783,21.72045669,2.688660479,7.101308024,0.962734181,1.598234463,6.504134492,45.93877817
38501,20.5809794,40.34972099,6.130990202,41.5517102,45.50297079,55.32137939,3.475373168,14.50796073,2346.9215,2503.077354,3.292379016,12.77479349,2.38343E+13,3.72229E+13,1.95578406,2.693874664,35.08183614,41.45690343,2.525453853,7.835250683,2.131769409,1.547554355,3.6998369,20.82856085
39001,27.86196585,47.14733075,5.241965642,31.39579233,67.92350026,75.69473708,2.780526207,8.194337385,3618.455061,3603.9379,2.505256738,6.217308335,1.40902E+13,2.05364E+13,2.301175861,4.365422345,46.85218905,46.95350484,1.612191489,2.240342053,2.863465521,1.808721362,1.826116536,6.230690169
39501,20.73218616,35.38298184,6.10821342,42.70092956,48.8427386,45.51518697,2.149838756,4.638227995,2722.532678,2451.997353,2.363966806,6.277400886,5.19157E+12,5.68932E+12,2.10703381,3.663092879,34.9827959,35.66227184,1.858412239,3.781733187,2.242655116,1.955877165,2.996519208,11.81491202
40001,6.458790252,6.19366298,2.824513636,9.034957625,6.0425277,6.422052942,3.360118204,14.69882802,302.1071857,320.7721264,3.338596061,14.4736886,21177472426,21419363174,2.903621648,10.66253107,5.373489279,5.527949316,2.175216898,4.467435802,0.516549814,0.528741936,2.116305479,4.091773774
40501,13.08957239,25.82498172,5.656176735,35.48340825,13.11124005,16.32861806,2.903614559,9.141615608,646.123349,867.0377277,3.368871762,12.91207511,38891384365,58669203785,4.315978578,22.01757441,12.94854608,21.60857574,4.45701106,22.7422182,1.298535928,1.982658217,4.163767594,21.01169751
41001,17.68284214,43.61974076,5.722617616,34.62832884,15.58638872,22.32314641,2.913722473,8.804672105,792.0835677,1270.953728,3.727115358,15.91764084,46424399395,81732265210,4.333211467,20.88559902,18.04958045,41.19551657,5.139827935,28.44150977,1.709597591,3.720344169,5.475672703,32.8383842
41501,14.50120463,33.25935893,6.422575393,44.75784384,9.489236196,13.68464123,3.075428475,10.90702633,518.429273,875.9883582,4.497555213,24.91097253,38406766283,61658034758,4.907956894,28.91742191,11.76830365,22.65534237,4.5106685,24.86626092,1.421966181,3.433444433,5.405425514,30.99751845
42001,13.83482059,31.3003565,6.471847141,45.40194725,5.757498396,10.07395755,5.245985903,32.87984308,355.9310512,706.3708489,5.613680528,35.77211195,42716593940,59489308963,4.18882278,21.64890278,10.43985475,21.98563894,4.099102453,18.9069658,1.065216785,1.862681329,4.374926463,22.90592732
42501,13.68661784,30.01781887,6.547153795,46.89805888,5.032826601,8.649596676,5.598354053,37.04669746,297.4211179,451.7188382,4.984744026,30.76873717,65800919341,82562210330,2.232286583,5.317539853,8.942746865,17.45759219,3.593064328,13.04259035,1.235755704,2.803747374,5.466138026,34.97250283
43001,13.8772199,32.18834723,6.543237723,46.23896777,5.553495296,10.79658206,4.515010975,22.62904913,353.924274,644.7273712,4.14258911,18.72860693,6.06758E+11,1.29814E+12,2.867582276,7.517398988,8.889530378,19.98337907,4.29013556,19.12657804,1.544678261,4.401419931,5.04054801,26.53469945
43501,14.2845446,35.93984455,6.732413422,48.44336402,10.16425759,26.55371755,4.335046857,20.36852255,597.4173413,1494.81929,3.963715253,16.15878472,1.86994E+12,3.99132E+12,2.681899857,6.260044687,8.89815111,22.24655512,4.431122722,19.28043137,1.364326216,3.904916071,5.305651775,29.26356292
44001,15.77915799,43.14846616,6.322617973,41.92271796,19.19875887,55.48011336,4.221159553,19.12927107,1122.404173,3326.913876,4.321703536,20.00520148,2.84802E+12,6.08782E+12,2.426882628,4.552530196,6.924539326,14.62809421,4.836931064,25.32607079,1.136780431,2.527762997,5.266755106,31.44367327
44501,13.78472693,30.81665145,6.273440038,43.48323839,14.30556718,31.82249906,3.121508602,9.196681273,763.6854285,1715.051811,3.138257008,9.12521003,1.90446E+12,4.53976E+12,3.248500223,10.88535573,5.82489409,13.28538293,6.331101564,44.38590524,0.990528174,1.677058416,4.153567614,18.90305854
45001,14.54377435,31.78699428,5.664618247,36.01453928,13.5143504,28.81583751,3.280495336,11.42319719,734.6685213,1640.194754,3.54985139,13.51065678,4.35595E+11,9.68641E+11,3.064046788,9.454150659,6.565357643,18.70683696,6.325172641,43.24899064,1.071402724,2.236311181,5.188180391,29.50762471
45501,14.90442576,35.4783968,5.995738074,39.04998969,11.2780777,27.60584499,4.010332408,16.93900716,665.8700466,1708.535111,4.084980963,16.88667962,74536596527,2.24362E+11,6.515180619,44.62442036,10.75743225,32.75829891,5.311966294,30.13028063,1.161507641,2.889803242,5.559691497,33.08565392
46001,12.70891437,26.7583738,6.166840973,41.756904,5.386226055,9.549760916,3.779476367,14.96729705,333.3959053,567.3259712,3.419453538,12.4879232,38468764075,59089165669,4.189068182,19.57456136,12.59954492,31.18929014,3.525214225,12.2529712,1.036407642,2.972465675,6.656386943,46.44854314
46501,12.66377907,23.51013949,5.51187006,34.9418718,8.041271832,17.80447126,3.694506364,13.84669402,482.9476766,1110.742316,3.973788377,16.51895428,28479168029,46607540605,5.772196246,39.25710748,14.48424619,38.41256352,3.770186125,13.51507474,1.072129834,3.072435231,6.475536159,44.24290205
47001,13.47957873,29.86805097,6.332702436,43.51886517,7.045428176,14.83962007,3.50317439,12.00404764,373.8190556,743.7938709,3.674196943,13.80397204,29251869795,51885752898,5.926738635,40.43733652,10.52672182,24.72540996,4.039709532,16.92152394,1.260772141,3.16366455,6.11269005,41.52259833
47501,13.87328363,30.34040268,6.232141891,42.69303174,5.712694988,11.68754932,4.456293021,23.42808961,337.7197971,716.0205904,4.368012536,21.31045057,30407864674,53454162264,6.007095247,41.69284328,10.27483596,26.98906294,4.475504613,20.69442384,1.656849321,3.730647205,4.976078983,27.60055355
48001,14.26794581,31.13891578,6.286972156,44.02088835,6.490754276,16.73013975,5.746588587,36.61181729,338.8196614,815.1252044,5.231631646,30.00413664,33546164912,65706764390,6.23385629,44.32075489,8.866998391,24.28498795,5.520985811,34.30059061,1.284787825,2.315569273,4.09804137,20.31735154
48501,14.84479775,37.7617987,6.643283438,46.83205598,8.361749492,25.6008624,6.034643232,38.37827178,397.2050518,1098.165398,6.02470569,38.71299547,40688224754,1.08402E+11,6.606263822,45.99003105,11.01663835,31.413821,4.32513573,18.5552838,1.132927288,1.982762943,4.338619741,21.45106444
49001,16.03858581,41.66203458,6.468389523,44.29224268,8.418967189,25.44211667,6.333479486,41.79297415,390.3954668,1066.706168,6.447606665,43.84619733,50478109512,1.3445E+11,5.874879063,36.47760934,17.73927039,69.48597098,5.230740496,27.20585494,1.062023675,1.82594737,4.129367468,18.87270851
49501,15.25275438,37.81069981,6.603318535,46.48241694,7.392510954,19.59266064,6.6664093,46.91094318,376.9697892,955.0513557,6.673909837,47.46599364,42581788138,91249607303,6.421242973,45.14782768,10.03571634,32.96968937,5.391878333,29.52376695,1.169517964,3.008099034,6.399175947,44.8150868
50001,15.05727121,35.11116366,6.600951278,47.0116587,7.146905919,16.73565241,6.608017871,47.28355525,378.6162269,945.0119036,6.641629501,46.96853131,44095059049,80827737039,5.910349953,40.47194205,6.283595163,12.45477392,4.88785752,26.43138648,1.902390487,6.425858866,5.728272141,33.52285446
50501,15.21041825,35.12018999,6.551090114,46.33492505,7.167908163,16.75641852,6.571539539,46.5750452,376.8382634,928.280889,6.634829001,47.0189778,47428004944,89000033256,6.113108832,42.27766437,5.502946687,8.3870743,4.857330198,29.1305498,1.541981989,4.978074876,6.653151793,45.7463187
51001,15.30062497,35.05405202,6.519384636,45.91246525,7.230153241,17.05213428,6.531031531,45.87070841,376.996027,935.994633,6.633927421,46.96544107,49765957394,92983614450,6.111994165,42.32027418,5.291632399,8.726155272,5.499959611,35.75576328,1.555290741,4.43831892,6.7075472,47.62806668
51501,15.0663951,33.85668242,6.539492573,46.42948112,6.95111326,15.91783074,6.492957344,45.50951916,372.7440582,924.4042314,6.509848553,45.12241095,52416445702,1.02338E+11,6.176218948,43.60136404,5.134626378,9.442956606,5.657706348,37.50422447,1.56999301,4.772806791,6.64874173,45.94249164
52001,15.22950307,35.98152534,6.653832165,47.95747298,6.682442274,15.7423131,6.576756613,47.44243982,336.266836,779.3460313,6.652867191,47.82203811,62222291863,1.69417E+11,6.828115162,49.45722017,5.953759271,16.46560367,6.694337517,47.55417368,1.416456709,3.931779459,6.307091993,41.82482675
52501,16.15505805,44.45303053,6.671443602,46.79919079,7.265569437,22.33331312,6.792492872,48.10675719,340.5776671,824.0796429,6.540578131,46.48522741,91613490026,2.94375E+11,5.917411022,36.03894464,7.925311406,25.89737219,5.87189687,35.68922963,1.167608194,3.003279185,6.279039352,43.18917962
53001,17.40500677,49.30377421,6.458450124,43.67136859,9.241029256,30.62884592,6.017893983,37.6473927,374.9183735,1002.763587,6.355074196,42.70460185,86011038040,2.24875E+11,5.765252674,35.00313657,7.142847119,23.96602999,6.60080462,45.17463816,1.205209101,3.634249223,6.410824661,43.03755249
53501,16.10578131,38.30250143,6.087571413,39.74403107,8.138626009,21.1491522,5.098047335,26.17957971,371.1925544,799.5132325,5.330787743,30.44031171,67241317301,89311810552,3.917342454,19.10341014,7.621018212,20.65230442,5.290794617,28.54315589,1.169462906,2.625896065,4.415401847,19.41564705
54001,13.75724716,24.66870963,5.679177664,37.63653985,5.948002394,9.251562373,4.514071061,24.99444024,312.8816421,417.9792224,3.614834073,15.42263721,76632081247,1.32511E+11,5.17524224,31.67900101,5.509460309,7.487765618,3.476880299,13.75785563,0.889812704,1.605391592,5.393559128,34.48423908
54501,13.27201061,23.68127233,5.847714269,40.18534509,6.138578544,9.422589754,3.830841151,17.69052238,367.0056962,581.5890823,3.680306832,15.04071434,86336123825,1.65788E+11,4.712154859,26.00633982,5.665193152,8.761956697,4.810110218,29.40254238,0.730938065,0.93424803,3.624081255,16.95232744
55001,14.11742742,32.54888764,6.618546492,47.65307031,8.390664451,17.25150105,4.086979573,19.37775918,560.1206342,1194.501366,4.193640291,20.51075433,1.58533E+11,4.17063E+11,5.146504376,29.78875354,6.190398516,12.40586644,4.927563095,27.85837663,0.726486937,1.351002643,5.657610706,37.58543743
55501,16.80852154,45.0948036,5.95625491,37.20414579,12.00057381,33.18212571,4.884645525,25.09204349,770.3965455,2005.512509,4.524647863,21.65516263,1.85445E+11,4.58816E+11,4.16228575,17.85492199,10.51534117,36.24982687,5.602047905,32.00144085,1.068917886,3.077989398,6.022095692,38.4632444
56001,13.9583343,32.63277937,6.642924646,47.72266692,7.552596599,16.22118406,4.87035566,26.84339402,563.5267955,1289.234781,4.705092902,23.97043941,1.43325E+11,3.3131E+11,5.935873871,40.34276315,8.727617342,28.84614522,5.940199788,36.6931148,1.22378771,3.344211853,4.967258686,24.73164042
56501,14.5695561,32.714716,6.43371459,45.37222031,7.193653446,16.55264114,6.18767958,42.02553413,552.1413572,1505.176877,6.153325055,40.07415744,1.2783E+11,2.06838E+11,4.801178866,27.56060908,7.25178557,20.73950131,6.279334654,42.70153357,0.868397217,1.541516266,4.951386992,28.6112969
57001,14.30841244,33.86834555,6.534118015,45.81414881,7.042027092,16.8486734,6.557254326,46.10888732,514.4649013,1363.13078,6.505442772,44.59341772,1.43869E+11,2.66697E+11,5.885715847,39.44283343,7.207870584,21.55933039,6.288718294,41.0735056,0.87667343,1.463795496,4.732079375,25.46554797
57501,14.00806479,32.51325691,6.551684198,46.30804563,7.165438057,17.10018235,6.589105425,46.62471642,473.7759422,1108.259095,6.597700771,46.97651356,1.73495E+11,3.20026E+11,6.084428349,42.03240486,5.783253895,11.52276976,4.99705449,28.01580552,1.092501327,2.911233276,6.293940844,41.86773446
58001,13.90101743,31.9301697,6.561067367,46.54526734,7.211671181,17.30545589,6.53904478,45.79243483,467.5624292,1046.017705,6.535185965,46.54074644,2.38847E+11,4.09428E+11,5.790137271,39.01294856,5.371481381,9.255488372,4.667744651,23.99590354,1.322391375,3.851304416,5.698654538,33.88839963
58501,13.98712969,32.14637275,6.537544269,46.1605548,7.338254682,16.46256397,6.489951443,45.73394227,472.5190308,1054.076102,6.485226251,45.67441372,3.36562E+11,5.37142E+11,5.474865714,35.80631548,5.19831242,7.918028959,4.808799336,28.23241025,1.137636268,2.843021183,6.447722246,45.00657749
59001,14.11865324,32.02287135,6.507193195,45.82529318,7.604987277,16.17116303,6.360633549,44.28807094,487.0678843,1055.559954,6.392347179,44.57943874,4.48299E+11,7.09786E+11,5.336819117,34.54919409,5.044481331,7.396620499,3.998361735,18.07814863,1.10319913,2.669662548,6.642417147,47.19127536
59501,14.09034762,30.95136414,6.460672199,45.45781245,7.94195632,14.36056958,5.440812799,33.92627517,512.6357534,954.4790469,5.594948879,35.51164759,1.7267E+12,3.17333E+12,2.596100964,6.285943371,12.61830005,28.22510079,3.481372286,12.41672957,1.115804977,2.574948588,6.491646894,45.42538391
60001,14.15327988,30.21795314,6.496156803,46.62381829,11.22601315,18.59277167,3.617710551,13.64865473,679.8230472,1069.453669,3.725180565,14.88764947,7.3698E+12,1.47877E+13,2.631042379,6.438123531,28.92132565,71.74523714,3.134926276,8.905345584,1.070413113,2.294807082,6.507165814,46.72447619
60501,15.61246994,38.04204902,6.640151673,47.29737658,19.66878303,38.24769274,3.771025423,14.57848257,1138.89872,2042.755182,3.773963656,14.97873576,1.46833E+13,3.30259E+13,3.00965557,8.756479405,38.87061554,99.39173743,3.115170567,8.813287472,1.186760287,2.862287481,6.583721847,47.03261826
61001,17.57675501,43.25626275,5.968865912,38.04539031,36.89307918,86.97956575,4.468697379,21.74397483,2144.836733,5071.226755,4.673129432,23.7418635,2.53954E+13,6.67382E+13,4.285612257,20.03606374,26.32845678,67.49378166,3.803031844,15.38941793,1.428550338,3.625821624,5.637361518,33.46953002
61501,15.48364218,34.37528324,6.243116276,43.3102673,88.14730229,236.8761877,4.518331765,21.74527784,5605.801359,14859.55993,4.600225216,22.74229257,5.05209E+13,1.44325E+14,5.141298906,28.63477887,14.48370358,37.25822683,4.919855372,27.2746241,1.128909526,2.088434651,5.621629865,37.00144495
62001,16.32831361,43.15353362,6.774732802,48.76855084,207.8265845,626.5403411,4.233534572,18.04142265,14438.65678,44088.32916,4.177728544,17.13601246,1.28781E+14,4.09556E+14,4.418134305,19.40721463,14.61848719,44.78377721,4.956761619,25.05999129,1.234763123,2.746291688,5.857918082,38.06845832
62501,19.46613858,58.2144527,6.31019081,41.54766048,405.0376382,1512.09009,4.828540192,23.10189024,27769.83829,104319.2667,4.855692503,23.38891861,2.05441E+14,7.5489E+14,4.860599438,23.55780856,8.600315915,21.03593086,5.580113054,35.16755844,1.542794866,4.27474227,5.842416817,35.87608237
63001,17.80550931,47.10136459,6.035977077,38.38541761,337.6387617,1288.966127,5.067458552,25.77584942,22994.66278,87554.9524,5.058028519,25.69062522,1.63093E+14,6.05831E+14,5.02706494,25.43198539,11.43089078,22.19103008,4.226352574,21.53938634,1.307632335,3.446337836,6.544873683,45.24496944
63501,14.02160341,26.97841687,6.011745438,41.37309233,97.87173897,300.3458727,5.1162302,28.16147726,6653.590427,20404.94369,5.117283033,28.28220545,5.19627E+13,1.59445E+14,4.783730608,24.02974994,13.57341749,23.41622485,2.356983235,4.74422645,1.235584607,2.836631957,6.446934643,44.84378821
64001,13.50656859,24.73354749,5.879843456,40.32376517,26.99814248,60.34149819,3.84205975,15.22149686,1796.423548,4372.854561,4.052983227,16.71539394,8.76738E+12,2.46999E+13,5.250029683,30.51085108,13.30529289,28.30881115,3.075784473,8.55155629,1.147207737,2.12964263,6.147894118,43.11237487
64501,13.56108395,30.08178328,6.561879466,47.0500929,15.9306672,35.20927825,4.975355769,29.43878773,899.7866054,1945.600006,5.308759506,34.13398214,1.85043E+12,4.10816E+12,6.029627043,41.20697922,16.70175239,38.51961817,3.287966441,10.59733933,1.27328813,2.274210793,5.666037129,37.57069765
65001,14.9694414,37.3603341,6.164123333,40.56485735,11.13533897,24.00415682,3.956651887,16.72463391,599.7200069,1115.114819,3.609556767,13.79781533,8.2418E+11,1.21186E+12,4.675550605,26.75434397,17.13847254,39.71296526,3.32174131,10.73312463,1.453662689,2.41409798,4.632017272,25.66251526
65501,13.23064686,31.69316963,6.563318757,46.05832588,7.491020263,15.42576653,3.741243418,14.90800648,382.8437395,644.5915585,3.452865709,12.67413945,4.69376E+11,8.13244E+11,5.792333526,39.1731956,16.98025943,31.99503472,2.986423609,9.229588849,1.871185195,3.000391043,3.843256244,17.23578975
66001,12.51674553,26.48694846,6.477129731,46.20483401,5.209779918,9.020749173,3.703918659,14.72179548,299.6988526,487.425612,3.979105059,17.93648573,3.18338E+11,5.88859E+11,6.050761568,41.97758052,15.00551254,25.22547819,3.514853111,14.48057697,2.498139596,5.346951142,5.654828457,36.89949212
66501,13.01079456,27.98064108,6.330008909,44.55618378,4.520924061,8.670944358,4.828647686,26.57788186,268.1727706,506.9523076,5.262066309,31.85965336,2.35741E+11,4.55076E+11,6.258928083,44.05718248,11.78557541,22.05401717,4.475793963,23.74510783,3.371385226,10.06634836,5.411717203,30.17496404
67001,13.63760819,32.58817765,6.396180178,43.89251632,4.114465573,9.452231588,6.07443062,40.28149652,296.141732,747.6216384,6.023596425,38.90937178,1.85796E+11,3.68656E+11,6.289885597,44.25468154,8.407048773,18.00044227,5.375037089,33.34877897,2.708176136,8.222239229,6.432629516,44.33378658
67501,12.99682499,31.18145539,6.557931688,46.10449066,4.173355328,10.74518116,6.00955692,38.28141461,278.2765567,733.5718223,6.31587619,42.11278685,1.50673E+11,3.05824E+11,6.348429297,44.75215157,8.398347121,21.74892493,6.117473309,40.63113952,3.077002528,9.67513205,6.047384281,38.17484267
68001,12.75699819,29.54098406,6.541471791,46.15181359,3.359919677,6.655738193,5.871937379,38.93935924,237.3770144,495.1122695,6.116858661,41.55784113,1.25462E+11,2.57197E+11,6.364670031,44.87815113,10.00549964,22.61015455,5.307408935,31.81975333,2.579909362,6.098579346,5.200214683,30.01369052
68501,12.45549254,27.4342267,6.513672151,46.28604183,3.13686498,5.223056902,4.272131297,20.96281906,218.0212504,393.260964,5.171972268,30.9242082,1.06375E+11,2.18585E+11,6.37140803,44.94240265,10.28748747,20.13618006,4.729745224,27.76380679,1.633805664,2.691139432,4.534641189,25.92852421
69001,12.86856336,29.6566499,6.5961507,47.28992338,4.056068828,8.044852035,4.353085934,21.9657441,229.739752,506.0664326,6.181107571,42.94498377,91889186682,1.89645E+11,6.396000283,45.27235652,10.08038304,22.84399032,4.679678228,24.87029556,1.439184323,2.366024844,4.352762989,21.19743543
69501,13.65665577,32.566413,6.153429324,40.58933265,5.463699444,13.42045532,4.113992342,17.4061018,281.004378,690.6786911,5.052124968,26.82860223,80899817163,1.69827E+11,6.397056892,45.06379187,7.124664096,14.96070087,4.876485426,27.7668334,1.334133358,2.481090881,5.877650171,39.55210976
70001,12.71743533,27.95573858,6.432266831,45.89530212,4.851748583,10.31588193,3.454799326,11.75296884,238.5667935,440.165477,4.041918933,17.37912576,71426315604,1.4954E+11,6.416291494,45.35707087,7.414076387,12.58925819,3.412974526,12.69096378,1.477084018,2.898936644,5.801872992,37.70492457
70501,13.69139498,32.47344253,6.278884634,42.32462742,4.701917648,9.97332332,4.010397619,17.84282287,239.7122999,480.5744005,4.943179618,27.86334508,64339726020,1.35167E+11,6.406744022,45.23286489,10.35661312,18.46948799,2.828765135,7.989666626,1.438409045,2.308603039,4.991031458,30.40493843
71001,12.49100161,27.21494265,6.462181197,45.91819022,4.321960672,8.471466125,3.729006282,15.04865488,214.4915008,409.0106583,4.938035399,27.8455471,57989299704,1.22107E+11,6.409678122,45.18215169,12.60216439,24.64633458,2.706078625,7.061837271,1.845329566,3.243022398,4.337686405,21.22340615
71501,13.31434772,29.54698878,6.271134928,43.63852273,3.706145864,7.313586616,4.117068036,18.21541019,231.3231187,520.0538474,5.353991121,31.68121394,52890212414,1.10528E+11,6.404850025,45.26364974,10.36615129,27.77020497,5.292812016,31.42916548,2.454765962,6.511277576,6.379216744,44.25182424
72001,13.74628796,33.37741319,6.359678124,43.38352382,3.352988296,6.041755264,4.513269638,23.6731567,279.2964737,752.4162745,5.520965777,32.25613477,48524948769,1.01929E+11,6.41334115,45.27166053,9.97470506,27.21397095,5.291381286,30.2727817,4.62374198,16.64560251,5.626405336,32.22640741
72501,12.89126003,30.42924393,6.487254933,45.23752578,3.371927567,5.236361401,4.101758033,21.32944296,248.0233074,543.0725312,5.689158807,35.91429939,45057496461,95109599078,6.430517725,45.4902604,10.02140723,18.29645486,4.500640213,25.23588311,4.296888629,14.09148956,5.497312099,30.77412448
73001,12.33765082,26.89526061,6.537670888,46.76781347,3.654446003,6.016913022,4.700183743,27.55393313,229.4440123,359.3500508,4.097898882,21.01320359,42033708391,89524278167,6.40881636,45.05924021,11.34118546,16.74286398,2.668992446,8.888044904,2.145412823,4.230580651,5.875650216,39.96859747
73501,12.68352493,28.04453093,6.516213148,46.35770289,3.758692465,7.92437691,5.887762469,39.30587514,235.2602547,427.7758595,4.657046648,25.23340672,39113589684,82150997972,6.426660114,45.45656937,11.76102183,20.04864675,3.534379075,15.92137094,1.931714564,3.886105392,4.731608034,25.38952018
74001,12.95676521,30.18604861,6.485429217,45.27646865,3.990370044,10.539173,6.411739998,44.02612882,257.4018674,606.7747949,5.836303942,37.52416517,37033119821,77651474763,6.406594388,45.21498653,10.41897241,20.49883433,4.551675431,25.37073179,1.855225716,3.689543785,3.684255663,14.14118275
74501,12.7195757,28.93885162,6.520230927,46.14891051,4.497855452,12.09442721,6.077020425,39.3016672,265.2647392,652.9278686,5.954149834,38.26973101,35391375549,73628894384,6.358473394,44.6069558,11.76072976,30.96126057,5.630945721,35.95297705,1.641032744,3.866079427,4.884746463,27.62262718
75001,13.23464652,31.30024524,6.609399707,47.16598354,4.486929096,10.73029869,5.887214688,38.09070632,256.7421549,590.7585548,6.149643685,41.71197616,33883707905,69083178166,6.341133869,44.53224449,16.92358731,44.35317983,4.508116714,21.84343248,1.143832693,2.704147548,5.598347553,35.56134302
75501,13.90619029,32.9845676,6.22247065,41.47202602,6.086302079,12.50201554,3.745561444,14.68889798,317.9611961,606.4382676,3.82725839,15.39767014,31789688517,62053297811,6.238165511,43.59150894,9.912979669,16.63216996,2.705192195,7.119822753,1.860081706,5.936338706,4.898197844,23.68798737
76001,12.98136883,28.07880147,6.40964081,45.78842843,11.57041548,25.22256704,3.145931068,9.307886589,504.3083312,985.4512959,3.072152947,8.957121983,31655328555,64563029801,6.29900455,44.87167806,7.271841773,11.67606964,2.899872412,8.543288595,0.915803982,1.495535406,3.909085564,16.91829809
76501,14.14539269,34.22281389,6.414254811,44.17218206,14.13682918,33.66492058,3.391113705,11.50137219,614.1282389,1443.362069,3.841506605,15.68002012,34728271723,88023987952,6.345538638,42.62229949,6.413480561,10.34916398,2.815582646,7.921489971,1.139619558,2.519724917,6.138837144,44.18840791
77001,14.10243636,33.7171334,6.365972803,43.93591185,10.10920282,22.63058715,3.118839199,9.477092279,532.7820898,1215.917505,3.52399234,12.974497,33326292309,72147260737,5.764393186,37.02244934,7.179988148,11.74985224,2.454439653,5.52713621,1.115867001,2.46142804,5.450606946,33.64246911
77501,14.06691637,32.77467493,6.290297936,43.16879453,6.959946497,15.5794404,4.292864557,20.13867428,474.7969827,1019.897922,3.936402047,16.66789514,30767950392,59068964189,5.471680386,34.86098444,11.40379306,16.73402749,2.082422938,3.817682117,1.496923667,4.280640313,5.141662848,26.88263047
78001,14.3722194,29.86409135,6.204055504,42.67762937,9.129753524,11.42142893,2.74523991,7.957123925,627.6262926,777.8223567,2.72933755,7.80302553,26507492839,55729924486,6.470336184,45.88174396,25.14156206,34.47529513,3.182031549,12.52137968,2.004389276,2.979574312,4.347135688,23.08316619
78501,19.86201088,31.57943878,4.547074033,25.24533978,16.73070046,18.25606642,2.648855129,8.039478232,1154.513772,1265.941589,2.565761251,7.516932915,25228224763,55145781544,6.538361451,46.1672834,43.56524663,45.46535149,1.954181468,3.061156982,3.744688278,4.3771579,2.953549982,8.870163316
79001,21.55465442,33.44744294,4.293190671,22.68054932,19.20780626,21.55576967,2.718153321,8.064074759,1327.749951,1485.91763,2.54810763,7.159985486,23714282294,57331203366,6.697344853,47.80527531,50.36089659,53.93073279,2.311648138,4.875431939,4.271546988,4.729574353,2.660115102,7.28830941
79501,14.36961283,23.99843373,4.756785856,27.96336197,12.62274266,14.77118126,2.538603746,6.404844657,884.7387118,1028.72253,2.378151165,5.451683115,16942427542,41721144396,6.928651301,51.19163561,33.58696655,35.4832482,2.426553271,5.638637695,2.636923382,2.950585142,2.776287865,7.861346572
80001,8.12370572,8.75842417,2.804879172,10.06996662,3.618826027,2.916839579,1.702579531,2.951187521,322.8468136,253.0889902,1.530773026,2.199566516,45010096.07,39710689.87,1.672418055,3.186437654,18.07181923,21.46943302,4.027586169,20.10257586,1.312760253,1.362509492,2.202093794,4.627307333
80501,14.71252092,27.47093326,5.685161884,36.03112606,5.693661937,4.784633291,1.836442429,3.855990809,502.0535337,390.1731877,1.471440947,2.168786119,74927421.77,75242788,2.476846055,8.064086851,27.22139593,35.71365566,3.796776608,16.92440032,2.172260263,2.895381385,3.25402708,12.47295529
81001,14.18637912,26.99838417,5.472061554,33.59950451,4.717017414,4.508735861,2.49675161,7.635052781,410.3250929,363.8825208,2.183347916,6.004264943,68015895.63,66377925.7,2.136795008,5.840762498,21.7000805,32.87814535,3.692359958,14.2531784,1.845643335,2.647094861,3.329964012,11.72738142
81501,11.48484966,24.22660336,6.393953884,44.86097761,2.413179188,2.67672787,2.808925461,9.183868566,194.2273408,197.1630999,2.687203192,9.059892904,52520369.59,68445163.46,4.397212846,24.78735629,10.411053,24.87277652,5.915568929,38.17214491,1.193018072,2.395661579,5.901461309,38.8067192
82001,11.88885519,26.64875497,6.537331501,46.96323952,2.298755596,4.560567479,4.543837847,23.26036235,156.0060966,311.2000631,4.900000356,26.80190798,66757783.06,147272894.5,6.483706637,46.24307998,11.22563525,37.09808254,4.890441616,23.97951624,1.10130575,2.754624066,6.702915738,48.41781605
82501,13.45074734,35.34498763,6.489084011,44.49173644,3.524511733,11.90646773,5.803422929,34.53113306,236.1801791,774.8104196,5.886856886,35.69861524,120024228.6,329016493.2,5.4828701,30.89353982,3.656114589,6.001009185,4.045867676,18.54946933,1.349487648,4.018296351,6.454134343,43.38430438
83001,13.84946508,36.10531153,6.472354832,44.30016337,4.26377714,14.11178701,5.572860669,32.1228341,303.6496243,990.7789422,5.596121837,32.50959681,116646446.6,209211770.5,5.784650794,37.93028261,4.141043419,8.1809055,4.046263646,18.53180967,1.460311123,3.897810775,5.665796837,34.12146181
83501,12.61662592,29.76691114,6.52264605,45.72627684,3.013442594,6.643571748,5.19594544,30.38280695,237.4542456,487.831677,4.237055848,20.61684948,196169164.6,211503224.3,2.743092758,9.036539925,6.334025723,14.81574929,3.058028512,8.44328263,1.08248612,1.976145586,5.514313928,35.8772036
84001,12.63718908,27.93569885,6.388416909,45.3108252,4.372969354,10.50049891,4.472333101,22.67172447,348.6162514,862.9228935,4.346288298,21.26924894,364266534.7,458414457.5,2.670561559,7.528569563,10.1651808,28.40821079,4.033614011,17.69617876,1.357711187,2.799518589,4.689733003,24.06019973
84501,13.82078603,35.86549116,6.485155434,44.51946565,6.536106819,17.31231294,4.302694517,19.88742591,530.4809071,1435.32803,4.140746071,18.16533749,1403275480,2578759383,3.063155985,9.542800252,5.619307532,13.55913206,4.484093493,22.78002567,1.569134664,4.420990379,5.776075881,34.83368061
85001,13.63819883,30.2851394,5.709625607,35.75053836,8.920792247,23.2340549,3.580758012,11.85014098,691.1198977,1835.84238,3.632321647,12.3707018,89545608488,1.06581E+11,1.024536943,-0.452581256,4.077908098,6.851270143,3.664738232,13.89616106,1.347317969,3.152725802,5.825345741,37.35375718
85501,12.89573014,27.14730359,5.273343595,30.11226859,9.585199866,26.68220588,4.046646429,15.83191069,687.2164687,1958.541748,4.054325608,16.06883144,4.00912E+11,4.6836E+11,0.968757636,-0.586586252,5.419759252,10.45931312,3.411185375,11.7497891,1.27498895,2.613827192,5.654048166,36.6163011
86001,13.83225631,37.3472529,6.393709387,43.09568697,8.744814606,22.66257921,3.767599371,13.63003705,542.7461867,1491.601897,3.783162458,13.69518485,6.81858E+11,7.77948E+11,0.891258589,-0.742445197,11.35036029,27.18273217,3.345720436,10.69656254,1.229887522,2.907613452,6.489864342,45.45449776
86501,14.4592971,34.81024697,5.475670743,32.44350324,8.196581961,23.67813239,4.303510462,18.72949027,517.0549128,1648.558916,4.461984371,19.66638397,5.67939E+11,6.69489E+11,1.048871077,-0.154224594,16.60151955,50.04441954,4.676655433,22.87104795,1.273271223,3.279908612,6.620243557,46.98179346
87001,12.67708881,26.14128233,5.552892474,34.70793557,4.16529699,9.197905168,5.361757399,33.87470368,220.2012658,497.8156687,5.905092008,39.74136845,1.82925E+11,2.22106E+11,1.293138637,1.044297641,10.54441787,20.48988587,3.099913303,9.418128581,1.39392923,3.93917925,6.344791616,42.11330879
87501,12.12652223,26.71055911,6.363039492,44.02477028,3.213135554,4.845564354,2.655045439,6.573196348,174.7379293,227.8594488,3.029044858,11.20445157,4120396718,12272570243,5.023826616,26.19241863,12.48506214,22.88418425,3.343530354,12.90106182,1.233979578,2.718407093,5.752440802,37.09112983
88001,11.63163327,25.31842994,6.526291139,46.5696331,3.032100319,5.027422608,3.120119693,10.23147509,170.7504479,265.8596242,4.446781063,25.27355503,577221994.4,1172207556,4.445077332,22.63734872,16.26961387,37.88283347,4.572719622,23.65517427,1.237991742,2.543459915,5.240528748,30.9248858
88501,11.92150885,27.39903818,6.575808133,46.85447174,2.981377503,7.992014654,6.222097373,41.98354721,186.8235213,492.3792413,6.546736466,46.01170406,198424866.5,226166838.8,2.610494431,7.099934323,9.961844171,19.64656549,3.55576247,13.13593778,1.212385364,2.463924891,5.406340141,32.76775369
89001,12.28407555,30.37692228,6.551698821,45.76184789,4.040367727,13.42001925,5.65866247,32.90037792,261.7091371,816.808199,5.471411648,30.51112036,100690742.8,139199984.4,4.827432924,29.6757017,7.894814156,13.8073842,3.41407345,11.30612756,1.078374878,1.918903836,5.318294049,33.43319497
89501,12.22116791,30.23643348,6.576084481,46.1472039,3.130471465,9.87015719,6.61262618,45.4121777,170.3701248,416.9277454,6.590172299,47.15494948,75118671.05,133614829.2,5.804448526,38.96016611,8.577049743,17.25526074,3.834361722,15.33050468,1.17305742,2.438946368,5.894151981,39.69842734
90001,12.03580751,28.7379663,6.546775941,45.98979235,2.773034011,7.280200121,6.511327261,45.49522696,182.4839821,436.4283509,6.117901075,41.72446246,61119910.81,108802416.3,5.516246445,35.25740931,10.55090314,30.71864648,5.637621957,34.94138357,1.395188663,3.221346818,5.287114257,31.36680708
90501,11.71527047,26.38792316,6.492193804,45.65598688,3.253690228,7.755846301,5.461915296,33.78907143,252.2634207,672.4804775,5.828809223,37.42996903,47805065.14,75263201.9,5.472772256,35.96977112,19.06037122,67.56453211,5.075624951,25.85145561,1.672771162,3.791460728,4.956301759,28.73536041
91001,11.33354304,23.82190719,6.487353964,46.47123595,3.840568415,7.794631313,3.193830289,9.387813808,301.562001,655.9873481,3.660427401,13.63671775,42612627.22,53019269.8,3.924413425,20.12557573,10.22175842,21.63456175,4.273765991,21.27722216,2.101029807,4.442898725,4.047268342,18.32483135
91501,12.07586683,27.28211454,6.506205151,46.20193536,4.074399119,8.501409648,3.626924382,13.74824598,281.6992549,568.2676042,3.891201233,17.17846668,47648794.39,64563175.92,3.57153584,14.33864917,10.46422423,21.06651918,4.664930873,26.40321265,1.728367256,2.905272591,2.96560204,9.271102303
92001,13.0279775,29.53326378,5.996263033,39.06112409,3.783641072,7.220363715,3.010044781,7.941620562,242.0001483,417.395374,2.909152282,7.766659535,52470722.86,70042077.02,3.191696068,11.10387095,11.43565676,18.14870828,3.545939909,14.91850983,1.526829702,2.419644318,3.295233152,12.73138896
92501,11.96769317,25.391679,6.18803025,42.89710301,3.401393628,7.067707815,4.249891383,21.13868085,230.335511,460.3606236,3.811450262,15.64647445,59194597.76,99858173.69,5.305394828,34.2567525,16.19882948,22.20309421,3.104092307,12.60579974,1.806403939,3.829705141,5.493137282,35.62724182
93001,12.39518133,29.87296781,6.616014467,46.98228914,3.676648104,8.542451397,5.19667346,31.42958094,286.7516645,769.2175101,5.318501234,30.64480596,106449872.5,150237067.2,3.256897235,13.17096311,23.57353179,37.07626744,3.432439188,13.90725708,2.980654389,8.358177158,4.836917944,24.65945399
93501,13.54172964,36.30303106,6.604429568,45.94351839,6.345808716,19.27902666,5.333386995,30.85298964,380.9274709,1172.3443,5.659552881,34.52633735,308159541.6,468381950.2,3.053686002,10.04019528,21.76862667,44.26816514,4.052219989,17.67746182,2.508967149,5.646486525,3.898074116,15.34661594
94001,14.15008867,34.20033058,6.009727398,38.64592087,7.545382253,21.34918775,4.186358136,17.51459323,467.1830444,1200.777574,3.94941465,15.67424108,4013962739,4469696217,1.078461483,0.011792599,17.56101272,37.78332363,3.86979896,15.66550773,4.296852454,10.36520167,3.433846832,10.99755869
94501,12.31061282,24.3937849,5.928597099,40.03952061,6.97199632,19.49896455,4.868171378,25.33181399,476.9974438,1256.707197,4.71129242,24.21148408,1.244E+11,33147552364,-1.501814128,4.064039481,23.95716724,54.8084189,3.910049852,16.48478941,6.173592353,17.33930962,4.243935945,19.29768553
95001,12.85451116,28.5476985,6.465733583,45.90440722,5.858185634,11.79238972,3.847423436,15.71421898,414.5691831,783.7916577,3.651616289,15.29374909,3.1348E+11,74427739057,-1.090687672,3.41855907,19.27396713,35.57692526,2.917740517,8.416735562,3.266659578,7.785221278,3.854146428,15.83847607
95501,14.04846749,34.87489103,6.298643853,42.45847726,8.303925481,24.13631441,4.960978533,24.95193325,574.095167,1527.591098,4.61374088,22.14528021,3.54549E+11,79244180328,-0.659404218,3.166985463,17.14556273,28.82149373,2.907413071,9.362231857,1.926229402,4.775039707,5.026691582,27.34973238
96001,13.12393262,32.52844227,6.5669221,46.02095282,4.704286144,11.72543419,6.08622436,40.86903215,392.235112,923.3149156,5.166510619,30.78935573,1.88731E+11,52372101692,1.0852243,6.490633908,14.93386473,22.25233606,2.35379225,5.741191791,1.33211627,2.58993508,4.699041205,23.65725699
96501,12.71230946,30.11407954,6.5791728,46.53554845,4.03376557,9.237085121,6.207596107,42.79863869,286.6867649,646.5392361,5.783687797,37.61826746,35425239673,9195831075,-0.308726446,3.362641745,11.47632688,16.96321724,2.366989082,5.766123053,1.193519663,2.438755672,5.833179417,38.80681642
97001,12.56177882,28.77007921,6.562017385,46.62481262,3.692454571,8.39577062,6.543010584,46.57214772,237.7848118,478.4962692,6.075483658,42.17227175,667898801.3,1542762829,6.045834267,39.89506469,10.87576831,24.42630777,4.971312314,27.63262684,1.155995247,2.561149677,6.093541651,40.82565675
97501,12.48572122,28.7662396,6.551640799,46.32342299,3.677807916,8.373893405,6.460980619,45.19123086,223.4430061,471.588092,6.368541146,44.82301823,175098151.1,246627643.7,3.791632041,17.45889905,9.530339446,26.95041462,6.26692629,41.47749121,1.096084337,2.329375442,6.312795201,43.94558871
98001,12.35829705,28.47162748,6.578103758,46.72395009,3.572144049,7.958773165,6.516755085,46.45396504,223.2889408,498.5056626,6.519069059,46.4063513,106473854.6,150534612.2,4.714953091,28.60067496,9.138492479,26.36201863,6.594612523,45.50379624,1.046761528,2.106191968,6.341890558,45.27624314
98501,12.50554576,29.23905393,6.556363489,46.30993478,3.802063462,8.664187292,6.296340256,43.3245142,234.8936503,551.1584314,6.294368492,42.73852247,94865479.07,173838823.1,5.597871057,36.68405193,9.091255075,22.63406602,6.454842954,44.4750199,1.203696695,2.825309336,6.341831042,44.67999024
99001,12.45712385,29.21325874,6.550720458,46.16728356,3.687842092,8.411370829,6.355484349,44.26943274,219.9782183,488.0073213,6.41475625,45.31831508,92033256.93,194269979.6,5.516179312,34.13314822,9.027470989,20.8348108,6.329861199,44.28509493,1.488811897,4.254547358,5.95429232,37.08687221
99501,12.44630778,28.74125866,6.547913375,46.33163661,3.778567612,8.777330778,6.395749377,44.73116735,228.6392599,521.2715915,6.343726963,44.29117029,77323582.17,159073766,6.085158732,42.05309289,9.203732735,25.71195945,6.704599312,47.45642265,1.140011431,2.971972496,6.614829449,46.72675182
100001,12.39871246,28.7566097,6.560780747,46.38850348,3.715298699,9.501532423,6.587957665,46.05729174,223.2364494,569.9969976,6.617748776,46.43778129,70768636.69,166629900.7,6.659533238,47.84198056,9.696324427,33.5998145,6.77063344,47.56093649,1.171333002,3.007690863,6.257626114,42.96898527
100501,12.38207547,28.49233387,6.558083348,46.46538577,3.993714657,8.872605208,6.10670838,41.18894778,224.4870289,560.5661207,6.47646503,44.6723198,73609463.77,179242656.7,6.188635669,41.06000366,13.44963245,46.50114401,6.2260372,40.31185238,1.22580547,3.669990117,6.29769445,41.37283992
101001,12.51764688,29.11294966,6.575278868,46.65840814,4.508764463,8.406277372,5.574185774,36.90651328,207.9044058,480.1463521,6.539401616,46.21712552,60075110.7,130061169.2,6.372803151,44.47006231,13.24188553,37.22641671,4.969142596,25.06631317,1.052247586,2.556781463,5.593929387,33.7421663
101501,12.65474145,30.14453527,6.564747205,46.24373555,4.625102942,8.677853724,5.396055362,34.14389122,200.462902,440.4523081,6.521175426,46.53124541,54543964.91,102799966.2,6.089144478,42.47208019,6.650160533,9.989297854,3.359025661,13.02267426,0.801916919,1.432096699,5.127326014,30.5885214
102001,12.67908156,30.06185519,6.568909547,46.35897838,4.100856603,7.362001177,5.824222448,38.91103485,199.975405,453.5680239,6.549757278,46.45654744,51323619.96,98983338.91,6.27925723,44.46665442,5.823795672,6.850162192,2.738202945,8.984671051,0.718332143,1.190762119,5.566807969,37.47926922
102501,12.64028592,29.61002258,6.566795012,46.42035401,3.738156489,5.804495887,5.5940993,37.99148349,198.4846588,455.6456659,6.469759514,45.23307999,49834413.32,102687670.9,6.270617367,43.54195352,5.507435368,5.888377188,3.149038109,15.17915696,0.702319359,1.335460674,6.208094756,43.63477729
103001,12.62895472,29.29855689,6.574154352,46.62711774,4.187817675,6.560823806,5.017821149,31.23576315,195.3507388,441.3885281,6.56285606,46.80508905,47317709.38,97141334.47,6.361113629,44.71522962,5.388220022,6.847705792,4.759905613,29.27030412,0.698490072,1.557570849,6.340996245,43.39434257
103501,12.70436535,29.74235086,6.570732017,46.50077203,4.47245323,7.438792609,5.052121465,30.55932245,197.3820462,460.2321644,6.509895012,45.66873711,46336794.61,93756012.6,6.355618144,44.92550858,4.526588817,6.250832447,4.53222552,24.76604791,0.633415144,1.334025491,6.211914814,42.49135429
104001,12.75540077,30.11702888,6.572986866,46.43136034,3.876460896,6.244444634,5.398607064,35.34310128,194.6903433,449.357397,6.561175536,46.43420939,46081493.58,95247373.25,6.348616541,44.50190983,2.868470618,3.560192831,4.01088186,22.41023522,0.586242109,1.138203986,6.078698669,42.21284204
104501,12.76494398,30.05510429,6.570354322,46.43347037,3.850118659,6.244810822,5.445662532,35.93954089,194.4129507,445.5180602,6.562647502,46.60089587,45315335.03,91965935.45,6.355937754,44.81009639,2.420151965,3.12311719,4.210168483,23.36523314,0.55998236,1.142157334,6.346670445,44.67072334
105001,12.76400151,29.92213155,6.573530285,46.51559163,4.414214361,7.669271458,5.94841334,40.95839521,196.3307448,461.6492327,6.59303025,46.81581306,46268069.53,96899566.8,6.458838689,46.26291133,2.715631585,3.91625127,5.34976721,35.34787614,0.56634037,1.236036605,6.558186588,47.28999102
105501,12.76611521,29.88191937,6.570466082,46.48871474,5.251097931,10.20573927,5.848080472,37.26495329,199.8926732,481.6638746,6.53242688,45.67436873,49557051.63,114643263.3,6.361577302,43.53921633,3.371414194,6.566758437,5.782957044,36.65370066,0.619833885,1.548134603,6.392102841,43.32996182
106001,12.80104631,30.03622438,6.576371604,46.55928289,4.489435706,6.748358167,4.618845742,25.92508276,196.7843922,454.5959623,6.535000198,46.07163414,49462737.39,100681101.1,6.217967695,43.01310088,3.006027371,4.951621148,4.072867804,17.59144439,0.597855128,1.259428484,6.020213181,40.37397738
106501,12.8412763,30.2631334,6.565628651,46.3481092,4.260616617,6.3161603,3.907309969,18.29745667,196.2044506,433.2992303,6.482070366,45.80964512,50773440.2,94218015.32,5.950205027,40.76523767,2.575763066,3.914484755,3.886662186,17.52365387,0.591159172,1.128139094,5.632247975,36.70732421
107001,12.81074575,29.97956422,6.567237588,46.43915856,4.393035428,6.063441892,4.724839435,29.33292529,194.6602224,428.9000392,6.551252908,46.78416377,50363218.74,92293769.7,6.147076816,43.16471421,2.581320116,3.262341322,3.848650268,20.06966136,0.568214099,1.15412023,6.287739242,43.99540459
107501,12.81374018,29.85130341,6.572295747,46.56443693,5.589430401,8.748224287,5.372072045,35.47489353,201.4840168,465.7598547,6.561929541,46.52526987,55272537.79,108906826.9,6.28548844,44.68085423,3.149886339,4.773802525,5.130392561,32.94709289,0.593664283,1.261734973,6.453660963,45.94150072
108001,12.87119306,30.19549847,6.572013155,46.4891554,7.74310549,14.32981379,5.404522748,33.1146913,207.6802965,503.4262317,6.539661517,45.71779184,64025077.01,151188258.8,6.382179813,43.63373013,4.214759507,7.664058777,5.333431218,32.66479738,0.638568074,1.507545606,6.452760284,44.58953212
108501,12.89908845,30.32523094,6.566705876,46.38174474,7.463532226,10.88685099,4.673772814,26.99156264,204.1151099,478.4222816,6.518394652,45.7466599,65120157.75,141312033.7,6.243606491,42.80803318,4.063727274,5.904905772,4.456893475,24.80517929,0.62041748,1.36189226,6.364288356,44.17876238
109001,12.90436812,30.24841237,6.580717453,46.6306439,8.509996803,14.73693593,4.467994088,22.54993336,206.4497104,473.4147085,6.580517826,47.15491091,72618214.42,164697974.6,6.047040779,40.84008932,4.650354151,8.044760695,4.396357148,21.57547385,0.654021996,1.460327869,6.221450407,43.08171929
109501,12.97508522,30.62157642,6.573696156,46.46369174,10.29665091,24.13244822,5.236850298,29.06636297,216.4493114,528.9257678,6.474017981,44.74721752,87531770.17,221796273.8,5.662963228,33.83185093,5.587444771,12.72808237,5.029304011,26.67551154,0.741616077,1.82162232,5.921955224,37.33543785
110001,12.99163581,30.66281336,6.573360136,46.44060689,7.859922666,11.92695268,4.888105918,30.21899527,209.152392,487.3598654,6.538695073,46.02166968,71147049.85,137108931.8,6.103460876,42.75893138,4.188513619,5.424695262,3.529049533,16.25096925,0.610355759,1.236585318,6.40029715,45.88360009
110501,12.96692056,30.45614355,6.573275819,46.50058069,9.303083162,15.02753418,4.723641081,25.4395052,207.4518583,461.8437582,6.524155851,46.46327456,79270351.88,153117144.9,5.874797497,39.67108893,4.798697751,6.554245509,4.077032696,19.83878496,0.663616613,1.371858432,5.978826464,40.52915235
111001,12.90136463,30.3433477,6.58708857,46.69000197,10.53100674,21.33155432,5.372057155,31.54378215,206.6221117,478.5333921,6.57376136,46.66269562,86896427.43,170210527.9,5.903269172,39.00191683,5.849277519,8.563476082,4.291216542,20.92670452,0.734935987,1.684418848,6.155463281,41.17597066
111501,12.94126642,30.84496431,6.6100725,46.92482442,8.152804952,17.58894563,6.149451447,40.78553997,222.3286888,514.4083532,6.495281731,45.63980675,103115637.4,157417041,4.986243187,30.28908192,5.843025673,5.549455898,2.282457087,6.744440313,0.767642311,1.493579455,5.739286862,36.84961016
112001,13.13988384,31.91217354,6.564686776,46.0854359,6.87702834,13.34470527,5.76215616,36.98358454,262.503199,557.3544137,5.791737668,37.06901471,133738779.6,162516126.6,2.810428525,8.85486099,14.08304186,20.58316475,2.511852371,6.338938875,0.748245185,1.003943528,4.364092941,25.05594477
112501,13.00681159,30.26442094,6.459070274,44.91281063,6.492269662,9.179931434,2.809526905,8.524406183,310.3440239,480.5699293,3.026834956,9.726771144,1195409242,2215469583,2.460858159,5.366128958,88.44992682,188.0970248,3.500842566,12.79510358,0.900858707,1.468216316,4.048170128,18.42309871
113001,12.44745002,26.49707138,6.493962509,46.51112421,9.94123345,18.60170551,2.99929095,8.916639749,640.7627908,1203.558346,2.672293714,6.745190659,5933833010,11098757968,2.086699776,2.919755574,259.2719059,595.0031358,3.495293019,12.1832163,1.507813145,3.386585909,4.050257883,17.6381312
113501,12.96259049,29.13080981,6.449837254,45.61372676,12.96825987,25.20871987,2.818306151,7.60252789,964.1897927,1989.32172,3.071837446,10.398845,12475245696,22211266992,1.829455544,1.825379185,421.5209725,1145.571294,3.678773598,12.8118352,3.587070084,11.27857516,4.886492859,25.13910469
114001,13.68868164,33.2141052,6.437719661,44.6145643,17.94922205,37.52205371,2.61556465,5.889081806,1185.958668,2874.106172,3.769357042,15.01968295,12894522014,24519315001,2.165930021,3.717325781,321.9829941,1090.27083,4.732460627,22.73933198,3.585309416,10.51661479,4.485090103,19.989286
114501,13.75344441,34.60078232,6.512844471,45.19472391,16.59409718,33.50762859,2.774623348,7.18041962,866.9281294,1769.000238,3.012281481,9.253454654,5818942257,10457520768,2.620490623,6.234503139,62.68065382,211.4716711,5.822266695,36.1697955,2.210502185,4.880339143,4.940376333,29.74520026
115001,13.25829048,31.08278983,6.422793979,44.56759228,13.4562058,23.50472639,2.391011851,4.916550694,703.4133851,1251.264001,2.983421742,9.489113487,3602381092,3616711846,3.184162,11.72545149,32.82709383,78.54473599,5.678633696,35.74847144,2.210677792,3.748654627,3.262128384,13.07545503
115501,12.98707609,28.34143242,6.394192124,45.21952401,9.358814905,14.66184116,2.443625694,5.442734324,558.6776037,887.4840345,3.02257981,9.782778705,3331430257,2126284180,1.869050595,4.985956317,30.67800495,49.53970253,3.768046236,16.30832731,2.793207842,6.370726366,4.811282665,25.26476814
116001,12.71072599,29.30443749,6.47660761,45.24278739,6.975823163,11.44582475,3.772098719,17.76062032,427.8095055,685.4111051,3.908792178,19.19862369,1980728650,1430558459,1.216867993,1.652244432,25.76332267,51.97403454,4.613916251,22.98689368,1.842753821,3.153825495,4.302002011,23.79955584
116501,12.39942206,27.63558184,6.565176966,46.84706676,4.466500535,6.706307024,3.494453355,14.86074535,284.7808788,424.3393001,3.621526612,15.8690772,1528303635,1173227975,0.915069374,0.430124666,7.749227372,8.09767942,1.478141712,1.615857371,1.432320854,2.364461366,3.746882012,16.7490748
117001,12.79209124,29.17460237,6.530463741,46.23972391,3.805825344,6.349916295,4.433989283,22.86512605,257.6977543,443.2501264,4.35802859,20.92204158,3102685699,1518957885,0.688593582,-0.311587074,6.420176972,7.628640541,3.234656688,13.68024932,0.969459332,1.49265569,3.677121454,15.69648435
117501,12.81817754,30.15647462,6.554282864,46.02327837,6.855059131,6.172027241,3.439600632,17.08295115,402.4700082,464.5656477,4.064069823,21.47042258,4529013559,2700993743,0.601796883,-0.365768963,14.15877258,8.513046216,1.191482076,1.446262375,1.561115738,1.280026991,2.926970614,11.8681551
118001,14.89507623,29.99928867,6.477310282,45.88300626,19.39589218,13.29592749,1.340068214,1.577450362,1084.563315,789.7610399,1.737095417,3.160268206,4833183177,3028962335,0.686145715,-0.36491869,46.12448374,20.60665006,0.585256774,0.519279877,4.943874946,2.873579556,1.594537782,4.572402321
118501,18.83595453,33.68209603,6.128934784,41.52542523,32.13829276,19.96608364,1.142267855,0.68679683,1765.871234,1241.452535,1.594412449,2.509169147,4553626572,2840703099,1.033298014,0.470531082,77.82797678,30.70233882,0.484329793,0.130423395,8.285379066,4.75832148,1.423013338,3.11205589
119001,16.83114263,31.20878029,6.368522959,44.72898645,28.01049594,16.4846561,0.958361884,0.443626613,1540.620402,1063.28029,1.463632972,2.332511782,3305566816,2234422740,1.067856255,0.692568453,68.37569745,26.23021557,0.499285921,-0.066473457,7.106724302,3.811199488,1.154774757,1.882732596
119501,8.283384053,16.50802362,6.532417617,47.2191279,12.82972321,7.227103558,0.822276035,0.282669914,655.4448204,449.3429222,1.411951989,2.535026995,1195661987,768769841,0.813411578,0.297354514,30.63115085,12.30483264,0.237496658,-0.205712122,3.009450728,1.479991501,0.837370705,0.833645741
120001,9.180520854,17.67883478,6.012427962,38.91195617,34.50435041,17.39491895,0.567505233,-0.308209281,358.9877935,362.6402118,4.889088975,29.65336031,254287234.6,297306542.8,4.972466431,30.28923038,1.128814621,0.689533589,1.357838773,2.382948487,1.428245696,0.836788322,0.683982864,-0.217772392
120501,14.41577111,41.19969498,6.228957373,39.93816564,39.17747968,21.82217071,1.006416584,1.328489222,478.0170355,787.2086097,5.887684541,37.26966709,319508510.1,545459588.8,5.670598677,34.60077084,1.306819144,1.106762657,3.849624202,20.16592434,1.651048748,1.246647355,2.850134661,13.06872105
121001,13.35874759,32.167195,6.523662652,45.75382603,22.59786677,13.93192542,1.580039504,4.187597975,356.4730263,628.2105302,6.267456796,43.59099291,224472852.4,353993722.5,6.009522627,41.3185036,0.796998384,0.825228792,5.065834995,32.33003081,0.97368786,0.85124825,4.042542672,23.6281885
121501,13.42062607,31.72218174,6.619575475,47.05296983,7.609255053,8.675763096,5.074958155,32.73639742,287.6139446,631.0346508,6.589583087,47.09110127,170342370.8,317873442.6,6.297391566,44.4693217,0.389385764,0.748081006,6.542533189,46.86808628,0.416678853,0.735063243,6.370271293,45.29593038
122001,13.7714581,32.13170131,6.575293881,46.59627239,5.462832739,9.676371855,5.77916658,39.08137642,298.2212325,683.4416274,6.550644984,46.44096372,157267614,305692489,6.279719647,44.47475656,0.356109343,0.760661209,6.423989167,45.34680019,0.354280449,0.729631124,6.304211387,44.05418325
122501,13.86856875,32.69202857,6.556670172,46.21950066,6.225814127,11.72970969,5.837433934,39.25814477,307.1609787,710.2169811,6.423636325,44.46197107,151354592.4,322296922.9,6.395029717,44.84037123,0.357070315,0.803488153,6.567435608,46.84697532,0.362135709,0.762649779,6.449052386,46.15793387
123001,13.81696815,32.17420141,6.549594134,46.21984383,7.025902659,12.90755587,5.045054284,29.40747533,297.0392342,652.6754179,6.467027319,45.57056962,146255227,304242941.1,6.251407931,42.96354938,0.368628063,0.849903481,6.306205289,42.86683397,0.386469254,0.893874154,6.290173257,42.63550272
123501,13.77002082,31.5479542,6.553984464,46.45605438,7.419595603,11.32069753,3.872617941,18.9036137,292.7373997,612.0420709,6.450690024,45.85936791,135210727.4,253333874,6.189247417,43.53297445,0.350453432,0.724904404,6.43578798,46.25554514,0.373790622,0.807693691,6.528665844,47.0776995
124001,13.80568598,31.73999029,6.557569627,46.47006809,8.544846772,17.92026151,6.021193836,40.7706541,300.4909418,636.8898302,6.434347473,45.68230436,134321119.1,247962216.8,6.090761084,42.51919985,0.386248237,0.873805705,6.409828913,44.98359796,0.423765323,1.024471799,6.481591904,45.58598061
124501,13.93726137,32.58115179,6.581017577,46.65594054,10.24104692,27.33586542,5.025518296,25.63490118,311.201327,727.8934509,6.61989073,47.1734886,136581835.8,272490432.2,6.367080845,45.19150485,0.414568321,0.957632964,5.935203545,38.15318773,0.476116431,1.229622238,5.988323926,38.18837785
125001,14.10635478,33.50149888,6.551541114,46.07937745,5.330445837,10.19546443,5.933555974,40.42080391,333.0325606,815.1421883,6.400893783,43.67365372,143978313.7,308617678.4,6.239706008,42.52026589,0.384394837,0.689973027,6.096257962,42.86507838,0.387685769,0.826476743,6.490425691,45.99059149
125501,14.02311664,32.83201668,6.572911765,46.51811543,5.400253448,10.06146227,5.363687893,32.43557023,316.0291539,703.3254285,6.545722596,46.56598383,185572373.2,266771615.3,5.84860285,40.91864437,0.592358371,0.785035589,5.546364738,37.88114837,0.437792582,0.848462426,5.795083506,37.92419522
126001,14.1251446,32.9783846,6.578339035,46.66382694,5.674518399,12.02182431,6.135408901,41.2321702,333.3830642,721.0400098,6.416394794,45.4596088,347235933.4,346707538.5,5.234119653,35.61102354,0.839926835,1.148635232,5.630329952,36.65534122,0.50271073,1.130686458,6.252398524,41.62315693
126501,14.20803176,33.59081073,6.555782728,46.16911955,5.148442292,11.44901857,6.40531652,44.39378573,345.6426237,793.0144159,6.41954103,44.42538988,430048505.4,533530686.6,5.599053452,34.8127029,0.777775425,1.088628668,5.202833409,32.35487499,0.450175812,0.974510424,6.177632708,41.54052925
127001,14.13734248,32.98513074,6.568359544,46.48490906,4.735950163,9.968649496,6.394076953,44.98438292,336.9123604,743.7673005,6.521593636,46.32130748,266436575.1,327492741.7,5.266665851,33.21955317,0.52639365,0.850114948,5.611454843,37.29522896,0.378875337,0.771797893,6.18177045,43.0479332
127501,14.17160474,32.98322638,6.572849803,46.59279148,4.679053275,9.476053806,6.32759551,44.95015555,351.467794,795.7988574,6.578683506,47.21484554,167884701.5,314102560.6,4.7710079,25.16900774,0.453055239,0.673642667,5.419606628,36.07833351,0.34971116,0.724198068,6.4450165,45.93172555
128001,14.23241456,33.44647358,6.56682488,46.38893136,4.860996874,11.03613355,6.576964732,47.01121101,378.2081163,953.1272169,6.523313291,45.21827679,152719717.9,324221535.3,6.255492452,43.02210035,0.648018954,0.788383109,4.553968374,27.09598327,0.351633012,0.769274817,6.536533614,46.74761377
128501,14.23685093,33.45142789,6.573780394,46.5022269,5.272771587,13.2395031,6.505393314,45.09619707,377.889207,942.2385105,6.587392008,46.20742329,156223759.2,344272504.8,6.55079845,46.93983734,0.864744473,1.182147629,4.834519263,29.09106177,0.365098607,0.880198231,6.572814552,46.32433247
129001,14.26359587,33.52892973,6.570699363,46.45943585,5.355754738,13.76588351,6.522251733,45.10928642,382.0478992,920.9226858,6.601243877,46.75614327,175652190.1,420089305.6,6.452726244,44.49442301,0.80484861,1.331061565,5.237180403,32.08965147,0.378839236,0.945510243,6.50845429,45.08551379
129501,14.26634989,33.48287284,6.570302827,46.45374708,5.184126682,11.98736007,6.392843896,44.24896503,381.0348924,915.822562,6.553008758,46.00210254,173885981.5,383652397.9,6.026721912,39.95218066,0.515770503,0.912750819,5.097936382,30.74867608,0.365763746,0.847320597,6.438642181,44.77621759
130001,14.26685629,33.33423086,6.56341421,46.40615257,5.01563038,10.53332523,6.29008353,44.11997521,374.9442683,860.7393457,6.511033801,45.79977616,160137051,317919803.4,5.99585246,40.98653539,0.404893406,0.751142843,4.827615472,25.86514263,0.354646433,0.757491842,6.408339972,45.4060813
130501,14.25557496,33.19712159,6.566187883,46.47219092,4.902074715,10.83110301,6.576304691,47.06249953,366.5416936,805.6182546,6.547090279,46.81037126,152486352.4,311246415.8,6.401349842,45.32587191,0.39394227,0.804959372,6.292799065,44.22916683,0.350372212,0.786334956,6.573379085,46.82592051
131001,14.2871648,33.32836006,6.569428757,46.50492396,5.054408544,11.83666667,6.489229989,45.29934666,377.3951209,863.9583034,6.56029506,46.64427099,155997284.4,327947968.4,6.428398008,45.61065489,0.437967634,0.966911613,5.999272809,38.78089004,0.354832338,0.816730875,6.450332197,44.92003824
131501,14.3372208,33.62712153,6.569633474,46.45544718,4.954978172,11.46183858,6.567951958,46.50676899,387.8033553,931.8994836,6.522796742,45.56205574,161305869.8,364862624.6,6.51175459,45.91766016,0.38016132,0.719250683,6.320724685,45.04819173,0.346106801,0.77918088,6.576240019,46.98576311
132001,14.36952859,33.75203908,6.56952887,46.44328453,5.070354113,11.71715944,6.567456028,46.70215397,384.3037834,914.309791,6.565589939,46.31380277,168556649.7,384258883,6.465952983,45.21375299,0.40741895,0.816960207,6.284227122,44.32736064,0.355421403,0.835072203,6.58100392,46.6362882
132501,14.39845852,33.81908947,6.574851272,46.52330869,5.181075611,12.33982902,6.486304246,45.10885588,384.1451427,903.5229039,6.58195385,46.61154643,176334005,387663674.1,6.44504209,45.26213417,0.429484416,0.989662283,5.974837825,38.30243203,0.362562242,0.861108399,6.474114271,44.93465255
133001,14.42889807,33.91403796,6.566733637,46.39180488,5.057874743,11.47522444,6.531744727,46.14979456,384.3643191,897.6761242,6.552073154,46.23301518,215096211.6,375056859,5.877398314,39.51675284,0.357492908,0.731076109,6.400566276,45.48017458,0.350332976,0.79059786,6.54008627,46.40034261
133501,14.38919262,33.68471919,6.575842616,46.56527672,5.037222979,10.97556773,6.511700991,46.56569474,380.803185,880.7402342,6.587827735,46.90216981,640344746.3,320403642.3,4.141108926,27.58111914,0.373783378,0.701051949,6.11926345,42.9931858,0.349280281,0.77390362,6.526787666,46.45036956
134001,14.43782214,33.98945329,6.585806395,46.67297741,5.400458358,12.74475421,6.635626667,47.49346066,388.2218902,936.9053137,6.641547389,47.31659199,1269584376,512126836.1,6.066877046,45.4311095,0.449081573,0.881337725,6.547309542,46.87107371,0.358231292,0.829796981,6.587852123,46.85461611
134501,14.50753204,34.49384428,6.563813452,46.24209689,5.92774162,14.67188461,6.181108189,40.65592768,402.2600566,999.1350812,6.470578384,44.54826884,1322056674,973704661,5.602015107,32.36036985,0.495501698,1.07491921,5.835901271,36.30201685,0.370315436,0.867370896,6.421172087,44.37699946
135001,14.37181486,33.65076213,6.561941396,46.35111611,5.102328877,11.28161976,6.537320773,46.50037027,374.9717509,860.9233094,6.549014558,46.30654055,555609172.5,336578509.4,4.121664295,23.13332642,0.356599298,0.721150565,6.320839953,44.83155824,0.363130024,0.82411925,6.542587891,46.43338748
135501,14.32205913,33.09459486,6.57081331,46.6374226,5.115974921,10.55146177,6.331648738,44.71189757,376.5972805,821.7370138,6.453074595,45.85326332,188237178.2,322022666.6,4.715376561,25.83320458,0.349311513,0.703999342,6.232799391,43.66061901,0.364082341,0.812270857,6.412988785,44.75621224
136001,14.36249297,33.52167733,6.559736277,46.3602648,5.077663747,10.7780709,6.442989344,45.63524787,380.1774688,871.3060641,6.481406092,45.39283778,179926438.1,350996851.6,6.088901444,41.66138458,0.348672035,0.707693219,6.337972298,44.67911949,0.360730916,0.784143767,6.474508436,46.00506923
136501,14.36833501,33.59352797,6.560635163,46.35728889,5.271019411,12.01785998,6.616282152,47.62373551,375.9975855,854.3390948,6.510422695,45.88373915,174214292.5,361714738.2,6.307743319,43.86695528,0.446135295,0.834159692,6.4374842,46.35821844,0.362865338,0.837944664,6.61452875,47.21036604
137001,14.35810544,33.49130912,6.566056622,46.45407646,5.835782284,15.07279303,6.505716298,44.76514405,375.5769263,839.4111978,6.540094686,46.4941119,175910116.3,362440447.4,6.405657814,45.51597116,0.544146902,1.176012885,6.121448438,39.68046378,0.380002477,0.929468646,6.568511035,46.12747835
137501,14.37587392,33.52105217,6.567685849,46.48715757,5.813604389,14.24264345,6.384767133,43.47326853,384.3289662,880.4507333,6.561832299,46.59113372,186954679.9,410578665.3,6.500655931,46.11021813,0.418042035,0.849483917,5.93731078,39.46303363,0.385949598,0.946496879,6.52327875,45.38343991
138001,14.44545971,33.84817697,6.572779098,46.50880068,5.386432109,11.82691624,6.476480935,46.13732852,395.109409,933.3905723,6.537708429,45.89675053,201845782.4,461710563.6,6.460152862,45.02644873,0.373740517,0.736488167,5.502934521,34.97361,0.370246352,0.848574316,6.549595877,46.43537876
138501,14.48617622,34.01723725,6.563227499,46.3534706,5.437600593,12.12003458,6.50740262,46.10910697,399.123388,931.3593963,6.572040337,46.54022393,215068189.3,471872291.8,6.416184555,44.93882618,0.348140487,0.741236712,6.370335836,44.5038837,0.378878365,0.856965173,6.506274435,46.09796874
139001,14.50962893,33.98892613,6.574007205,46.53767194,5.493230236,12.38577915,6.464808064,45.25665412,408.5396189,947.7347509,6.524448445,45.91301751,228357312.3,472663650.8,6.233437612,42.93818381,0.346473223,0.74434716,6.439611671,45.42609643,0.386036966,0.859970827,6.316091304,43.35289506
139501,14.53836504,34.11878813,6.569470517,46.44449494,5.447501354,11.9499659,6.501640666,46.18588722,408.2598672,932.46786,6.570069785,46.72389145,522124083.9,414359807.2,4.701381515,30.08852604,0.348702129,0.744166157,6.378301144,44.58830501,0.367461454,0.77436388,6.390039414,45.21755326
140001,14.58383422,34.22741945,6.574064673,46.52739531,5.688502879,12.74151537,6.557801372,46.91119899,427.0442752,1004.708121,6.590294561,46.8953014,1877356785,569538798.3,1.693105672,10.67084356,0.380039707,0.732103186,6.246022898,44.2172268,0.367111581,0.795900866,6.538030352,46.84234861
140501,14.62034536,34.368366,6.562278286,46.31684348,6.291616529,15.26472429,6.494386339,45.04904037,446.4376562,1095.646326,6.452216423,44.38062922,3002005549,1548086822,1.396990911,4.818757333,0.49748356,0.909392863,6.133990492,42.32240761,0.401351815,0.957674526,6.579080175,46.41889931
141001,14.56454981,33.99068962,6.578017345,46.62151364,6.451809566,13.78421481,6.079213614,40.64319214,425.5018944,975.7037304,6.595426672,47.02535,3700501813,2624080162,0.051473507,-1.408151421,0.867842908,0.943275032,3.410296974,15.99391687,0.435833726,0.961649824,5.900090018,37.95456919
141501,14.62275653,34.40254301,6.584887706,46.67393247,6.887618864,13.15977984,5.520360799,35.20083201,439.5296963,1019.441264,6.572742033,47.07186837,5614733360,2876281915,0.134160466,-1.194894296,2.305872736,1.867169724,1.107281956,0.672255371,0.426767677,0.788366162,5.57409675,36.13557078
142001,14.69729576,35.12893293,6.583576617,46.48204109,8.532113666,19.25246834,6.380215314,43.83101147,462.3342545,1232.947032,6.609718318,46.06856655,6968141018,2180103992,1.758272672,7.468035021,4.491026361,3.741405038,1.400944144,1.941151339,0.513483526,1.045681803,6.283729255,43.72156388
142501,14.69422667,34.95276392,6.560786214,46.20816517,9.530321871,21.7988983,5.447558034,31.75793198,482.0206292,1230.315658,6.295733551,42.06106767,4736951910,1681109325,3.398127278,17.70708541,5.211261189,4.919171039,1.861387722,4.264179455,0.601177324,1.17980481,5.536123143,34.30617308
143001,14.51551613,33.67591482,6.545393906,46.20114372,6.724025357,13.08724828,6.038006961,41.63521432,413.4932373,888.1027539,6.440734447,45.46379983,1482964294,1232834795,3.589237379,18.67106407,2.810842734,2.471188338,1.260414331,1.485318591,0.581244146,1.096144587,5.71429191,38.06760654
143501,14.38822286,32.74169845,6.566401237,46.72490715,6.080319838,11.75775825,6.195463731,43.75591661,412.9125004,812.6031402,6.067003069,42.03579183,799631671,649443653,1.589986616,3.939489098,1.075402283,1.051304547,1.606150603,2.783138693,0.605570667,1.354656555,5.825382217,36.6583051
144001,14.52526535,33.72569465,6.559293959,46.41187401,6.54058491,14.22651246,6.556411151,46.88412632,421.6450333,952.7316554,6.482024336,45.51216026,1412338968,672959379.1,3.98659856,25.84338301,0.861127067,0.906792254,3.11486789,14.67479706,0.516257936,1.021907153,6.095050395,42.18519858
144501,14.58623451,34.33159102,6.566189205,46.35151898,7.219066498,16.89723982,6.027355061,39.00018748,434.2645749,1010.561467,6.47379103,45.11982039,1474409326,990281883.2,4.911135957,26.11745004,1.044168802,1.469534227,4.968222135,29.03181218,0.505916623,1.014436536,5.756371405,37.41508728
145001,14.63368346,34.37013175,6.567306775,46.42928112,5.904537813,12.56439331,6.439607507,45.59460058,433.925161,993.2486039,6.513312979,45.95707319,694140099,541655518.7,3.655877334,17.71257547,0.722186411,0.949299147,4.478643156,24.61124149,0.437637569,0.821753303,6.102897811,42.72868266
145501,14.66117844,34.39674299,6.566762491,46.41573706,5.88522139,11.64754548,6.185137082,43.29209649,437.8204908,994.3026583,6.533549817,46.25345838,457517927.9,475458952.2,4.026471873,23.61501867,0.437443621,0.764489822,4.50576002,22.4330979,0.456176148,0.930186426,6.36283996,45.29612846
146001,14.68536251,34.34110506,6.572251228,46.52445658,6.001554164,12.36863252,6.432742174,45.94874024,450.2977693,1035.32337,6.588997668,47.00291639,1143363635,785560686.6,1.477201284,6.223783209,0.386790113,0.689015345,5.869931765,40.17147887,0.499883094,1.143321898,6.23629466,41.78011478
146501,14.75638441,34.62129777,6.573818613,46.51618292,6.938982206,15.73761635,6.551401857,46.48810241,472.5389497,1156.076245,6.608259796,46.65427343,2145345328,1677479958,1.593503701,5.812667011,0.497092545,0.892027018,6.235056148,43.99103137,0.486111046,0.983933632,6.349563578,45.04563922
147001,14.80261121,34.84070817,6.569415743,46.41569645,8.011309963,18.57713504,5.997490071,38.59440407,487.4495763,1218.611609,6.569752507,45.95443954,2315313155,2150489078,1.326141341,1.526966564,0.617715132,1.139308514,5.518478831,33.62984965,0.560935992,1.182161672,6.089524463,41.41091031
147501,14.79864925,34.78568365,6.57997897,46.58576767,7.159630648,13.45639054,6.080714662,42.59200916,486.5029661,1202.490371,6.637380176,47.00788284,2925687195,2682317257,1.280962735,1.427145073,0.577415457,0.775710671,4.46129264,26.38361207,0.592162121,1.146163241,5.618445597,36.07554844
148001,14.82894569,35.06984049,6.591729319,46.71543572,9.553131069,18.13222199,5.790388878,39.24160733,485.756185,1207.238054,6.66201116,47.36596128,6090744546,4906412396,0.604780623,-0.712787939,0.718181479,1.181623209,5.049165064,31.45735467,0.664358575,1.37089689,5.494672626,34.24642334
148501,14.93541004,35.70236027,6.576871722,46.39475659,13.5052509,29.93724686,5.601138621,33.86790233,498.0012008,1270.619705,6.615334823,46.48336318,9119973347,8418397081,1.491576807,3.223401954,0.962681611,1.897459945,4.815735043,25.13775124,0.797789695,2.001217625,5.627088418,33.51811851
149001,14.85461083,35.16473086,6.560790138,46.23950359,10.91277386,18.64226274,5.10496617,31.30236856,497.2443672,1202.381085,6.429927807,44.23499543,6815609877,5776023487,0.963562238,0.297466496,0.731927367,0.944730954,3.847148845,19.05687328,0.606617328,1.312939336,6.324244753,44.5327255
149501,14.72232488,34.11136614,6.561256363,46.45919817,9.634070081,16.8034624,4.750805546,26.22722466,461.5767217,1013.237552,6.491709532,46.09593168,3379350080,3062159933,1.554649379,2.550281222,0.733878271,1.03955543,4.356250476,24.09549032,0.615763443,1.337240354,5.948961549,39.60072932
150001,14.63842651,33.72875076,6.565821102,46.55302639,8.209157576,14.26785476,5.058613421,30.36851404,448.260102,952.3995223,6.460678826,45.90057126,2029855297,1920678196,1.312793707,1.681647418,0.695439553,0.910287344,3.575833318,16.51583368,0.552397639,1.073087423,5.605561172,35.99752349
150501,14.71742372,34.17817506,6.573098274,46.61161158,8.109017677,14.58140971,5.105035284,30.25274925,455.4857642,1004.568023,6.563956505,47.14510768,2956050798,2534697243,0.97918291,0.170118927,0.766193682,1.038430143,3.746995899,17.58770783,0.573737593,0.939820786,5.095783987,31.36484974
151001,14.87171625,35.09906515,6.556729944,46.20201449,9.171033161,21.44746868,6.053146644,39.44533326,482.3035981,1181.722459,6.489284592,44.95672949,4534521724,4822886914,1.570201812,2.180748772,0.934511629,1.39142208,3.765954404,15.76722928,0.646987503,1.096595704,5.53767289,35.62900096
151501,14.78325667,34.62819067,6.559719658,46.30173604,8.411971972,17.75975677,5.202896421,29.97722079,475.6152912,1136.901463,6.550496694,46.03768576,7525372578,8793866839,1.66983497,2.353716231,1.260753869,1.51325851,2.9744624,10.66791238,0.696568983,0.97347679,3.478103357,14.35624516
152001,14.70547687,34.03512946,6.584839153,46.87768026,7.553036974,14.77667708,4.962901616,26.4658353,488.3704705,1116.862782,6.484901747,45.94583873,31613220283,34128559295,2.175580226,5.169416036,3.972033833,5.902432611,3.008242038,8.822354886,1.506515249,2.508522231,2.671206792,6.698995385
152501,15.01144119,36.58655803,6.652432847,47.36254942,8.382862231,18.08113717,6.316633401,44.12126913,548.6580392,1322.452209,6.63289471,47.17594588,92757676738,1.21525E+11,2.189169045,4.477426721,10.1421008,17.61973089,3.17465848,9.98761854,3.047232011,5.379200665,3.034280131,9.655693893
153001,15.37048539,37.95505055,6.410176052,43.77108245,11.54058348,25.47241939,5.387168852,31.71265897,676.6819817,1553.664612,5.77573951,36.01760285,1.53223E+11,2.27004E+11,2.343563861,5.092865185,15.38252347,38.64814878,5.116082349,27.5344472,4.940499223,12.10063324,4.678181065,23.34167792
153501,14.42537997,32.9671,6.622172214,47.77367513,9.973037947,17.13012353,4.521932068,25.01564904,577.8070331,1004.878869,5.072674386,31.32649114,1.6023E+11,2.78619E+11,2.831409055,7.567972274,10.5201967,25.14700988,5.769761887,35.93069461,3.48467418,6.288776232,3.699303446,15.54390914
154001,15.36235275,36.63529749,6.457020168,44.75544078,9.616517061,19.42276517,4.89967715,28.01790391,563.4751707,1092.967613,5.012066004,29.34262435,1.37705E+11,2.49113E+11,2.435202804,4.999525929,7.577060167,19.80217797,5.946067584,37.17810139,2.058821312,2.673851987,2.684071828,8.601541554
154501,14.96341303,32.08483487,6.106219985,41.21328885,8.641056014,18.65147758,4.19114459,18.01604089,520.6801022,1043.206187,4.345678221,20.32761571,1.08014E+11,2.18342E+11,2.635903337,6.260066543,5.097471761,9.454906852,4.573654969,23.0690909,1.668285196,2.918607109,4.068626639,18.88409129
155001,14.44056551,28.65765663,5.917936442,40.1095623,6.441659093,11.49534581,4.1341518,18.69261083,409.8371302,669.5993323,4.09908434,18.8899728,75916008560,1.36854E+11,2.62568438,6.56307786,5.735964362,10.3739819,4.574638525,23.25386908,1.634206917,4.032567795,4.774192965,24.22660497
155501,14.5110309,34.13909969,6.603756315,46.84903075,6.091744479,11.80392258,5.397558712,34.51480111,424.701001,822.7567008,5.257407724,32.37776776,71804806000,1.02671E+11,1.935426568,3.489278013,7.332633878,16.45531995,5.091697573,28.30567733,1.117996711,2.514787452,4.762953874,23.67345494
156001,15.63479439,37.83149996,6.31795379,42.82700929,6.991827358,17.24389927,5.596548989,33.61320344,527.9288175,1412.917413,5.685715502,33.99911049,50764420247,67939219923,1.515125547,1.677166734,4.313928941,9.478076197,4.635295843,23.38857314,0.754993744,1.496779479,4.937985742,28.87570092
156501,14.73164103,34.29484082,6.574449903,46.70384516,5.845884308,13.97623606,6.572877057,46.46344808,434.2704735,1140.148483,6.622500146,46.29647538,11617593497,15071355146,1.408941232,1.119521266,1.336393686,3.535087458,6.085016928,40.19238564,0.540912447,0.960404465,5.550942155,36.25292714
157001,14.57244349,34.33997089,6.613511926,47.00178745,5.740735057,13.38344852,6.644850671,47.52650414,442.2851273,1050.720823,6.623532489,47.39583039,900896854.7,1485875070,3.837820576,16.77181187,0.682971614,1.096062488,4.628648957,24.50355316,0.489201946,0.915202294,6.069212203,41.55888004
157501,14.50155568,34.8572833,6.632378378,47.02010807,6.255936576,13.9558176,6.566485647,46.47065327,537.4563092,1112.749184,6.476922419,45.30555223,738287195.8,965978955.9,4.267500132,21.23275299,0.682218248,0.812224581,5.104019517,31.50539913,0.849261024,0.917865539,5.271441701,35.29450276
158001,14.83311047,34.9951187,6.742889685,48.04559816,8.242621449,14.59134179,6.353836333,44.0601976,886.758502,1131.428619,5.815132565,39.16788194,1118230843,931177108,3.754277009,18.3286581,1.353033127,0.711105981,4.412714895,26.99247003,1.887860283,1.404794234,2.698460323,12.36912951
158501,15.47696817,37.11430364,6.831602182,48.9151157,10.70162108,15.48367687,6.323206478,43.86472312,1117.927904,1226.042628,5.621987347,37.5674867,1613906117,1086427997,3.433048695,15.0921815,2.104394706,0.729242139,3.687652493,19.41751674,2.435004392,1.631164546,1.988727751,7.221966113
159001,11.90311861,29.82581306,7.097683787,52.98218728,9.347561789,12.56725003,6.76933729,49.94982738,813.9129673,1011.386643,6.12911183,43.50778807,1471174600,914546534.4,3.922401236,19.83211226,2.014337958,0.6710474,4.290290219,24.60311478,1.638620588,1.121849229,2.477520749,11.3567956
159501,6.957207224,7.255356114,3.818437773,18.8716467,10.08279743,6.012152406,2.100226847,6.82418699,433.3881434,274.8359882,1.987696313,6.637178318,690753673.1,433415346.5,3.1427253,20.69333371,1.785154476,0.902570391,4.438878156,24.97080588,1.431661889,0.611499035,0.303260539,0.033607179
160001,13.20844108,32.49116595,6.404374281,42.86397121,17.58740004,21.6995824,5.613150402,36.080141,739.9221423,1140.308899,6.083722754,40.11162087,1300552587,663642174.5,2.062286121,9.294455295,2.357541874,1.842607802,3.525762203,15.03509595,2.255230903,1.22653183,2.10024279,8.717743375
160501,16.06289213,42.17887407,6.049908175,38.11182707,18.62187295,24.02085502,5.519572329,34.20985973,775.8166234,1556.058356,5.88404649,36.52437371,1370229337,578794530.1,1.719737318,6.589352468,2.001957006,1.591838075,2.93377428,12.0605689,1.969155644,1.404953925,3.553126183,18.14545458
161001,14.71778409,35.38462824,6.629611999,47.04029356,13.67487591,23.30930264,6.527398667,46.89424078,585.0829103,1310.27856,6.631765486,47.01299862,943761398.1,711025879.5,4.210197491,26.35612377,1.211477764,1.410206601,5.727150019,39.74026062,0.964125912,1.14274004,5.989073209,41.11176172
161501,14.95664868,35.36585477,6.585815098,46.62326095,11.79388651,27.18045373,6.439424146,44.59267836,552.9747351,1307.129754,6.587211767,46.62566216,742683662,928802968.8,5.5132165,32.68934318,0.816096086,1.721999839,6.218788274,41.94720813,0.520877752,1.081310493,6.519871029,46.59905497
162001,15.06469598,35.3893669,6.573908896,46.50541268,11.39339587,26.43299487,6.54854141,46.18779328,553.4196523,1306.542743,6.595213588,46.73839977,379939827.5,580341236.6,5.965499093,41.39605579,0.713227987,1.521020089,6.379571364,44.73802007,0.505357434,1.130702125,6.528356267,46.3634791
162501,15.09291256,35.4946151,6.578713977,46.56437477,11.34653893,25.3917247,6.466532906,45.47977631,558.4371527,1320.97719,6.584993591,46.61776337,286143820.3,584416801.4,6.212193987,43.34213426,0.700797428,1.392475867,6.12348159,42.25727383,0.515112106,1.197243842,6.486642185,45.33228982
163001,15.13321604,35.67905921,6.569327508,46.40523061,11.25336354,24.45135165,6.48231859,45.93398532,561.8484214,1339.080339,6.568901508,46.30040298,298507314.5,626794339.8,6.209043226,42.40756432,0.714502892,1.277669408,6.063015998,42.54754475,0.503304143,1.123619994,6.436345915,45.04711209
163501,15.08852766,35.43964664,6.573157591,46.49334888,11.30683055,24.56956929,6.47952924,45.86079679,555.9516505,1308.873158,6.574654513,46.48981548,520205700.4,525835287.2,5.214760681,34.34363771,1.084173007,1.489320892,5.595871062,38.03480556,0.505606272,1.096364176,6.476291369,46.06951663
164001,15.09504455,35.4273077,6.58148363,46.63291171,11.38006032,24.99734485,6.520377758,46.45114513,557.4108066,1310.990621,6.60677755,47.04629632,1557527246,619588059.6,2.911251813,16.59318969,1.601868051,1.827426842,4.448686498,26.86235268,0.508730236,1.125609846,6.424840719,44.93487093
164501,15.14505756,35.77737591,6.568637688,46.37444886,12.06730057,28.47514163,6.61160936,47.07511403,565.8905574,1367.997985,6.547025895,45.88149274,2286115479,1256013046,5.213939059,33.84492112,1.810095945,2.010090374,4.538141878,28.06830635,0.528809459,1.206750777,6.551432903,47.02863174
165001,15.07912219,35.41376572,6.567022265,46.40094934,12.92330173,31.16312518,6.26778121,42.14621863,554.8484552,1306.234245,6.550868197,46.15537259,1750207020,1469803534,4.395517151,20.46968236,1.677418238,2.033914255,4.502462092,26.85691011,0.585424407,1.520134322,6.360107913,42.77509331
165501,15.02798468,35.04920787,6.576933238,46.62675123,11.66249214,26.79411044,6.546223957,46.365183,549.6702883,1260.58491,6.575286828,46.84558297,579188373.6,818422723.8,4.986388717,28.02630083,1.308487401,1.943013489,5.152982001,32.36017397,0.538489671,1.28234173,6.409113274,44.11144091
166001,15.07804176,35.44030739,6.573714729,46.49244826,11.21232884,24.68111594,6.511859944,46.1918345,553.2732261,1306.187903,6.572903976,46.40930602,286881089.6,561333973.4,5.926236262,39.75260924,0.987671705,1.64062525,5.231110171,32.2755171,0.501936446,1.073478873,6.311048012,44.4842
166501,15.07517763,35.41868706,6.560230859,46.29487071,11.28361903,24.39490371,6.461570848,45.76536988,552.437209,1293.779088,6.530981934,45.91054121,287525783.7,572060281.5,6.067358888,41.09059596,0.843497781,1.554921952,5.315646895,32.66942678,0.503201485,1.213158063,6.67140617,47.77728875
167001,15.01959158,34.96080445,6.569667524,46.53661285,11.28238689,24.39761797,6.378790521,44.41625319,547.5470462,1248.968475,6.548661853,46.45999113,282579073.2,518698801.5,6.026881859,41.3027712,0.780184265,1.521329522,5.492571744,34.36101574,0.547947338,1.343715474,6.133897166,40.07009652
167501,15.05469555,35.18008249,6.574845352,46.56475251,11.05083305,22.62002833,6.39413677,45.38481846,550.2416012,1266.493888,6.572877436,46.67718991,405483259.5,479029301.6,4.464407074,27.59928536,0.725041918,1.276925316,5.591633735,36.99147601,0.454798968,0.913613793,6.387648343,45.45145364
168001,15.10951755,35.52116814,6.567057497,46.39514275,11.5035352,24.21472077,6.44010476,45.90939959,558.5347508,1309.579732,6.554543941,46.24113959,1500558959,1272696468,1.02832927,0.398200073,0.854227677,1.433355241,6.112077242,43.30270529,0.473481337,0.911403113,5.840105421,39.24038979
168501,15.12350761,35.57955077,6.578473682,46.56439232,12.76027133,28.77973169,6.466437869,45.29075364,562.783317,1329.340888,6.586759327,46.66062958,3816273342,3854610328,1.051935869,-0.087323455,1.17719637,1.978136067,5.73240092,37.86231905,0.492325057,1.087693986,6.36142,43.96271718
169001,15.16626772,35.8101192,6.5738925,46.45584421,13.85182709,30.6722891,6.352891544,43.71590618,569.6085106,1361.93504,6.578023959,46.43479473,5789500146,5846993542,0.833907835,-0.781662742,1.275655894,2.030400866,5.282941547,33.10082075,0.496599989,1.082545365,6.328765364,43.69829156
169501,15.1160694,35.65468965,6.581755029,46.57822232,13.53167016,28.3146699,6.393107338,44.9564957,569.3491712,1372.216404,6.611616734,46.82195964,6506425531,5384638481,0.744682731,-0.378112001,1.093823684,1.657552371,5.55812727,37.43957403,0.484126103,0.979542633,6.306408354,44.5980334
170001,15.11323628,35.81813785,6.597698422,46.78939951,13.82665727,29.31116632,6.407978793,45.27237377,569.0827344,1389.584033,6.631268106,47.06828251,6630495552,5166877685,0.788547789,-0.133418674,0.973645805,1.611595722,5.719413271,38.38666809,0.520910523,1.154216183,6.501635138,46.54477469
170501,15.16556129,36.47395101,6.585515696,46.46627724,14.17569388,29.68604535,6.051973116,40.30503726,576.0009566,1447.075044,6.618476631,46.60395675,5411205882,4590475417,1.132275307,1.715935247,0.976649572,1.410688904,5.229915311,34.18141996,0.595725184,1.461314282,6.099841255,39.69073932
171001,15.05320528,35.92789709,6.563043016,46.19950703,13.5231987,25.42268753,6.001543081,41.42394752,571.3334599,1392.20975,6.502604404,45.14961013,2389772791,2089764908,1.386574715,3.44254963,1.377952542,1.828807615,4.450308897,25.04652919,0.54033709,1.203354567,6.543523621,46.95560557
171501,14.7802544,34.28044904,6.559812806,46.42190052,14.34868682,30.36317604,6.478513495,46.22293942,536.3139246,1206.194409,6.529178182,46.35545514,629919509.9,912180473.8,4.050963771,19.29625293,2.176827046,3.222553142,5.246055899,33.36188699,0.584588092,1.380580787,6.573772232,46.78120222
172001,14.64812116,33.59038727,6.56667337,46.66489231,16.44379259,38.89550464,6.409424422,43.89356642,530.051232,1171.710217,6.522473271,46.55273425,287717871.6,465037148.6,5.118850104,31.75156582,3.004780675,5.050678423,4.851659091,27.4624018,0.62238071,1.592076015,6.435072501,43.84552321
172501,14.69596376,34.40641929,6.564790979,46.40804717,16.36999896,35.56249748,6.3554907,43.9686345,536.1239232,1257.335419,6.52772334,45.85046581,255450034.3,508291167.7,6.236389088,43.39183451,2.806676973,3.408931495,2.508986115,8.404406649,0.598346456,1.510635155,6.652665203,46.97716895
173001,14.59222146,34.21329194,6.539292875,46.00286398,17.42337635,38.8849588,6.284751969,43.87819411,521.4529265,1209.601801,6.484393724,45.28085341,236110998,500886047.5,6.147116896,41.30862911,3.217692666,4.632129383,3.357636699,13.55845624,0.594434542,1.379257863,6.307749709,42.90917991
173501,14.45631258,33.40289912,6.59412067,47.00017378,20.13575481,48.99781787,5.823072278,36.01920573,513.3991126,1149.191471,6.568493048,47.22868592,226145493.7,455720060.8,6.077837246,41.98485286,3.773721207,6.845858086,4.665665674,24.03485708,0.540712056,1.115630058,6.312913837,44.52704168
174001,14.65338928,34.79054247,6.557229465,46.19326507,17.84311662,34.43967434,6.031656384,41.8188121,538.2637295,1328.544746,6.552687892,45.82012588,246554331.2,610201568.5,6.49488269,44.96216667,3.001517701,3.551963594,3.145854167,14.87295744,0.531357701,1.104674352,6.431912059,45.8524054
174501,14.51531287,34.34676902,6.550328039,46.07547163,19.64030766,42.40035971,6.321210407,44.31500347,539.7869745,1289.271394,6.403451527,43.92033683,253978543,605901238.9,5.896366942,37.43853017,2.817197165,3.562588854,3.630894444,18.48982912,0.545368384,1.246261753,6.550304852,46.53852614
175001,14.29859515,33.01585627,6.576840801,46.75259147,21.42882576,55.06892394,6.381267963,43.32663582,500.7671517,1107.158175,6.518724888,46.67572475,209756839.7,428767580.1,6.073239202,41.78919183,2.635173976,3.683715613,5.048257125,31.65840303,0.565904624,1.381422607,6.508309529,45.26437174
175501,14.36703846,33.70554689,6.583378963,46.67065129,21.3343259,58.82320167,6.644502174,46.46778971,508.595716,1209.32565,6.623036296,47.21663494,216643122.8,517640376.7,6.582423447,47.02131965,3.30947302,4.794876775,4.819923301,29.35069204,0.567423222,1.37837022,6.584883141,46.39462681
176001,14.41410828,34.11597513,6.527472388,45.75970363,22.0837425,59.61544786,6.384647742,42.82488803,535.1578802,1298.218607,6.367438046,43.3484246,256923876,659304705.9,5.776722724,35.37415689,4.336194679,5.407430496,4.271027213,24.35515273,0.570633575,1.320363968,6.408623867,44.23959728
176501,14.12335611,32.36283946,6.550719972,46.40101864,19.60491883,42.75633067,6.375118502,44.40055986,484.420245,1082.455208,6.489636209,45.71794969,205918445.5,365121452.6,5.708529155,37.77233512,4.775750483,5.782575037,4.386214151,25.90485339,0.537066098,1.112816858,6.455586643,46.19124775
177001,14.12831382,32.17803813,6.557551342,46.60947032,18.98279394,34.78434135,5.859255371,39.65872787,476.3263713,993.6403033,6.403623173,45.61065076,251396836.2,331811029.2,4.253418001,21.53684058,4.47219878,5.495930448,3.952105106,21.19323345,0.558064093,1.223023573,6.449318615,45.90416366
177501,14.20448287,33.05401883,6.543531644,46.13289646,18.66957682,36.73798406,6.445815511,46.46913974,482.287025,1080.61285,6.523039752,46.19730797,350104977.3,404651111.3,5.240614405,35.39132619,3.666012326,4.64923315,3.601212716,18.07900224,0.597889244,1.473534699,6.41380648,43.857923
178001,14.17347668,33.0165921,6.578688202,46.66623293,20.03544514,46.84286671,6.283728706,42.17575598,489.3459097,1154.661607,6.568489195,46.38026276,401392214.8,622022590.5,5.486117494,33.55968432,3.660091177,6.311112896,5.34684185,33.28368666,0.570651255,1.387492208,6.523984327,45.55132534
178501,14.35803776,34.05232162,6.580464548,46.52627746,17.84578695,36.80787113,6.211674186,42.86523385,499.3338226,1211.061362,6.575554638,46.26985369,271569231.7,517364077.4,6.204407066,42.80317967,3.846012376,5.059294255,3.663565817,15.80174335,0.556103104,1.261331835,6.504738494,45.93315519
179001,14.40772642,34.08745395,6.529108256,45.79518407,18.40545867,38.40104195,5.770909992,37.55049646,499.8020287,1188.457537,6.513473543,45.53338314,222510303.3,452900854.7,5.970003284,39.74806982,3.761076071,4.914836624,4.132035251,20.70581822,0.551975817,1.217048949,6.52192996,46.54844626
179501,14.24078089,32.68119565,6.56166515,46.57438823,19.80880788,46.32627475,5.983521126,38.74116087,490.9242055,1109.822798,6.542966952,46.48603452,201150103.5,367888888.4,5.900339166,40.40311835,3.762160255,6.017405556,5.051431896,29.64556806,0.573091374,1.307512103,6.432537058,44.88914103
180001,14.27659567,32.91042182,6.566814532,46.58207361,17.69129594,38.79002958,6.481276864,45.97575746,490.6345352,1115.490441,6.563745507,46.68685314,208052806.9,408112855.1,6.311620009,44.86107925,2.930487042,4.096592889,4.307055327,23.32988316,0.572113378,1.292603006,6.470125274,45.59644789
180501,14.37162249,33.73955321,6.572895098,46.50901476,18.20153737,38.87321856,6.408155163,45.0990464,496.9538612,1172.571181,6.587407441,46.70781728,224434363.1,513620285,6.451343452,45.11132648,2.389142047,3.716579803,4.361796584,21.56951857,0.589664546,1.351934058,6.471360563,45.52799974
181001,14.48355232,34.55977626,6.587257527,46.56467906,18.44525106,38.91854569,6.308518258,43.88975729,505.2618331,1238.891215,6.588871529,46.37341673,237136977.7,602023549.3,6.560690114,45.76729664,2.321074538,3.711742589,4.662394998,25.60623926,0.574823742,1.397554788,6.626994794,46.99146661
181501,14.52409623,34.69623743,6.557590968,46.11717069,18.58023155,38.3798565,6.354811641,45.01365068,505.6396488,1225.554174,6.524816822,45.52257063,250215194.3,621855916.7,6.344833969,42.73074519,1.931615275,2.724328861,4.974816282,31.87816585,0.60123879,1.51184654,6.610462402,46.51824382
182001,14.36647797,33.46720926,6.568902467,46.5053292,19.46462121,44.07296978,6.56056342,46.83262862,487.6649874,1104.487623,6.535775117,46.29098454,233499306.6,459152782.9,6.37773018,45.16444475,1.891363112,2.89944666,5.603679224,37.95595593,0.621405925,1.440862439,6.189618499,41.34985708
182501,14.34788196,33.10621701,6.563357756,46.54305222,21.17551339,54.49434852,6.617770273,46.42888163,487.6937347,1081.755376,6.535992995,46.71079569,280674218.6,484789005.5,5.900157216,40.26204562,1.963128935,3.461717764,6.089962786,42.8649993,0.560400376,1.122230977,6.252190793,44.10470921
183001,14.36452572,33.44028835,6.55926403,46.36654538,22.43157319,59.71780777,6.509628502,44.62792539,497.6949591,1168.288541,6.515040092,45.62725506,319439605.5,656818660.6,6.133956701,40.30089665,2.314641206,5.136820419,6.369326271,43.74839066,0.560158489,1.143893172,6.335544233,44.74306407
183501,14.37726885,33.53402547,6.569736218,46.5112456,20.97530383,53.75621482,6.715216473,47.87843453,491.3328736,1132.334591,6.538851955,46.15871584,262564277.2,525585503.8,6.133969172,42.10565337,2.684089802,5.84124816,5.685564804,35.28136975,0.570935018,1.277114489,6.588808792,47.26518311
184001,14.45153808,33.92815021,6.565623324,46.39514522,21.40030597,55.72637472,6.738564783,48.42342191,497.4552022,1137.116588,6.553693532,46.60087019,255399475.8,523191799.8,5.832839736,38.83121077,2.531550449,4.480653085,5.905118969,40.66431504,0.613512222,1.561670153,6.584846113,46.04270658
184501,14.41774586,33.83590601,6.568975601,46.4401125,23.23713526,66.72793352,6.497621881,44.10048212,500.0362927,1194.018461,6.567495819,46.25272993,243958959.7,538728543.3,6.395561635,44.67548289,3.024217633,5.377423483,5.947393666,39.97108724,0.633146785,1.638122719,6.524334206,45.03621688
185001,14.44379256,33.99145881,6.595490559,46.83291647,22.25575029,50.81785808,5.419468785,31.69180835,501.0776207,1203.788705,6.603297353,46.78361289,257151357.5,598597098.8,6.545109229,46.84148132,3.864558843,4.683971329,3.493001999,15.13004802,0.614621058,1.519242096,6.597903385,46.45365197
185501,14.56273413,34.95651522,6.572528578,46.28397717,18.98150014,34.24321741,4.844828297,25.83287128,505.4175037,1232.863518,6.571261779,46.14014652,297844438,786505547.2,6.286659473,41.94441528,4.159541255,4.176692858,2.628447894,9.45597758,0.591547045,1.366065623,6.495138477,45.50337918
186001,14.3894166,33.9501632,6.55555559,46.20387431,18.22395551,35.30100814,6.062458951,41.78224034,490.971015,1142.490962,6.515315934,45.7617739,281755586.7,632857755.6,5.891678323,38.24632076,3.9032053,4.113185274,2.642984225,9.602078542,0.576944788,1.252979775,6.490091488,46.49497961
186501,14.33660234,33.18169707,6.570324476,46.65009811,19.32195886,40.82951684,6.052536427,40.74764002,491.0244234,1107.670998,6.519343343,46.44730601,257889221.9,531634570.7,5.659899245,36.34124427,3.341059007,3.411843204,2.413626342,9.070481887,0.593014825,1.436465318,6.610754956,46.80536742
187001,14.29151818,33.15558201,6.52101265,45.85795896,19.27322324,43.37744985,6.398797222,44.95732692,499.879762,1160.231685,6.415657705,44.35843616,255451867.7,525405677.8,5.721347798,36.5003605,3.305840852,4.667984962,5.09714474,32.9101211,0.609396428,1.508462354,6.419165103,43.8509786
187501,14.18261126,32.40912356,6.558577028,46.58539728,19.99050885,48.873967,6.51812764,45.42164744,479.0156683,1074.100334,6.549306072,46.64814275,226045292,417367957.5,5.815544556,39.34061826,3.717967724,7.257462664,5.14255303,28.63460475,0.560884166,1.302168713,6.587383343,46.83014585
188001,14.22812069,33.04872321,6.555214693,46.34113348,20.75316742,52.05043062,6.635024705,46.92419223,482.9575294,1101.608133,6.541089089,46.3185081,232113131.8,475976593.8,6.386832448,45.14741269,3.046781572,5.1463187,5.884226746,39.37093943,0.549777409,1.221663087,6.462244335,45.44924822
188501,14.28018815,33.43812664,6.567397002,46.43291688,21.61505191,53.48288975,6.425546478,43.9666948,484.6796038,1114.448532,6.510588162,45.75263224,246471089.2,517914553.2,6.178601845,41.76064785,3.132396341,4.393481619,5.080567611,32.78737983,0.532165307,1.144702903,6.52559596,46.68047006
189001,14.31089466,33.56261961,6.569132838,46.45029418,20.32404242,45.61468063,6.526877971,46.27698484,484.6664203,1100.712179,6.571500406,46.81962412,236443409.2,482573966.9,6.394628722,45.63321029,3.719349686,5.599826624,4.071968487,21.18012457,0.548984074,1.224118645,6.469725313,45.43764727
189501,14.37648833,33.71464218,6.566885512,46.42759739,20.44994702,44.17035392,6.508177465,46.6514515,495.3090234,1156.187385,6.539817575,46.06506763,256291604.6,559675726.4,6.266746485,42.78771091,3.804245638,5.529732416,3.806712835,18.88422543,0.549831874,1.158236666,6.30065892,43.67673186
190001,14.3852038,33.63092946,6.561004491,46.35906673,21.71371166,51.09205639,6.541908423,46.01362255,499.945862,1162.908983,6.55238321,46.25884305,278492859.1,504716957.3,5.816820258,38.90169962,3.989175197,5.983323691,5.060924729,31.7188949,0.560795121,1.138444186,6.176616954,42.96500928
190501,14.42195537,33.57608924,6.56969404,46.54305927,22.52960526,51.39010059,6.34544902,43.54181275,504.9724567,1166.734667,6.561406271,46.52285054,322844572.3,471262205,5.076500369,32.46079896,4.47557941,8.809562595,5.266726611,30.2627371,0.57900533,1.276730631,6.441032699,45.19811912
191001,14.48186686,33.91447003,6.557796068,46.28148549,22.50471146,48.80210238,6.337626639,44.618882,514.0644692,1205.872028,6.553104155,46.17739829,1119780953,906376538.9,1.258016331,1.53222308,3.394027326,4.998955073,5.363909702,35.63666829,0.599937909,1.375625916,6.46052388,45.1347703
191501,14.41266503,33.49244009,6.575751922,46.63563883,24.44556661,57.12309034,6.564758658,46.61880314,512.0450146,1184.98502,6.587743254,46.91339037,2936697715,2364169300,1.202241508,1.294613495,3.648262994,5.50097714,4.898588496,29.67693225,0.617516115,1.385556966,6.615513989,47.78458549
192001,14.62221481,34.53848116,6.593178,46.7740764,28.58505183,71.71367402,6.41055129,43.78880616,542.8444519,1308.36541,6.574618898,46.46517456,4492719537,5038019532,2.719486694,9.638211472,4.374993437,6.711745606,4.847507317,28.17219918,0.765428032,1.953629259,6.564254604,45.96744027
192501,14.73973453,35.15575394,6.514615934,45.52254968,29.11762032,64.79058108,5.737996364,36.62969722,557.7607977,1321.539001,6.303890886,42.80643066,3872804076,5443712822,3.322913275,12.56406673,4.084099997,5.052480986,4.472485097,26.72643238,0.910583338,2.195183292,5.191681042,28.17492817
193001,14.53448079,33.61166029,6.584392197,46.84706549,27.0884073,56.78626455,5.461546733,34.05632742,536.2746935,1212.558141,6.474179738,46.00730591,2483986416,3019374289,3.331023613,15.90153735,4.251625471,4.834479263,3.80750381,21.18453686,0.702580476,1.367376518,5.10914598,28.72512331
193501,14.64636219,34.06044367,6.530458243,45.97148278,26.05541067,65.57668062,6.530726508,45.90074881,546.9140118,1301.426657,6.407304614,43.98785178,2078741169,2021091697,1.469413324,1.924688254,4.850656294,6.151947724,4.834007786,31.17401865,0.720307952,1.592111363,6.409058105,44.70279125
194001,14.48093168,33.16448746,6.569256756,46.6496319,28.70133184,81.71357112,6.301325726,41.56377483,513.1089684,1137.424961,6.566765675,46.97023467,1944590055,1879901878,1.367966297,1.363899769,6.042653304,11.1547025,5.861121802,37.29713206,0.80239245,1.720944587,5.511080839,33.45277444
194501,14.74338746,34.35027699,6.586192523,46.8320604,25.4286586,57.05947613,5.376995231,31.5227629,535.125236,1217.146748,6.521566203,46.41599576,1528158783,1470792265,1.735614557,3.969519457,6.421568584,11.28178839,4.552168646,22.64714961,0.748464154,1.449436981,5.691257318,37.36984481
195001,14.9753252,35.90417059,6.517809408,45.51937363,21.15317415,40.12783646,4.976693131,26.95364342,562.5729949,1339.796304,6.354180084,43.31406973,1088471800,1297628244,3.611244,15.55127266,5.549808685,5.639439476,2.30858285,7.518568217,0.748514092,1.60566644,6.147821435,41.22445509
195501,14.74401275,34.55131766,6.599374496,46.92172347,20.29608028,42.54275075,6.096804497,40.7286847,526.4462865,1204.497718,6.580678796,46.95655053,707089399.4,778426129.6,3.113199342,13.26322172,6.31455881,5.16675477,1.469548781,2.523853471,0.647268501,1.289341583,6.228891084,43.28568615
196001,14.91321418,35.29243171,6.579133771,46.55027497,19.22757008,33.84798742,5.383967277,33.79082583,534.4530285,1244.820062,6.599651177,47.04877756,1012248324,869524741.4,2.90071494,14.52545309,6.768787705,5.702742859,1.357844511,1.627705266,0.671575228,1.326777143,5.775859771,38.4506179
196501,14.96850737,35.6653456,6.553447899,46.06929498,20.02581745,38.50807194,5.199900394,29.42864715,551.9568059,1351.789346,6.541163739,45.6752686,1732836411,1324990602,4.658561599,28.53266489,7.073638833,7.247253704,2.499422416,9.047302924,0.742634968,1.692801136,6.180917833,41.53990616
197001,14.5936279,33.96398204,6.587444537,46.69797024,24.37605343,56.40815473,6.124654367,40.15011447,553.6908499,1234.443513,6.521935764,45.66210441,1622108530,1292506238,4.068415593,19.49400169,8.542223098,10.39836951,3.571917073,15.28625689,0.84753566,1.637588517,6.347340937,43.51368835
197501,15.89413926,33.63835537,6.744712804,48.7199294,45.84953768,53.08782584,4.968375578,28.63185806,867.1082851,1161.729674,6.019378889,42.12814976,1162609520,994622322.4,3.76683224,20.69480407,15.0131385,12.74347799,3.338598503,13.35246262,2.140146799,1.458786297,3.520178263,20.42932085
198001,20.0155903,36.85304189,6.575363352,45.95655305,75.7445599,41.93239843,1.159380662,2.819063051,1435.607546,1424.774827,4.584849777,27.50057841,1584340162,1131811674,2.370221125,9.906312828,25.31681715,13.7854961,0.206171318,-0.561139199,4.182197283,2.15880678,0.857293531,2.62226066
198501,19.56598791,35.46395581,6.690251931,47.78272668,82.91465097,50.04706952,1.761591573,5.991315947,1463.286327,1386.193596,4.378733152,25.85699986,1624746344,1120903027,1.793227165,5.112678165,29.03344484,15.27485413,0.048216551,-0.582680777,4.544527455,2.479336505,1.258022955,4.820547603
199001,11.71213813,21.64995039,6.882211731,50.91040929,50.53372115,37.03325862,3.681698925,21.51708767,808.9421452,821.4384266,4.672508156,29.15726421,869264280.2,571516956,1.260938273,1.86013573,18.44134996,9.545552045,0.004496584,-0.715756176,2.685006531,1.566064012,2.14979758,10.44817365
199501,8.998088023,13.62200368,5.607167099,35.02305441,112.3892249,69.11755993,1.405146688,2.594889826,543.5451417,458.4541308,3.631844095,19.1727507,3707541469,1029818135,-0.475533174,-0.172802846,11.44936987,6.314345141,0.645079769,0.070020964,2.44361318,1.385552405,1.190935503,2.071978621
200001,15.25253596,41.16695023,6.405745926,42.31696225,157.8818936,180.7495861,5.067132542,30.28919628,806.1202693,1204.286245,5.958443314,39.17998672,5449928601,1372854676,-0.447319292,-0.234598361,15.64996025,12.73531117,3.435506669,16.87357767,3.527770777,3.28925876,4.237856922,23.22246957
200501,14.76125603,34.19421387,6.157902711,41.27560702,119.4137568,195.7036014,6.023718719,39.66377074,654.4099027,986.909689,5.055821289,28.76714287,4118637872,1341923880,1.326707838,6.288376491,11.16261573,11.33485096,4.872327616,29.51428888,2.608828941,2.920027528,5.380882231,35.08381101
201001,14.04723384,33.11608261,6.613074554,46.96120679,73.58513152,184.1220103,6.666507745,46.77524015,436.8434675,909.1338388,6.522339325,46.37030383,1564978750,999011933,3.029710691,13.21310601,5.144399973,9.508323417,6.640330695,47.55362349,1.503087206,3.185987347,6.542677656,45.53721428
201501,14.36714667,33.78936027,6.574593791,46.52782922,67.08961728,169.6082129,6.576461829,45.9587749,426.6869774,985.4492696,6.550767378,46.41128228,793970147.4,1026509231,3.952657529,19.21102494,3.98282768,9.817140846,6.571964122,46.10213342,1.240128199,2.77342554,6.024797204,39.73623226
202001,14.41847151,34.13667403,6.551399146,46.09820702,65.65404877,153.0382833,6.622331667,47.41989537,434.4932668,1031.613745,6.432781962,44.35790752,764476164,1137887872,4.711641246,25.5797786,3.869963328,9.152733042,6.557545564,46.20163162,1.192013328,2.414397576,5.675667041,36.31739524
202501,14.2570582,33.07217325,6.561954726,46.44681651,67.23554816,154.7902054,6.420111217,44.48464101,409.9946382,916.6378187,6.500426995,45.9124095,721699070.3,758838665.3,3.152421693,15.27840251,3.87070565,8.831961929,6.546840152,46.52882724,1.260540445,2.909463151,6.435594638,44.58614954
203001,14.28496051,32.9556196,6.567917868,46.61675663,65.45547784,134.1755939,6.277887967,43.69196257,406.0058003,868.8396758,6.467084592,45.95741496,1003822076,1077907026,3.405928827,17.31498469,3.849859618,8.862900154,6.500610184,45.59302129,1.314683503,2.87332914,6.068920394,40.330365
203501,14.36369216,33.53576711,6.544367494,46.11998586,65.33496977,123.2148332,6.042118848,42.06913097,412.3850512,895.2102544,6.483840705,45.93253312,1228280792,1533999811,3.595429761,16.09536233,3.844723847,8.782420038,6.612701278,47.58171207,1.204893974,2.358793608,5.925020471,40.3877966
204001,14.30908996,33.09791524,6.551452728,46.31681132,68.78712655,148.072261,6.480373002,46.47501005,423.3284156,940.3813847,6.471141338,45.51317963,1225465233,1062625000,1.707720595,3.982147785,4.103358166,10.28952965,6.566664517,45.81888263,1.350374223,3.252105291,6.436687642,45.54905485
204501,14.30453077,32.92552729,6.565149037,46.57464806,79.4255474,205.4142573,6.460480759,44.20994848,426.4568706,944.6720218,6.511301088,46.10430795,1467289043,1230740756,2.024961253,8.039784755,4.239545565,9.88098269,6.282651035,42.67196033,1.812401492,5.403397024,5.94424854,36.8221807
205001,14.44136561,33.80238384,6.580817215,46.6487018,80.49418707,205.3632953,6.371466383,43.02886358,441.2613885,1007.896489,6.599359451,47.3322572,1561711377,1530075295,3.758720639,19.39523993,4.053261926,8.395097711,6.317721705,44.55463868,1.58555521,4.139148354,6.010386107,38.00866659
205501,14.58452328,34.70593686,6.559491355,46.18237641,77.33603879,180.8293068,6.570538648,46.96256617,472.0289274,1198.737107,6.603752897,46.32392141,1178554088,1102640160,2.806502678,13.34275901,4.162244779,9.093657642,6.586701485,47.36016653,1.28076473,2.409159958,5.760579431,38.38684314
206001,14.55888469,34.38414306,6.581098095,46.56436072,81.38438104,190.2317582,6.322366113,42.97089234,494.6763826,1263.604619,6.519425448,45.06582578,1344856014,1568287085,3.624907469,17.53289089,4.592984976,10.92366239,6.383924319,43.59120706,1.295846831,2.408653726,5.7361649,38.05869511
206501,14.60509708,34.22447047,6.548146702,46.15600923,74.82302363,151.8018746,6.396644377,45.59552984,475.6369087,1148.466173,6.552791623,45.97337106,1990175290,2372595611,2.906278468,9.906298512,4.416465688,9.858163409,6.422950778,44.49019784,1.191830656,2.154220193,5.893669306,40.5039861
207001,14.48575197,33.25264723,6.557189985,46.45587136,82.86137955,176.5981556,6.192205341,43.11890281,465.5790398,1043.394107,6.549709268,46.67497222,2798526383,2934289264,1.982886665,3.988827353,4.415657255,8.803467795,6.380634421,45.32542039,1.321980645,2.825471908,6.199663964,43.19478661
207501,14.61573097,33.48433292,6.554772078,46.50733751,100.9577421,249.9992322,6.060283793,39.08868705,472.9099492,1057.378507,6.511644181,46.10960957,3655502000,4339036005,2.292447098,5.263594725,4.682034491,9.302469122,6.369062506,44.76887957,1.671993248,4.319616578,5.851474116,36.17553554
208001,14.73239915,34.33347567,6.541195012,46.07617446,89.15276172,184.9386494,6.163335309,42.28718383,473.9411651,1061.092617,6.457792501,45.21031395,4401851915,5018816881,2.265846875,6.116369622,4.992119768,9.837680518,6.336521338,44.45724423,1.370234676,2.79606032,6.180830691,42.86862009
208501,14.73345185,34.16414275,6.582315508,46.75273215,97.83391312,199.3134255,5.413601,33.42987533,471.2360557,1036.233502,6.568252348,47.25571957,6625863130,6721979954,2.077689019,5.2870861,5.046603131,10.51218217,6.436978841,45.46844776,1.520224211,3.2453253,5.433275484,32.47907807
209001,14.98590475,35.62790459,6.601308518,46.84011651,116.126791,279.7392332,6.050107354,39.7370244,503.421997,1233.806794,6.620307463,46.87734576,10982368927,13700057912,3.871730208,18.79094992,5.050621602,11.84397807,6.633855301,47.20308423,1.728864895,4.838009516,6.33164102,42.12623747
209501,15.23275313,37.17620374,6.5639775,46.03232888,117.3482868,284.0287785,6.228283057,41.83037028,532.8579892,1338.362465,6.398621812,43.57888858,14256840364,26939225198,5.092016843,27.41061368,5.160995961,14.21444625,6.719987934,47.38467132,1.772566307,5.172430972,6.405868534,43.02582983
210001,15.11534345,36.12466959,6.57773066,46.40861509,107.7225948,268.8827461,6.474088442,44.79903674,506.2494169,1223.864476,6.610857558,46.93471559,9386026850,15326480988,4.407233826,21.36057136,5.683924892,16.40549835,6.350568815,42.05569618,1.683974147,4.791993863,6.4823255,43.98228591
210501,14.98318549,34.81918577,6.546545097,46.22178708,97.20291974,215.7897163,5.757521873,36.03949652,501.5461248,1177.189719,6.44284604,44.66759107,4384850589,4260719589,1.498591407,1.768049341,4.868891033,11.16337354,5.836428168,36.95043723,1.459355089,3.164234994,5.745038167,36.36419734
211001,14.79154744,33.83627746,6.585359549,46.92592233,84.83854239,161.3050996,5.039933773,27.99175718,475.2754402,1023.0506,6.512565005,46.6453912,4966093946,7173110537,4.149501787,19.6488282,4.252410519,8.042770063,5.148059387,29.03073953,1.289503594,2.452665457,5.055248732,27.62006688
211501,15.02067871,35.30106157,6.574384264,46.5382147,83.0323395,196.9347535,6.603858656,47.17244944,492.1016282,1129.845966,6.582760287,47.12804086,5517190130,5284922152,2.596543526,8.471365146,3.982316669,8.323084322,6.391867681,45.24900932,1.237901777,2.810777414,6.57824878,46.99944265
212001,15.06501761,35.78823271,6.522158261,45.6578126,98.1117016,255.1988064,5.569918292,32.52803697,527.4956972,1286.666533,6.301307955,42.42905794,6040600430,9164438977,4.330670655,20.27391411,4.190980538,10.34415884,6.539444801,45.66693143,1.418209441,3.539253327,5.675136159,34.18806612
212501,14.82906003,34.27251601,6.580384882,46.78066606,74.20351141,156.7051566,6.226681803,43.4034462,482.5753824,1119.056323,6.614818233,47.26322745,2488851716,2780438855,3.402033592,14.63727503,4.239517576,10.31017369,6.154548984,40.51050264,1.108091874,2.33281684,6.353076912,44.97530466
213001,14.91181627,34.7881984,6.568756326,46.51126618,74.38949138,159.6486079,6.418770313,45.69231564,486.6893705,1122.254408,6.551879621,46.44980112,1096591209,1517025951,4.2625774,23.14159127,3.783689261,8.181462794,6.373891069,45.1644879,1.10379127,2.309365718,6.364225564,45.11048472
213501,14.96209007,35.25113956,6.563351447,46.31322847,77.84103013,183.2398399,6.412184972,44.12485033,489.4421315,1153.595898,6.569045498,46.38873882,879143324.4,1717892939,4.759376024,24.2089373,3.820127904,8.658857003,6.42424831,44.67996578,1.115361948,2.542090876,6.488625302,45.57320211
214001,14.92005367,34.94458139,6.565708954,46.41179815,73.29466854,167.0939047,6.500067847,45.6159598,487.5811058,1131.357746,6.494516447,45.42064626,568454985.8,1026925995,6.032395893,41.87190456,3.666472612,8.290945539,6.616861457,47.55200006,1.112452801,2.632421416,6.556199087,46.15947295
214501,14.90591189,34.71355713,6.56937542,46.52420556,72.8397764,157.4083006,6.484143649,46.25617447,480.3597557,1063.539866,6.55946065,46.93659571,559703051.6,985357281.9,5.761462736,39.12409384,3.867019873,9.376794468,6.56747042,46.2531693,1.106605748,2.596175408,6.528044074,45.82686137
215001,14.9517975,34.94366904,6.567849235,46.4653316,74.18757107,167.4805555,6.479897895,45.51954833,494.6400169,1134.511622,6.525124738,46.06286067,588684759.6,1082365303,5.971837815,40.58405809,3.948527463,9.452457039,6.269477822,42.13987923,1.091557657,2.442995862,6.487966344,45.71419297
215501,14.97876806,35.07261792,6.562944046,46.37227291,74.55952928,169.5728015,6.568604464,46.70111431,495.9738509,1172.919634,6.579321838,46.50090062,887687804.2,1155538955,5.116596661,34.11104657,3.512220033,7.39722841,6.449653193,46.03118797,1.082966326,2.336899575,6.493764041,46.16176979
216001,14.99221987,35.04368646,6.572798593,46.54173114,77.90666491,182.4047533,6.556599048,46.33114598,505.8263463,1212.73686,6.590098908,46.62955422,1498964170,1850747959,3.885553478,21.53112336,3.589187319,7.62755563,6.398413088,45.40138181,1.107382226,2.416213903,6.482893416,45.91426814
216501,15.06075282,35.36844257,6.568635565,46.42843128,80.62857622,188.0369516,6.448005835,44.70381733,511.8512469,1245.064103,6.544586013,45.76069039,1999694744,2318288878,2.777862136,11.07518051,3.727322631,8.510744931,6.419285759,44.51547095,1.136816981,2.541269097,6.491845635,45.75884847
217001,15.06014441,35.29618456,6.567915709,46.43009793,79.03427756,171.7594666,6.514875887,46.50955726,498.5796999,1153.405627,6.557502947,46.39028473,2440197439,2514586560,1.490075418,2.531236135,3.659719589,8.377715041,6.556768175,46.50663837,1.175180352,2.645603197,6.523891062,46.19388776
217501,15.1016411,35.37099746,6.581056939,46.64909164,84.40963981,192.371909,6.562799151,46.97340387,504.0147692,1147.080131,6.563452784,46.86786173,3400035966,3657988314,2.003420416,4.435022577,3.744066409,8.743179751,6.587307738,46.76570815,1.237089624,2.8369173,6.521539921,46.02980684
218001,15.15896773,35.78565915,6.564825989,46.32458613,92.00223417,226.8093714,6.324628417,42.6953033,512.5027553,1227.694056,6.520993977,45.59070492,4847189433,5222447348,2.028986728,4.00528181,3.862862236,9.192929831,6.530127376,45.72827138,1.291346754,2.964774274,6.420327388,44.67388526
218501,15.14575878,35.65645828,6.585966634,46.66506411,89.47884029,209.3259237,6.574398936,46.91907402,509.0738127,1214.007489,6.608333126,46.93783054,6195468024,6405192271,1.829273747,3.282620341,3.919480127,9.024287444,6.589099301,46.7580789,1.31682023,2.977438881,6.494254683,46.25146549
219001,15.19406709,35.90632233,6.562786804,46.31752902,96.96202976,230.5690358,6.327828861,43.43599768,518.2759496,1249.677363,6.535758645,45.77145756,7508782933,9457098246,2.57371846,6.740542371,4.007833631,9.219107123,6.581048453,46.65512932,1.441960176,3.488567401,6.375032289,44.16137114
219501,15.13685862,35.60700737,6.572743902,46.45881227,92.71424718,220.0079847,6.400703175,44.32498832,503.8697882,1175.735289,6.535485885,45.93055609,6652315192,10582562483,3.143864966,10.20918948,3.983922527,9.696260202,6.617129581,46.68609832,1.504843279,3.810727857,6.356943073,43.38482964
220001,15.09313167,35.16900175,6.565640208,46.45666129,89.95456529,206.2029751,6.376624429,44.33950335,496.8049357,1105.058876,6.545404932,46.7181763,4604076181,8317780706,3.656300276,14.34226336,4.004094743,9.738949782,6.458938715,44.59934714,1.450134958,3.568494333,6.257900551,42.0689364
220501,15.0588159,34.82798112,6.549462116,46.29699628,84.17264312,178.747714,6.273893705,43.48168649,499.9401398,1139.820324,6.527709538,46.12465373,3386474470,5490995622,3.301620678,13.01720426,3.656716844,8.003607162,6.332978077,43.74636309,1.251922125,2.541428622,6.231928037,43.50611768
221001,15.06295485,34.9073402,6.593319928,46.91648668,89.26352683,183.5443843,6.048314167,41.68921275,505.3220525,1181.929004,6.607810506,47.03088921,5162659109,6941871887,1.936588948,2.635455579,3.643052294,7.156582544,6.014453951,41.34715978,1.316822559,2.58858515,5.701097705,37.4272075
221501,15.30883388,36.28307129,6.546438088,46.05724702,102.2299419,237.567563,6.035707197,39.58069042,517.3459627,1242.55801,6.507001499,45.47366212,7455898371,9908406245,2.293046945,4.879904163,3.850884307,8.716165765,6.397991181,44.4504999,1.47432255,3.366513177,6.045706637,39.79136356
222001,15.25104987,36.0256374,6.571121759,46.38652345,98.02178682,219.9435925,6.213471453,42.61246273,514.6450125,1239.474176,6.598174755,46.63485383,7407501898,8182362602,1.423497746,1.092951004,3.982660584,9.138055784,6.346937299,43.63491724,1.440093633,3.081482929,6.093449043,41.40140719
222501,15.12953958,35.18854389,6.564044986,46.48892007,92.47438579,190.8388221,6.02605781,41.13566675,501.5411104,1175.244669,6.532228974,46.0114247,6614608734,6732053533,1.726794573,3.57332629,3.812565372,8.441948642,6.47784881,46.14434337,1.359542857,2.701541862,6.064019413,42.06160777
223001,15.22740028,35.85644957,6.615850099,47.15264811,102.2172971,225.8669191,5.767291517,37.74134558,514.6398256,1217.239958,6.567473046,46.90240695,7657056172,10770590347,2.603719033,7.203246402,4.021132852,9.915217435,6.602987339,47.18274463,1.427438021,3.226229929,6.215161185,43.17406166
223501,15.58474998,37.92318394,6.529911081,45.57765931,126.7044492,351.7792649,5.954389796,37.65033843,560.7839928,1412.742973,6.284462574,41.98914846,9942791817,17426705297,2.855985887,8.416593572,4.71736677,12.89881791,6.250642616,41.32607307,1.745604052,4.864898311,6.239613226,41.1522254
224001,15.13347309,35.25569278,6.520599396,45.77712379,115.0801131,281.6080815,5.468514441,32.02094108,492.2637172,1061.711683,6.319634952,43.559742,8534769656,15928124385,3.218759241,10.84066104,4.235370971,10.27483199,6.119975658,40.03968581,1.737771888,4.651466866,5.999394475,37.95360587
224501,14.9627823,33.25919015,6.53926449,46.7617773,91.64778793,168.0948712,4.915476033,27.04325889,485.0897273,935.5601852,5.719738951,37.41051199,6266637624,10571307999,3.281410252,11.97059138,3.841462028,7.624656013,5.671004495,36.48563905,1.369162345,2.718953028,6.235247539,44.10947035
225001,15.25906511,35.92859443,6.559230514,46.28551132,93.74242234,191.3013745,5.93127665,40.33263848,501.1489857,1174.710763,6.564628921,46.41966366,5944108965,6986823510,1.403076041,0.865547801,3.92244542,8.778227623,6.429181864,45.0953233,1.445332358,2.914085624,5.745416899,37.61264027
225501,15.28571171,36.56120233,6.545909428,45.94413457,110.5004891,269.5165694,5.895758054,37.49864815,542.1039124,1357.163846,6.346538897,42.95512363,7558065670,9525933149,1.943803619,3.656399385,3.97981626,9.191070481,6.292738168,42.85932224,1.523839773,3.67256736,6.278763516,42.34795075
226001,15.21363611,35.99053739,6.598352508,46.85384424,100.6799843,256.1939983,6.606586678,46.58832696,514.7717016,1276.208481,6.621843526,46.86752897,6447816504,7439098020,1.666374727,3.015217365,3.979823362,9.286364582,6.455662883,45.87188088,1.464813117,3.778969399,6.653268989,46.90543175
226501,15.2497412,36.33436545,6.546081412,45.98916899,101.6389016,259.268956,6.28721145,41.96028282,514.0252436,1233.169208,6.48681303,45.10461007,5886958753,7441018938,2.731358327,9.502714973,4.356561981,11.23288297,6.239118199,41.40413919,1.514240472,3.7287766,6.272941257,41.94548082
227001,15.06290005,35.09654558,6.572548112,46.55109478,83.98962786,198.451189,6.627665597,47.5085268,495.1649119,1100.975072,6.499243923,45.95055799,4325039966,4122895042,1.121433563,0.555933074,3.768618523,9.644623674,6.686739375,47.79670914,1.31176038,2.780516177,6.428159417,45.42749367
227501,14.97362648,34.4693914,6.548189242,46.32345615,81.63610606,199.0923288,6.613353494,46.98907039,482.4796702,1017.060025,6.453159815,45.8131519,4284687525,4105112262,1.25029858,0.839041272,3.87413033,10.54132554,6.590986529,45.93671641,1.282901663,2.591421522,6.346905504,45.46146062
228001,14.95283358,34.38684844,6.57017923,46.65099358,80.93038861,191.8427604,6.01613683,38.79016517,494.3784358,1059.962113,6.460970946,46.07586467,4534563978,4629374131,1.263986192,0.773568887,3.978087237,9.650270348,5.55208693,32.83804288,1.380074138,3.274435915,6.445003026,44.38739858
228501,15.04229396,35.19684316,6.560699699,46.37495933,64.30688437,115.1395565,6.021838369,42.30938095,515.7969664,1230.851063,6.529534621,45.79970008,4397431431,4826991270,1.818010578,3.319134538,2.990284698,4.452984937,4.866469676,29.57745641,1.401301956,2.82399264,5.57372603,34.786465
229001,15.13342959,35.89693759,6.582233818,46.54715182,68.09555413,133.6266517,5.681174511,36.82112491,529.6198145,1319.027149,6.57428372,46.06159199,4286803913,4416048297,2.225799233,6.527662598,3.140230986,5.427452145,4.992529272,28.09311143,1.318037065,2.532303819,5.421600363,33.07100373
229501,15.17720869,36.03936042,6.555918036,46.13229755,72.67571589,167.8965756,5.681345165,34.84464933,533.866979,1306.473435,6.538366606,45.59882805,4101737462,5346907274,3.970507112,19.34919645,3.440127225,7.85469214,5.537923611,32.62617219,1.273122978,2.776346529,5.821420792,37.09171068
230001,15.03647916,34.91483327,6.573222278,46.60249268,56.68820571,111.3445039,6.305742193,44.69485082,519.1757129,1175.307604,6.563584712,46.7264113,2273669088,2294660348,2.319470803,7.169528776,2.502981569,4.31569522,5.445461382,34.69052481,1.086414057,2.116992685,6.23750316,43.71017312
230501,15.09426823,35.08412707,6.577084369,46.68283402,58.19314061,112.6636105,5.956511887,40.69220361,534.2923799,1210.756875,6.522605147,46.46016042,1744029960,2053015526,3.604717516,18.20971665,2.503717675,4.053812952,4.712895315,24.98019875,1.075596165,2.005879044,6.239551981,44.04279886
231001,15.19584723,36.06986525,6.577262928,46.45201776,59.51386232,133.1560656,6.385077718,44.00220007,548.2900324,1351.529954,6.55654671,45.86929545,2192534263,2568525925,2.110108184,5.031415247,2.63096174,5.019502557,6.156772838,42.12029574,1.072255242,2.086155405,6.230584503,43.00638499
231501,15.18135568,36.05162612,6.563951386,46.27424094,58.42081508,132.3167722,6.569291223,46.62447678,547.12801,1364.037677,6.571548896,45.99584098,3032882360,3548794123,2.067668179,4.473531837,2.839558322,5.264265179,5.700124946,37.0205561,1.03024624,1.987895289,6.314027792,45.01284467
232001,15.10618552,35.59129535,6.590749143,46.73184632,59.30157595,139.7083126,6.459194106,44.72728335,531.1187547,1276.255655,6.58420011,46.46518223,4028334956,4503316081,2.440499523,7.369342517,3.012735072,5.874460918,5.91904188,39.60197341,1.086050593,2.461789484,6.407447696,44.64482697
232501,15.07269972,35.593098,6.562550034,46.28948183,54.77978226,116.6304722,6.381251511,44.6168787,521.7512041,1222.642868,6.590679769,46.87649064,4460610901,5441059696,2.672289085,8.512939388,3.258968772,7.703646222,5.895980955,36.77373018,1.129968993,2.426116086,5.850459808,37.68391317
233001,14.90624103,34.97439892,6.593797946,46.80991907,57.02680747,119.4123803,6.119815627,42.08925089,512.5666359,1236.674148,6.623171776,47.07048418,3680383131,3745896899,1.894169063,4.310934847,2.533003167,5.612901561,6.611990185,47.50782658,1.125545469,2.19315955,5.850874501,38.91519321
233501,14.94897598,35.43900901,6.579963758,46.53398742,60.91073655,143.9452319,6.075841912,39.46450914,519.8424787,1286.288486,6.592341752,46.3867016,2752564459,3340108814,3.615600254,17.19035895,2.540012802,5.63770747,6.324315514,43.8992685,1.18577632,2.289878258,5.700061337,36.31191447
234001,14.94165452,35.37887459,6.540679023,45.93830886,52.43593791,111.7317846,6.525631756,46.95266087,525.3286811,1283.041427,6.451477444,44.44421957,1720513195,2010715630,2.744340867,9.611998895,2.407878772,5.045726238,6.158834324,42.09777917,1.110993753,2.075391925,5.553376688,35.08461623
234501,14.61226373,33.24536355,6.519502226,46.02122398,54.78865915,120.6088563,6.32925098,44.15348502,486.6930901,986.7614328,6.12506734,41.68864846,1142100239,1303771045,2.897652858,10.16316044,2.324626966,4.416727555,5.853830108,39.70596427,1.299859154,3.262106893,6.707079787,47.86818704
235001,14.55591871,32.50530848,6.542170969,46.65282699,54.81656551,124.4873892,6.330844303,43.53160699,475.5708485,892.6829671,5.532626071,35.01278986,1561861996,1315081326,1.53897181,3.020981424,2.491495945,5.001780946,6.339732332,44.94902102,1.788562156,4.997811233,5.60278377,32.53274138
235501,14.73249031,34.36771435,6.552896129,46.24367963,51.9012719,109.7809006,6.353845345,44.47188842,473.7534871,1035.508856,6.426244806,44.96455594,4197032060,2111503065,0.62400168,0.352623882,2.799395701,6.21504925,5.984374529,38.26350974,1.225536696,2.648100634,6.250730038,42.60532399
236001,14.82380691,35.04790189,6.573115715,46.42018422,51.73786639,107.2509698,6.328444501,44.65858865,484.421988,1165.942997,6.625679515,47.00903986,6906599023,3228632384,0.581351435,-0.145129486,2.293283031,3.851314297,5.600358163,37.00257462,1.115786062,2.052835861,5.112942459,29.84211774
236501,14.85142904,35.18532598,6.578011464,46.51296255,53.46629096,112.9203904,6.300490339,43.80175182,507.6138015,1290.00764,6.546998479,45.53134231,6569495392,4135379975,0.654316822,-0.491706088,2.569948077,4.449130891,5.046512042,28.37414331,1.036070909,1.950628727,6.163371988,43.45461085
237001,15.08256225,35.44100383,6.657505561,47.3360277,81.62460588,119.5290886,6.492751642,46.37649727,656.2653212,1252.568983,6.674613796,47.3649988,5315503358,3701210724,1.154456069,1.170317909,6.096188296,6.593151134,5.7460484,38.50658032,1.579550401,2.304215611,6.225923662,43.51710956
237501,17.31239624,35.04645792,6.724967216,47.94559095,185.2570804,129.0833635,3.793432376,21.52152726,1292.619957,1190.290288,5.186967432,33.81295581,9974298014,5045290866,0.382601395,-0.678461727,15.55897274,8.739277165,1.898744184,6.723381549,3.624330551,2.60951125,2.872198597,13.96495549
238001,19.89104048,36.1327802,6.785582058,48.6858929,267.9971101,143.22078,1.682838591,6.750862143,1812.256125,1242.347539,3.521178396,19.80460283,14835209940,7151171395,0.456129192,-0.500483311,20.88898347,9.649200703,0.60998699,0.090588599,5.408505516,3.17312752,1.241640198,3.243852588
238501,16.31845393,31.68058985,7.042305035,52.42174154,221.3871834,122.6024538,2.222707132,10.47129706,1488.168278,1057.819051,3.950172042,24.06459904,12482991372,6012751427,0.363261004,-0.709440807,15.86118681,7.899048814,0.911655711,0.759414264,4.563467859,2.762158514,1.84216954,7.056305955
239001,9.257452768,6.19233015,1.476910185,2.938599399,90.22916602,49.41120099,0.491839712,0.00831367,914.6186317,497.3065496,0.221930253,-0.965666225,7672432328,4103370654,0.485839451,-0.322828574,14.39969201,7.783568962,0.621060275,-0.126817151,3.075226425,1.559542705,0.147706008,-0.911303363
239501,18.50461588,24.45199526,5.592981853,35.8964335,164.3077666,84.86780133,0.636270706,0.283697111,1751.022531,1009.80258,1.053176224,2.304060709,14648108337,7666605510,0.439941606,-0.479362625,27.02752099,13.75193432,0.594913869,-0.075904948,5.858704765,2.785422841,0.475832444,-0.025239534
240001,21.97563547,42.83414901,5.95153082,37.29583117,161.1556915,91.84208481,1.482106306,3.760015144,1842.545335,1407.409229,3.377277448,17.02606451,15295124194,8560926416,0.641146602,0.20270046,27.16327517,14.11805669,0.556853752,-0.25948948,5.928921641,3.265367668,1.893933861,7.346329434
240501,16.05729131,33.59552225,6.537958547,45.97339828,83.94190073,54.99211257,2.393199492,9.935358586,1005.849205,928.4593334,4.627883244,28.38535782,8778150458,5842771921,1.639153232,4.054045046,14.33459336,9.265768356,1.755267475,5.817121739,3.319583798,2.562963966,4.336440225,26.46584232
241001,14.16199231,32.44795658,6.62095113,47.33814649,32.11157837,45.35276467,5.256017981,33.50289577,448.8189797,816.6093052,6.247636185,43.90945127,3201900941,2467144926,1.88630079,3.511800995,4.835524057,7.713877353,6.223695664,43.17838195,1.407444796,2.334492165,5.869056965,38.71901429
241501,14.54501428,34.10113996,6.549625807,46.20267493,31.40466669,69.25861109,6.312321362,43.87467545,421.8580125,1023.418496,6.499456343,45.20454112,2801742446,2616984618,1.358371772,1.277851424,3.834499199,7.711993523,5.617158733,35.57875252,1.186447445,2.148296398,5.612590001,36.92069164
242001,14.49326817,33.91649479,6.532764386,45.95782165,39.41634047,90.75047498,5.49257871,32.83495199,429.622454,990.1327593,6.226595183,42.04865822,3455451090,3667786413,1.97926749,3.645553868,3.49604463,5.935637743,5.487688207,36.34354407,1.273542613,2.642735418,6.276837945,43.32554375
242501,14.62903239,34.03937075,6.582778699,46.85663761,37.11845781,84.87270544,5.960039785,40.2058134,421.2795487,953.1058849,6.231346641,43.02157054,3558630054,3996212210,1.803583482,2.892475278,3.954105866,6.9146563,5.807992029,39.0048599,1.398671391,3.12732251,6.270422708,43.00780507
243001,14.82785947,35.54271126,6.530640408,45.71259266,38.61590302,99.82710695,5.792721919,35.76071904,446.8379333,1102.415916,6.307789164,42.53812138,3175577240,4224655633,2.838822998,10.09513725,4.670457321,6.69775456,5.103548196,32.37234236,1.365104999,3.264365796,6.092721992,39.6868285
243501,14.73044392,34.76170846,6.587114986,46.67329371,31.62514011,71.34274852,6.427437779,45.21192549,420.9545615,1016.742706,6.592444028,46.54258237,2022739336,2289213744,2.098728584,5.000672564,5.885060154,9.749293512,5.146584191,31.44789679,1.12281155,2.357476499,6.376078293,45.16715318
244001,14.7356222,34.53837523,6.552554448,46.21493005,30.12845397,60.42659928,6.055086542,41.02956024,414.9621226,932.0064366,6.414959002,44.7008599,1432734813,1735921698,2.538924996,6.666188352,7.07281214,17.12611821,5.506943581,31.69149782,1.107395173,2.249410484,6.098440743,41.55074642
244501,14.71835428,34.11677786,6.575651472,46.66472912,29.31333633,55.25987044,5.720737768,37.96158729,412.3281225,873.7494918,6.385555073,45.32939251,1452503881,2063599677,2.869890872,8.701395928,5.079806188,9.713374737,6.000913265,40.53102801,1.015225962,1.966444031,6.139738778,42.6388029
245001,14.73151114,34.49108724,6.569197778,46.47118711,29.65748305,62.12039635,6.083403659,41.84031546,417.3276572,970.7759135,6.599525853,47.01040359,2856597073,4556715238,3.105878278,10.07657863,5.146278215,7.988709326,4.654245251,26.44382571,1.019015072,1.861030928,5.481638001,35.65400203
245501,14.81994861,35.28966964,6.620851568,47.08926022,37.38464094,93.66303358,6.336645403,44.28605589,441.2167413,1149.948348,6.712782923,47.75939589,5598754493,8127918042,2.379203087,5.150502105,5.902129051,10.60106704,5.542436805,36.41216944,1.178736671,2.561956687,5.663155037,37.34838515
246001,15.0568997,36.85925243,6.560941286,45.99371271,48.68316668,144.7986248,5.656488696,32.99689196,481.5608339,1294.104283,6.346247635,42.42796475,7427390659,11824471747,3.452491037,13.92211864,6.836092547,16.02827407,5.424131279,31.26117561,1.433517109,4.023010922,5.586732521,32.54514781
246501,14.85655095,35.60562317,6.564515222,46.15623632,32.38986888,73.49239976,6.127655907,41.52476323,434.1641435,1067.6105,6.579317637,46.11526528,4946972630,4549574565,1.629355113,2.346929178,5.176641884,11.15699261,6.169348035,42.46290649,1.013726868,2.112361736,5.853235806,38.82477093
247001,14.52124181,33.18785897,6.549469957,46.42007302,29.60403074,53.86729789,5.545661,36.46807108,403.965546,850.0465755,6.401707602,45.23689998,3083870563,2079636085,1.320579228,2.985529002,4.846820208,9.032391507,5.571765157,35.79976698,0.997876134,1.880980992,5.538228065,35.84324287
247501,14.50536322,32.84822813,6.553298812,46.64157648,27.8615998,52.63492809,6.125706312,42.85757159,413.0367716,848.147432,6.121585767,42.26196224,1718877774,1366328719,2.250608442,9.616641276,4.776421003,8.332001181,5.208145986,31.67507717,0.951734521,1.994935554,6.261049846,42.91468645
248001,14.60651214,34.16550628,6.549650504,46.17839239,28.3502066,59.54625041,6.369730987,44.70053282,428.0863803,971.2352653,6.372608486,44.00411249,1253543098,1474850462,2.476461456,6.925020154,5.162392299,9.125123666,5.519501451,34.58519903,0.915282105,1.820894772,6.377870863,45.19194865
248501,14.58497566,34.25927205,6.561761038,46.33631588,29.49578594,65.91188209,6.453228353,45.15091337,418.5798266,981.665101,6.575302944,46.63781649,2101523614,2374263433,2.579889118,8.226610508,4.959396497,7.36002561,5.376888192,36.03740008,0.972938489,1.875143392,6.252579706,43.78426174
249001,14.5786106,34.21670497,6.583030721,46.65611331,31.18304883,67.94315617,6.478908685,45.66645976,428.3719089,1039.707898,6.591079492,46.50241528,3538756774,3320831365,1.5375924,3.100349126,5.40234063,9.334266165,5.905777257,40.81669333,1.039459996,1.954030235,6.320529438,44.88197574
249501,14.6725616,34.72377534,6.571794819,46.4010128,34.41290029,75.08894188,6.411492321,44.95600112,437.9876679,1066.636022,6.543565278,45.75306436,4922177203,4197379457,1.386084178,2.11811829,5.816638454,12.390686,6.089635784,40.34496973,1.196466651,2.459598402,6.367208967,44.44765401
250001,14.5964882,34.25267209,6.560492976,46.32164788,35.48073761,78.16894369,6.17636104,41.51054957,424.457222,978.3390796,6.532495855,46.1401257,4646383144,4074422354,1.03062937,0.375610876,5.346226679,12.66011817,6.476623951,44.7747511,1.269381506,2.641482615,5.504821252,33.27087092
250501,14.6348922,34.12671719,6.586862451,46.80411753,32.23446042,70.62601531,6.403554381,45.11512963,436.7825389,1005.162127,6.552777694,46.85648692,3263993632,3221444247,1.070782314,0.147301409,5.144517712,11.26448134,6.008762186,39.06925453,1.05628656,1.948024919,5.453479903,34.58487488
251001,14.7642418,34.9486322,6.5369175,45.88757572,32.53746296,72.12684176,6.313188703,43.50824219,474.704518,1155.880763,6.314300256,42.55880671,2823263292,2811208791,1.382392505,1.587454403,4.36352923,7.486848073,5.811898826,39.88831981,1.023459273,1.954367889,6.090219801,42.78326964
251501,14.49067888,33.43120636,6.55967695,46.45385454,31.05353335,64.38552095,6.267345194,43.50738211,423.1457236,909.2660871,6.414905679,45.08391923,5459159985,5508492055,1.298674019,0.79944875,4.340623873,6.712844696,5.295883792,34.97601278,1.193523642,2.492990858,5.807551959,37.68520465
252001,14.60764866,33.7045109,6.589094678,47.0075886,30.78781383,63.04923602,6.294842698,44.81995827,443.3975401,923.5482328,6.000151261,40.65795122,11684500142,11213651669,0.965852504,-0.326132415,4.552466967,7.59782908,5.510132985,36.92821653,1.223896421,2.311358267,5.400718716,34.71570426
252501,14.95650027,36.04942506,6.540437413,45.79823416,34.9136764,89.94061624,6.490871239,44.73234147,482.0186605,1184.335324,6.411354089,43.81887967,15184160976,15019266626,0.907121833,-0.320470245,5.455204317,10.04215236,5.641703072,36.38062223,1.404692183,3.096821832,5.651997656,36.09654411
253001,14.77475364,34.79656264,6.529322887,45.85235423,37.88302073,86.09591638,5.261275022,30.00638952,474.7818621,1140.392008,6.472811866,44.94678202,10448435067,12311116954,2.181876563,6.621945109,6.335992284,9.268497994,5.258707255,33.75137273,1.383874132,2.879665153,4.234578192,18.47994044
253501,14.65335031,33.32852052,6.560184742,46.69385702,35.85184303,70.9712251,5.116982097,28.76132736,482.7982856,1120.857736,6.510474824,46.11561869,4849257844,5723517557,3.035671296,12.86387058,7.318016279,9.56460089,4.886986761,31.0557407,1.264415192,2.579338016,4.863485099,25.29726306
254001,14.76867911,34.30432228,6.566027099,46.4678021,38.7301599,78.40446723,5.921353032,38.68608255,492.867677,1170.925096,6.446990575,44.5275526,6847981688,5515240063,0.881750485,0.19078741,7.262174468,11.35821441,5.484342649,35.39966796,1.341423318,2.776533503,5.459226924,32.77012058
254501,14.85570042,34.85742849,6.567772662,46.42309277,39.92975847,67.60940078,6.113327718,43.13533933,476.7446909,1079.299016,6.575789818,47.02154284,13156263266,10423854656,0.96523797,0.500739875,6.275360187,9.787877693,5.6122377,37.15282668,1.210498063,2.005112879,5.834809972,39.97526507
255001,14.95900709,35.46230274,6.596364307,46.77482705,47.20991731,81.90875902,6.19569464,43.9606259,492.8816997,1168.998046,6.622814285,47.22838673,19590879384,19832950652,2.290297601,5.724342948,6.992943992,10.15268841,4.953056692,30.36631635,1.403046813,2.569111807,5.25672149,31.34132968
255501,15.10389449,36.51104958,6.589751942,46.47095048,55.60635925,128.0034742,6.451519409,44.31984531,513.8250174,1301.732932,6.582507517,46.0043141,24610803726,31389164939,2.647583807,7.565358158,10.29360042,17.10174123,5.821879565,38.90048943,1.848378194,4.956084191,6.460920441,44.23766559
256001,15.06084451,36.10099628,6.57562892,46.36103003,61.41056451,148.8505777,6.012523105,38.35509329,514.0883087,1303.034464,6.604822544,46.35219026,23457287533,37925632216,3.937115409,17.77515242,13.32116911,23.79129477,4.940902294,26.47707373,2.461358204,7.204288493,5.531131599,31.40581129
256501,14.98321115,35.37016678,6.586989325,46.68757493,52.37826318,118.3474147,6.565249318,46.43458364,507.1208283,1260.182214,6.595309536,46.40807811,12283883225,11913200412,2.024257608,6.923121913,8.835368629,11.92916787,4.266920244,24.18842403,1.940029058,4.297887313,6.344357458,44.17962245
257001,14.94376594,35.29643523,6.567126911,46.36067042,48.44742993,113.5389937,6.547411693,45.79883401,494.8765052,1196.217127,6.547383259,45.91684843,7620544560,7927453302,1.916294848,5.106863216,7.619954949,11.34413799,4.69289344,28.04824288,1.902352921,3.899581787,6.33585794,44.60021309
257501,14.7884304,34.61842331,6.567089812,46.44102301,46.4306845,104.7853393,6.533117551,45.80098849,467.6173451,1073.277696,6.527075588,46.06620788,4060661456,5039936010,2.294365747,5.22056198,6.929419935,14.76139551,6.153907777,41.46346467,1.870957642,4.416963577,6.517815053,45.51121346
258001,14.67028896,34.27976711,6.592206084,46.83259694,43.42585684,92.43594548,6.328061967,43.43803081,452.2781274,1025.222454,6.595250788,47.48129124,2689649297,3403215847,2.400707603,6.513357273,6.994806616,15.00569036,5.583298555,33.8052717,1.867216353,4.151278834,5.529050079,32.54589163
258501,14.73384438,34.98575878,6.576263373,46.43047238,38.18332846,73.44553819,6.2563699,43.66238534,466.2909402,1177.127942,6.605724728,46.36796341,2431047730,2995175411,2.98666902,11.58124277,5.902336991,8.875246275,5.506246022,36.87039201,1.350119108,2.361348557,5.380921991,33.69105194
259001,14.64029664,34.58240979,6.565605653,46.32773791,34.69289336,59.57287047,5.93355066,41.27731762,475.0589006,1138.651562,6.291861052,42.58890671,3177937684,2649140081,1.480046885,2.280763676,6.455198913,8.515958819,5.060659323,32.71859563,1.139241497,1.993589484,5.661861423,38.32970051
259501,14.54835399,33.91646062,6.558738343,46.3826011,36.95309867,71.60065623,5.677704409,37.23085465,434.3032759,961.2051207,6.431380731,45.38340055,4327988603,3458172216,1.195020764,1.306285799,7.222288676,10.96155136,6.027305559,41.47132899,1.149779202,2.381487031,6.065508792,41.58455419
260001,14.37961525,33.4296922,6.573887187,46.59244187,40.25144369,87.53024449,5.537312847,34.10146765,407.4093405,906.0803198,6.543951409,46.6025934,4062356317,3985446725,2.333611859,7.660834702,7.518490208,12.26134805,5.729929294,37.13427768,1.237127854,2.719377649,5.617636575,34.71942911
260501,14.44756965,33.76633407,6.571716158,46.54706516,36.52351699,79.91811757,6.123608907,41.71994029,416.7829442,965.760657,6.546442517,46.43306477,2089348737,1782848109,1.575859591,4.00186885,6.266209909,10.84238823,6.032021578,40.60056011,1.081645606,2.148070645,6.019929424,41.29642658
261001,14.44336208,33.96961489,6.54426293,46.05819178,37.15825795,78.21940039,5.965292598,39.39207839,427.5457265,970.347514,6.179300565,41.39165675,966499200.3,1146978637,4.123290573,23.50870047,5.303280646,7.265644289,4.830407508,29.29049037,1.069912221,2.285585482,6.469796079,46.24787463
261501,14.31842307,33.26070727,6.575226419,46.65734192,33.28582474,63.19291736,6.051525039,42.16867726,388.618936,814.896601,6.338905305,45.01966537,755933873.6,1107479009,5.2497892,34.04793081,5.29765328,7.338318149,4.204001139,21.11772252,1.125771381,2.684539425,6.302734318,42.611399
262001,14.31786284,33.66208671,6.584616983,46.66611289,34.52356462,81.18650317,6.390456432,45.01005576,399.8675245,946.0319877,6.586273659,46.71576435,695772655,1070070350,5.237838845,33.45839108,5.364043653,8.243578099,5.163717249,32.1036768,1.020949108,2.349424127,6.437303985,44.89359644
262501,14.37550624,34.54043025,6.614780634,46.88046938,40.95144904,120.417088,5.88528177,35.90455109,422.940222,1064.729722,6.419885381,43.92357532,816269489.3,1123939085,4.7876616,29.18566708,5.624318071,7.142359752,4.328343988,25.09204359,0.964521349,2.047675323,6.348856327,44.54890682
263001,14.38300925,34.89630326,6.562250789,46.09358934,28.99356499,76.15074669,6.633878598,46.59493904,406.6868385,933.5930841,6.281038401,42.65950387,968780128.6,1381598487,5.174565493,32.30271604,7.693517875,8.596854255,3.34098463,15.27718761,0.928263426,1.992095046,6.451297322,45.9537605
263501,14.15893494,34.01068123,6.610659339,46.8535855,27.62777139,66.91611775,6.228054386,42.63302882,390.5321292,753.9378979,6.180099902,43.21237818,883145599.3,1439575712,5.311354826,32.21189137,12.97671726,12.79874595,2.453188846,9.654716671,0.935938477,2.197490919,6.595658035,46.81638984
264001,13.91558969,33.12756763,6.549523242,46.03084313,26.19269826,69.24138108,6.304800094,42.07989857,373.0671968,653.8828205,5.795991828,39.46502929,499216911.9,974169883.1,5.782058267,37.17700512,34.28244341,35.564591,1.85870185,4.205978921,0.967659325,2.408719898,6.509686387,45.14902987
264501,13.47493025,31.30168349,6.607326965,47.14962341,19.73566456,49.41560223,6.671030134,47.43240217,444.2846342,978.7402461,5.424175545,32.87018536,292917816.8,495486801.3,5.616708816,37.56415038,86.33310828,151.0829607,3.682816934,14.0600964,0.936583966,2.131443271,6.297853034,42.7912783
265001,13.46908468,32.21436703,6.588034032,46.59041717,17.90089581,45.24510113,6.520780024,46.13970341,674.7452136,2249.792902,6.183084011,40.12164421,293213531.9,451113925.4,4.749562963,27.3329119,178.2722311,515.8145269,4.884417937,24.09945968,0.868950151,1.661428559,6.115040823,42.91102804
265501,13.34764625,31.66940817,6.483366974,45.09784421,17.70286509,47.28192527,5.974629463,37.5028701,888.0102823,3119.663729,5.343919413,28.65221726,840335606,332209478,1.496920254,6.042501805,184.4295148,604.1431192,5.251031487,27.72183655,0.9449244,1.959222103,6.306640273,44.22805707
266001,12.72603905,28.19766735,6.500399841,45.97154217,12.93498692,24.17991712,5.694305088,36.98813436,416.2297396,823.7519212,5.163964788,29.99242398,2089465360,564767377.2,-0.450033052,2.130584888,72.43590292,176.6972422,4.911113585,24.32452092,1.094803,2.143184743,5.248295535,31.0829273
266501,12.38185586,26.18070413,6.436573172,45.57593758,10.49120772,13.45328936,3.687268235,17.56105878,333.8636938,426.7628039,3.173306818,12.83147705,2698783935,1345757429,1.405192163,3.599013269,21.41114766,24.63952955,2.827559401,11.56913137,1.292783753,1.721852575,3.642027552,17.42008332
267001,12.32590896,26.58220721,6.530358058,46.89635958,11.42996885,17.28704446,3.597393897,15.40852508,486.6838038,732.6530814,2.750574674,9.011738177,2353417490,2353787221,2.86350875,9.850831111,21.13120123,27.71161642,3.713675497,17.22277754,2.34565047,2.862646443,3.032674144,13.79508953
267501,12.9143305,31.27163829,6.569210799,46.20495597,14.56401335,26.9501242,4.367427523,23.4911022,752.7109288,1265.978801,2.503411461,6.399903592,2045243966,3217932709,2.791420351,8.566739691,25.16792203,19.24732721,1.341831393,1.233587431,3.49229519,5.099843175,3.721169762,17.70602652
268001,13.43701048,32.76775892,6.43069599,44.20572251,17.29075137,37.31151962,4.37822058,21.34289532,915.4067145,1839.494964,3.4623397,13.52036902,2058438342,3580938586,2.299499537,4.654133473,23.96951131,25.17160266,2.55766384,7.970659525,3.310100086,4.393862859,4.176591996,23.75301953
268501,12.65282562,28.90312958,6.513541839,45.94987804,9.910396106,17.07696885,4.873454497,29.29311456,456.7397674,711.6150472,2.959537995,10.46786944,1437011194,1855252396,2.456806388,7.357004971,13.18539788,14.89773995,2.749697195,10.45224254,3.022338472,5.121916855,5.308604141,31.68731718
269001,12.54077829,27.67725062,6.521407071,46.45169294,9.343533489,15.23306381,4.481925381,23.19062337,304.3321612,578.2602629,4.736307415,26.01203845,2007955300,1641903365,1.604184644,2.535255787,7.484610152,7.925364699,2.059769026,5.551236162,1.8859598,2.720490964,4.201240778,20.82905902
269501,12.63740196,28.09755091,6.453455692,45.20486663,9.353988839,14.12860736,4.769387704,28.20032646,251.6393984,458.4003713,4.87894448,27.61721435,2316325218,1353885066,0.824256648,0.508000344,5.597919588,5.346420618,1.645913606,2.438480105,1.292391444,2.043665473,3.869077209,17.06504298
270001,12.56631481,27.3265054,6.515476387,46.4899796,9.667378929,15.35866622,4.80247141,27.08832007,205.8431947,345.0103306,5.687011321,38.86424248,1491487736,1025420088,2.119405254,8.543635923,5.010341098,5.710384096,3.205716283,14.63034708,1.049644168,1.727299778,5.375546381,35.22632673
270501,12.98167234,29.90312284,6.568265718,46.66031144,11.09730735,24.95029822,6.443730204,44.88186951,216.3511219,424.6493285,6.003289533,41.22379658,501222185.6,705285188.4,4.671806368,26.5122261,4.204952901,6.635062895,5.185439379,33.21113824,1.101237615,2.281976723,6.272069222,43.75012397
271001,13.43996336,32.68712907,6.554704298,45.92691803,13.99321631,33.21776605,5.685104983,34.64612136,238.6637569,567.2021041,6.279885827,42.47779093,401595113.4,368639054.6,3.296089996,14.00028611,5.62053847,15.15176023,5.492112475,31.59396534,1.193396887,2.716441222,6.072615862,40.16537668
271501,13.55102311,32.97696352,6.597576417,46.555709,13.23119082,27.70594226,6.038071899,41.10927353,237.3811316,598.3467737,6.608475024,46.45440704,666320458.2,467848379.8,5.894451685,41.42070902,4.953972021,14.16711408,6.494580101,44.48756435,1.189546345,2.710338231,6.424680722,45.3325669
272001,13.63889244,32.77292343,6.576263158,46.32758486,14.59124062,34.33411688,6.621183288,47.34617961,241.7552412,594.585995,6.474344391,44.67233839,686409509.3,677038637.5,5.1906846,28.76433739,5.210151752,14.05007786,6.467512554,44.12334202,1.288177212,3.202930678,6.492339603,44.94181191
272501,13.54920079,31.7216101,6.588435735,46.73158974,17.36641925,44.64184983,6.382134455,43.12444287,235.5020795,527.670674,6.578525883,47.14981201,341043271.7,352329895.3,3.817798649,18.5099223,5.268220931,12.19343822,6.57688677,47.01084119,1.312472779,3.289416529,6.582302749,46.09023535
273001,13.639823,31.84048441,6.568423561,46.53332502,17.3317428,42.3687488,6.511501783,45.14383939,244.0779112,554.3712619,6.468557125,45.3733675,188526606.1,343624364.6,5.810164246,39.30112268,5.877412563,13.47861928,6.385543873,44.23643322,1.326184339,3.194296523,6.589870017,46.54656668
273501,13.65412947,32.27320147,6.562579034,46.27678058,17.11397856,36.84842321,6.514700281,46.65177161,241.7085312,534.5376804,6.42351817,44.86851692,185022131.2,375275942.3,5.736097382,36.99293791,5.982036464,12.17139321,6.12283163,41.60130978,1.35767499,3.179007831,6.553077013,46.33657172
274001,13.55682223,31.67578986,6.55620771,46.28664392,18.72260363,42.05784142,6.430719602,45.55198001,237.8377156,502.2548113,6.425880018,45.64615699,167793020.2,322589584.2,6.061781404,41.924047,6.755328453,12.41228307,5.590750497,36.20409066,1.360016257,3.268295706,6.659282752,47.58415231
274501,13.50128579,31.16930773,6.577478132,46.72758698,21.29589547,54.88555637,6.4308802,43.97781604,243.0121485,549.5992088,6.616323037,47.49414721,165160335.1,331332789.9,6.36427093,44.99016914,8.610306315,17.13813006,6.074955216,40.90544923,1.4204612,3.638876689,6.634191673,46.72390292
275001,13.60780457,31.7832051,6.552474509,46.26255567,21.04714602,53.82577827,6.331429966,42.51331062,260.4508512,638.0931362,6.441037127,44.24164956,172980969.2,353624072.2,6.284808881,43.78075746,9.360954894,18.68664247,5.718585275,35.5963769,1.457749694,3.705402598,6.473176013,44.43022613
275501,13.58668069,31.73157862,6.557110301,46.29515372,20.13305396,45.26317813,6.503765604,46.61804287,251.4878691,572.2637939,6.475272396,45.34832022,176972507.1,355776671.6,6.310469752,44.2060354,6.725548719,11.27040302,5.911744633,40.79636022,1.35904692,3.163628407,6.567228902,46.48559775
276001,13.55735104,31.39937012,6.568742753,46.57690786,21.87705055,51.70259772,6.30565763,42.80159288,252.3689717,533.0894395,6.383654895,45.25185661,186431420.4,365232985.6,6.29186971,44.39379717,6.609588573,10.11223334,5.113030317,31.96704992,1.33908912,2.919075531,6.464256405,45.78909686
276501,13.61287658,32.07601523,6.589211778,46.71219523,20.75015647,42.69438343,6.304701363,43.64503481,258.6397853,584.4466601,6.582121648,46.68450922,207507612.6,412080850,6.310898885,44.14117596,7.976953162,12.42115104,6.23515307,44.35072032,1.356425332,2.903196253,6.573839134,47.27108673
277001,13.67938585,32.49802011,6.647716594,46.99208167,36.59295715,39.18661498,5.629624349,38.67722161,360.5894144,584.5967164,6.164232153,41.98871218,283719925.6,440761326.7,5.491368466,35.18650754,16.58771106,17.91449376,5.008719327,30.19853294,2.172461123,3.409839968,6.446622318,45.7667868
277501,14.59241104,31.44448843,6.712881213,47.77174027,71.97077269,55.72001788,4.337094471,25.58714881,607.9395225,526.2335818,4.570133778,29.04427933,448368383.5,516327375,3.886703248,17.40814856,30.12310098,17.66238674,1.223213007,3.134909101,3.848846628,3.979220797,4.99538515,30.58538035
278001,14.85452363,32.47202961,6.876575252,50.12589383,85.65972828,64.64706935,3.339161633,15.37757041,726.1773738,607.4387252,4.159302689,25.16360551,546256738.8,655912845.8,3.87188764,17.2235686,36.1373653,20.56410928,1.058551832,1.954390077,4.016357932,3.671597191,4.786745809,30.53011025
278501,10.3058206,24.21438786,7.084129019,53.16308927,50.41457953,36.84316176,3.410416651,18.40004028,469.4988601,466.739149,5.055981355,33.47084852,395786951.8,539171387.4,4.337216348,21.96308393,22.16012572,13.38517871,2.072956636,9.674266019,2.418595133,2.584242372,5.663420264,39.80546908
279001,8.860938186,9.481265724,4.494136913,24.98129557,46.54079894,23.04133873,1.050625212,1.568914401,304.977596,170.4254194,1.623907253,5.235659289,153155485.1,88777583.37,1.587697792,3.694757667,22.52706807,10.3444296,0.270723401,-0.62878983,4.704276315,2.389399209,0.638490664,-0.031999497
279501,16.00891574,35.68430093,6.338600162,41.97540462,70.57289032,64.24023445,5.026546343,30.93071588,523.9654257,559.6649509,5.333063769,33.20002651,236833656.3,215908844.2,4.601853585,26.75917956,35.5395163,19.97603472,1.924220123,7.453744467,7.313202922,5.246681495,3.703513748,19.94476744
280001,15.68783507,34.69256323,6.185190587,40.86670774,57.36969027,62.38559551,4.958358512,29.45656008,441.8686393,519.5430576,5.563213459,36.00886274,185073288,166687495.9,4.567461031,27.69702144,28.38847858,18.15918381,2.769811072,13.43979911,6.193397516,6.059003445,4.600571476,25.51870238
280501,14.04780355,32.94277944,6.612890166,46.97245322,31.94907143,56.43450179,6.448987768,45.29658314,278.5816866,524.827582,6.460195225,45.78116726,108294397.4,187318847.4,6.454319359,46.0752132,12.41608939,13.89141185,5.537444785,37.56996501,3.101389688,5.442959132,6.124837065,40.4839481
281001,14.06581874,33.76564547,6.550866479,45.97360681,24.75932806,51.04669459,6.212784362,42.5627712,239.6571187,573.9403081,6.359112415,43.28262959,91231898.66,212042511.1,5.979056574,38.46658706,6.555073117,14.39685843,6.573026719,46.81265302,1.865524235,4.131409447,6.536251429,46.64375962
281501,13.94549946,32.72924148,6.579285317,46.62426252,23.02437186,40.65549875,6.018978332,42.02548301,220.7078463,497.0372792,6.545947765,46.53452843,74155278.23,148435970.3,6.37011894,45.46388532,6.494109258,15.10428894,6.534711965,46.03622011,1.810654247,3.950925634,6.50560262,46.49776778
282001,13.92346516,32.55991763,6.554103816,46.26109871,23.37451319,43.0026347,5.971158605,41.42910087,219.0578574,480.6855501,6.480511248,45.84657836,74034443.54,144652862.4,6.141487966,42.65658565,6.415116958,15.17555191,6.597968426,46.85833135,1.813220813,4.099063361,6.382275277,44.0749392
282501,13.78627918,31.74762299,6.549582033,46.3179285,24.63136854,56.9471528,6.548974438,46.26567924,215.1654786,470.1360258,6.492965259,45.96456991,70650247.73,136635856.2,6.118190467,42.0827275,6.516294766,16.24301153,6.680982002,47.64056628,1.6983595,3.669572157,6.507829819,46.32171505
283001,13.7634389,31.44950335,6.554092139,46.50648001,27.2053747,68.01362775,6.412965407,43.77515767,216.4031545,478.8579532,6.520089009,46.36730378,68208181.41,127148377.5,6.101187157,42.66609272,6.853703027,17.38897661,6.40751814,43.47525524,1.69035195,3.651870999,6.473944178,45.90138221
283501,13.8057762,32.06080015,6.562385341,46.43079013,26.35536262,64.20313127,6.516087544,45.43114001,218.8658184,506.5560296,6.519274661,45.81364197,67627462.98,137317765,6.380221203,45.12710346,6.109645711,13.38095985,6.446292771,45.32513167,1.682056688,3.734218655,6.516466036,46.125426
284001,13.87761458,32.55415098,6.570881998,46.48493821,25.82344179,57.92014532,6.488306233,45.60596676,218.2643248,504.7485856,6.561895712,46.45620935,69296169.3,150747272.3,6.472845234,45.81010523,6.073681041,12.28768505,6.062142958,41.6819545,1.6936934,3.86241155,6.563198762,46.69459659
284501,13.96800393,33.08300588,6.573290032,46.42883025,25.19487374,51.34172665,6.436253618,45.96474789,220.7742923,515.074113,6.572623957,46.55229227,72255715.14,170091939.5,6.561735539,46.35041935,6.013665205,14.15665212,6.598535652,46.84058883,1.742331666,4.205564598,6.56197383,46.10022688
285001,13.9367679,32.87534842,6.560040278,46.26544841,26.54628187,56.63962263,6.403356855,45.38355175,221.7536933,516.5685545,6.502035678,45.49659495,74236255.54,176013811.8,6.432482894,44.38929441,6.213619944,15.62251141,6.46986135,44.57852288,1.73615058,4.083524822,6.473254314,45.0155952
285501,13.90153859,32.47789454,6.587653298,46.76868949,28.0424573,63.40595621,6.300730546,43.04532088,218.83879,488.5748496,6.55093119,46.67978634,72656606.73,165749019.3,6.57775776,46.93934034,5.929400541,14.76459316,6.554775663,45.73013726,1.697193674,3.803977244,6.542515315,46.73102914
286001,13.94313296,32.80690885,6.550837326,46.15853239,28.00447689,64.44960319,6.552776564,46.7671238,224.0137926,506.9994931,6.505608488,45.86383327,73914214.79,164482000.8,6.315277315,43.30079158,5.674597135,12.1515894,6.285146847,43.15667621,1.711239278,3.962556527,6.489417264,45.40067055
286501,13.83607353,32.22961121,6.574153735,46.57802273,30.18296814,71.80202057,6.310981983,42.71617023,222.8682257,501.3639129,6.489397246,45.61418449,70140907.21,142363905,6.398358579,45.62621226,5.384042897,9.866007035,5.94210614,40.90996341,1.678684089,3.80840528,6.57717728,46.83122259
287001,13.86092352,32.26774454,6.561076936,46.4113474,28.35822382,63.15596769,6.57133494,47.10442652,224.1171423,493.8506303,6.52328154,46.54056207,72281813.63,149509557,6.358576169,44.72577063,5.316621192,10.2634554,6.261235181,44.34852472,1.708962291,3.928958768,6.535085177,46.14547415
287501,13.85142433,32.24631916,6.555550158,46.31229002,29.78207411,68.50559796,6.561946489,46.68274167,231.815567,542.7351608,6.565939831,46.40624721,74550842.48,154243424.9,6.313803209,44.00133792,5.584319944,12.67179849,6.633134375,47.78842742,1.695862243,3.893328863,6.51199854,45.79349521
288001,13.82390349,31.98889666,6.556406075,46.39509028,31.03717142,75.09973973,6.519436753,45.46496942,237.6342565,563.5985271,6.50304281,45.39282147,76044602.47,151234009.7,6.283790216,44.03819981,6.480514162,17.07908179,6.423965197,43.55908115,1.699403114,3.84687124,6.541282651,46.46945254
288501,13.84593831,32.13410974,6.572542397,46.59647425,31.1068064,75.61359015,6.611401166,46.80358675,235.9662296,544.8751839,6.578661323,46.78453866,79846874.31,155372260.4,6.27491479,44.40689185,6.485358771,15.47210138,6.087061406,39.6880169,1.703747084,3.927443705,6.508321465,45.70089013
289001,13.95167774,32.76865122,6.565414728,46.3860133,31.11382006,75.49417942,6.563114809,46.10740296,240.4319321,565.0466238,6.584967128,46.67701787,101383091.3,193037856.1,6.345628445,45.19098385,5.795651243,10.92334348,5.928431224,40.4972838,1.705253582,3.872620267,6.559685714,46.59427485
289501,13.99446622,32.87683493,6.560155025,46.30128772,30.95130427,74.78081706,6.655400116,47.60520177,244.2474063,580.9089686,6.534922541,45.84392966,145913892.5,261552234.6,5.99572363,39.93703043,5.963950255,11.67478249,6.178054376,43.48143516,1.728759069,3.916359157,6.48596948,45.53552444
290001,14.00865427,32.60300919,6.560625379,46.3986555,31.23217075,80.81115474,6.626978211,46.62180361,242.6880978,565.3662723,6.57668659,46.61816751,157629275,261683152,5.899217543,39.73902295,6.355584933,15.34769604,6.605336758,46.71607287,1.736603579,3.839386408,6.527918822,46.42252328
290501,14.03651211,32.43559341,6.54984389,46.29908807,30.90603335,82.33702887,6.599607655,45.98363646,244.8538643,567.9533142,6.547508245,46.23725983,133838835.8,241209376.8,5.987932744,40.47331373,6.979957588,18.37576454,6.468392976,44.14340768,1.783882449,4.017803548,6.50166599,45.84256473
291001,14.05707627,32.35972978,6.568355531,46.61730117,29.42549275,74.56405445,6.48082904,44.48438235,244.2456223,556.9210509,6.521651064,45.97647574,109670787,208816752.9,6.250710946,44.42566019,6.736835792,17.11264614,6.579423692,45.95413259,1.798943506,4.103904334,6.582233693,46.8822422
291501,14.26444102,33.47632247,6.582218849,46.64376743,25.81146487,53.67100162,6.333212945,44.27291937,247.054311,550.082727,6.521257771,46.25808356,114112590.8,253866238.5,6.506027388,46.34483646,6.667975418,15.55418338,6.564586507,46.50523973,1.896107533,4.518199814,6.591433056,46.67306875
292001,14.43403885,34.45569929,6.561928263,46.18772832,24.98051805,45.88143261,5.797801009,39.0804497,251.4623763,557.0721282,6.447105309,45.19909689,129628920.8,314185403.9,6.293060868,42.4495694,6.60238794,14.83072308,6.521642674,46.17544583,1.968072522,4.762866453,6.495188379,45.11414606
292501,14.43849027,34.18598464,6.580907184,46.54405611,24.06326072,47.97794482,6.325463224,44.54396821,254.1992051,547.680809,6.490342566,46.14592196,125321574.1,297204171.3,6.567668204,46.34606443,6.623605511,14.71817699,6.515105938,46.21563752,1.934772258,4.524070552,6.580409237,46.70508882
293001,14.46744868,34.11008324,6.578180686,46.53505437,24.03381538,51.36336514,6.450494521,45.63565487,265.5158407,590.4196931,6.529990769,46.4272242,128272959.1,295697835.3,6.586477785,46.90096184,6.655742532,14.9868979,6.53094017,46.29592462,1.949195844,4.610812596,6.600326634,46.82281211
293501,14.49514652,34.07722292,6.572985162,46.48277388,24.56674789,56.00687544,6.548244971,46.41098645,281.5028437,663.9239991,6.554557192,46.21937959,135194238.1,318589835.8,6.594846052,46.80405326,6.923334631,16.35446205,6.615217251,47.1240944,1.966191372,4.6539207,6.532159176,45.85237649
294001,14.50426286,33.99046173,6.568294156,46.44233823,25.67403962,61.33023461,6.536703491,45.79075764,296.6594268,715.3340564,6.537999754,45.75758364,145420699,342550163.8,6.465764023,44.92965467,7.248321561,17.29684741,6.347398319,43.1087223,1.958540373,4.555341887,6.587318652,46.87580649
294501,14.50547698,33.88406404,6.571213979,46.51689802,26.13408282,59.51150331,6.400625792,44.27311704,304.767822,720.8809364,6.596950906,46.80799025,154932948.2,331844615.4,6.320585945,43.83842068,6.926932066,15.22598047,6.551690393,47.22326162,1.991326776,4.738789364,6.549922869,46.05129772
295001,14.55973106,34.10766674,6.571538507,46.49843334,25.40983783,53.27541027,6.431620604,45.71348683,321.1666204,761.2167714,6.563017645,46.28107006,164600935.9,311557597.3,6.084304819,41.89645627,7.483975567,17.85947928,6.527400264,45.78576788,1.964287204,4.559424949,6.511566794,45.69765123
295501,14.58396337,34.29295736,6.573524004,46.48401879,25.94566114,54.59572415,6.454615271,45.96664323,324.9337032,785.4924853,6.664564678,47.56608143,652052913.1,475780179,0.813485146,0.708053739,7.636996636,18.26507855,6.412428061,44.15948464,1.955321105,4.37797122,6.544190209,46.67486419
296001,14.62034476,34.51735014,6.587782817,46.67186404,27.94799773,63.46898961,6.561165671,46.62668598,347.2956749,892.2980167,6.666489413,47.21791851,1752929557,1091399462,0.571324028,-0.392708182,7.458815327,17.12790674,6.539084959,46.47098992,1.998855851,4.635061839,6.530866901,45.99513848
296501,14.67587709,34.98431006,6.581421613,46.48043269,31.00882441,70.19990336,6.163302754,40.97087472,362.2237971,946.6454382,6.460418584,44.12106311,2287972974,1755160149,2.72608334,12.000609,7.472454264,17.70370388,6.527060115,45.68923534,2.012505657,4.631082586,6.489599743,45.44842138
297001,14.63870378,34.87250374,6.586695016,46.55950706,29.00512204,54.41509703,6.138595107,43.24878021,341.5778046,865.3304998,6.701488455,47.90111696,1322777795,902328089.2,1.88489751,6.162929375,7.311111226,16.50709427,6.53557729,46.31970881,2.014338339,4.439092615,6.522562559,46.37918037
297501,14.56383247,34.4677229,6.573461523,46.43739529,33.46230852,70.15670056,6.101638549,42.04737055,341.366039,864.5567028,6.521267179,45.20101897,441401214.4,623321666.3,4.237499345,21.54919034,7.495577711,17.08582231,6.534396662,46.58869187,2.069987313,4.638339419,6.528289735,46.371938
298001,14.45792491,33.97787223,6.581787184,46.6151767,41.01247666,103.7208729,6.042662723,38.64967365,322.5761468,775.4270254,6.646332722,47.35382324,271840929.4,413081092,4.242250976,21.4565213,7.729249244,19.07126304,6.535377481,45.61126516,2.131593317,4.99950783,6.562694145,46.35665689
298501,14.37438304,33.64232184,6.554255376,46.25192597,38.28105587,93.75306229,6.689167345,47.96337416,311.926664,729.4190669,6.468449577,45.07057153,1355592994,470797686.3,-0.077965559,-0.560461772,7.743194182,19.78739597,6.646798002,46.92479707,2.191137153,5.361518237,6.675687554,47.67359859
299001,14.21920757,32.97699873,6.578444282,46.69441916,42.50413524,105.7315276,6.418468861,44.18315705,289.9107462,641.6045998,6.582956314,47.41430179,6605891446,1369262414,-2.234075313,6.67235188,7.695334292,18.95630068,6.43871886,44.26981486,2.329787383,6.02428968,6.573222744,45.76487398
299501,14.24064665,33.37424354,6.564925027,46.41465751,42.70388379,109.771103,6.663224674,47.02166448,296.9351537,714.2547973,6.608979739,46.9771949,13844234675,2342067707,-3.790681557,16.66331569,7.320945632,16.99815834,6.5484245,46.78155422,2.320439871,5.846509624,6.546296844,45.50560544
300001,14.17610088,33.31326813,6.560891314,46.29713305,43.75969388,106.0453753,6.220718793,41.33719916,306.6323407,744.3213559,6.190378068,41.05527108,13999486034,2090475423,0.742775909,24.80991197,7.53556842,17.9991518,6.346770698,43.22207827,2.20479763,5.109520727,6.541018764,46.1917568
300501,14.08116566,32.70169012,6.557238989,46.37608749,38.43489935,82.41248748,6.397664619,45.41492207,264.2680046,572.5132068,6.483664305,46.13075504,6142736618,1306357327,0.540355548,17.9053863,6.724753914,13.80474694,6.232547818,43.19296158,2.170225805,4.813715315,6.53339611,46.65312156
301001,14.01771449,32.39068176,6.563247086,46.49711426,38.17879619,84.10804607,6.454901052,45.54178846,257.4616505,533.9699298,6.400902755,45.39348212,1073664010,447065659.9,3.240203236,15.09142527,7.013717158,13.55079366,5.692559196,37.33614606,2.198521418,5.002894268,6.476851222,45.37418083
301501,14.02342263,32.48730134,6.555272158,46.36670905,38.34024186,88.62578484,6.615965672,47.31601814,258.3671741,540.5039062,6.392375897,45.02319822,150043626.9,213948966.5,3.840249716,17.22443644,7.771601285,15.35929826,5.691645337,36.38978754,2.198744135,4.825671194,6.463398449,45.46795677
302001,14.04259164,32.69683549,6.571036875,46.54280541,39.83934596,99.01371359,6.5337688,45.50836614,262.2826537,552.4147746,6.37532208,44.66960333,134154813.1,201858889.8,5.182556569,33.45401192,7.453131191,12.67374021,5.739980327,39.02419854,2.220181331,4.671604085,6.425493502,45.47520088
302501,14.12432096,33.11742437,6.555068153,46.25413639,38.9694765,95.28793496,6.578281285,46.20018835,261.9355373,526.9533712,6.323206025,44.44836465,183756676,246935574.3,4.465928356,26.04661182,12.0727876,14.87036668,3.831305864,20.18720098,2.278521889,4.839621057,6.442455214,45.7145097
303001,14.09834269,32.88040689,6.561921439,46.39516685,39.61873685,93.46279438,6.596900185,46.8938934,293.8857799,600.5839783,6.353432681,45.36627858,328198169.9,375958216.4,3.430441814,17.98029448,25.35726093,30.15654787,3.174159651,15.24838554,2.391119972,5.545348607,6.672879161,48.24672515
303501,14.12859362,32.77438704,6.560932236,46.44048859,40.65693742,90.94094501,6.228117828,41.98771838,355.6399705,883.8108471,6.328720175,42.49790657,499394084.7,756324307.6,4.741413548,27.65279226,39.45207097,62.46613689,4.394438925,23.33394583,2.730162234,7.519138511,6.636068216,46.26215403
304001,14.18048845,33.04384794,6.574022999,46.57937797,38.06412646,72.27963751,6.185235756,43.75256822,361.9441119,844.9651921,6.173376978,41.34743873,506698761.9,775868568.6,4.08452914,19.34222908,31.93240001,42.27696098,2.96389159,11.18314507,2.998704101,8.002167639,6.176149405,40.26779895
304501,14.30057561,33.59162018,6.557907716,46.28137352,40.03439676,80.73037104,6.244674296,43.7229036,337.9799806,746.7544026,6.286532475,43.66194342,317055429.6,414680238.6,3.756650408,19.07394387,21.84229293,30.04246806,3.315330623,13.11200991,2.643885948,6.218230188,6.578965232,47.02856845
305001,14.29398578,33.52352175,6.579738028,46.59389629,41.05960799,90.07544501,6.431229536,45.09627144,312.9825965,720.6893452,6.570136,46.54152793,234059389.7,369380483.2,5.263667339,34.23308896,14.42430951,22.88449393,5.203059598,32.41485279,2.645619138,6.022995991,6.3986222,44.3240147
305501,14.41247367,33.90870086,6.571269611,46.46973869,43.5627029,103.3835482,6.614177867,47.24735854,313.9778242,725.3146668,6.565201367,46.64071433,228239842.6,408556331.4,5.900220955,40.34012503,11.01073617,20.75982117,5.912833863,39.93848345,2.509701231,5.443617766,6.533013702,47.01641345
306001,14.42836968,33.99572146,6.568220734,46.38937627,47.95407659,127.3438491,6.481162438,44.33265006,315.1983367,752.0857397,6.559571838,46.24458227,242802398.2,489731257.5,5.857547152,38.92442674,9.630286969,19.09962243,6.248660009,43.92944359,2.629530904,6.272148045,6.580655212,46.63724752
306501,14.46098569,33.93409298,6.577053243,46.57422067,47.83399256,124.9575822,6.49345255,44.59928306,319.1220736,779.3130451,6.623996565,46.91808953,240960607.2,534519379.6,5.956301934,39.30951313,9.543919659,20.64185305,6.417579422,45.17921168,2.709845095,6.922788118,6.45605954,44.17718659
307001,14.48828044,34.09504657,6.568155604,46.39603988,44.35652431,103.0758764,6.506794324,45.84557121,323.2469388,777.6576728,6.485247236,45.07657101,216704084.1,428847850.1,5.627205784,36.34417074,9.520882045,21.1853791,6.07089129,40.37684661,2.464177028,5.937217873,6.584601258,46.59919307
307501,14.48726385,33.93312922,6.569417993,46.47020789,44.58851453,98.58238184,6.385492262,45.12698944,313.687047,726.311295,6.576745604,46.82380129,188427124,378896570.1,5.516096459,34.97860716,8.403848343,18.03347603,6.368316203,45.05687947,2.508049709,5.940594392,6.511023157,46.08215544
308001,14.48429374,33.84721741,6.56909624,46.48019029,44.6763615,111.0794115,6.573792183,45.99861955,311.0923898,737.4138553,6.572370904,46.36030679,172724184.6,375405219.6,6.236836524,42.69000892,8.078226562,18.76314764,6.513065222,45.72862637,2.562526303,6.206118688,6.290390937,42.41750525
308501,14.52691142,33.98171975,6.574234361,46.54868331,44.41945325,108.0187844,6.447378724,44.39434289,308.1115368,715.6628441,6.542488785,46.14232012,162585983.7,351950897.8,6.428418152,45.42359549,7.895931196,17.71199089,6.435808265,44.963275,2.256277098,4.917452868,6.442283365,45.23401004
309001,14.56687087,34.25785706,6.570045621,46.43918695,41.38113873,92.60794635,6.52820758,46.39818518,305.8319041,698.4202432,6.554267335,46.56488124,160463448.4,352978770.3,6.491589245,46.01198969,7.70955789,16.60758528,6.459536417,46.06015848,2.195398852,4.305485685,6.273546924,44.54578426
309501,14.58935632,34.3961265,6.581843042,46.59178174,40.91398593,89.39227628,6.489057654,46.09107047,306.8309377,714.730751,6.568784383,46.51932586,166577348.9,382021720.1,6.548647151,46.50748927,7.827424954,18.34967036,6.595912249,46.86489043,2.254373282,4.814430873,6.420173086,45.33196402
310001,14.63754914,34.65681348,6.575960895,46.46012909,41.10193213,92.75401454,6.523275194,46.15835205,310.5494194,741.9581506,6.599446021,46.75390401,173043311,414899699,6.485992928,45.06500485,8.13966028,20.09768484,6.527154969,45.47496924,2.280647039,5.322082536,6.559412983,46.37197247
310501,14.60757006,34.41175391,6.56828249,46.39059771,41.20315671,94.75460031,6.515488539,45.78891281,312.7827487,752.6838581,6.511676899,45.38239497,169737557.9,399343847.8,6.571422051,46.48786949,7.929426004,19.22709865,6.483148389,44.88392588,2.381130014,5.884250617,6.602709376,46.53973364
311001,14.55614961,34.04972711,6.580146856,46.64178977,41.36799797,93.92708113,6.579845486,46.93801451,304.7790593,702.7681828,6.62446043,47.48031885,171515467.9,406065505.7,6.63936098,47.48840979,7.567496036,16.58442748,6.540909582,46.75191853,2.449968328,6.128556539,6.528912947,45.38821269
311501,14.56611875,34.22838162,6.567541473,46.41485621,42.85973511,101.881036,6.575701548,46.49600929,314.8563211,749.7049221,6.573631818,46.46239971,177889671.7,440711789.5,6.549566192,45.74032419,7.677076384,16.75936065,6.465153055,45.80063335,2.38652754,5.739775941,6.546799543,45.90943628
312001,14.54036269,34.22610281,6.583164666,46.61022844,43.46218394,105.7571853,6.538286987,45.67288786,313.9958916,776.6996596,6.574614593,46.06208302,176451655,433508615.4,6.598373769,46.43748346,7.588866033,17.53989978,6.586931004,46.77627073,2.288440416,5.215700976,6.604948313,47.26100203
312501,14.53227442,34.20645147,6.561131074,46.31568155,43.8619898,104.4822436,6.642158365,47.43857261,306.3372021,730.4482328,6.520094319,45.70342512,173765128.3,405719817.7,6.501530103,45.73001764,7.841691734,19.04501095,6.648174006,47.37244781,2.346032659,5.503904956,6.609428179,47.20187312
313001,14.48482321,33.93804068,6.578588009,46.58876544,45.84501363,109.0427687,6.406640685,44.00532321,301.8346058,691.9627075,6.541096644,46.30969017,177461840.6,407336617.6,6.489334567,45.6676854,8.345329731,21.02113175,6.399483247,43.41655317,2.409186313,5.940174658,6.450053496,44.26806881
313501,14.46569879,33.80539808,6.555956137,46.2897695,43.86685635,94.87128013,6.536414291,46.769697,297.9303261,650.5972425,6.392523026,44.63384953,183647485.2,385103962.7,6.094597684,41.11879332,7.696598933,16.48924066,6.318847877,43.8768524,2.27490493,5.180699393,6.539847457,46.30374863
314001,14.40985878,33.46284171,6.568916837,46.55283831,46.28566965,99.98220601,6.406869767,45.23775587,295.683409,621.2935187,6.382825303,45.31634259,180466369.8,336641914.5,5.995915766,41.4891867,7.656969953,14.88979846,5.851158492,39.37884226,2.273501899,4.892538242,6.417056451,45.27876785
314501,14.44460398,33.82163013,6.573840174,46.53154911,48.2844158,111.1724567,6.471000426,45.24501722,303.5575233,710.851642,6.601905257,46.90246242,193926569.8,384010013.5,6.275641038,44.10708058,7.969334898,18.65120686,6.678613324,48.15285243,2.230880523,4.944374072,6.583199785,47.22250925
315001,14.46890991,34.05944258,6.567585461,46.393929,49.67964729,111.149728,6.372321411,44.02417319,320.4278342,778.4228506,6.450077924,44.44346368,240810103.7,451582939.1,5.848964804,39.12344048,9.410258454,24.36930694,6.089271992,39.12915147,2.333011531,5.605438329,6.566111106,46.23846287
315501,14.46747814,34.05779679,6.578649202,46.56174025,50.63920266,103.2910209,6.391089597,45.62306684,308.3807508,720.4554437,6.596046709,46.95725989,371464671,544726744.7,3.567796077,15.98225619,7.644513722,16.66523916,6.427119974,45.30057396,2.381800849,5.768063511,6.489557136,45.05196323
316001,14.46942325,34.17310818,6.577987449,46.52173943,57.57638963,133.6777297,6.594661363,47.30002384,320.2373011,768.0568941,6.671672391,47.97188165,616117705.1,908081235.1,3.191423063,11.66379093,8.114229533,16.92369856,5.759167643,37.44045944,2.331607988,5.469876055,6.606942877,47.16368945
316501,14.29925543,34.14892548,6.609058481,46.77930749,94.029074,178.2829597,6.174991073,40.51468952,369.0813686,892.2962462,6.502509099,44.48885594,1117650993,1372339750,3.751636919,17.14066234,10.56424553,21.81059329,6.478317291,44.56937581,2.538819993,5.7796713,6.638410288,46.97799689
317001,14.36272061,33.23601206,6.735319241,48.19039367,206.6182338,156.759643,3.976310354,23.53615465,577.2449897,720.6730563,6.283183919,44.37643906,2236349820,1172183360,0.650568264,1.025607744,21.04365643,21.40517303,4.851008582,29.76304281,4.066434532,5.556427743,6.220348036,43.06304247
317501,15.6438302,34.71553223,6.85066998,49.11685843,333.2070113,207.6176694,2.024820584,7.825488404,869.9480176,763.074859,5.071117333,33.63503936,3364250045,1683453656,0.191955872,-0.569355909,30.31929971,20.72077822,2.483062349,11.14060541,5.765560836,5.606654028,5.161961415,33.64368906
318001,14.05505685,33.18985669,7.067997444,52.16657487,311.1934627,213.9193251,2.228938317,8.882305102,819.3615546,797.6439432,5.781496766,40.20886737,3110858556,1641642298,0.378708426,-0.511360236,26.77889189,19.25243825,3.202639872,17.64183899,5.212068542,5.468601776,5.594605965,38.48719979
318501,8.020782584,18.3756787,7.053546036,52.77815859,145.4197629,110.7519866,2.595011086,11.58937686,415.3447255,445.2781106,6.267722926,45.76761267,1457059015,820287322.6,0.591255856,0.20857265,12.35065229,11.04672923,4.856541589,32.66353723,2.589765433,3.150421087,6.162484442,44.58565468
319001,12.12947987,18.89339555,5.988832003,38.95681264,267.9390755,146.0711724,1.213815261,2.074978142,772.0414361,489.8259076,3.02289841,15.21709978,2613383865,1204676584,0.424897919,-0.230268026,41.28001494,20.58622558,0.366830916,-0.035356713,5.60769567,3.673200101,3.067238346,14.79627343
319501,18.04316576,45.05583906,6.212829996,39.76917464,300.3446467,219.7296384,3.169631002,15.17539014,916.6473752,1071.54911,5.546063669,34.47810601,2697593259,1434578781,1.231718277,3.109835921,46.02365759,31.43389883,2.880577209,13.63649589,6.825096264,7.542440078,5.312315498,32.88895511
320001,15.31620533,34.98234628,6.586397614,46.4245336,179.3096166,150.0764353,3.283259914,15.26534074,574.3465006,786.0969119,6.288499423,44.20927488,1500971027,937949344.4,1.777880216,5.643576665,25.58608475,20.14738918,3.888867501,22.48461109,4.478174206,5.889502823,5.813081454,39.3295325
320501,14.64462544,34.6505264,6.636746659,47.25569652,79.96331401,139.1663742,6.27285924,43.88271051,368.3602333,781.7859767,6.63581357,47.77606252,532556396.3,712005903.8,6.018835009,41.97883026,10.6533163,18.00109758,6.124175144,42.82818536,2.703329597,5.698434397,6.49341727,45.40897545
321001,14.90539946,35.04916651,6.553879808,46.18973213,69.8659786,156.7733439,6.594046935,47.66040815,359.9158316,864.9844876,6.562261182,46.14823615,397095475.5,793939476.2,6.267117088,44.11593565,9.930314826,22.66605396,6.584435479,46.64220414,2.468500741,5.23337814,6.450083654,45.96592553
321501,14.85260845,34.49363994,6.568652658,46.5298284,79.0929787,209.2291987,6.408957145,43.19819629,363.418716,882.8974874,6.548760077,45.85371627,422579865.9,922641792.2,6.425506764,44.727266,10.90712873,25.78064846,6.207655206,41.28379004,2.51747531,5.589936718,6.508343714,46.09354558
322001,14.87681363,34.55470892,6.562361313,46.46254454,76.5320994,175.616044,6.095609227,40.49518433,354.9631795,825.8113774,6.529349214,45.96772417,439725043.2,920594504.2,6.41537325,44.76937922,9.621298841,22.28646735,6.532120558,46.07206646,2.574890132,5.863983087,6.465700735,45.26901012
322501,14.95090168,35.13534479,6.581416029,46.60755762,71.16797098,144.3770781,5.960924108,40.4314842,353.8544987,800.9228317,6.55456175,46.75319636,433221287.2,925875817.1,6.530691588,46.7203085,9.315956932,20.69498711,6.483469207,45.68706741,2.604186216,5.928675034,6.561001731,46.71358345
323001,14.98588082,35.45840698,6.562339028,46.2756554,68.46593976,154.2787124,6.492783146,45.68976763,355.4157575,836.1285396,6.532625974,45.97195014,430906447.1,1037975703,6.547101069,45.85462456,9.223536164,19.80898306,6.471051372,45.87210635,2.696423139,6.502048365,6.594292085,46.52385692
323501,14.99359093,35.36260448,6.593587095,46.76846743,67.86781736,151.6722995,6.367042212,43.97420127,358.7987233,862.9777425,6.625870718,47.08430736,440565491.3,1077393108,6.646438885,47.18196152,9.096928682,20.58027232,6.583491604,46.78082482,2.761339823,6.597317037,6.506439896,45.39838965
324001,15.08646994,35.77319792,6.546061864,46.01884247,64.86628379,138.1731697,6.47001719,46.36113783,370.8418269,894.392212,6.460985601,44.64560121,475751743,1154834448,6.432819654,44.28647734,9.31878054,21.46812557,6.459766511,44.89406812,2.746416291,6.354936829,6.571297343,46.76603757
324501,14.86146378,34.28936342,6.548189878,46.2810868,67.40175109,158.4202957,6.578830046,46.6432903,345.7169376,765.6171769,6.466951149,45.47745503,455227921.5,958214596.5,6.236074174,42.45893305,8.845281097,19.18324586,6.405048709,44.63506175,2.803738574,6.780194829,6.63055637,47.0993142
325001,14.87181495,33.91322189,6.572369425,46.83570168,70.09628582,171.8737229,6.454513547,44.49077142,351.0675196,742.4715869,6.358662023,45.10698185,455882455.1,870953792.2,5.778477373,38.24167165,8.744346128,18.05550219,6.390871359,45.57175832,2.877954164,7.081796421,6.47462943,44.7577077
325501,15.0767873,35.55866305,6.550344014,46.13649776,66.72843025,158.7269431,6.566484815,46.39834127,369.2087822,883.9694047,6.447451216,44.60028726,474429009.1,1095885349,6.3430815,43.44445054,9.053755377,21.38934576,6.450647583,44.74117387,2.74961491,6.467517337,6.632190402,47.35714965
326001,15.07140857,35.69478187,6.579126448,46.49613943,66.20691314,153.9192522,6.564391745,46.51285985,362.0089495,869.4781133,6.558897202,46.08248162,467167152.9,1153787643,6.58652063,46.32078187,8.83978859,20.94431851,6.510737773,45.48681633,2.794762227,6.599761072,6.580076517,46.59202939
326501,15.11308582,35.71584547,6.574448602,46.47282679,66.11068906,150.6000498,6.492696312,45.5419873,364.8870777,859.1641058,6.584418393,46.73048337,478793410.5,1187518689,6.463830341,44.56696549,8.750247203,20.26781123,6.558769743,46.62543761,2.776684241,6.593861948,6.519552136,45.58872228
327001,15.09749143,35.53233419,6.570968674,46.4360497,64.21939179,140.4178972,6.490029117,45.93438934,365.1414496,870.5752414,6.553152957,46.08982809,450421557.8,1029201514,6.523970093,45.98242815,8.811039772,20.93598017,6.51998185,45.64347501,2.702183108,6.138739866,6.540492043,46.38069829
327501,15.08527588,35.21597931,6.56906547,46.49286672,63.28531985,139.8588367,6.524202555,46.44313042,366.4830399,860.7628993,6.567771733,46.45949668,456991417.7,985196293.9,6.431143532,45.77233148,8.640845895,19.99640591,6.548537742,46.32103481,2.688111437,6.086576576,6.548260553,46.57858949
328001,15.08865048,35.19160729,6.567436005,46.47440229,63.08640638,146.1334634,6.526029185,45.90460572,364.6174171,849.746513,6.537519927,46.06085087,466732508.1,1074473452,6.406262797,44.32881295,8.639318624,20.10022698,6.613152576,47.24271373,2.714816422,6.398484873,6.585199476,46.63283059
328501,15.09893474,35.28407711,6.568532037,46.4818658,63.13034912,146.5108205,6.580589296,46.66271515,363.081042,830.5985463,6.549794364,46.46400441,453742470.4,1008521752,6.534517065,46.60060256,8.827802824,21.3776748,6.534858263,45.68772681,2.756864447,6.621677064,6.544289605,45.906576
329001,15.14731521,35.63226697,6.582555464,46.61951252,63.35572915,146.7731023,6.50278283,45.68382584,363.620119,854.8615601,6.621975237,47.21010508,481323783.6,1132373904,6.582604153,47.07647159,8.681384898,20.54299108,6.571922716,46.41502378,2.713466135,6.345837137,6.514118426,45.68580569
329501,15.22048558,36.06079718,6.569727332,46.36642941,63.45433379,145.6450983,6.564865955,46.59962112,374.4101653,915.5603575,6.550638051,45.8661741,523221672.3,1386186584,6.461902531,43.98874726,8.650748744,20.15630652,6.571578982,46.64575539,2.668224864,6.035695185,6.592194467,47.20159262
330001,15.17994992,35.79743747,6.574833101,46.48570731,64.12040149,146.8142458,6.493885295,45.56071436,368.7496746,879.6041658,6.535157706,45.81585527,498424872.1,1230309619,6.421979934,44.0050179,8.60798235,20.52570681,6.594454055,46.66644827,2.739876689,6.418121289,6.522593342,45.78860473
330501,15.15410761,35.629167,6.57825053,46.56401847,64.04259038,142.3639424,6.503346323,46.05903849,364.9920745,840.4575925,6.584256051,46.97766975,464046642.9,1029500131,6.453413245,45.66696313,8.587892228,20.88208652,6.633756265,47.12114975,2.719290621,6.252430941,6.516690306,45.89202607
331001,15.12457765,35.57291808,6.573718166,46.48695877,64.73798683,145.1107666,6.526667148,46.26896599,366.1811322,868.0988466,6.549380537,46.05376707,440401934.8,948187771.8,6.395306094,44.73023974,8.678527195,21.60907126,6.567120023,45.92524622,2.750660682,6.224497482,6.535514103,46.4765708
331501,15.11059762,35.52889282,6.579039994,46.57581366,65.65712384,150.7815837,6.570336469,46.7090403,362.6750536,854.05532,6.608453718,46.99294163,440555133.9,900904268,6.356315877,45.27089108,8.393058634,19.85741897,6.542855504,46.03659463,2.79051654,6.68233583,6.602759592,46.73888009
332001,15.10591168,35.56996961,6.56312814,46.32620047,68.35830371,167.715477,6.671595957,47.65235541,367.5924852,884.9818143,6.583304823,46.48823587,458922181.3,1041515802,6.468353805,45.4240991,8.352422055,18.97816828,6.521093359,46.26033895,2.826422859,6.959509863,6.586039371,46.35678363
332501,14.99051711,35.06560383,6.572332593,46.52330289,71.90286476,190.6459076,6.545565018,45.1858678,362.8265007,880.1653062,6.553200376,45.94679217,459065942.7,1140905366,6.655109037,47.23029728,8.127025014,18.6274019,6.465137181,45.14773513,2.838806484,7.201841446,6.675044182,47.37920038
333001,14.94469776,35.03942972,6.582453471,46.65961832,67.19851804,175.7654287,6.649248599,46.79635293,351.091005,837.0619437,6.627291151,47.26170701,465823313.8,1262986948,6.706911988,47.46179893,7.831884946,17.57433596,6.578775512,47.31886279,2.854751353,7.277438923,6.513602733,45.03289734
333501,14.93634866,35.44293937,6.58566292,46.59384773,66.21592902,169.75946,6.698543057,47.87537259,350.252872,869.7532357,6.66779594,47.48222583,476249907.5,1425722870,6.729625276,47.32323359,8.08729354,20.30814958,6.667537805,47.38337114,2.642866354,6.43427071,6.657326597,47.53753551
334001,14.98462455,35.76738976,6.568076993,46.27328355,69.29574357,178.7668047,6.340776003,42.47324222,363.9707854,921.8766539,6.467644288,44.33157434,565591474,1693624618,6.265691677,40.76639285,8.720398599,22.20868218,6.435827441,43.94063689,2.651668279,6.574873978,6.637890311,47.02192321
334501,14.75132776,34.3055668,6.521170344,45.82063848,62.87367792,117.6259293,5.372924824,32.83927403,340.8290969,710.6995364,6.130986248,41.4735869,575601416.2,1146348577,4.637886277,22.82480959,8.268244985,20.15831816,6.482940868,44.63898684,2.715105989,6.130203892,6.006582053,38.95385045
335001,14.50877582,32.48842815,6.544943705,46.63131172,58.05349596,91.36490081,4.667877453,25.10491174,319.1156126,583.8575246,5.475195195,34.58509079,750334867.2,1222725177,5.469839105,36.09738453,7.31463283,14.60167669,6.143524748,42.21421042,2.296684044,3.925618629,5.627943373,37.71766402
335501,14.62088515,33.78162201,6.57628429,46.71527318,61.34405962,112.2426079,5.733575753,38.15421009,323.252481,704.0091099,6.576093734,47.57464132,988524244.8,1125170337,2.912581105,11.35395609,6.890983053,12.76965208,5.583058229,36.20165385,2.41235692,4.789123948,5.743605446,37.51214966
336001,14.80555987,35.33369556,6.540770486,45.8941914,86.69445171,230.9924659,5.800979152,35.26039155,375.3714089,1002.278938,6.333679734,42.2461459,1448290422,2886609319,5.055801999,27.15006619,6.34433775,13.15739298,6.365767458,44.72128633,2.765788191,7.198615081,6.220411337,40.95726963
336501,14.67266786,34.61592871,6.57648033,46.49444337,78.71131769,176.2292182,5.752666143,36.03066433,357.0423288,903.8676208,6.388161742,43.40736435,1123522139,1942946965,4.86396359,25.54001615,6.514811423,14.86573609,6.590072754,47.26716958,2.625362155,6.938773609,6.523204454,44.9979005
337001,14.6541383,34.10550072,6.553461655,46.31521053,72.38937102,138.6057695,5.357575469,32.71377573,327.1117694,726.167416,6.467365791,45.79350391,669985541.6,823000894.6,3.821069729,20.01609133,7.101602428,17.77499113,6.198346075,40.91255573,2.56184704,6.496273093,6.530382392,45.40835551
337501,14.58588074,33.72316529,6.570187366,46.5840292,66.81653356,148.5815548,6.446888642,45.16674939,313.5382471,680.8986467,6.53749619,46.79814955,434262114.8,511628487.2,3.844978344,21.68827549,5.992134589,13.70292482,6.550544678,46.26835624,2.356756461,5.247949264,6.291424289,42.93339487
338001,14.65689772,34.05392268,6.559405564,46.40300119,66.78810737,162.4210037,6.583897797,46.28476299,317.7651457,717.4451837,6.518018249,46.00870553,349683502.8,527053145.9,4.843320438,29.0152787,5.929057997,12.4783957,6.356276196,45.06947685,2.169134265,4.152081425,5.967211872,40.90137787
338501,14.67768705,34.27659056,6.563069003,46.39118145,68.31957516,159.1636092,6.315528137,42.92127387,317.304958,711.5346716,6.439785859,44.9921026,328590196,626803894.8,5.623091979,36.11203055,6.013452737,13.47265417,6.356100618,43.80663005,2.150182501,4.519605133,6.405142607,45.24568755
339001,14.71366254,34.41336099,6.573243701,46.54909133,63.17423159,129.3536043,6.373437641,45.28976452,314.3527178,683.8685812,6.479630072,46.02714486,300695488.6,600575841.6,6.265400394,44.17469374,5.770948167,12.11600569,6.410196214,45.19935553,2.17001619,4.851595824,6.451367594,45.17200496
339501,14.76744089,34.84810224,6.575388293,46.49097794,65.50830822,136.5281562,6.374493996,45.27648235,316.3998746,714.1744993,6.550058025,46.50331132,310844571.5,696361356.4,6.621191101,47.61870993,5.834778421,11.75765799,6.290025394,44.04972326,2.173345716,5.008494172,6.544407584,46.30303505
340001,14.80533188,35.10911258,6.583594106,46.55792358,69.20404153,159.4202895,6.434369191,44.65122927,325.6902861,770.2054023,6.601456511,46.84619891,378488559.2,930888178.5,6.57654778,45.94988229,5.932785428,11.2405739,6.215100424,43.64237558,2.184197562,5.072609458,6.496022423,45.49280858
340501,14.80979021,34.99624213,6.55906242,46.23999945,69.34961867,164.1869974,6.626713668,47.26113617,334.7810017,816.2449168,6.546235566,45.84841304,435923425.6,992251038.4,5.72687944,34.9811354,7.634890642,12.85611954,5.964225676,41.71083746,2.199568374,5.031119615,6.556402394,46.57635943
341001,14.71998287,34.2589997,6.566783613,46.47801751,73.10363314,183.8824478,6.624370508,46.73546152,340.3064371,825.9022983,6.595406447,46.51859194,352989481.9,582885794.8,5.643712399,38.03783474,10.75629454,17.98107058,5.559616126,35.77987499,2.224135718,5.105258121,6.456400423,44.97089607
341501,14.68072471,33.83344037,6.546921815,46.29302885,76.22282876,196.1569678,6.551146425,45.52179833,339.7479133,783.2424424,6.446375242,44.88493021,346729676.8,556391917.6,5.385271966,35.50379724,11.69459113,15.59394402,4.523051795,26.82512936,2.194490446,4.772124094,6.487865453,46.06832049
342001,14.66502681,33.72220708,6.565393102,46.58327494,74.14292405,182.7426357,6.493779188,44.975024,334.4527754,739.3773173,6.467929919,45.99652169,357790655.3,707217877.9,6.314238445,44.46210281,12.59780714,17.05962597,4.574014041,26.31338579,2.235248996,4.897637928,6.470533814,45.67013782
342501,14.78290658,34.53437888,6.571046945,46.52044694,70.05975095,155.6902895,6.563545629,46.9517012,339.5800034,815.821705,6.587899446,46.50395271,383955897.1,874329906.5,6.442377948,44.78766997,13.53624956,22.7276398,5.425516584,33.02400495,2.228144749,4.898507793,6.51344188,46.19239705
343001,14.91366805,35.34411539,6.571442112,46.39578874,70.67194309,156.5045657,6.524314334,46.53314388,344.9851654,836.4796487,6.47202202,44.78556553,402163365.5,997833934.3,6.651790915,47.23722183,11.29256643,17.75221585,5.808387042,40.09075111,2.317861638,5.358954648,6.618137495,47.61531777
343501,14.95798042,35.41104893,6.564152258,46.28213305,71.71570861,170.911487,6.526453916,45.63824803,332.8889683,758.3850856,6.555538298,46.51354078,443578594.2,1172763853,6.469121217,44.0478596,12.72315818,21.52273022,5.918207041,40.74342716,2.540472276,6.677130395,6.51503422,44.79223404
344001,14.89066311,34.75510149,6.577050329,46.60860895,70.18901521,157.3422269,6.375933767,44.11229757,330.4315755,733.2490191,6.505871513,46.20791718,432921237.6,972233267.2,6.374104458,44.26531343,15.0515464,25.85538917,5.227156372,31.28796337,2.528372566,6.14298406,6.358622063,43.23182067
344501,14.97606373,34.95605473,6.568371645,46.496569,67.87971953,146.513503,6.362497878,44.96627457,334.8616366,772.1871385,6.559461936,46.58262518,445668436.9,950964372,5.943936698,39.59626948,14.77673942,22.17406217,4.668360874,28.09718506,2.367059083,5.119710667,6.40243703,45.37768476
345001,14.99230532,35.25314182,6.57916483,46.55757684,67.98594157,161.6263697,6.516114725,45.63177496,343.451754,826.7774144,6.556839757,46.12232577,454247193.1,1107785480,6.557205308,46.17881903,16.35360505,28.06772087,5.266106807,33.15267669,2.36412187,5.273885207,6.495931487,45.82712475
345501,15.04653337,35.57893326,6.575477481,46.48709047,68.91924544,167.8196753,6.601952727,46.57497667,348.8310496,852.9023415,6.530887285,45.5030863,485972027.6,1269002698,6.379463743,42.89675017,17.93141298,30.30136665,5.084620787,30.32629875,2.398143724,5.26336917,6.431424068,45.03624027
346001,15.0074615,35.67175322,6.590379856,46.62737944,71.47714818,163.3511486,6.273379032,42.48773248,330.4029166,758.1701445,6.52692814,46.02772539,441315666.8,972953375.1,6.312253004,43.45338821,17.05216834,19.53527237,3.907947494,21.82557398,2.422735487,5.053651481,6.378467707,44.84157003
346501,15.03016751,35.78696257,6.584184321,46.55163705,64.29405672,123.5667013,6.271818633,44.4803058,336.0704022,747.8995357,6.447156283,45.73069318,474121526.5,859573135,5.845526403,39.84970032,21.28323091,23.65345707,2.870419348,11.53992633,2.472919715,4.97147193,6.336368911,44.71731805
347001,14.97977556,35.47091147,6.550372209,46.08282554,68.71654975,136.6181946,5.941115158,40.17543082,346.5650276,818.4859234,6.384911029,43.75310583,564548735.8,1020194003,5.746414261,37.64438209,25.87923464,32.99149001,3.958562077,21.59684455,2.589823863,5.526216693,6.514484256,46.98463168
347501,14.73933979,33.90970249,6.559602336,46.48245964,76.49975215,179.3154921,6.35815477,43.50707464,319.4270172,706.5177051,6.493084447,45.908249,624197279.4,948991108,5.252596467,34.06325779,23.9041441,35.97245259,4.708326307,26.1138606,2.928601101,7.69839949,6.678766721,47.1654631
348001,14.7119705,33.60747616,6.549103662,46.44286877,77.38586694,189.7731248,6.512672027,45.16802,325.0560567,703.0356946,6.395051321,45.21558914,659859007.4,1043579862,5.472485198,35.72324855,15.98385449,19.88101339,4.492650954,27.37571739,3.406330928,9.432718754,6.350251443,42.45426595
348501,14.67856675,34.04083284,6.570945202,46.56141414,77.71310644,179.9799064,6.521733723,45.90068442,332.6110633,757.4746772,6.431589427,44.79727778,606791095.3,977370545.2,5.49531038,36.06713155,13.2101302,20.04991977,5.342838924,35.02547188,3.24189701,8.671910744,6.553321038,45.30009521
349001,14.80745698,35.00924744,6.588127817,46.67962809,80.71240606,176.4282961,6.390862534,44.82646474,332.9952181,781.6974295,6.592392987,46.98080812,641094010.3,1233264016,5.697537371,37.82546367,12.34059514,20.43214538,5.452052069,35.02304016,3.001351454,7.021503747,6.500485576,45.41818653
349501,14.90235263,35.713653,6.54647742,45.93598482,80.32206572,174.6451198,6.448876795,45.62514537,338.4880008,832.3573381,6.470794577,44.66866138,713875011.9,1653031638,5.159237639,28.45229956,12.21496728,19.72471597,5.457914829,36.2686796,2.987347746,6.274938684,6.303755722,44.57172525
350001,14.71213013,34.41810586,6.576408545,46.5726223,82.89860556,192.0954301,6.586078015,47.06009625,330.1672041,783.0483708,6.664084187,47.81101558,545627052.3,1039833504,5.03247538,29.84430638,13.49369561,24.64432796,5.562639256,34.98077824,3.127559838,7.361549304,6.436781283,44.49823578
350501,14.69989903,33.96451251,6.551563025,46.35698965,88.06623633,223.9885362,6.472846007,44.47277934,344.2123003,823.0160112,6.414187448,44.06020047,531881646.7,1149072979,5.674363797,35.68365128,12.80938981,19.72939645,5.152534243,31.94721697,3.022977168,6.954518128,6.489439131,45.66845177
351001,14.64120186,33.78389494,6.55912378,46.43178782,84.83348251,210.4256952,6.60128267,46.4279967,319.6513528,689.9308288,6.449572448,45.53655989,435239123.9,814494928,5.643487657,36.69110876,11.72994953,16.99752503,5.110891843,32.92994976,3.119093045,7.324886736,6.50320051,46.19566388
351501,14.65755597,33.89336502,6.565984792,46.54809627,85.31699387,208.0331401,6.598859429,46.65305343,324.2566978,665.7862608,6.26765256,44.13543701,421262678.9,744741652.9,5.387418894,34.43293716,11.15547433,18.6785559,5.904865743,40.20619904,3.283562872,8.743040173,6.518438729,44.76348511
352001,14.76784139,34.715526,6.57355172,46.50832622,85.25756,199.2445634,6.266433306,42.05872662,327.9931189,761.2794345,6.569867593,46.48095647,424789812.1,960498166.5,6.583779556,46.90382217,11.93663444,19.52353412,5.763089703,38.9025327,3.261630117,8.091879197,6.343915042,42.84876585
352501,14.85233653,35.28144112,6.569147956,46.33296401,76.08089773,138.9613428,6.139357526,43.18732293,338.6750727,820.2251112,6.488303887,44.97607064,499669489.5,1211827696,6.033154461,39.0188596,12.77427194,21.72938946,5.590921704,36.45344235,2.812474329,5.706922506,6.361939073,45.06349778
353001,14.81946162,34.88078719,6.561835381,46.30983599,79.78681474,147.1951021,5.69115242,37.63906706,325.3750304,762.515789,6.59724242,46.91691798,432986417.1,892093425.4,6.253306143,43.36950151,12.31572633,21.14920926,5.699010964,38.1146064,2.968306417,6.047351299,5.884550876,39.21900459
353501,14.76852915,34.29021272,6.57363199,46.60194972,85.0710973,197.842379,6.431583068,44.51428754,336.6332594,794.6830941,6.552741601,46.24512286,480261297.9,923908684.8,5.669690874,36.98484436,13.39576985,28.31413274,5.999807087,39.84953625,3.246153726,8.066361001,6.263962971,41.75285758
354001,14.80518167,34.37260924,6.555253257,46.34982933,87.44819235,215.1350278,6.54359943,45.70045724,342.3495087,762.1506504,6.283756241,43.03420374,550952363.2,1066225249,5.624643837,35.71897235,13.53930044,27.56803176,4.429420511,20.3373969,2.997708398,7.310485478,6.594547973,46.51284971
354501,14.8262786,34.51880836,6.574143217,46.58948586,93.81346867,242.3503247,6.717296792,48.11802635,331.8464025,692.2878658,6.265051276,43.91509999,647358825.7,1039845414,5.570013395,36.98397348,11.04296302,21.41366928,4.727009937,24.24861517,3.083011045,7.333570519,6.548600464,46.34500265
355001,14.9334515,35.1573537,6.570311266,46.44667108,105.8200329,285.795535,6.254682642,41.03564121,335.4043928,763.2719115,6.564378721,46.62739495,830065561,1536959174,6.261553868,42.73664007,10.6543946,22.9394454,5.941343271,39.06826001,3.052047987,7.401685074,6.487532522,44.98591832
355501,14.98508807,35.41402634,6.566119729,46.32640696,92.31160875,217.9303613,6.68693569,48.1923955,352.23259,832.1996808,6.424557594,44.31948534,852164215.5,1627010608,5.53647512,33.65308896,10.6463627,21.48654048,5.525996478,34.91321177,2.915779339,6.840455684,6.63793875,47.73046128
356001,14.87537559,34.97959282,6.585447334,46.66366086,97.97435936,227.6392404,6.451639578,45.29440153,341.4733511,752.9511143,6.579035383,47.07309589,751938005.9,1343021752,5.626378259,35.96184598,11.67876912,24.61189758,5.587435501,34.82651057,3.013010862,7.638559149,6.615521442,46.38526846
356501,14.6245746,35.19151861,6.650085699,47.31881811,146.847973,223.6323187,6.204065394,42.39770758,491.2044417,823.7335188,6.499232694,46.57088527,1428675548,1597929644,5.720259586,38.22491719,23.08277873,28.86897549,4.730755899,24.73948305,3.825123623,6.859490822,6.259656261,42.55118744
357001,14.64393017,35.78078228,6.73192298,47.81496898,287.7393058,224.1991654,3.524034846,18.63145453,945.4322565,979.6744349,5.371737947,34.68520627,3128054299,1931377692,2.12285585,9.197009831,49.16272837,23.69988333,0.413108228,0.393998861,6.345642096,5.98873942,4.70192394,29.75572328
357501,15.05941737,37.44001964,6.829941074,48.81821142,365.263454,260.8868321,2.706604766,12.03999832,1193.032199,1018.642817,4.572395116,28.33327623,3781423371,2091336736,0.862774509,1.782652313,68.02599114,29.93519371,0.053819315,-0.308958946,7.832863543,6.937149584,4.12615149,23.58342733
358001,11.69334753,29.72031779,7.10244049,53.01093132,257.0928169,196.8074631,3.39509228,17.93498053,873.0333156,824.1265904,4.659762248,29.07518635,2529396731,1455395588,1.313085656,4.181288858,50.79131533,23.13397061,0.385902939,0.656791979,5.587542658,5.374660385,4.773863366,30.20008221
358501,7.963643418,7.34268416,3.485710714,16.73444297,255.1585845,143.8793631,0.66044802,-0.149867498,706.7127528,354.4475153,0.305539868,-0.737111681,6168929626,3385130197,0.558275215,-0.448262571,35.07885091,17.6521755,0.758382188,0.441116864,4.783648623,2.507920381,0.309964322,-0.470430048
359001,15.2051047,32.60534556,6.329803217,42.20011802,435.3814547,281.5035103,1.532703135,4.629998515,1278.191534,917.5111445,3.709024052,20.66757218,9871695666,5037046795,0.402720624,-0.648833246,62.31767895,29.34652527,0.809263402,0.501155152,8.291237082,6.425819866,3.703512505,20.60113039
359501,17.43646349,42.37217652,6.06437955,38.40298785,408.4621062,336.1601744,3.32893114,16.29971703,1233.133182,1226.997421,5.184305822,31.51907253,8384115427,4485047064,0.657982557,0.396236516,59.52049974,28.35008763,1.02394916,1.27075597,7.785244657,8.130455064,4.840244865,28.11270921
360001,14.95803391,35.38625952,6.629568123,47.05060648,209.1727287,254.4283973,5.481249544,35.01912089,682.9837714,1067.943062,6.436746094,44.75126238,3586129697,2066047297,1.236095664,3.789122459,29.78259804,15.65716362,2.179794401,9.59025691,4.045757396,5.980121722,6.149902023,42.27501721
360501,14.86499789,35.04186043,6.584751239,46.62288144,103.6381587,179.9203526,6.052338351,42.3059657,429.8927401,956.6096507,6.598334458,47.02552701,1054628626,1146437205,4.152350481,22.26860205,15.01088212,15.13490759,3.059877894,13.77401248,2.694178898,5.067763996,6.165889887,43.26258851
361001,14.94151366,34.89803515,6.57690404,46.61100689,104.5976799,197.0683883,5.77380324,38.50578953,428.7260317,952.324354,6.542311225,46.84044672,1096189587,1400529539,4.810248196,30.02287471,14.29802162,18.31237109,3.661522141,17.97424792,2.689884903,5.418598022,6.387586872,45.69783319
361501,14.98775076,35.26278837,6.564060424,46.33964284,116.5315524,298.4608114,6.613882836,46.37415573,441.4306548,1062.724039,6.526608083,45.53855466,1736590442,2477148521,5.603546836,36.24845706,12.9919814,20.3425169,4.771339417,27.8934899,2.840757829,6.746819787,6.544883715,45.97354825
362001,14.87428889,34.79625723,6.572584137,46.53063535,140.1560232,377.5544237,6.035428193,38.67657739,434.4363255,1013.312702,6.515579364,45.76074647,2137582368,2904389960,5.153354986,31.87309691,10.85645222,18.21290939,5.733699829,38.11167382,3.015177265,7.597212485,6.581468477,46.10696157
362501,14.97869536,35.23319381,6.584521043,46.68480926,127.105001,309.0020768,6.369020714,43.45403991,439.9365047,998.3638135,6.520913549,46.28216909,2127219594,3175472718,5.249931627,33.19271907,11.68496016,16.39323711,4.866498247,30.33874828,3.14594168,7.892670675,6.445432764,44.12313445
363001,15.01168485,35.6452957,6.54135434,45.92662859,117.3104134,233.116997,6.213056599,43.33979987,444.5102702,1038.650742,6.464506933,44.8596479,1866507490,2941314948,4.643883685,25.4339215,16.03959404,24.14339765,4.258622596,23.47250644,2.947496167,6.498825834,6.443888139,45.1982645
363501,14.81581582,34.36518615,6.567590466,46.55281974,115.2637963,209.9823961,5.871397862,40.45839031,424.5872052,921.181632,6.438010381,45.28036826,1320841766,1652426618,4.217442758,24.50110837,20.15042698,37.69397762,4.821795388,26.52703825,2.93226796,5.957519734,6.250121103,44.16268538
364001,14.80585765,34.26962083,6.562894404,46.48438361,122.1973417,269.7584315,6.492259273,46.43739932,427.9090787,888.8961945,6.341006846,44.88974514,1252180420,1666812282,4.392168354,25.46767008,15.3643904,23.89950414,4.540492757,25.15326887,3.073504246,7.475787864,6.652801622,47.41574051
364501,14.81824249,34.51607941,6.571939687,46.54149911,151.6399614,395.5172981,6.054270873,38.97044186,448.5211526,1042.049566,6.59885142,46.94011661,1272718866,1965503432,5.269949231,33.66386864,12.76557942,17.22101038,3.891574544,18.93555492,3.497303525,8.884316631,6.108938064,39.77826961
365001,14.87742448,34.94573419,6.563247833,46.37786125,133.5283937,278.0390071,5.587855043,34.7781108,481.3929804,1163.99463,6.361146465,43.25507425,1214409509,2151677164,5.453177973,33.53881324,13.08544236,17.79472519,4.998730772,31.88887276,2.935669186,6.513114475,6.451572527,45.21374165
365501,14.86702358,35.17475559,6.586501716,46.61530456,139.1221959,287.4693306,5.134647852,28.07054139,452.5620943,1048.490234,6.633845521,47.60939586,887545404.8,1418680073,5.760045383,39.47220695,13.3767014,22.80776214,5.953820259,40.28910396,3.008660924,6.164204344,6.00573941,40.8001468
366001,14.90547483,35.33148089,6.571873945,46.40203552,147.4393368,385.9229175,6.424890481,43.57525532,472.573375,1145.257044,6.635397315,47.28245342,854170220.5,1396169413,5.717470741,38.82539237,12.20231291,25.43755831,6.153386561,40.90140943,3.197924886,7.873818338,6.461439241,44.5190514
366501,14.84968036,34.95975318,6.566902388,46.38106438,165.6323512,452.2078953,6.020879014,38.47173186,498.7534507,1278.193678,6.523482932,45.10361973,944683805.5,1717951831,5.938431743,39.62001314,10.02773485,21.96570067,6.286887614,43.15397947,3.211267693,7.812841916,6.455597701,44.63691201
367001,14.75144876,34.35104081,6.567034153,46.48316326,142.5086427,356.8992294,6.50234486,45.23296753,479.8067291,1174.866369,6.481784943,44.81931734,963674473.1,1593298222,5.341229765,33.63368322,8.884716205,18.23885034,6.132485114,42.12076698,3.13783569,7.434057284,6.550811103,46.50005217
367501,14.70131256,34.11704843,6.56472353,46.49332375,132.4571226,308.7612781,6.641354533,47.58342638,444.4091471,970.9413364,6.544545315,46.9951129,927297463.3,1212387240,4.270921504,24.84888774,8.196897651,16.30223798,6.083563335,42.09059719,3.108246375,7.819263158,6.5949016,46.25524159
368001,14.70941846,34.36090213,6.576295027,46.59342353,130.8366297,294.1977469,6.379404642,43.98082064,465.1310992,1076.088915,6.585066857,47.17099893,1134305702,1495060876,3.661765763,18.31883274,8.384719019,17.58933378,6.190523116,42.52319428,3.054594465,7.433932936,6.482959043,44.87721356
368501,14.80548058,34.88649425,6.558273261,46.25298946,120.9345273,243.2584897,6.401359443,45.82028771,516.9082738,1284.345077,6.118579883,39.85329053,1358060018,1936640842,3.945498347,20.0004327,8.794107197,16.2023188,5.434868564,34.07383311,2.822261859,6.155925867,6.519935711,46.41910826
369001,14.7146069,34.27728278,6.54264264,46.11239669,124.0168101,262.4817931,6.262346794,43.65140853,426.8713943,920.0026314,6.424589366,45.00941515,1216498005,1634245490,4.181045139,22.71924025,8.703462694,14.27987744,5.006526288,29.83955732,2.834555785,6.01346614,6.393641943,45.34443172
369501,14.6095521,33.40016672,6.569146381,46.71742652,123.8427288,277.3285094,6.273050578,43.02228837,422.4550536,805.414762,5.866719642,39.5808359,1085744933,1295480311,4.197667657,25.24258868,10.41256278,17.25360129,6.063506581,41.96088764,2.882451676,6.617553537,6.463839686,45.10705953
370001,14.76828011,34.47423785,6.583449007,46.72390892,118.6323954,263.2711194,6.377673754,44.48539676,429.581647,940.5975775,6.559520595,47.08029463,1314049179,1635048598,4.072941989,23.16317719,12.4001015,21.2018611,5.935953095,39.40665429,2.821257866,6.205033924,6.301937397,43.12754193
370501,14.98964574,35.96471127,6.562548759,46.15659876,113.9805192,250.1660904,6.524455874,46.56295578,471.9091696,1208.124143,6.531774432,45.17716077,1783525606,2449692809,4.566851422,27.49993977,11.80546032,20.92536048,6.144255045,41.67819984,2.704733263,5.341248889,6.248444523,44.39640176
371001,14.87450651,35.26419743,6.559325312,46.21866911,120.1726661,277.1367484,6.519998623,45.96659515,489.0468346,1219.244954,6.323907939,42.60490479,2031291146,3257418100,4.726270053,25.85970716,10.67471608,17.64642012,5.899729979,40.45296777,2.96147717,6.857020263,6.496147575,45.8836083
371501,14.82770289,34.49883767,6.579679822,46.71049548,121.8003231,274.1420095,6.201007169,41.68836825,434.52836,962.7179977,6.493848095,45.80573109,1503130103,1732023078,4.064276056,22.59153852,11.22234117,18.20244447,5.414608188,35.04027291,3.295757931,8.200167442,6.110109325,40.09113234
372001,14.83330923,34.73089419,6.56346257,46.37372564,113.2346912,230.3285718,6.27130931,44.3567833,425.1632459,879.3378451,6.402247986,45.78970817,1277165311,1473642225,3.760352387,20.86972623,11.39064664,17.00203075,4.907554772,30.24450589,3.033586984,7.15346365,6.532438384,46.02796218
372501,14.8331722,34.69664031,6.567516435,46.47336542,118.9113283,273.8871557,6.562652284,46.59996399,446.2284068,1020.782801,6.478924338,45.38079499,1018943377,1325131045,4.4705788,26.72617228,11.65267464,16.5445315,4.807933251,29.88017226,2.938549325,6.625531006,6.48666125,45.56817626
373001,14.81393121,34.79669223,6.571438769,46.4649246,127.2260037,305.2370898,6.258483872,42.00668806,452.077281,1046.559105,6.453231335,44.9363271,828968263.3,1091762987,4.814684567,30.18851328,11.67871687,15.6452849,4.37832823,25.28315471,2.918920567,6.158658457,6.463587918,46.14165281
373501,14.83858969,34.81363314,6.56524263,46.39699953,117.7584484,268.344689,6.520302902,46.17418537,446.6476725,1029.912081,6.528331248,46.14120797,930650668.6,1592398299,5.297784313,33.66466649,12.49582011,16.32312036,3.946578213,20.77515099,2.981155264,6.698841704,6.537359293,46.61692268
374001,14.7826227,34.46714296,6.555473364,46.29705838,115.8013435,245.5668257,6.251282323,42.87688392,433.5569739,1013.757042,6.488850479,45.25635709,1103161851,2109821228,4.717819806,24.2086751,13.12370206,17.98038336,4.770540232,29.40397894,3.103000551,7.875666141,6.652776045,47.08411097
374501,14.73743103,34.1250173,6.578585591,46.71151159,116.4613787,229.9458217,6.05126708,41.89199116,425.7033857,948.2135102,6.559779618,46.94251653,1021139155,1671158728,4.64132447,24.52555531,13.50781696,22.77376928,5.802997735,38.87368312,3.319548077,8.769987249,6.462513265,44.04662535
375001,14.83253922,34.88706187,6.575906178,46.5410228,126.4390014,306.7193068,6.527570659,45.69266653,432.5768192,999.8370021,6.517146516,45.94559245,1131139812,2096439607,5.923587104,39.45765674,12.71689143,25.63097643,5.269057863,30.14022227,3.103385924,7.236256782,6.423754903,44.38228467
375501,14.9170473,35.52593197,6.575073344,46.39694253,137.5775092,351.0221825,6.223597824,41.14705849,434.5520818,1060.790259,6.651367843,47.31789929,1207938807,2519002640,5.938337453,38.31018329,9.109471066,16.8020817,5.691858808,37.71522033,2.947605497,5.978852171,6.228605607,43.705909
376001,14.88396908,35.2320128,6.562658277,46.26399108,119.6966544,272.1866166,6.505050871,45.83039449,451.9863817,1115.733967,6.433188165,44.07860611,1053377253,1861419043,5.280785846,31.93042187,8.098705565,16.42426693,6.351735895,45.19697449,2.930007067,6.230668687,6.486184007,46.3429239
376501,14.73033166,34.2017786,6.565181299,46.49605186,121.0608759,248.7905319,6.235675292,43.71452322,414.5569988,928.3628551,6.527794051,46.28937476,922263032.2,1164917081,3.703333981,17.71639661,8.374501256,19.2979499,6.326287963,43.18112684,3.107390465,7.239927584,6.505671769,45.55802227
377001,14.74511198,34.20366204,6.576261481,46.6722666,125.7147683,279.7784987,6.405862734,44.73109713,425.3569981,912.955208,6.349465559,44.64723389,1249777707,1660207391,3.896959437,18.86582077,8.517763623,16.11233142,5.686084273,37.06416408,3.212607749,7.056000946,6.211183805,42.02827474
377501,14.80548035,34.76753658,6.553198202,46.20607955,126.3914712,259.9572774,5.956624098,39.4588619,431.4011842,940.65448,6.333295134,43.8442381,1647488233,2335551513,3.816262008,17.18574932,9.82496169,14.79587436,4.901870727,29.29414684,3.080781251,6.155902642,6.153930354,42.9966193
378001,14.76346168,34.50548056,6.564081896,46.41734405,130.7757657,262.2300727,5.64910198,36.20749876,427.8327452,931.399067,6.449969248,45.77129835,1865757015,2273950395,3.418167403,15.93690282,12.2055375,20.3155905,6.043439716,41.89388861,3.30134235,7.612538604,6.604218646,47.263241
378501,14.73872886,34.34461044,6.566585705,46.46301052,145.8407402,343.0857893,6.109730391,40.19442537,433.5150019,1011.167512,6.533398522,45.96294404,2034197089,3184923012,4.620627161,25.44565672,13.7466623,26.95524563,5.557747811,33.60344499,3.762623989,9.495069149,6.307372032,42.37283778
379001,14.75215142,34.36385971,6.573798325,46.58075226,137.0141168,321.9732442,6.633494273,47.52020562,442.849796,1061.487194,6.627818258,47.14332342,1551236487,2109955489,4.474654714,26.77894489,10.18434422,19.25614526,6.232025906,43.4386181,3.557770094,8.809572427,6.624038599,46.78650069
379501,14.83320936,34.91016375,6.576836366,46.53500957,150.363748,374.9394904,6.57026613,46.23998742,457.6500276,1145.271087,6.591989104,46.25176041,1663235735,2521800910,4.051884813,20.15294596,9.538016968,17.37550541,6.192768624,43.9350776,3.599249988,8.671869084,6.636664884,47.22756808
380001,14.86649567,35.20374103,6.570894285,46.38994414,158.2158097,405.581943,6.464892522,44.42109045,458.0478816,1136.846962,6.590566731,46.38179053,2039572844,3599382591,4.598637468,25.03902045,10.31246066,21.78077307,6.450585184,45.46247479,3.687217135,8.908175195,6.566898141,46.18760902
380501,14.85378687,35.10690269,6.581400289,46.57717342,156.4882979,401.0359263,6.658269415,47.18800712,461.9269575,1138.550434,6.606078948,46.60962155,2435322479,4695043144,5.053834431,29.53705221,11.50707623,24.12624413,5.772166942,36.50647163,3.681323504,8.781456779,6.604612893,46.81977453
381001,14.86460193,35.12215916,6.564729023,46.30549491,157.735653,401.9753176,6.329742282,42.43713377,450.273248,1073.983329,6.485624221,45.07848543,2659406625,4382664877,4.023796652,19.81980011,12.49092844,19.2115906,4.653319004,27.22367214,3.716878155,8.895661287,6.585155919,46.53274366
381501,14.71507562,34.20518612,6.559688328,46.3850134,135.8134029,292.3495908,6.502577284,46.39149852,434.3854101,970.3554698,6.529738068,46.59581175,2436207084,3556916051,3.307997043,13.51367062,18.54053882,29.96758411,5.235119083,33.56924451,3.690112267,8.850442757,6.610805383,46.91129793
382001,14.68018972,33.88056287,6.574554212,46.71679406,136.913199,276.1823136,6.109393656,42.3098141,429.2108206,981.6505363,6.485222696,45.508143,2216368614,3810947923,4.841967915,28.17985025,23.19254356,46.57465034,4.98133527,26.08353598,3.789618701,9.325064894,6.644182571,47.21926942
382501,14.77314496,34.84833404,6.573347242,46.45490398,135.9848483,295.8974264,6.408789438,45.09362881,419.238226,962.6969513,6.592666994,47.01765484,1782148345,3556233056,5.636444113,35.42565735,14.88486041,21.03169222,4.824698358,29.08293728,3.907738261,9.725568804,6.441982011,44.09451846
383001,14.78632239,35.00292942,6.556167116,46.17698987,138.3507173,317.6409082,6.488302715,45.66241507,421.7976268,996.3133473,6.522177977,45.72331197,1288693838,2100476563,5.410387669,34.62251727,11.45048845,18.585564,5.707531265,38.08385205,3.543580246,7.895645679,6.536524926,46.46775411
383501,14.66882129,34.22927938,6.571687994,46.53905976,139.9420995,350.2953198,6.66284338,47.22724175,413.8029578,953.5381899,6.52724972,45.99129102,1091114628,1688151253,4.709622071,25.86368731,9.497666734,15.6377126,5.60651951,37.6067519,3.658834502,7.985562437,6.356589915,44.88004033
384001,14.6625532,34.14247831,6.567634059,46.50461634,145.1812469,356.6554316,6.350499232,43.03740661,407.7203258,911.0982305,6.509142591,46.09429797,1011872239,1878614232,6.18656672,42.8504017,9.661076553,17.33566476,5.509723015,35.52562098,3.853924337,9.456575482,6.416621722,43.86938767
384501,14.65158467,34.28134065,6.568835461,46.46410872,134.2016955,305.8311766,6.593955193,47.57720344,405.9538877,914.5586445,6.564819087,46.82178506,1016374261,1966946938,5.905112767,38.84310189,11.02467415,20.00694706,6.176063436,42.92239264,3.61339596,8.38398709,6.502699115,45.67650594
385001,14.66268838,34.41363338,6.572734818,46.50214872,141.3788976,359.0263476,6.603851901,46.24778493,415.9122603,985.881069,6.572993626,46.40372478,913485123.9,1752729463,6.183691143,43.29065653,13.08468113,24.7605496,6.093388468,41.02197041,3.668525488,8.278469997,6.411198529,45.17850142
385501,14.66323877,34.46405972,6.563858328,46.34665394,147.1298763,340.1321686,5.815557259,36.76871649,420.8116567,1003.379095,6.501730987,45.25503352,893454305.5,1797319923,6.021194797,40.03008353,13.32501188,20.36512399,5.441503662,34.9072739,3.694938166,8.911285975,6.493619254,45.15242076
386001,14.60424065,34.05212803,6.568747048,46.50118197,124.5392997,233.8704101,5.885349406,40.18962654,404.5296881,901.0260725,6.552421211,46.80455055,843896119,1440220783,5.879825457,40.83110791,14.73942381,21.34694409,4.805472791,27.23081097,3.585192052,8.676099771,6.609229703,46.84016074
386501,14.65313085,34.16291087,6.564190623,46.43640766,127.8602056,271.7188993,6.244750298,43.40944764,428.7279514,993.1561981,6.493509129,45.83509038,926219458,1779604331,5.91983167,39.69592842,17.76997829,34.66559136,5.949655648,38.72165458,3.530526495,8.63363262,6.564871588,46.02255785
387001,14.61380331,33.99615001,6.550550762,46.25320212,137.119787,303.152065,5.626189043,34.75490291,449.3560043,1013.906605,6.04220254,39.88566931,938696747.8,1781963017,5.107065712,29.91628467,16.85185704,31.61705569,4.655775489,23.32167496,3.403264239,7.968823908,6.591335707,46.83731223
387501,14.63009597,33.99148398,6.582515961,46.76943644,123.5731741,262.3562475,5.967783042,39.99554055,422.0016596,903.5688425,6.187791049,42.89375904,899169531.3,1715392371,5.221840919,31.23952256,13.61222653,25.54003959,4.754380785,24.2459884,3.435598162,7.99539519,6.543894454,46.27979502
388001,14.76121177,35.09974439,6.56905874,46.31813409,127.8555577,297.9610799,6.271690748,42.39099192,432.4632949,1065.008367,6.533312235,45.52074466,923661331.5,2152334838,6.192020839,41.32376904,13.48970147,26.2683665,5.585205761,35.16158908,3.382991482,7.743050868,6.411151703,44.42483333
388501,14.69589298,34.78097944,6.569146876,46.35880508,113.2186371,248.1030212,6.443989929,45.29860095,434.5784255,1041.061891,6.43092181,44.27656068,859821693.9,1933057146,6.198856788,41.82112425,11.67826525,22.00650985,6.04755488,41.67407392,3.22680739,6.98355536,6.462398106,45.96635276
389001,14.66933871,34.36044955,6.584367825,46.70204172,116.907058,252.0740601,6.214785414,43.15353704,415.9323669,939.2872843,6.517754204,46.41739584,798035865.9,1705626899,6.172209242,42.63036535,11.63825295,23.44923683,6.231041935,42.87820798,3.19597316,7.155524885,6.520979484,46.23453339
389501,14.68573996,34.55088725,6.55429956,46.21557931,129.1167822,319.0378445,6.370441711,43.2598809,415.9798884,964.4046858,6.498723604,45.63202899,776419154.9,1740457540,6.455335688,45.3300548,11.18171531,20.55447454,5.439400226,33.86203693,3.228069953,7.521857329,6.58943751,46.77432561
390001,14.58451755,34.00343456,6.566619245,46.47657966,123.3948923,291.246914,6.39887024,43.84327927,412.2659465,960.2648413,6.574909145,46.61367369,779078122.4,1852105337,6.595310333,46.98374793,11.03567399,19.85629626,5.241086302,31.01133364,3.27794472,7.86961551,6.52122618,45.5933691
390501,14.55714988,33.89618217,6.566633959,46.47913012,116.9290052,244.7035672,6.410027635,45.54084053,411.8982133,963.3991829,6.531485162,45.94004628,800620858.3,2142893448,6.555744384,45.18356092,12.35295478,27.18248984,6.280614188,42.26810407,3.192133115,7.454548283,6.564961709,46.4375643
391001,14.53790433,33.83562796,6.557357652,46.34371323,117.2225773,244.0079484,6.359152962,44.60240688,409.4494407,930.5589936,6.509039277,45.84758433,801554313.8,1945783880,6.103582265,39.54186681,12.88973044,26.89225864,5.734333616,35.8008702,3.224969116,7.589570438,6.642946404,47.70442844
391501,14.53873998,33.7517661,6.568129573,46.53879534,116.5634129,242.2804605,6.454753069,46.16008522,408.0622572,899.4876371,6.524609469,46.37340345,654367260.1,1089466171,5.831511869,39.97131183,10.62910311,17.35652131,5.802938705,39.52955633,3.404137834,8.457655973,6.400714855,43.57075094
392001,14.60078312,34.13912561,6.558706435,46.32187477,123.6142656,293.0873245,6.655425561,47.79450142,415.0558312,913.2239866,6.465924346,45.54490748,647733868.6,962277662.3,4.569669665,25.93544254,11.39448226,14.98273604,4.807971547,30.39584274,3.147725342,6.83880432,6.416698705,45.06018576
392501,14.56933923,33.94116158,6.566040316,46.46116242,139.0254575,369.3790626,6.409887314,43.29556458,419.2111542,935.7406643,6.564537822,46.91413595,639436274.2,1028791272,5.150427367,32.83282314,13.10861529,18.28714909,5.411137005,36.34421883,3.220435262,6.5433972,6.110299246,42.20744609
393001,14.65541102,34.30724136,6.585730982,46.74529526,130.3523549,326.7407676,6.547101382,45.61062331,438.6882002,1053.205018,6.578997495,46.51625098,751128212.3,1610927183,6.398438669,45.54274813,14.7456867,25.7439152,5.885492934,38.95703589,3.197619702,7.109439057,6.459295456,45.3738977
393501,14.80164017,35.31519686,6.557915376,46.12541898,130.2001942,302.6198034,6.523021182,46.20593239,454.9369098,1169.647542,6.58572899,45.92027031,1055420565,2808279150,5.908690073,36.56897882,14.51280121,27.78220919,5.911491017,38.56299089,3.28701518,7.741846962,6.591942856,46.8566415
394001,14.65551796,34.36294438,6.567416851,46.41258611,128.6347073,285.4096133,6.309018385,43.2877026,447.0939653,1088.773139,6.545870376,45.81354444,860718964.9,1701354619,5.185119981,30.66525082,14.03645481,20.51821496,5.894769919,41.10920123,3.418442727,8.328111583,6.46429192,44.66228222
394501,14.68234327,34.0481659,6.573363734,46.67040705,123.4589193,261.3746747,6.320441696,44.59116725,453.7225567,1070.876378,6.532917393,46.31820419,840570330.5,1637788667,4.809258822,25.00255892,16.3953409,27.79285651,5.78073425,38.28284112,3.361040039,8.039647824,6.646230538,47.53320302
395001,14.7276256,34.66990136,6.557712205,46.23926802,124.8413377,290.7704839,6.458961304,44.95956256,469.9107841,1104.098957,6.261054001,42.23158761,873301489.6,1626470342,5.220189275,30.59499511,17.11191988,36.86522359,5.053118619,26.50447604,3.469035205,8.570371849,6.55021748,45.75999112
395501,14.66062138,34.30570917,6.567686507,46.44996547,125.0721973,296.9855762,6.640326826,47.3614456,422.18374,901.9704288,6.444753377,45.7449262,875926613.6,1340515607,5.190007099,32.64450416,10.04035782,17.5961669,5.597047469,36.80844655,3.394289176,8.095685092,6.579068651,46.42784602
396001,14.47824162,34.15113624,6.603432416,46.88078079,133.7872094,311.6216569,6.515152445,45.36715972,444.7157453,886.6864143,6.558151072,47.39955741,1410344448,1443550105,5.426083452,36.31264577,8.175804524,14.95700155,6.239672732,43.85790403,3.421102074,7.95855659,6.624962821,47.35473662
396501,14.23994989,34.39868356,6.695465628,47.7075721,210.0214354,292.5986501,6.227500139,43.77156228,824.8329447,1062.57285,6.261159634,43.77039163,4987727216,2886023702,0.805343833,0.767744869,12.17627996,13.55052585,5.620230598,38.16205814,4.038385233,8.230228711,6.588403014,46.37472816
397001,14.86091548,35.54910585,6.732439993,47.63196739,350.5489743,319.961446,4.799228,30.44854015,1392.065215,1192.5064,4.69939227,28.34900644,9956170674,5633055408,0.350237691,-0.967555131,21.91149383,15.42819014,3.566115717,20.48898201,5.322464627,8.25779759,6.243217326,43.32748598
397501,14.28134148,34.97862072,6.904491679,50.03849196,372.3406067,327.7650555,4.621852451,29.06229108,1352.028803,1044.374366,4.348994933,26.29220345,10953023997,6167557604,0.422375455,-0.868082852,24.29659213,17.81586123,4.195812217,25.7725322,5.374722427,8.256098176,6.268737937,44.11280473
398001,9.244533808,22.0756534,7.022552189,52.23261503,214.3760311,207.0736836,5.03029572,33.34985316,730.0928283,663.0304185,4.869135457,30.30701722,6189905759,3492129562,0.386364118,-0.910042456,14.62917794,11.5724953,4.715316758,30.60143818,3.17849723,5.290226153,6.594578569,48.02938494
398501,9.692134172,13.82627515,5.31083453,32.17760392,233.3331634,155.6233477,2.051913102,7.144119585,950.330657,562.3721754,1.208334608,2.26767044,2117093892,1068514433,0.792562145,1.511752805,24.68164266,11.06323642,0.414467784,-0.44687482,3.933970097,3.517217854,4.179618063,23.21250703
399001,16.03738749,41.70570569,6.339685602,41.6327229,343.7738291,399.0726315,5.347827522,32.95635157,1282.968802,1160.847146,4.010366915,22.1401906,2776974304,1873754910,3.207250701,16.51430783,29.69016849,17.70122751,2.153719873,8.801073538,6.025010083,10.27347412,6.167801561,40.68765767
399501,15.22829226,35.27504979,6.247417135,42.28546196,257.3270289,316.267811,5.909442574,39.76193751,925.0493234,988.3217343,4.49421482,26.24813679,2110261904,1640199826,3.713548449,19.56972619,20.01530186,11.54122808,1.16564618,2.44677651,5.193794681,10.17597358,6.01716621,39.08595194
400001,14.4876362,34.31290505,6.618826831,46.99017163,141.2951737,267.7885177,6.452057063,45.12706054,533.6860448,1061.158922,6.323899636,43.16179315,1392080694,2481444927,6.041552849,40.28516217,15.362288,17.88806293,3.286338385,13.68460124,3.979694799,9.944731704,6.006453824,37.99347735
400501,14.92783023,35.1193994,6.58806276,46.7225916,107.5258334,206.1742406,6.223270235,43.9209302,454.7315098,1021.700471,6.616505886,47.66959955,1329819286,2617555172,5.520763259,34.17257304,24.62913733,38.47224176,4.927634259,29.34026709,2.952143909,5.578576433,6.190533427,43.68586881
401001,15.09853212,36.11341214,6.561430075,46.15970807,108.9274867,218.103629,5.865829892,39.17270419,485.7527726,1179.273769,6.536459649,45.766304,1330658276,2208239951,5.495859625,35.99169886,36.67344568,61.80129097,4.562077364,23.6036896,2.977618677,5.166432283,5.365415873,34.12488254
401501,14.96670863,35.44214997,6.596102857,46.75804106,111.8925689,266.3548326,6.350553366,43.40649254,477.6772923,1225.540105,6.664939772,47.22158392,1450527601,2369856974,5.892410473,40.09876359,37.10066953,46.32379822,3.454162899,16.92287908,2.8886629,5.706107474,6.254133987,43.60560739
402001,15.08172477,35.97075965,6.607695754,46.90145445,107.9460649,258.1635501,6.393096705,43.8514888,508.5594743,1352.916147,6.58585943,45.88316616,1535708383,2663839092,5.901436814,39.96760804,35.51743456,47.08094628,3.877015703,19.68289597,2.907397104,5.936501212,6.251154435,43.28030806
402501,15.23027656,36.82255825,6.544042851,45.82655385,99.02615816,217.6804082,6.457636209,45.27401901,519.2491533,1260.823981,6.000955886,38.48391746,1607274131,2884678179,5.750384956,37.54430367,22.83920546,26.75002425,3.613316513,18.34259418,2.93049159,5.903780693,6.305266248,44.68932543
403001,14.86022929,34.40032268,6.521836442,45.86858913,93.02571611,182.9084485,6.350071322,44.96773625,423.6351732,742.5658037,5.958007963,41.18223977,1701136450,2371632673,4.719769117,28.11201041,13.35895796,15.85693246,3.234983621,14.16872935,3.179466545,7.323089211,6.56018763,46.93152598
403501,14.66792882,32.60870387,6.541930377,46.69635392,91.74554702,173.4517279,6.219534679,43.95090456,432.8038047,688.6140476,4.992236142,30.05635228,2004045720,2300147978,3.388111705,16.50175839,14.80295372,17.22551623,3.197700714,14.48434694,3.75215025,9.881817585,6.363120492,42.98754078
404001,14.82387213,34.1428733,6.536740924,46.14622746,93.9424795,193.4580383,6.382878483,44.90995247,457.538705,888.7789423,6.242964711,43.89916643,2067640079,2485526131,3.670190209,18.80725298,21.57095118,29.82597241,3.829518742,20.03043623,3.728180764,9.052902357,6.170587538,40.80147236
404501,14.80753301,34.69081586,6.584999955,46.68422821,99.45566998,195.3655217,5.957793554,39.75435237,529.7762075,1220.80511,6.289974479,42.8718445,2143111899,2414532882,4.141696786,25.0624423,27.42396353,41.14159981,4.199630525,22.04946675,3.551340571,7.219037116,6.174427309,43.08233626
405001,15.05454275,36.13460039,6.596859885,46.70184601,95.1895621,166.1987876,5.768233664,39.3838112,563.2857679,1383.762763,6.522591137,45.44044554,2783374380,3641495940,5.160248752,33.20581472,22.0121638,29.91908851,4.656792295,27.74503332,3.627110099,7.392566157,6.157530851,42.07531721
405501,15.17614913,37.02627283,6.550456542,45.84408599,105.9064181,218.114133,6.318761957,44.86234974,612.53864,1556.215411,6.54450035,45.3168506,3717949579,5210865245,4.585190862,26.34363648,15.37998557,19.20116428,4.482444345,26.21962276,3.646345917,7.456211253,6.267015898,44.42453884
406001,14.91329676,34.97892243,6.551103729,46.18895886,129.9262811,341.8312528,6.196113737,40.56433972,621.516551,1443.869691,6.093533759,39.8298439,3616763832,5196573038,4.525401447,25.10569124,11.50711389,18.96037674,4.810367213,25.49438251,4.114253714,11.1005364,6.700780317,47.42521138
406501,14.70755749,33.15861209,6.53014266,46.26644199,119.4403715,313.5849847,6.455840125,44.20496893,525.2198323,1032.446618,6.186396499,43.36107915,2613249613,2744198249,2.627791907,10.10350028,10.75462781,21.76178374,5.464649781,32.98346931,4.946032876,14.60278877,6.08197526,38.7489882
407001,14.61362541,32.64890779,6.546192994,46.59674683,120.6857198,299.6690373,6.546212962,45.9924038,509.606811,973.0513949,6.191697116,43.52319252,2094910655,2739526668,4.329874619,24.49190667,11.30345773,16.43895896,5.294191572,34.65286972,4.346732053,12.22441716,6.453601518,43.6083156
407501,14.8580788,34.49953566,6.5889908,46.8803615,122.6169785,263.3043943,5.593510498,34.22843025,531.4825096,1074.651225,6.498146945,46.83796947,2058926315,2698910143,4.576250952,27.77160063,14.7993478,17.41755845,5.119237349,33.46540618,3.675124371,7.343167286,5.987068674,40.24498443
408001,15.24421936,37.18814332,6.553914053,45.88934566,105.2840379,184.9744449,5.082035982,29.31397638,570.2285353,1395.690006,6.445586643,44.04790961,2509897521,4206588788,5.305863616,32.70375876,14.24614508,20.54294745,5.449643213,33.5125722,3.650190372,6.792760434,4.99342952,27.07027729
408501,15.05228762,36.02668496,6.560049505,46.14182088,104.6597849,208.7286218,6.358654243,45.48688909,540.5857634,1247.933172,6.228461799,42.17559605,2772946374,3852434947,3.799578161,18.17524817,8.766466001,13.68550387,5.537632733,37.30387066,3.693199487,7.538151394,6.114523886,41.48597642
409001,15.00466044,35.05554929,6.597729562,47.02014267,121.5872643,283.5905677,5.966065497,38.16831284,520.5439555,1169.340553,6.096111835,41.29255098,2783222799,3592758789,3.180148213,11.91033589,7.527073334,13.81836622,5.608479452,36.98303538,3.616601626,7.178882969,6.108994032,41.43623008
409501,15.14133091,36.33446096,6.552507669,46.00844901,104.4973976,192.1284985,6.035143425,41.97765321,518.425392,1214.060204,6.307436789,43.07814797,2608441465,3670283403,3.280050864,12.7561858,7.309196914,14.20460001,6.205291906,42.91246612,3.699357746,7.112568609,5.937189252,40.38626731
410001,14.91170446,34.96794448,6.546357353,46.114006,118.5272413,234.0510874,5.412850914,32.93820737,502.1834284,1158.987767,6.476455636,45.33562306,2430193063,3241305194,3.100030045,11.8426333,7.007504142,13.81837523,6.311774783,44.44403765,4.031882646,9.49344376,6.45243646,44.66983914
410501,14.71755465,33.5048916,6.547959871,46.47909747,139.0454618,336.7249088,6.023679367,38.9482368,472.3589992,995.5951851,6.162279204,41.75774231,2175016186,2715148262,2.954217704,12.10407612,6.972183179,15.3695889,6.498706924,46.20581147,4.224812209,10.37138845,6.51822548,45.35533089
411001,14.70229655,33.80611637,6.570588891,46.66028903,129.470633,317.0691569,6.540264085,45.64742033,442.7122671,874.8335061,5.932671439,40.15579747,1930252612,2428292252,3.148777665,13.74774193,7.376328991,17.51613963,6.417167969,44.26236016,4.35278602,10.74732977,6.649854606,47.40104346
411501,14.83201452,34.84622312,6.555561875,46.23594467,132.2851792,308.2225372,6.562515447,46.48077322,444.8411403,1043.050574,6.48655391,45.14835191,1891601503,3342983091,4.966861366,29.3795779,7.299555779,17.32607164,6.555138365,46.11191589,4.58248433,12.28236647,6.630829628,46.29496289
412001,14.78548243,34.73506067,6.566717478,46.38022598,134.3181579,311.6872445,6.539911975,46.04433546,450.3356349,1034.23942,6.404911058,44.42840941,2040392434,3914503468,4.561315088,23.03147904,7.215418218,16.26915736,6.505603352,45.94188588,4.707335179,11.8676898,6.457366438,44.36662032
412501,14.78676638,34.45935359,6.569988609,46.53864155,136.2719036,307.6616431,6.547208945,46.56095606,446.8413237,1007.405351,6.43472122,45.24121835,1500565333,2068294838,4.731842693,29.2002837,7.559793271,16.64809351,6.432815661,45.46645647,4.490573156,10.39349877,6.527203558,46.1385566
413001,14.84495706,34.78927805,6.572856336,46.51103427,143.1214028,339.9563811,6.606044528,46.822896,436.3182518,989.9835365,6.465800122,45.23899203,1550763549,2412627504,4.863825269,29.01967311,7.820637212,17.51274332,6.34061324,43.70208404,4.347206679,9.671393189,6.491956866,45.79763331
413501,14.88317459,34.89943989,6.552309203,46.20579704,149.6129741,343.788075,6.283038091,42.50289156,433.6663503,957.4736091,6.49327535,46.11478008,1854166534,3205668324,5.201485713,30.568244,7.58828906,16.53185503,6.46586926,45.72017824,4.277679021,9.122994772,6.448982062,45.84428662
414001,14.82440977,34.46296107,6.577654555,46.66316708,145.2481918,305.3822845,6.373333986,45.30875837,430.9678284,984.1337103,6.533239304,46.15898508,1614569931,2426513834,5.691882407,39.03439364,7.534836565,16.55652807,6.552902875,46.77054498,4.360430717,10.01945154,6.618021704,47.53150645
414501,14.95161163,35.10425943,6.571458042,46.48674324,153.0870913,344.6391926,6.382891822,44.17824207,443.5730202,1041.782302,6.618328688,47.20089798,1622142172,2786766061,6.201789091,43.35589906,8.053748364,18.35057657,6.519264463,45.99559582,4.672550484,11.76578839,6.459997749,44.34381466
415001,14.99171626,35.33469566,6.558406579,46.22545184,153.0301978,347.1744468,6.639657265,47.84875303,463.823717,1112.457804,6.421287635,44.14324496,1612604668,2974011523,5.849447042,38.15182066,8.503414165,18.97006936,6.373221353,44.05660664,4.485466442,11.1421507,6.629909882,46.85753568
415501,14.89990892,34.67003562,6.573165588,46.59126778,169.811715,420.5007187,6.582634336,46.33148708,436.0846305,995.3042028,6.585088426,46.99454384,1442651065,2461475056,5.681712881,38.43883108,8.399318851,18.37447401,6.447426904,45.55906713,4.500263938,10.82682061,6.569479353,46.29255689
416001,14.97116158,35.18432766,6.596460614,46.85348215,181.0325578,470.0829397,6.46159441,44.25081609,444.4231369,1047.416764,6.643792649,47.77412544,1647981030,3475403479,6.274446112,44.05411939,8.416644547,19.77555502,6.662335376,47.78588333,4.385724434,10.43456626,6.617134307,47.03357179
416501,15.12732935,36.31964567,6.563805586,46.17025986,174.5260983,436.6863249,6.492773265,44.92912408,474.9797609,1228.898852,6.495605255,44.65936912,2325164741,5495799249,5.695199177,34.93450368,9.177265285,23.80768547,6.546154163,45.34226469,4.403268559,10.43120652,6.532911754,45.84242926
417001,15.02117997,35.5514849,6.561948713,46.25807172,163.1214279,368.7707263,6.524887183,46.10518257,460.7323385,1094.403726,6.395461949,43.84956998,2217358730,4349727755,5.563194825,34.65112683,9.296232447,21.85863847,6.039905383,39.16440214,4.229096292,9.633942679,6.53827965,46.22442625
417501,14.87656298,34.3908375,6.557348932,46.42661196,161.3286876,340.5453259,6.427691509,45.72489613,427.8375885,895.2335062,6.382086485,45.28672305,1715420583,2495397922,4.920239423,31.37520467,8.125083804,15.33032384,5.961250021,40.88001248,4.239749856,9.448164289,6.514183722,46.37358418
418001,14.79228254,33.99543408,6.564375407,46.56617982,163.0113611,361.0738101,6.517504902,46.2573974,422.4667738,901.2655675,6.477985112,46.16985638,1748286169,2516316028,4.514654698,25.14935684,8.455967878,17.34913508,6.272289634,43.98574668,4.246367053,9.888030571,6.505359843,45.6231297
418501,14.83538278,34.58396873,6.58337049,46.72238756,165.4951076,393.7127203,6.578193045,46.5640458,426.3007777,989.8986232,6.599094938,46.97041737,1725976715,3245915447,6.047597625,41.08919432,8.889322894,20.06184321,6.346020393,43.6898903,4.206625711,9.906595411,6.610697013,47.09693047
419001,14.96068734,35.66864268,6.569054803,46.309717,168.1264627,430.4229561,6.627683956,46.64471651,435.7157701,1089.024998,6.569924629,45.97837274,1653025535,3824656049,6.365398976,43.57563991,8.783731221,20.45813633,6.519080269,45.79695504,4.250507001,10.45507033,6.585144842,46.3151424
419501,14.93605555,35.53780767,6.57368937,46.38243723,171.850835,448.6424259,6.551394699,45.35903103,439.6331121,1095.609287,6.565635658,45.94249529,1649764374,4258418549,6.364154035,43.20890951,8.770804976,20.94017029,6.571097067,46.43003488,4.226934436,10.3843129,6.587411526,46.34079245
420001,14.86864375,34.68625509,6.539706676,46.06618571,168.8975885,385.6423238,6.276263457,42.44227533,434.0249726,999.811859,6.342946614,43.31731807,1744638913,3786685132,5.154882709,28.52205649,9.104649944,21.8752366,6.367512534,43.37691476,4.201526188,9.892244721,6.482090894,45.10627583
420501,14.66937095,33.23656444,6.553290914,46.53494149,153.1927802,275.4739907,5.985138794,41.75292317,405.3411335,763.6176976,6.202794105,43.88698166,1779231735,2661837176,3.809823695,17.08707885,8.306902347,16.66407869,6.106059516,41.91560453,3.990260963,8.31389229,6.401944212,45.21515073
421001,14.7683956,33.74475145,6.562921569,46.67989986,161.9701286,315.5659367,5.888068665,39.80540444,424.3329194,836.75888,6.066499237,42.01642343,2180797180,2822222078,4.145083555,20.63882811,8.537461632,16.34106135,5.58174649,35.87126861,4.056231576,8.287206753,6.238739279,43.88756615
421501,14.98825543,35.65566173,6.572342529,46.35992578,177.2234894,423.2739871,6.320675195,43.00242741,453.1251472,1104.554885,6.531599697,45.5461212,2987802649,5903981843,5.133634688,27.76386707,8.752175977,19.85088774,6.485423641,45.53333518,4.172959161,10.01273539,6.569243716,46.23298249
422001,15.08349764,36.10551889,6.563359354,46.18186001,180.1621799,476.9441058,6.593590557,46.01878398,484.4892061,1239.516778,6.479741264,44.48414399,2293000369,3989023038,5.828443481,38.90818553,9.635791305,24.67933954,6.609908478,46.25991174,4.418425635,11.01232359,6.507980294,45.07549964
422501,14.98054422,35.08965114,6.557646709,46.30241724,185.3301481,454.3679202,6.147312139,40.31116713,469.4600998,1137.708484,6.511862747,45.35145072,2058779087,3395933440,5.412147757,34.10657544,10.27223813,24.59653311,5.934214558,37.54824321,4.299529263,10.28554295,6.475698494,44.95601215
423001,14.93502349,34.53583315,6.585922937,46.85574557,169.6119581,358.0087489,6.129165171,42.26447774,456.6056342,1006.127942,6.528866077,46.70374874,1683076391,2665319683,5.184016997,32.7389804,9.32031346,18.1642045,5.804778501,38.42054176,4.133970837,8.980225475,6.527980828,46.80123514
423501,15.08507331,35.60051166,6.56682833,46.37337843,180.5975452,426.7610889,6.463797649,44.96752856,471.3435128,1105.31714,6.63193816,47.69183242,1646308610,3495370398,6.191953401,42.32941001,10.41085716,21.61336266,6.231444192,42.98982015,4.308162213,9.926753004,6.58098753,47.11072369
424001,15.08782821,35.83787788,6.577901282,46.44535737,183.1472931,431.9997983,6.322285796,43.13930593,507.4916128,1339.631779,6.508388218,44.70209959,1727738429,3796664976,5.545444439,33.85243837,11.49182552,23.2108611,6.074147737,41.25832382,4.648916208,11.66947959,6.42843421,43.94526476
424501,15.05292402,35.50383893,6.570936008,46.43266019,171.2712248,379.2203763,6.472668207,45.91348259,498.8779464,1261.078275,6.479603831,44.61078488,1637506443,3018855433,5.830936988,39.63906176,11.83676214,24.25647816,6.19657954,42.54512222,4.390329081,10.62873968,6.529598429,45.58995384
425001,14.98196468,35.0428521,6.56930253,46.47244633,170.9881827,393.2547293,6.560665519,46.82234759,455.8596385,1035.155479,6.488242887,45.66396825,1560811967,2984753919,5.873463241,39.03308294,10.77781636,22.21863956,5.981904777,39.50473361,4.255358887,9.472583555,6.532723682,46.6200229
425501,14.94081459,34.86603741,6.581764016,46.68972419,178.8383342,444.2286059,6.551150361,45.79901063,439.6155878,942.4955044,6.481964303,46.47742552,1384797671,2685358486,6.212224936,44.14536481,8.830309749,18.0035712,6.164380393,42.95759033,4.312017978,9.880808464,6.588519086,47.06483811
426001,15.00366775,35.37866469,6.561085018,46.28898985,178.2444543,438.8934043,6.422358075,43.97150341,448.1594446,1037.6293,6.484702861,45.29411534,1444552230,3442471584,6.361290416,43.33030832,8.255989348,18.4710063,6.420939813,44.65380876,4.419310688,10.75599441,6.525831673,45.47149772
426501,14.89312681,34.945248,6.5735547,46.49452023,164.1849019,363.4627217,6.569032679,47.13923857,440.2269256,993.3054266,6.469103551,45.38754651,1477944492,2951552098,5.178506375,30.1276585,7.994625009,17.24203181,6.501309826,46.36519432,4.348404672,10.25891768,6.561810839,46.33265947
427001,14.90263238,34.74774459,6.560756852,46.41047064,168.9080481,376.4253577,6.438032312,45.45976166,437.5025633,950.3665921,6.436699399,45.47082477,1442391413,2336438043,4.691548985,25.15361102,8.157292099,17.89022497,6.376664945,44.50940136,4.389384696,10.04122727,6.512415495,45.93776078
427501,14.85408257,34.64392296,6.561032351,46.36780086,170.8253061,404.8409439,6.520321385,45.80740381,433.2008624,976.7197611,6.577089524,46.89907118,1678980508,2817259089,5.54919666,37.42659632,8.107426423,17.67831971,6.43246129,45.13493915,4.313096476,9.896776334,6.564341785,46.5137023
428001,14.82121975,34.29145423,6.552831755,46.34472387,175.6473751,417.2639557,6.439076692,44.47331597,445.8031396,1041.994547,6.503478726,45.52552671,2406666107,5044998405,5.55606662,34.4410638,8.342714007,16.9639556,6.261322405,43.47545618,4.324303705,9.831483346,6.52406492,46.14280528
428501,14.81496093,34.33124701,6.576574467,46.67634155,167.723759,358.1279252,6.34247259,44.20861182,443.6644824,1023.018571,6.564679249,46.50537615,2635517302,4758087470,4.518047693,23.18869867,8.525914004,15.59555318,6.107798123,42.55772649,4.385197608,10.19350419,6.593905144,46.93100087
429001,14.94543523,35.19198884,6.56709018,46.38401141,166.5256481,329.8667251,6.181011199,43.31026832,454.2443169,1034.594525,6.537034781,46.28949277,2035974354,2569598033,4.188561476,23.85966711,10.21147696,17.08431581,5.919532461,41.39856954,4.465081186,10.63313786,6.496239408,45.26452551
429501,14.9696363,35.33434812,6.574061044,46.45190133,164.3319055,353.1938895,6.45717174,45.62341967,463.4307394,1079.184207,6.556748186,46.32995235,1984034217,2201821318,3.801712039,21.25938864,14.35470577,25.96699155,6.165123755,42.32152122,4.403988486,10.25813594,6.640741815,47.70925978
430001,14.99312001,35.21315184,6.563460191,46.37722373,168.6140396,380.0402981,6.530084163,46.3134472,466.4918898,1079.303953,6.483165197,45.48252965,3205819850,3262884651,2.274769211,7.299910699,18.49536313,30.06734823,5.217376789,31.67368789,4.667722014,11.60869914,6.603908132,46.49203706
430501,14.95901739,35.07556256,6.582174155,46.6464252,179.969012,427.3257454,6.556686895,46.15194234,479.3595116,1130.019507,6.616637158,47.35467312,5343923945,6254285152,3.13290239,13.39491571,19.99217174,29.04138503,5.030482403,31.82272596,4.825357183,11.75613008,6.374320126,43.41932947
431001,15.03101594,35.43035616,6.566470349,46.36893197,189.5625413,452.1985819,6.468218813,44.78929987,504.8899034,1241.591272,6.375210546,43.2800939,6834475741,10676408812,4.254987686,21.36373988,22.38339879,34.40573718,4.893006583,28.85999652,4.391057365,9.613723571,6.49709981,46.15474436
431501,14.95670967,35.14441044,6.577841686,46.54512102,188.0757044,424.8623246,6.451912522,44.90388417,472.275276,1086.26005,6.638737424,47.78941685,4781150146,6475912656,3.78475932,19.10996409,21.15079027,31.50277881,4.696560375,28.51368121,4.446317812,9.66931555,6.473600133,46.32623434
432001,14.98418547,35.12050349,6.568797681,46.47455422,182.4286564,378.186082,6.497883608,46.62357603,496.8825748,1178.792889,6.532194304,45.97588234,3568716910,5468906738,4.374184547,24.36528566,20.1542618,37.18958606,5.179773064,31.31122409,4.676829496,11.49465174,6.481995481,44.82456395
432501,14.9568676,35.16216532,6.572038723,46.46063375,194.8929276,429.0450423,6.402946954,44.82189225,499.0898226,1199.066032,6.462243159,44.6900364,2675050311,4341702106,4.698926703,26.41653316,15.08449376,27.03818498,5.540802374,35.41034838,4.602595857,11.20149508,6.566219135,46.12275272
433001,14.93415106,34.97365281,6.560690204,46.36175422,198.1856801,444.8190297,6.210771058,41.98015236,467.4645465,1049.352862,6.482930061,45.65292824,2313512757,3250179791,4.192140478,22.67596378,11.21143142,17.4464966,5.561562082,37.26853102,4.59875799,10.80742777,6.543500157,46.14888794
433501,14.88842875,34.7776507,6.570838179,46.50846853,184.8965534,408.3670692,6.394178398,44.97969002,463.262398,994.5070759,6.461758725,46.19202056,2404118967,3869048588,5.179999442,32.82579023,11.36053796,16.44786282,5.29177368,34.92906182,4.504717437,10.57388888,6.604717822,46.92265702
434001,14.86404722,34.74048997,6.568859423,46.47978942,176.4674926,420.224695,6.653822383,47.64549664,484.9457282,1147.694524,6.554846712,46.14596819,2369047218,4543397245,4.990894996,27.7020629,13.36593355,21.99945049,6.021693099,41.35780919,4.52287554,10.58484486,6.546585077,46.16521841
434501,14.8787723,34.84729319,6.569881925,46.47017762,189.9544374,497.6489302,6.646674682,46.79292193,497.8813528,1131.983972,6.253346035,42.244944,1611046501,2537663646,5.247887912,33.77004625,16.42550265,23.80679171,4.661769774,26.06012872,4.470648672,10.48372297,6.605921062,46.96672276
435001,14.83878123,34.79442019,6.575375778,46.5433577,200.5785976,486.8524247,5.933998136,37.87826387,474.3138268,993.3648298,6.249267822,44.05004728,1548583988,2169436542,4.358099041,24.51891286,21.1417247,22.18601049,2.331496142,7.112518057,4.494459184,10.79257022,6.611350443,46.9315177
435501,14.88124339,35.10866048,6.575811304,46.51639382,179.2322663,384.7194955,6.005723492,40.37462872,527.7149002,1337.222727,6.601214665,46.41463907,1858209984,3435527481,5.625829909,36.68066942,31.02169109,36.31634303,2.417293802,7.742817432,4.566415327,11.33983533,6.588511593,46.24551192
436001,14.68935192,35.05135772,6.611162732,46.78837546,232.5419267,410.683219,6.45002158,45.37491764,729.4970227,1459.317173,5.81566362,36.43746692,2803981049,4900800751,4.750655953,23.19866001,73.06417451,66.7954448,3.591980447,18.24653938,4.899622485,10.77679303,6.571062842,46.25384595
436501,15.24573773,34.35270909,6.689790716,47.64203099,471.5698435,436.3197909,4.588958329,27.80482454,1338.924439,1126.610408,4.622547813,29.67999977,4919788689,2894097618,1.530727715,3.646188155,194.5687686,113.8454708,1.088596951,2.274981684,7.846035516,10.16478805,6.079693328,42.20143911
437001,16.94855825,35.79175619,6.705072731,47.64075146,672.8910701,478.131232,2.701240614,12.37711126,1939.440979,1301.715837,2.872179421,15.13178544,7096623731,3837415688,0.898760366,0.709668635,293.8853652,155.4864814,0.541252544,-0.328107209,10.71642826,10.9416852,5.279987928,34.19385665
437501,14.22482398,31.33872307,7.008998933,52.14787402,554.3862849,416.2182537,3.080860808,15.82847811,1617.374603,1119.3466,3.41069343,19.97151218,5872379004,3405055240,1.201122352,2.711229702,247.0871358,127.3445151,0.535954142,-0.40295557,8.828005067,9.406347127,5.553545237,37.82194678
438001,7.320756068,5.777163339,2.417169269,8.076314125,338.1434683,199.0988501,0.544121954,-0.40904328,1023.63294,574.3938866,0.878941104,0.51289474,5852148149,3216032624,0.692765726,-0.070799881,130.6662343,69.73420004,0.712869602,0.537478218,4.283874259,2.367900194,0.930311893,0.414371137
438501,14.92885345,25.7959681,6.054448604,39.84459502,645.1172579,401.0321684,1.116754057,1.964056913,1897.270163,1158.387474,1.40526115,3.472165457,10773141452,5955845576,0.734993383,-0.147080668,231.7245818,121.4904325,0.667366897,0.195090404,8.649095397,6.863819399,3.735180684,19.84097515
439001,19.19020395,44.70008674,6.067022863,38.1901238,678.6091481,565.0831093,3.405358219,16.45685975,1945.126154,1595.990191,3.532979515,17.60102894,10825631281,6450671263,1.205658546,1.85440703,226.1091014,128.3526156,0.916518944,0.571092703,9.570557786,10.82521598,5.217956861,31.69564577
439501,15.60663598,35.2557204,6.609966083,46.79591827,372.1237889,384.3705831,5.155022435,32.71120134,1031.616344,1076.239731,5.157503982,32.96609807,5872558401,4433252733,3.365560371,17.43940852,109.2041088,64.42701209,1.219049892,1.751102182,5.961909264,8.927456747,6.295312394,44.4443575
440001,14.96195392,34.72830942,6.600409079,46.94903145,182.3324115,360.624487,6.089747323,41.92112463,480.1367473,913.8699489,6.367822171,45.40595301,2645317973,4179882049,5.972068624,41.5602445,28.82166003,31.10460114,3.90810764,19.64954354,4.082764401,10.24043032,6.637199369,46.61175199
440501,15.22564818,35.19553937,6.528671872,46.00077448,185.5232161,465.4958016,6.070360169,39.3922988,448.4517495,941.6930562,6.377134604,44.61027218,2867812936,5201260683,5.729675639,37.21803429,15.75793513,23.29623357,4.444876736,23.13390631,3.992490997,10.54770618,6.602244977,46.01921693
441001,15.1179482,34.58342813,6.56241223,46.56127349,168.5182756,386.093135,6.207947999,42.3577425,448.8221561,928.2819632,6.509366808,46.66137407,2951465735,5256729454,6.042225947,42.24329007,14.19323791,23.2826157,5.423034919,34.93285098,3.895135361,9.838661146,6.569030382,45.93315714
441501,15.37386901,35.54267619,6.561827792,46.52002209,161.8661322,330.2143701,5.911276918,39.20675028,469.6289505,1050.417934,6.468811738,45.35689806,3305489773,6876571920,6.011228877,39.45092014,13.68026105,28.45110994,5.921336601,38.33986504,3.713913435,8.672586358,6.497979647,45.43390948
442001,15.52024498,36.55335832,6.539741442,45.97096321,152.9315904,282.8641305,5.850212258,39.74403295,465.8080884,1071.372662,6.488535062,45.44695658,3089056566,5497510158,5.893972322,39.75138749,11.09365342,24.48360816,6.441092828,45.03196754,3.490505539,7.350863653,6.486325978,46.42956496
442501,15.49520966,36.06036555,6.577050454,46.67256513,163.3721755,364.1267676,6.525142765,46.31336083,470.6486917,1071.074875,6.555374036,46.74479151,3558309854,5985736320,5.459231804,34.87984357,10.63718169,21.85132918,6.465946277,46.47915928,3.560933406,7.749631368,6.467082456,46.12943582
443001,15.71673519,37.20955641,6.589316443,46.67012418,183.4968252,459.6207187,6.228668219,41.52099655,486.2988216,1205.612342,6.627977256,46.80325887,4551980526,10639622683,6.332454416,42.92744582,11.56010002,25.19211575,6.411101946,45.07164198,3.742790533,9.186602246,6.501834464,45.09675634
443501,15.86152885,37.79117938,6.541452871,45.91460884,168.942676,417.920489,6.503475579,45.10030344,505.7549069,1226.250154,6.405514652,43.81949783,5152474779,12407712817,5.020074615,25.65579704,12.00450468,26.70810168,6.255123197,42.54801095,3.634543996,8.566045003,6.389584008,43.86543699
444001,15.73165158,36.65494691,6.575469687,46.61795004,163.0624169,387.2716984,6.687276659,48.50145072,473.9977785,1059.223787,6.555743772,46.95176121,3530329564,6320601700,5.047692592,27.8424465,12.18294096,24.52795243,6.354859765,45.07646224,3.508634467,7.842331106,6.409597089,45.49319111
444501,15.7725345,36.80419232,6.581864004,46.68785825,179.0308679,464.57052,6.48378645,44.43751004,488.9418968,1130.964596,6.580955399,46.88754421,3126632029,5794430747,6.304783852,45.2051058,13.26453268,28.41602148,6.573636132,46.91100048,3.7086675,9.591734198,6.557290167,45.50796902
445001,15.91356134,37.58042525,6.565793827,46.32302575,172.5024265,399.8515322,6.222256568,42.13257076,506.6041155,1228.245084,6.482363806,44.86885786,3227665171,7297414853,6.354460819,43.54833471,13.9187179,34.26380929,6.387355883,43.15049541,3.739596784,8.909694368,6.222170724,41.66603859
445501,15.83619389,37.08698475,6.564406281,46.38055586,166.1701082,356.3924475,6.18708903,42.77843781,483.2679434,1118.377325,6.53883961,46.13348396,3171774357,6996661089,6.492840919,45.72831202,12.54192902,29.92363725,6.232260258,41.58902348,3.458391451,7.466810733,6.262990595,43.81266297
446001,15.88662208,37.02160219,6.584620493,46.7855547,159.9267147,348.6796368,6.191297014,41.69283662,484.5659731,1085.08388,6.536879328,46.72739229,3392484751,7282923985,6.38315764,44.76137085,10.29254582,19.02016435,6.114136357,42.29979488,3.488570715,8.314955175,6.491942843,45.20142186
446501,16.04939145,38.25025321,6.567824877,46.28390837,140.9631279,277.1799604,6.291674437,44.94559409,500.7244922,1208.124366,6.576694763,46.29787215,3483896565,8059213886,6.401731137,44.11314826,11.17603035,18.00935536,5.006674859,28.95640706,3.368041131,7.703817594,6.478593276,45.43139685
447001,15.95471879,37.70886498,6.55794375,46.21528707,150.2091429,345.9160515,6.417992276,45.16543425,506.2306793,1203.207485,6.459884337,44.7981913,3254463625,7146699501,5.996122458,39.08336149,12.60435542,25.07108841,6.395405715,45.1010333,3.406760216,7.826602275,6.470109799,45.88344369
447501,15.87482869,36.95481901,6.586624073,46.79842273,168.8343915,437.3602616,5.975492529,37.97247605,494.0745121,1133.082058,6.543338206,46.54363336,2789586896,5215589280,5.722788703,38.09717142,15.65394582,33.38240705,5.453407994,31.85141901,3.562697307,8.848843396,6.356719174,43.03544027
448001,15.93328266,37.54062431,6.567912674,46.39640703,142.2936959,345.5422534,6.496481328,45.04410416,498.9320245,1174.800297,6.537334621,46.00257626,2763208687,5630859097,6.241842124,43.77418705,14.4541201,20.65013044,5.290256126,34.25612711,3.249513877,7.615920202,6.55658131,46.19987151
448501,15.91019315,37.53416625,6.570947214,46.42240977,128.2921097,248.9416209,6.268094965,44.09102103,497.2720263,1159.990108,6.539687654,46.09895687,3009167536,6236803049,6.285727909,43.36458632,19.61083394,22.45329187,3.319558131,16.26564499,3.117381648,6.66027907,6.470582311,46.05814281
449001,15.84342427,37.23005054,6.575564007,46.52880244,138.1181909,252.0936165,5.606519234,36.28955491,495.5271706,1171.610345,6.640253201,47.43515286,3341859630,6543912290,6.535983044,46.760919,25.63598702,35.88555232,4.491868468,26.63024496,3.174337616,7.037336065,6.51174996,46.52420358
449501,15.82199076,37.07700793,6.560724517,46.34548529,150.4500307,315.6580418,6.292971784,43.08490388,507.0610043,1228.308151,6.464663648,44.75066421,3507487270,7345041126,6.207730728,41.69586387,26.85315563,45.56306417,4.302994711,20.2695848,3.344176299,7.942113965,6.310114567,42.76706497
450001,15.72506403,36.61845523,6.571930409,46.54561255,148.4651004,324.5728888,6.500785809,45.69919913,483.3381554,1125.133062,6.603044854,47.06375468,2991438975,6261264826,6.470872568,46.113409,20.20509639,26.81997241,3.847892923,18.68141325,3.077626195,7.12499566,6.613426998,47.33028917
450501,15.76646165,36.74311161,6.564546182,46.45180814,149.414948,340.8397832,6.522882805,45.79102354,490.7923409,1144.682715,6.531528211,46.03119974,3097529895,6844624130,6.312991304,43.69284369,23.18530471,29.15920882,4.573591197,27.81044762,3.138205103,7.522167224,6.596815655,46.72087441
451001,15.73689257,36.74766629,6.557075577,46.31207872,145.2988743,335.33832,6.399874602,44.01795538,485.4908528,1093.573628,6.441003297,45.03076831,3280697859,6057950565,5.459838055,34.48305458,30.05917765,34.14493036,4.293818854,24.86533736,3.156275808,7.533871812,6.444737671,44.46357978
451501,15.74091567,36.70405378,6.578799045,46.65866134,134.2384422,285.4801365,6.456699513,46.00181258,479.7008858,1051.144029,6.454209958,45.69971564,3620352944,5890127588,4.862284591,28.37646208,27.4603492,31.65767139,4.723982644,28.55552625,2.975117283,6.603566192,6.551728553,46.80495168
452001,15.83322982,37.33027768,6.564896653,46.33345947,139.8459781,304.4031378,6.435366171,45.73009122,472.7519967,1073.681854,6.480791131,45.44021302,4079127738,7136183738,5.374364355,33.09406423,21.79104298,22.29212466,3.175232731,15.23807326,2.98954256,6.668189932,6.517305079,46.26483621
452501,15.78994575,37.0357848,6.565450303,46.39158808,146.3292255,365.5208296,6.546529053,45.51443563,466.4356466,1044.821554,6.515909466,46.2293219,3525854648,5542652037,5.493942658,36.23136142,25.06907306,24.57790748,2.911682731,11.96924186,2.980544203,7.004757288,6.588681872,46.66464762
453001,15.78242901,36.88032499,6.581101349,46.67732128,149.0643897,370.5845881,6.338065608,42.89640672,475.4792381,1097.213141,6.561365189,46.52869605,3472616816,5541684130,5.056590624,31.99961556,32.37593919,33.65122839,3.785668025,20.44444602,3.001365604,7.137766524,6.50827113,45.46863598
453501,15.86369225,37.48301735,6.573198439,46.44531504,130.2833515,297.1906757,6.378579337,43.89682756,485.6324356,1143.7911,6.498579396,45.42229232,4026988152,7208084502,5.199079407,32.31836982,32.26708986,35.53975782,3.426642375,16.97285955,2.916360485,6.712972603,6.561856373,46.56170846
454001,15.89056373,37.56143299,6.566238328,46.32434949,116.785577,229.8462178,6.243732055,44.1059919,489.1943556,1125.738803,6.509886531,45.80330119,4855504673,9126604305,5.091469744,30.14984724,26.86971669,30.34208193,3.596520397,19.27423427,2.929473417,6.715203963,6.536577712,46.26966547
454501,15.72022111,36.62006868,6.558558195,46.36475349,114.7126651,233.5562283,6.28029669,44.1679934,477.7767624,1045.900061,6.409433102,44.84794432,4653957194,6873212223,4.337356094,24.75668939,22.96545016,29.67189101,4.195144436,22.7761584,2.948025644,6.808601069,6.525739277,46.03061184
455001,15.70302878,36.61415645,6.603758473,47.08594597,113.1561893,250.9824903,6.407865293,44.70132165,487.8627095,1065.828369,6.405646363,45.6611676,5117596163,8214186384,4.798864833,27.11342859,21.40999396,29.57790121,3.898197413,20.63418286,2.962131298,6.793354107,6.467936221,45.23345025
455501,15.96264089,38.71880749,6.566713947,46.13095105,112.3940374,245.9393881,6.420218496,45.02149145,539.8665305,1417.846086,6.515727745,44.93445922,5744671153,12456867056,5.633784427,34.17198144,23.50198533,41.54355704,5.161439435,31.58867434,2.849524187,6.385438556,6.57270738,46.88225219
456001,15.77435,37.55160093,6.532303235,45.76873092,112.2567465,242.0639751,6.462475706,46.01842192,575.5402757,1421.832875,6.144765763,40.39772687,4813781875,9725645777,5.753110059,36.53414715,23.29427657,38.91369407,4.512151211,23.676457,2.912197466,6.713285316,6.59155093,47.1557216
456501,15.39281526,35.06643218,6.564344717,46.72800978,118.2328207,277.1598555,6.555686433,46.28366979,507.5939625,1078.131714,6.389641437,45.25560156,3655509044,5970152126,5.60951963,38.0306848,20.30472674,31.57454201,4.551320157,24.96979379,3.034880676,7.647806359,6.561813589,45.82415347
457001,15.38691957,35.58090218,6.573514803,46.67816683,122.8540684,281.5205093,6.207468814,41.66962674,498.0533492,1074.288136,6.442467178,45.75224425,3507770247,6618066281,5.828051025,39.34296889,18.49981471,29.26265292,5.083334058,30.4173207,3.040322192,7.573194848,6.477041948,44.59259535
457501,15.48071147,36.65594459,6.557547691,46.18245229,113.0656942,238.4727997,6.359905062,45.14369663,497.9189376,1164.826787,6.422743791,44.27677242,3603291644,8504937835,5.899151338,37.46150304,15.44397531,23.78373548,5.212958318,33.16476013,2.806115994,6.318024422,6.544131854,46.47313696
458001,15.41250926,36.00910019,6.528734024,45.89552431,115.0763131,266.4728946,6.583723578,46.91922473,465.8848501,1012.333369,6.306507802,43.38339457,2861413209,5661205588,5.975819692,40.26912275,14.28588066,22.38682744,5.292968897,33.94727363,2.793899839,5.973368082,6.409705538,45.3896135
458501,15.17271873,34.20767194,6.519333568,46.10985658,119.3825174,304.4247464,6.5977593,46.22593387,433.4872377,845.7340024,6.173560549,43.15952284,2727747542,4964621128,5.24123763,32.0341751,13.90433315,21.67554636,5.070665402,31.24745752,2.779743366,6.311074724,6.573817323,46.81111192
459001,15.1655682,33.91063467,6.550628892,46.69596205,123.1614848,316.334837,6.516129014,45.06890375,424.939266,851.6018858,6.410541966,45.88931179,2591891157,4655746792,5.60378904,36.43391443,15.48950598,24.24347473,5.529174427,36.68340514,2.863271729,6.752049561,6.42947262,44.49721177
459501,15.4633845,36.10974079,6.562027726,46.38091078,118.0548023,276.476524,6.356047063,43.34885163,443.0204404,986.4711585,6.45258725,45.17947423,2350797451,3855753955,5.624845537,37.85705428,18.82013562,34.71277326,5.47873118,33.80720749,2.758488358,6.255871235,6.510092149,45.80493615
460001,15.62740243,37.18299045,6.563923387,46.24183991,107.1813979,206.3310443,6.227377346,44.15591679,446.0801428,1027.431894,6.603226095,47.1867238,2419192758,4008459723,5.511615811,36.40710781,19.37271111,29.74217678,4.552423959,25.64220103,2.682131131,5.713488985,6.473855299,46.16884883
460501,15.73316765,37.45238035,6.596160222,46.74274245,112.0592831,236.6089633,6.238545479,43.6916123,492.9651093,1237.521284,6.594661689,46.42948013,2993606407,6549981800,6.618475218,47.61021238,21.72907181,39.57225559,5.056512045,29.91639129,2.782617836,6.370381534,6.593570439,47.46318095
461001,15.87311699,38.08987776,6.569844277,46.25390347,125.5081801,316.6992507,6.299929448,42.20532376,530.065148,1295.508495,6.067628504,39.52683109,4401939253,10807590645,5.706369335,33.88844003,23.07863347,46.76880792,4.43290524,20.28881985,3.085297455,8.054663359,6.415452911,43.44807868
461501,15.77333632,37.17714835,6.571785959,46.4253012,118.4926006,288.1949776,6.452920798,44.43573495,480.2366072,1031.028097,6.361717781,44.82523056,3702785393,6566060451,5.938942592,39.64526942,20.03563434,27.69045733,3.543327557,15.14569843,2.932608295,6.999457211,6.409267387,44.04112396
462001,15.69088293,36.34852213,6.568746211,46.58253697,112.0837322,246.062023,6.503663906,46.35140769,466.8851842,985.3994641,6.428861467,45.58064325,3284111300,4719089714,4.947198017,31.08494582,22.73200859,25.70726543,2.856568942,11.96466111,2.787400743,5.927633611,6.351101008,44.88116264
462501,15.72697065,36.77725576,6.586020018,46.73330302,110.7501716,241.3046212,6.446878222,45.32062848,488.6121392,1107.694013,6.531414852,46.83103139,3038005459,5069340023,5.748024819,39.28958563,28.53837545,37.67588995,4.107154661,22.72165963,2.74147192,6.085658435,6.493056432,45.86324552
463001,15.83501219,37.69040533,6.562695857,46.2203667,109.0557987,235.6141712,6.528514429,46.62247651,543.6742655,1436.895442,6.382520397,43.00492828,3186787112,7344322324,6.339049181,42.94559895,33.8100947,62.8950281,4.942640415,27.0836266,2.722496046,6.16227722,6.56950319,46.76027932
463501,15.65302385,36.89051632,6.572191009,46.45189453,112.9936282,252.2731686,6.362017043,43.90424323,504.1443805,1241.341959,6.389770131,43.6228452,3149936394,6994668147,5.83160193,37.14177221,24.03562148,36.56337234,4.520232567,25.45917555,2.807525484,6.689924299,6.605185778,46.84430884
464001,15.65400787,36.77804079,6.592417539,46.81059452,107.2116144,218.748178,6.333243025,44.41608108,470.2461281,1047.457131,6.369027626,44.83700115,2737432802,5444466075,5.923459776,39.96930209,20.32603213,28.60303422,3.862323535,18.74708702,2.901239294,6.861049558,6.396965693,43.89091611
464501,15.65581503,37.10296556,6.538995453,45.92027808,111.7254542,224.5147341,6.094310786,42.14079188,456.3991663,1072.505405,6.541028917,46.022363,2625989833,5320381956,6.423255643,45.70795617,17.73156656,30.01570197,4.89653773,29.31160878,2.759921717,6.082825787,6.532752208,46.67667818
465001,15.44088074,35.77237771,6.566584132,46.53200709,119.3455464,282.1410983,6.505544308,45.47199839,455.1313524,1070.843053,6.553256988,46.18450646,2922848239,6100228209,6.351322128,44.27954273,16.41430393,30.6625516,5.666583938,37.52576465,2.816922312,6.327547125,6.509400361,46.03514243
465501,15.35902066,35.28266319,6.539891625,46.22975577,124.203355,313.9533104,6.555389454,45.70149037,446.7446843,974.7918608,6.243013848,42.40975434,3063454609,5613505476,5.54228742,34.81609534,15.87733449,30.22571684,5.477098916,33.46084361,2.830325432,6.48998206,6.546713585,46.32852701
466001,15.35031322,35.1727236,6.562952268,46.57674769,126.9024688,321.2729343,6.62365227,46.68088845,423.3288246,805.8839407,6.102038604,42.66171531,3090200565,5020651448,4.877608144,27.61484448,14.1600607,20.64189819,4.473355947,25.53437385,2.914885009,6.880157457,6.594864569,46.85819026
466501,15.48920115,35.91192082,6.531784608,45.99755675,130.5141335,327.8661945,6.571889017,46.10520411,437.9225013,911.2952373,6.351952252,44.61624707,3528479188,6850074951,6.126951497,41.68114737,14.94070742,23.07342582,5.232002703,33.57595753,2.996904476,7.294166825,6.523529089,45.50391507
467001,15.32868418,35.05745391,6.549909084,46.39258661,131.8880466,317.2849845,6.428020214,44.17635205,438.9800729,966.5662928,6.454657383,45.41027393,3789051930,7114418220,5.686879974,36.71790846,16.17587826,27.03482059,5.827162403,39.19269717,2.986329251,7.164979154,6.586928629,46.53867532
467501,15.59374232,36.12916193,6.597124109,47.09823954,123.546911,257.9416324,6.46023687,46.14177081,472.1523839,1120.981232,6.601539692,47.36915236,3905935085,8532248083,5.655025515,35.71132617,17.75740372,30.44389429,5.718926513,37.57245798,2.959168119,6.886374373,6.513915049,45.75795901
468001,16.13999459,39.40813446,6.526700694,45.50783227,129.8152598,265.9366335,6.176938413,42.87743549,552.8125728,1469.265048,6.258454098,41.2772542,5059635735,14613805755,6.035118548,38.0031687,17.44079532,26.24856485,5.175050011,32.99861165,2.957795711,6.694913051,6.541602592,46.59991531
468501,15.85213035,37.56627326,6.536900113,45.86573185,130.735684,294.3953355,6.555831603,46.72079635,494.636761,1146.14031,6.430210918,44.50127363,4687258138,10850082043,5.591113758,34.09676339,18.44375195,29.52019809,5.258743381,33.44487375,2.982591674,7.078220216,6.577929922,46.4952977
469001,15.68383357,35.45223187,6.564274223,46.85175312,142.0950837,357.6530256,6.573006486,45.9016099,495.1860096,1031.404573,6.025195427,40.96634125,4672488734,9431237578,5.102170054,28.2050747,21.34445628,40.84284041,5.467571903,33.25813153,2.999978276,7.363024037,6.609062648,46.67991697
469501,15.97004137,37.28528115,6.567597173,46.47601611,147.90148,369.980302,6.221586736,41.25043789,521.2655202,1281.193344,6.566137493,46.01992601,5558345821,12186076658,6.179147426,41.35222692,19.77395435,29.24078245,5.294164764,34.54967581,2.988463983,7.49175873,6.600732847,46.35744643
470001,16.08462336,38.0085279,6.535570235,45.89817224,125.9338684,278.850752,6.453927648,45.08709875,554.0229467,1336.898135,6.242676515,41.81749026,5955112416,10820162074,5.114335936,29.37645784,23.63693685,34.2287485,4.830052146,29.49464954,2.931471926,7.046078933,6.496941413,45.22275561
470501,16.01184612,37.49531288,6.596278865,46.91673671,114.1947618,233.566589,6.367810803,45.44938168,507.3758952,1151.852991,6.527764803,46.62428731,5203700605,9339598705,4.946407071,26.81646853,25.10676082,43.45311864,4.883373728,26.82921248,2.798547216,6.153791684,6.501603846,46.05585732
471001,16.17688933,38.9476364,6.596573563,46.60702611,114.1307869,249.8859753,6.333704811,43.81395667,505.5916439,1209.132188,6.536507271,45.79081823,4958020464,12666888087,6.368514249,43.1200381,15.88506556,19.42370824,4.392779268,25.4467603,2.723380953,5.651955872,6.386520243,45.0928483
471501,16.21048534,39.13815291,6.575306761,46.29176978,108.3051696,232.547141,6.321163852,43.84140892,490.9500109,1177.274875,6.68200205,47.90112091,5571499170,14174293905,5.639851353,34.35819923,12.81357627,16.61038385,4.281099638,23.23227193,2.729101341,5.752494327,6.472966349,46.40456753
472001,16.08290172,38.13968724,6.567579263,46.33605987,103.0148513,203.1872343,6.222921372,43.60995702,514.6874249,1280.554284,6.560809533,45.80789497,5323836444,12099667357,5.996990639,39.30090422,14.51657878,17.90785143,3.676571297,19.60278802,2.866269207,6.83211332,6.527559549,45.68524743
472501,15.81446783,36.61003784,6.560780992,46.44486638,106.3301172,216.0484934,6.271892737,44.07617096,511.2056557,1157.832339,6.260772867,42.55972378,5013068061,7805030855,4.667105747,25.53150668,18.50588996,33.72491756,5.258894488,31.58438689,2.941598783,7.001201249,6.496821025,45.24372968
473001,15.7895095,36.23894337,6.559463548,46.56095064,112.1401675,239.6329592,6.226726872,42.46297207,477.1719105,959.7573467,6.207238696,43.38493943,5041391649,7238337401,4.156363629,19.78290419,16.89466719,26.94937816,4.129673379,19.4999886,2.923678256,6.726492872,6.535986955,46.16262735
473501,15.80449183,36.75480662,6.54153365,46.1026934,111.2395199,236.9170611,6.391061949,45.39613748,461.7169371,933.7385897,6.319147581,44.50717761,5051572668,6834816170,4.083879776,21.53018465,15.63433278,21.24918553,4.03118756,19.48098636,2.872844995,6.463984749,6.528512294,46.23255648
474001,15.72037118,36.20515616,6.55620002,46.43834532,117.6633629,277.0868742,6.460865998,45.09784219,470.5635659,980.3810656,6.357756238,45.00386064,5018650745,6441269286,4.037340202,22.31081281,19.48499009,23.08064992,4.275822963,24.75978401,2.93429807,6.679834257,6.563455422,46.98001846
474501,15.82099921,36.71197677,6.569068526,46.5704008,121.5714505,302.997862,6.592888097,46.36172862,491.4284754,1139.044608,6.543272384,46.30863091,5525750592,8233692100,5.287117242,34.34720145,24.36838781,33.40426492,4.434426594,25.30061518,3.076284792,7.800419589,6.572674912,45.86908996
475001,15.91780708,37.54769899,6.570306143,46.41584209,128.7969327,316.4504061,6.415791879,43.77456733,512.5910037,1291.492896,6.572424145,45.99360964,5904242309,10815342855,5.386738185,33.56241993,27.64542581,49.02361207,5.358388989,33.11288275,3.109679853,7.556697602,6.408430777,43.85132405
475501,15.96082994,38.12119912,6.598754745,46.7208888,122.4696943,250.80141,6.451564196,45.21105781,530.2415173,1380.029126,6.643300696,46.53558779,6329282052,14449893137,6.280081877,43.11476136,24.2581169,47.91934591,4.930567067,25.50823565,2.926253636,6.421145419,6.520478703,46.37832509
476001,15.99574357,38.12846363,6.690006756,47.54916357,218.8257888,213.5905222,5.2568551,35.0397595,751.6427624,1263.123654,6.383724989,44.03977295,14030506980,18200471405,4.900325724,25.8954737,17.40849266,15.705211,3.363896622,15.07998759,3.65063638,5.914408516,6.589718526,47.39321184
476501,17.54173675,38.15089351,6.781269352,48.37848537,441.3023213,281.6800343,2.31153219,10.12104291,1276.772858,1092.126654,4.998652605,32.88945132,26299574961,13515342259,0.811678549,0.634115439,30.3633181,16.43005733,0.798481705,1.015564528,5.803592945,5.986832586,6.048760616,42.68874055
477001,18.04756085,39.32579168,6.887363692,49.67753735,538.6821355,337.5659944,2.058503584,8.127163815,1477.995576,1120.924396,4.469874679,28.10328771,32513954247,16288825939,0.713294959,0.450460694,37.02407049,19.31036007,1.183799606,3.162477841,6.567741286,6.824203792,5.752598105,39.29131747
477501,12.49348286,28.155451,7.131640652,53.54525139,353.0113445,244.460518,2.690273801,12.4535753,959.5763669,796.0346888,5.032498456,33.76137446,22653676827,12206895519,0.96615221,2.264192693,25.27065765,13.29206181,1.838128115,7.782147485,4.245847736,5.007160444,6.185624802,44.4656345
478001,10.42054322,11.43086253,3.85366435,19.43236836,498.5887926,229.3067976,0.779844335,1.005423362,876.8902551,481.8884894,0.895865792,1.076236851,21142374010,11271847902,0.667191818,-0.034776686,23.18805044,13.14167257,0.747690532,-0.073235996,4.961510982,2.955014024,1.021156667,0.875692528
478501,18.26129086,41.52458972,6.283555172,41.59875957,738.8287443,417.4464596,2.075799668,7.768771321,1345.5167,1234.595126,4.605073545,27.15952413,32197081325,19320113126,1.324030983,3.629157301,37.55217039,21.30071628,0.744924247,-0.175164505,7.653000379,7.909882649,4.808668162,28.77302877
479001,18.36511667,42.81179385,6.030136514,38.76563115,566.3471005,360.175317,2.694410211,12.6914775,1112.239975,1296.534004,5.226901263,31.93476391,25574705941,17310434673,2.271612815,10.00442203,32.02002368,19.56332245,1.263549079,2.495848811,6.314027566,7.507298477,5.543097105,35.74322994
479501,16.02672878,38.57614386,6.582420496,46.26884697,266.7659403,327.1012868,5.850177534,40.45246582,622.6777245,1203.398535,6.422238874,44.26405563,12720912430,17432558634,5.869342234,38.88236737,14.81646606,15.84893442,5.038077208,31.03707638,3.788211963,6.972756076,6.626454772,47.61824982
480001,15.76662597,36.64493929,6.600420671,47.00436709,171.1030399,388.3558658,6.308932256,42.92138716,468.7152021,1058.149742,6.613414607,47.39405278,7547825639,14303395038,6.101571017,41.95311167,6.122582259,13.73736544,6.635650426,47.47138223,3.182333933,7.650537581,6.594577566,46.53009387
480501,15.89506287,37.24527987,6.575595161,46.58231905,166.098493,369.575192,6.374977839,44.47312012,477.043532,1094.543693,6.573670969,46.88180437,8487165809,15151532812,5.599788347,36.29363165,5.878003782,13.5500248,6.30736962,42.85870821,3.204677882,7.760069123,6.54843544,45.92705681
481001,15.86200691,37.54473679,6.55068312,46.0917136,165.4069271,347.4358818,6.234735247,43.4171153,491.0469291,1180.51962,6.463070875,44.67142574,10141360238,18397940576,5.984797823,39.92996337,5.542686331,10.98620566,6.318978781,45.06277841,3.207920357,7.641874783,6.608823442,46.95821577
481501,15.67639844,36.42637541,6.555177937,46.34307003,175.4551771,391.2503869,6.32941836,44.32755122,459.2337184,1040.432862,6.449327509,44.94423592,10198270894,16547554342,5.540582346,35.49126992,6.017607763,12.16685238,6.115115375,42.16917516,3.234784696,7.805384942,6.543828434,45.80456073
482001,15.5425559,35.61478405,6.550710252,46.39280917,195.652713,431.47093,5.846415971,37.49364907,450.7567169,920.8216713,6.375043086,45.50373584,9052846193,12788871991,4.830376131,29.98996192,6.27171445,13.77598823,6.402681697,45.08056792,3.158030029,7.215116183,6.519694727,45.96774154
482501,15.55527352,35.66412577,6.560716997,46.54665529,188.7212048,385.1940411,6.061824215,41.58395434,471.3812527,1057.629026,6.472653257,45.55641222,8792449705,14285167774,5.301711623,34.16501783,6.917348195,16.90299537,6.445713564,44.38055601,3.168463079,6.970578656,6.498806048,46.25752531
483001,15.64412477,36.40077788,6.544682072,46.17184384,198.9289305,464.00979,6.440467673,44.49190101,480.2735537,1083.882044,6.26267285,42.56172661,8925562523,16405814490,5.574895497,36.15865421,6.789433083,15.81304999,6.071946416,39.87971504,3.205488133,7.393760901,6.538180828,46.12578158
483501,15.64149605,36.37882346,6.569682574,46.52870082,201.4161364,463.1563592,6.47144286,44.98461008,453.4951568,972.8929415,6.390053856,45.28826467,9323185558,17275405232,5.909127644,40.02269604,6.079493141,12.64239293,6.147062111,42.44095929,3.232098408,7.534047124,6.542193193,46.16034845
484001,15.80429662,37.07463181,6.571847554,46.50178079,199.1955243,449.8384076,6.571588313,46.56683114,468.5415049,1094.936711,6.593917543,46.81012194,9336959266,19296134247,6.112592826,41.06528278,6.1561174,13.28631256,6.566904602,46.84333807,3.275760742,7.798880021,6.619591316,47.12039855
484501,15.84870053,37.22645827,6.540682043,46.01538095,189.1235115,434.1689729,6.434577419,44.46616819,487.8652231,1142.561358,6.332775304,43.01940855,8084076441,16088400066,6.08571527,40.9238194,6.430148823,14.50407429,6.443549971,44.60102778,3.339483358,8.283122947,6.557908695,45.78962198
485001,15.81108762,36.62769454,6.59556982,46.97547917,181.9303754,392.3920104,6.498660405,46.81612699,466.7812525,1003.748684,6.495338925,46.69546353,8110548143,14535833547,5.561291708,36.16089737,5.99842232,13.1517191,6.42421292,44.72832808,3.29983039,7.889730916,6.610967169,46.95491761
485501,16.09667591,38.12829144,6.559466011,46.2264547,199.4830633,481.8202883,6.421938735,44.19788785,505.0521668,1197.072274,6.52657677,45.82963288,9059646009,18608279515,6.12940419,41.45416997,5.642041057,11.5148925,6.374331783,45.09081002,3.397263051,8.071380087,6.510809568,45.60052955
486001,16.05943454,37.87600636,6.563063006,46.30247703,198.3875462,420.501455,5.810584373,37.73830691,526.8738774,1240.06166,6.347783369,43.4616587,9333251839,18053190583,6.002330587,40.60645433,5.743945148,11.61356711,6.462451019,46.15330389,3.270653091,7.439994907,6.476509194,45.45010856
486501,16.09655178,37.58379607,6.577216209,46.64399434,195.7885328,399.725438,5.534332727,34.72046245,516.3824206,1172.211983,6.491165107,46.01443219,9523419038,18887554184,5.953792082,40.44048587,5.950390292,12.86789241,6.408689215,44.58576073,3.300470361,7.357340321,6.465897854,45.92839447
487001,16.11224542,38.02069264,6.57527447,46.47119057,206.438013,443.6001569,5.805814031,37.4856397,515.1474993,1234.364626,6.573237698,46.30762017,10007789057,21944571715,6.204613195,42.08909221,5.751151417,12.40984078,6.411575954,44.67731143,3.331121451,7.979269096,6.458043567,44.63830973
487501,16.15465633,38.2199792,6.586118268,46.64732429,187.6312566,394.7944575,6.210319724,43.52082872,518.4191294,1257.28655,6.640748598,47.31060303,9984202804,23148492738,6.432692159,44.73000635,5.589609816,11.34348173,6.408343252,45.64308841,3.209810794,7.506266638,6.616771865,47.27341637
488001,16.22458138,38.72143131,6.574737978,46.3668392,193.1341383,470.3792649,6.585129771,46.53498571,539.3416655,1393.145009,6.627932262,46.53176353,10277474292,22779983397,5.908355467,38.25572194,5.927106604,13.27787898,6.590267275,47.28908627,3.323018001,8.017077506,6.552903348,46.03999946
488501,16.11799184,37.89086384,6.549788793,46.12499511,215.2750534,518.5753942,6.157772235,40.55113735,557.0347174,1321.386908,6.165209514,40.83008992,9339452337,16477680824,5.555925858,36.43676048,6.515073426,15.78018642,6.053716146,38.97484393,3.306057924,7.56840851,6.348694376,43.43597933
489001,15.86781847,36.28450354,6.566469681,46.68015573,187.7670494,387.6039015,6.444431331,45.67907856,480.4056468,954.3365322,6.202910654,43.7199711,9674603847,14836251833,4.864578141,30.13397968,5.703279436,11.57242321,6.360453192,45.42887694,3.122635712,6.461554769,6.351736981,45.16720352
489501,16.02306672,37.30763713,6.587091599,46.82842525,189.3567142,364.4860156,6.148073595,42.99893735,508.2175964,1128.252994,6.33393549,44.46509597,10482723397,19329038967,5.658917186,37.57608107,6.254022381,13.14267972,6.337671292,44.65584938,3.23733744,7.404432021,6.565298437,46.73885722
490001,16.21568016,38.80584523,6.533135839,45.77339666,194.099377,433.5630455,6.612598038,47.34462758,580.3275842,1478.237652,6.081439928,39.43342969,11906919588,24802209111,5.525661916,34.12680823,6.656854978,15.36552313,6.274065413,42.34734651,3.39773056,8.465968661,6.524707624,45.29569462
490501,15.99199406,37.67936321,6.571288846,46.45633647,209.1097929,516.173325,6.387168771,43.34597208,502.7603407,1236.064205,6.566596375,46.04733901,10555336333,21432515030,5.805791012,37.8875754,6.071309466,14.09172238,6.553961488,46.29099884,3.336241091,8.340251432,6.564170473,45.86271839
491001,15.89140452,36.99046801,6.570461891,46.52915641,198.6732305,467.0768597,6.62371929,47.15089989,481.0798961,1080.678295,6.513019726,46.07454943,9257002222,16003559161,5.446868205,35.51302154,5.989290479,13.68560708,6.485051099,45.46293912,3.231752929,7.62859287,6.569023925,46.39241153
491501,15.84809411,36.72190539,6.56278755,46.46868496,207.5149666,477.553958,6.482748038,45.35455526,466.2733334,988.4962511,6.464832813,46.01082154,9936180216,15175264497,5.091640563,32.13304331,5.850519107,12.43141349,6.405991854,45.00363543,3.195214532,7.242477919,6.558076879,46.73397635
492001,15.86824372,36.8748744,6.565518445,46.49599568,202.9741926,453.0276216,6.444054008,45.05958476,477.5492367,1031.391976,6.483788601,46.26440543,10965904598,17719710077,5.711697514,38.52210099,6.151644854,12.49009143,6.366505625,45.35502716,3.202018042,7.522764327,6.573516336,46.45704051
492501,15.97153554,37.41247926,6.559906384,46.31700037,200.6891896,419.7632453,6.264829856,43.52617947,509.5142654,1194.455986,6.449536455,44.68635281,12046334799,21286639607,5.649358151,36.74818435,6.889471071,15.16576537,6.37510621,43.9409937,3.197349967,7.384751774,6.461576037,45.01739931
493001,15.94077484,36.99312273,6.535236546,46.05374292,202.8271483,421.2141297,6.385758858,45.57391903,511.4655805,1089.213201,6.186832762,42.01487303,11169245657,17507301447,5.129291034,32.20831277,6.87978975,14.95889687,6.393974019,44.43947053,3.093221828,6.75745405,6.491444511,46.16407655
493501,15.87444506,36.40811922,6.575476681,46.8008505,223.3119563,525.3550543,6.447407246,44.76054387,496.1908959,983.7611151,5.954649893,40.53353737,10640059682,17113664470,4.848266155,28.26529638,6.786606933,14.76848259,6.499891962,46.20588334,3.13632417,7.156422592,6.615237898,47.53217682
494001,16.09746889,38.12798343,6.595527401,46.75098538,221.1367465,559.2122627,6.442429664,43.9679944,533.0270804,1337.833042,6.706544593,48.08193681,10795138794,21808676525,6.052575663,40.682818,6.959881761,15.83338643,6.513037949,45.60475132,3.298327238,8.199009513,6.473150907,44.57472516
494501,16.28360842,39.43776338,6.571381414,46.20665014,198.3348015,476.3504685,6.595846065,46.69228837,642.7289233,1798.392294,6.135473176,39.6461146,11147072050,23653785543,5.954640972,39.42463918,7.270216431,16.45297635,6.595436852,46.9826221,3.16686456,7.49462379,6.603156138,46.98183771
495001,16.22157127,38.96466862,6.585689175,46.48995511,198.1499711,457.1468668,6.547758502,46.76736113,569.5186622,1546.878421,6.587136837,45.68843121,11911995827,24812518362,5.846057472,38.68456773,7.75679503,18.31163235,6.36263547,43.20903482,3.326071555,7.902633005,6.511050438,45.90836171
495501,16.06116728,37.79582931,6.550883042,46.15104602,199.5590835,497.969992,6.508496729,45.0831076,521.9059361,1244.474794,6.478605054,45.02037756,12254309207,24020762061,5.217349559,31.03519781,6.81504283,15.1753178,6.298627485,42.82250512,3.323240017,8.029736054,6.390966417,43.70393272
496001,15.86615373,36.3203117,6.569928953,46.70466421,194.3400015,434.0217821,6.288946145,43.02403503,500.6367912,1018.484606,6.305421351,44.63770006,10341209916,15249061830,4.705803706,28.83205596,6.23462057,11.43756387,6.043272142,42.16034746,3.077722635,6.931817115,6.54038501,46.55167515
496501,15.91569779,36.67902372,6.541482551,46.22846536,181.2426852,355.9591303,6.193166233,43.50802734,493.2000378,1025.674,6.314544655,44.12507901,10895691723,15202221161,5.183046469,33.90956536,6.396087383,11.97264262,5.984707389,41.20686112,3.028633954,6.729093172,6.506854411,46.0752083
497001,15.84481943,36.67249631,6.561921857,46.45200921,179.5113708,385.4415025,6.511929086,46.61971073,477.8085615,1021.831244,6.513032005,46.57637211,11416003552,17561137739,5.656700287,37.43444595,6.664964634,12.68286254,6.155127254,42.7066353,3.007183569,6.706637267,6.534653768,46.39375418
497501,15.93108895,37.21705049,6.582577858,46.69657126,190.0445577,444.5011338,6.368440204,43.53620213,494.1332742,1171.036321,6.629396011,47.25747087,11366564709,19017731649,6.094509802,42.80353742,7.598816717,15.54034544,6.327738312,44.30926025,2.999559898,6.894045445,6.569361495,46.71419665
498001,16.06718915,38.15566196,6.563086618,46.24059258,174.7337691,398.6487285,6.549705117,46.46043925,521.1911957,1288.562456,6.404413891,43.63905043,17640875406,24271896525,4.131918399,22.50075705,8.234965286,17.32450133,5.508020702,32.8968495,3.062640018,7.430375231,6.602965018,46.70529006
498501,16.05199747,37.88736437,6.580745339,46.57438554,179.1433187,415.5000748,6.572646058,46.98251675,497.4383345,1162.23195,6.643788989,47.63466545,34174503590,34450349889,2.233739056,8.613138212,6.902912853,13.38398749,5.686210556,36.9556012,3.136640657,7.775990336,6.544943646,45.66637278
499001,16.10991181,37.88638667,6.550360832,46.15229807,188.6299519,468.2819981,6.30326515,42.24966663,515.7858704,1187.956902,6.373522093,43.78140456,45314451779,52314099063,3.352451219,16.08036869,7.25411408,14.8759535,6.049358369,39.89167361,3.064293148,7.233098674,6.443208899,44.59127373
499501,15.89569003,36.75022755,6.579962035,46.7212537,168.8407496,344.2924654,6.186679229,42.79965147,484.0948136,1024.650313,6.504110296,46.88634959,34197823417,34559179004,2.027152829,5.429504721,6.980619094,11.77916215,6.208580577,44.24559448,2.885355183,6.067783796,6.471900532,46.13642083
500001,16.0936317,37.59267821,6.583553342,46.76792578,172.852046,322.8490698,5.493783326,34.93450682,530.732078,1242.628638,6.420076716,44.99303526,24405134826,29032213722,3.161440863,12.13643353,7.525264575,14.21033316,6.053909545,41.20216354,2.927992257,6.121091111,6.387764576,45.36867849
500501,16.24690061,39.16047988,6.557102174,46.03385784,168.855609,339.9911448,6.235612347,43.74170212,571.1315969,1428.073103,6.028220122,38.99702564,19660716924,24497542738,4.468864576,25.51754497,7.362200901,15.96458822,5.580760578,34.13993626,2.990176536,6.907557993,6.531073968,46.11499855
501001,16.05483278,37.90204446,6.544118739,46.02502931,187.4185658,422.6175551,6.383926731,44.36173799,494.7860505,1120.322863,6.470752679,45.40722141,19367666651,27781694179,4.714791684,28.09192612,5.864847597,11.35830568,6.068990651,41.6180723,3.087302111,7.640204366,6.590184303,46.27060714
501501,15.81548901,36.17090532,6.574404958,46.79148833,202.2332209,457.4746657,6.103600044,40.79737451,472.5943856,984.3621265,6.46165277,46.3345425,17915963764,24812524550,3.827287396,19.63981346,5.850668975,9.674353688,5.729317276,39.10300208,3.11762875,7.514385999,6.505646055,45.33554293
502001,15.91504831,36.80650226,6.55566581,46.40171845,202.0902808,445.3910062,6.235474791,42.90436431,486.8290274,1062.101445,6.441026943,45.37238763,16326341003,23096450556,3.537720284,16.8412556,7.049645199,11.64225749,5.949449367,41.54767917,3.090645025,7.201065863,6.55925433,46.60797989
502501,15.90975668,37.32677334,6.578439862,46.56605335,193.7984166,418.7801061,6.296398965,43.67576002,479.5507447,1104.377527,6.560319171,46.4882321,15878523850,25247620984,4.656797843,27.04719547,8.913778609,15.47715391,5.876923102,39.14884487,3.074668146,7.341047719,6.536542973,45.85045669
503001,16.03680973,38.02384406,6.574758679,46.45721975,196.8215161,431.7713735,6.372685753,44.99454449,496.5206089,1196.113739,6.601442108,46.80697775,16903867027,29342817726,5.424906644,34.5025826,9.89152507,17.70591386,6.029035291,40.85988451,3.041657942,7.153316204,6.569665951,46.50224636
503501,16.0149289,37.93813323,6.551436022,46.08822884,203.3525269,506.131926,6.411925725,43.73443683,513.7264584,1272.454645,6.451738698,44.3116308,16322274380,30914823616,5.544908101,34.87937295,9.637903943,18.30939266,5.779076644,36.35046694,3.018630337,7.056643636,6.512377729,45.63232203
504001,15.83647904,36.61450171,6.572201623,46.63958813,192.3825394,441.7791598,6.371280806,43.74848681,480.4841089,1092.410079,6.537818555,46.27853964,14869404248,22868893244,4.973508951,31.26506585,7.522742158,10.60257145,5.370943061,35.48587981,2.929721303,6.419361647,6.494374036,45.9617555
504501,15.9034907,36.99128234,6.575912885,46.65564007,189.6965744,371.4446808,6.215712077,43.76014426,485.9554318,1066.354654,6.456505251,45.9759846,15911392284,21307057397,4.12906821,23.57154456,7.740567089,11.28665262,4.967248391,30.0445646,2.986263362,6.470063101,6.480648958,46.19286553
505001,15.98670538,37.90840206,6.567237616,46.30929427,201.2515088,393.7405549,6.315103053,44.46460805,494.3452088,1196.966103,6.553700781,45.9748,16787108485,22538096319,3.785912537,20.02754744,9.29715657,15.3800797,5.795360026,38.3972353,3.045083471,6.949447906,6.431178103,44.71420267
505501,15.89962621,37.48550394,6.56546609,46.34683343,210.0405239,452.0143018,6.551637557,46.59861188,492.0770479,1214.956633,6.554929293,45.78972504,20065360475,27555138586,4.346300271,25.1421835,10.37400881,17.22198797,5.772927522,38.06471,3.049407649,7.051417278,6.60816016,47.39102781
506001,15.82254968,36.98699281,6.586640816,46.74932176,220.7457007,518.6879123,6.335012765,43.01273117,476.2122696,1134.424131,6.583348805,46.62972996,21806268645,32070467802,4.897925727,29.69109834,9.23695987,15.41816581,5.826573599,38.8013581,3.230727152,8.120379103,6.543322455,45.66989043
506501,15.90165248,37.476766,6.562974115,46.32209982,206.182384,477.502862,6.472875327,45.28086792,478.7115753,1121.856808,6.521700966,45.88106698,18632576690,28825016896,5.004960198,30.28545592,7.527032833,13.7457773,6.071097063,42.04246863,3.305721439,8.476220334,6.531507432,45.19981882
507001,15.81746121,37.06342743,6.556430344,46.26868927,203.8195209,439.8894754,6.329847174,44.01779393,469.3471426,1062.64682,6.416534437,44.59904978,12632912229,18979561141,5.18047563,32.54351715,6.928729639,13.10560797,5.929192537,39.75169704,3.161474918,7.138573743,6.401296376,44.50279125
507501,15.67584013,36.27472426,6.563080494,46.49801095,205.0228036,403.7379162,6.36800009,45.63796979,437.7074567,908.0422602,6.425460198,45.71220879,10822556292,13960983216,4.511676683,26.6579692,6.301639403,10.72424233,5.838178067,40.50494687,3.143106927,6.662361645,6.166871328,42.66758131
508001,15.65269198,36.49380866,6.593302189,46.86148032,227.7600356,515.6746876,6.533444476,46.25276165,447.9988183,988.7837182,6.451942307,45.9754614,11841636415,16261685103,5.135375016,33.3999501,6.630666822,12.55883309,6.091925153,42.47961219,3.191373212,7.80321826,6.571447705,46.09901423
508501,15.81137916,37.65760255,6.563248935,46.23054178,247.9282962,589.2709694,5.736027796,34.99866058,492.4632426,1234.966138,6.325983769,42.52827557,15894522163,22013862447,4.881982727,30.25121597,7.18206115,16.15227918,6.078410645,40.03724051,3.2074261,7.870462585,6.442083309,44.27358817
509001,15.70672561,37.05837288,6.553982134,46.17486181,194.1281078,407.1656921,6.170483322,42.77114134,454.8741203,1090.792331,6.532582595,45.73245971,21646055965,29995816372,4.464643734,25.28370886,6.210471682,14.54223538,6.555309665,46.31566092,3.057514745,7.189602735,6.604135329,47.22308089
509501,15.57467997,35.92744185,6.553185191,46.3928377,193.607319,450.1565544,6.503146974,45.59770315,444.9678738,977.9758878,6.440549631,45.28241518,24978876702,34077257942,4.234511049,22.69789963,6.28960883,14.88963865,6.521009344,45.42447349,3.111036598,7.450126606,6.444821461,44.54243631
510001,15.47572576,35.51507736,6.560764396,46.5243909,195.5074346,402.7245488,5.720375705,36.13144829,421.7769339,877.5071601,6.455275318,45.95879941,19152560363,23462368218,3.804918747,20.37072063,6.267103509,12.51441234,6.021564825,40.4490428,2.893894335,6.438715875,6.493875196,45.77631811
510501,15.54885279,36.11344049,6.574732677,46.64005061,182.1914975,331.8347111,5.328270244,32.1014972,433.5799542,938.4000826,6.457732343,46.0783479,15883854832,20501187627,3.301274987,15.28114075,5.971698777,10.96318058,5.685039975,37.17854042,2.875323963,6.064713042,6.417506508,45.71399668
511001,15.65877466,37.17728444,6.568333368,46.33176104,183.8540969,401.3481954,6.309326462,43.21878559,459.0499154,1110.244558,6.412442066,43.96394119,16044719331,22854922479,3.813345169,19.0712798,5.514225162,10.28692471,5.92975022,40.2711581,2.94762863,6.713957141,6.479679043,45.40202758
511501,15.63981146,37.10201443,6.568460458,46.32797702,184.8109343,401.7953768,6.37219439,44.48255019,435.8887071,1048.221059,6.605530391,46.74243968,18520030881,30440372728,4.158754479,21.33255292,5.389582109,10.77296448,6.052029714,41.65282778,2.925220916,6.658483199,6.499926374,45.72713462
512001,15.5258359,36.26141189,6.566402677,46.4505991,195.7212376,448.0753383,6.331201593,43.77258012,442.5117005,1040.101149,6.565527983,46.42825791,24046545728,35809747795,3.561916864,15.74205625,5.401377328,12.37904734,6.349949165,43.6155605,2.985471042,6.811087838,6.55328455,46.68409851
512501,15.51557492,35.92882617,6.563625767,46.50056891,196.6996773,440.0511374,6.011224043,39.81144609,444.9631635,1010.286865,6.430087269,44.71490607,26837641366,35299965761,2.673824316,8.416575089,5.170421521,11.22136348,6.337427383,43.94204891,3.086460654,7.395131117,6.514772898,45.50338834
513001,15.53602014,35.99307287,6.542389022,46.15787263,190.4234408,427.8573577,6.151504227,42.20207691,432.7247069,905.2185233,6.405558461,45.2460743,26494513430,32517608460,2.010416039,3.787275985,5.413824411,11.11010925,6.262137448,43.98115411,3.060828573,7.332094303,6.596077347,46.70104651
513501,15.45958683,35.38087967,6.550180236,46.40790908,193.7362681,500.3353917,6.307025337,42.12209198,431.6047563,879.2150502,6.382591732,45.3977553,27227624458,31902662167,1.721890189,2.791216587,6.140978499,13.08385402,5.993450006,39.3249417,3.066492094,7.495972608,6.640571013,47.15681714
514001,15.60843381,36.05458323,6.569814287,46.63989477,166.9228525,401.6131867,6.616469332,47.07764761,452.7177785,1012.262517,6.561218461,47.0354262,28047984897,37681068117,3.634112527,18.4684923,6.066282391,9.553326565,5.140748513,32.39289771,3.093534786,7.718456217,6.57845672,46.11717678
514501,15.81586936,37.38832377,6.549861615,46.08949756,174.8246793,411.9623384,6.377203314,44.32435766,501.513673,1273.046535,6.506956708,44.92005277,28492205416,52991333303,4.585033838,23.49540357,11.00115838,15.1774669,3.113085759,11.84197651,3.036891671,7.377147097,6.554215108,45.9405696
515001,15.80452608,37.01263532,6.566892393,46.41947983,176.9643405,375.6241724,5.435402429,32.85143843,512.8743961,1265.867612,6.428545541,43.99079747,19779961565,28891221374,4.479091648,25.91269281,16.47474671,28.94667782,4.619177299,25.75484122,2.925482215,6.627647061,6.486126229,45.50896098
515501,15.71477612,36.84834386,6.627537321,47.1817843,191.6122032,276.5504385,5.180165032,31.05108262,585.7482407,1031.580231,6.550028208,47.28196367,27543286764,21855447439,2.63208139,10.4363337,21.99712304,28.03023667,3.802881291,15.69269144,3.051698879,5.799288512,6.494892368,46.52005816
516001,16.57414174,37.62693007,6.735457632,48.21362091,404.6447377,298.8264664,4.286799683,26.75610761,1303.079199,1216.673987,4.866040255,31.71454936,77966583706,46040719212,0.909229369,0.57989173,44.72390586,25.89703971,1.353340934,3.306717403,5.352601466,6.077474246,5.691933931,39.03344698
516501,18.66469308,40.56829723,6.691933558,47.20704434,659.2655866,409.7758267,3.029354031,15.13162897,2131.174576,1736.755346,3.565268247,18.50808165,1.38463E+11,78587167829,0.894523974,0.63617002,71.49567238,37.6220928,0.490291206,-0.177464259,8.426929344,7.338641421,4.739204024,29.35487784
517001,16.78956446,37.62528997,6.92125374,50.49252898,606.6609503,369.9336627,3.210819885,16.62886103,1885.724698,1442.330301,3.182285548,16.3093472,1.3083E+11,74298902773,0.892370558,0.862497498,60.93070153,31.68203876,0.339553134,-0.561782534,7.753549737,6.741236215,5.147718501,33.9820928
517501,9.420569346,20.2987467,6.972184363,51.8521129,285.805532,190.6557304,3.341548646,18.39228117,845.8345797,656.5357312,3.74567421,22.06386664,63656875839,36949635670,0.884756335,0.857454387,27.39229773,14.42655644,0.564040468,0.194141364,3.788362118,3.577307318,5.625954212,39.55546571
518001,14.09326033,21.02245542,5.854599088,37.69991752,776.0048402,377.7692887,0.487941638,-0.481910842,1587.008581,902.5960433,1.1846588,3.304834123,1.3702E+11,76217951180,0.433425115,-0.713009752,53.31729427,21.86731621,0.165669186,-0.301338564,7.967392133,5.368205224,1.645821705,5.317681656
518501,20.44557039,48.84842809,6.250370861,40.3675083,906.2598748,504.0368663,1.600390529,5.35865398,1913.108594,1589.281176,4.298275274,24.85899756,1.65761E+11,87927463691,0.533936275,-0.202699909,60.47341092,27.93968242,1.246178566,3.41782928,9.910575096,10.20818773,4.480310941,25.72645878
519001,17.06772539,37.8489898,6.502216776,45.60915695,578.9114891,422.7773194,3.475288235,19.26610743,1218.389687,1208.373808,5.517860039,37.19815126,1.04386E+11,55861259418,0.909941482,1.999292224,35.14021681,19.95380871,2.598949015,11.03503951,6.529749839,8.124590939,5.690908337,38.10402535
519501,15.82066019,37.50243418,6.627852817,47.07221787,276.9320683,500.9530322,6.196479279,41.74298463,601.6153192,1223.521038,6.601696791,46.79307239,37592485375,39468036325,4.834936482,29.72935397,11.28109933,13.17417694,5.886537794,40.74590983,3.653060922,7.675869452,6.589861196,46.68816798
520001,16.04328029,37.53406276,6.56859324,46.4698285,220.0719479,502.8697425,6.604971661,47.19595248,530.36169,1258.448612,6.619506418,47.17314892,21902338727,34099094005,4.732103559,28.82252112,7.763714747,16.30585625,5.898993064,39.34098714,3.400094158,7.796766653,6.558164151,46.7794029
520501,16.01548843,37.48402777,6.563460268,46.3845655,231.4794924,536.4619836,6.460553833,44.92565449,542.344042,1294.422373,6.429557293,44.30704475,24126095901,34387254337,3.895400065,20.76703395,9.191114714,23.08696659,5.769453257,35.043547,3.492076002,8.310187603,6.462012549,44.76308672
521001,15.97334513,37.27679691,6.566698485,46.46362948,234.1857887,530.7932774,6.603686734,47.38279174,512.7294647,1157.010852,6.554112694,46.71286463,31294159616,41369139024,2.971584524,12.69767617,7.219246228,15.69548652,6.501334807,46.10239963,3.395455728,7.945306149,6.618460342,47.33120264
521501,15.94813477,37.25620255,6.574457191,46.57744503,248.1996456,600.0037318,6.526873558,45.6176236,513.7687333,1178.22927,6.593760621,47.19903791,37537519004,48082102438,2.643700323,9.772663682,6.989939902,14.39030327,6.31628604,44.84431501,3.488586785,8.471079161,6.536366892,45.70009637
522001,16.04982428,37.95270609,6.580712102,46.54797763,247.1656165,600.9998849,6.516344088,45.34816994,533.3027077,1333.763835,6.580311831,46.04114126,35814520648,47602708627,3.062402014,13.19413906,7.065100331,16.36423084,6.465122456,45.00213896,3.391054514,7.938428882,6.528159973,45.87053439
522501,16.01132259,37.80167132,6.542314261,46.00301931,237.9600363,550.1589834,6.557549357,46.49306775,532.3264449,1232.204581,6.305922937,42.9802043,31131205316,43803369673,3.736680465,18.51180804,7.165528857,15.06028903,6.080310676,40.97475957,3.359140681,7.62906682,6.532155507,46.49868757
523001,15.87432574,36.79244966,6.585397492,46.83902131,236.8312749,544.4470648,6.558980546,46.47397517,510.2797892,1099.941942,6.28092251,43.98114756,24437032432,33066866416,4.162910893,23.25416549,7.07054692,12.91231332,5.746247605,38.59570481,3.343725863,8.088673186,6.600856109,46.66870709
523501,16.00282432,37.70656347,6.563426168,46.32110727,231.9653957,534.8886122,6.523453798,45.88523991,517.2151997,1226.897639,6.482816179,45.04413496,22979931712,35411484393,5.841086941,40.43485051,8.915094362,13.46715108,4.805389341,29.86364704,3.39028478,8.314761315,6.516131056,45.31694843
524001,15.91612218,37.2489966,6.546404279,46.12463039,230.1532613,518.609135,6.521038336,46.22324619,503.8805364,1139.391466,6.422819564,44.62773275,23480093357,45687060242,5.943436103,38.41756926,19.12084389,19.96775391,3.143992963,14.17676703,3.281674756,7.416810741,6.422530402,44.7457218
524501,15.81594655,36.45382335,6.576375188,46.767598,230.4253978,519.8198544,6.433376069,44.84308199,495.6104822,1046.715316,6.447532771,46.24308095,19425039907,34158068094,5.769254904,39.00584022,31.96968114,26.77697482,2.295751152,9.520055282,3.155652085,6.462474431,6.362114112,45.19272618
525001,15.96858327,37.59529789,6.568641392,46.40188862,224.0271891,472.514158,6.473633431,46.06600037,526.1686889,1253.200179,6.480323733,45.1084326,20405962003,35595717648,5.133039748,31.65079217,40.770613,36.38629452,1.951121256,5.742685501,3.206929419,7.11835925,6.530104368,46.64010493
525501,15.93783383,37.52249742,6.554031818,46.19506067,234.493621,508.1823899,6.454380383,45.85684298,534.4137487,1168.070528,6.118098724,41.35333699,21212592850,37719706434,5.738380946,38.83621774,53.46613583,46.23158675,1.305367375,1.3136497,3.440493478,8.006607427,6.242169108,41.99526378
526001,15.91364375,37.10050043,6.578354953,46.68009053,242.3499229,538.2237409,6.207286352,41.90846867,555.1066512,1214.332339,6.041243241,41.01549388,26252134266,49442002747,6.091073414,41.57031195,77.69164,62.53260107,1.135302152,0.772394662,3.180787308,7.050284119,6.535770134,46.82259882
526501,15.9637441,37.74027628,6.573199768,46.42536932,235.1551905,511.417814,6.399286774,45.45644029,606.4542863,1524.583444,6.086391141,39.33873451,28910463781,57479125380,5.730213916,36.00081838,85.1412914,85.53351313,2.744356368,10.63934003,3.325228001,7.876333208,6.586979565,46.75760665
527001,15.94279897,37.47195089,6.551540953,46.17713163,256.2277552,615.8396065,6.347350259,43.11730869,513.5446011,1134.932114,6.501121928,46.11011496,22131451558,41203121474,6.144153302,41.91289288,46.35816132,41.10205541,1.897525788,5.212682324,3.472342388,8.363073304,6.399980317,43.86433407
527501,15.81990381,36.65565591,6.573959556,46.64399473,245.0133394,556.8789952,6.449200698,44.8188296,529.8942526,1124.223319,6.255125844,43.85246453,18534097032,33264840931,6.068269618,42.53339369,26.23578698,25.15380894,2.298190448,7.303268211,3.311850072,7.690843169,6.575658752,46.80657247
528001,15.90391792,37.09075933,6.561343382,46.39479299,234.7007184,478.199472,6.404379672,45.6050273,539.6718579,1270.630811,6.360717467,43.34576622,18067541534,35957809564,6.16291522,41.91833809,26.88870501,35.80524814,3.766116197,18.02750678,3.308835804,7.669853974,6.499948443,45.6111295
528501,15.87650699,37.07504183,6.562099394,46.3705503,241.3347171,517.6793472,6.43550578,45.73891859,506.3769357,1121.568576,6.558437636,46.87143872,16684424415,30425712710,6.12941554,42.89630665,22.398496,24.52378765,2.013204665,4.784983454,3.288273111,7.479664329,6.55384432,46.58773843
529001,15.90433034,37.08864245,6.573349877,46.58934467,252.9350539,595.6473762,6.411107057,44.22042216,529.731137,1182.832757,6.429531135,45.24903791,17382939189,33119295342,5.932734743,40.44473855,25.72551493,28.51809916,2.006629837,4.519587186,3.291285757,7.609511351,6.522141419,45.9116878
529501,15.95200094,37.68309188,6.579682553,46.54075533,248.9165087,585.8585205,6.534933818,45.95554739,527.4190862,1252.315345,6.556383607,46.23302931,18686885499,42461910243,6.432144293,44.83452988,29.09185602,32.03855097,1.999681865,4.811149126,3.276753181,7.5733702,6.595491827,47.00482714
530001,16.03526884,38.16020953,6.57873493,46.47355051,250.3593433,582.6980659,6.559938769,46.54774836,539.7135186,1312.94015,6.566916258,46.18732057,20659855848,49033051659,6.287303963,42.31448745,31.30180933,32.59010725,2.361466605,8.208037705,3.377026168,8.09810909,6.572135617,46.30064012
530501,15.98969678,37.89418084,6.556597492,46.16028288,258.1968841,606.0719687,6.4537038,44.79085504,532.4132377,1320.131849,6.585806536,46.20531074,19308764484,43179281221,6.405366938,44.15733872,27.51444131,27.18598102,3.651147425,19.92780247,3.404857114,7.913282301,6.446443467,44.76461359
531001,15.78831496,36.56167155,6.576038618,46.66350828,247.6409768,561.7258684,6.544582794,46.33897999,519.7999563,1230.250763,6.521144411,45.68739701,17810663024,35168555280,6.366595102,45.34176087,23.96876667,33.38145053,4.882115153,27.92739113,3.345068237,7.389114813,6.493832927,46.15754353
531501,15.84524258,36.71721859,6.562413316,46.48081567,253.3893884,547.876193,6.464346981,45.70360344,504.6320163,1129.187449,6.561683357,46.82732754,18913865594,37150827497,6.102850967,42.07005184,17.11387106,19.49987551,3.728519098,19.7025332,3.351174218,7.524079599,6.495898367,45.81215533
532001,15.82355579,36.94707911,6.560980243,46.36266866,264.7005668,569.6236035,6.424512964,44.89482635,503.203563,1135.35671,6.510167515,45.98270387,20595199849,39347941442,6.004225773,40.80193767,13.90789337,18.35308795,4.356927535,24.85228584,3.412190259,7.876007578,6.601171808,47.25122059
532501,15.84862733,37.04690326,6.566316671,46.4798443,256.2683868,512.7860032,6.274341612,43.71027689,499.4833959,1139.451688,6.560925768,46.59440692,22323780233,38734947529,5.740006191,38.35367335,10.41663268,16.9695229,5.311257065,32.78255728,3.557089745,8.945866498,6.572099277,45.94962326
533001,15.87050075,37.54680685,6.581611701,46.55773675,259.1266697,553.0158814,6.291067624,44.27560398,507.1976529,1204.109877,6.581724471,46.57879997,23137612637,39363126104,5.839302666,40.02241397,8.151108082,12.56642721,5.306472162,34.6530844,3.604134871,9.112675545,6.588776736,46.20088032
533501,15.90403021,37.61870675,6.547403107,46.04719669,284.3969353,729.4081463,6.129061966,39.70387609,509.5873794,1204.649327,6.389411583,43.79214011,26649307903,44845478299,5.449563769,33.99716338,9.482395935,12.2919692,4.182375635,23.89814096,3.590511052,8.749049952,6.49884556,45.07314816
534001,15.66499956,36.11596464,6.575701976,46.69003387,246.0427182,522.0144339,6.245173352,43.3455041,485.2586537,1025.930364,6.502014444,46.77171807,32095991073,36910713009,4.143236919,24.3893724,14.39891241,18.09131428,3.359960457,16.130374,3.372254595,7.387577627,6.534745549,46.57991765
534501,15.85541213,36.6691927,6.560682953,46.51300657,256.0794226,510.1560709,5.771866733,38.19745531,519.9375568,1160.546002,6.47478404,45.73016966,40916465750,54609770362,5.081287725,32.22215397,19.12977869,30.61897112,4.413133186,24.16020538,3.432262161,7.378979984,6.413332939,45.53714289
535001,15.88497606,37.1903197,6.529970787,45.8920917,256.1393877,562.1204307,6.270495963,42.79910846,535.0633639,1214.277019,6.266303055,42.53156775,42330394543,67318331578,4.404413124,20.83521625,17.58434941,28.72307684,4.104033432,20.01154963,3.46220634,8.279396111,6.564611841,46.21855397
535501,15.82252685,36.60876803,6.574765294,46.70865082,242.1258987,528.3239926,6.488330264,45.92022718,504.886252,1097.88898,6.452398877,46.06279378,27868335888,39594197515,4.40297617,22.86656541,14.03135974,18.04288628,2.95908214,10.45593871,3.51019979,8.699949118,6.561675885,45.88935799
536001,15.925528,37.53781921,6.570038753,46.41675352,240.5338528,527.4023941,6.535509559,46.61361806,524.5812117,1274.630988,6.61600988,46.87165373,23564120288,38895394558,5.761483344,39.57672705,15.62921516,21.87622776,3.867753753,19.30696227,3.405442899,8.124576094,6.543330044,45.98606702
536501,15.97446788,37.85860313,6.584827212,46.58016302,249.976849,594.5008258,6.617543212,47.10496445,550.5536212,1386.628532,6.501289007,44.93630358,26467894608,56295772353,6.067228544,40.5336636,18.77931345,27.71049243,3.528961863,14.25422007,3.427656204,7.985447365,6.583722601,47.01005605
537001,16.04873932,38.07955777,6.566980051,46.31660756,268.3045329,652.1537404,6.314224775,42.78184142,533.8966754,1320.784231,6.58225922,46.18914154,25779065715,64834874300,6.342617847,42.69755834,16.43337256,22.43578222,3.488635616,15.56172857,3.537154986,8.369655469,6.378617092,43.63150437
537501,15.92276661,37.22221559,6.55829274,46.31289897,252.5427823,575.7775586,6.531641261,46.16914822,513.0829628,1172.28007,6.479973241,45.38662264,24079260091,53169041854,5.981446286,39.01756529,13.57334216,22.12421439,4.544446086,23.92167821,3.246137342,7.080208892,6.532976865,46.65014424
538001,15.88921454,36.69288141,6.577050552,46.74567868,249.5010015,553.5958379,6.529944613,46.27283165,507.7515663,1077.895698,6.408267807,45.5395709,22409748994,41346200356,5.778720105,38.41294025,7.787404373,10.85732614,4.928933381,31.4302096,3.318066995,7.330416139,6.487304355,46.25688343
538501,16.0148527,37.63369871,6.559076161,46.27577721,245.278771,526.0315939,6.394446689,44.84367753,512.4772552,1149.884076,6.477668527,45.52592178,21453456221,34480372766,5.223349164,32.74595981,6.586803372,10.55990319,4.892662375,28.67005047,3.465631196,8.325659328,6.462478799,44.72554581
539001,15.93001028,37.30183922,6.565228274,46.40269871,251.5860006,547.5993427,6.451140155,45.76621746,510.1069389,1163.507475,6.566908507,46.69701248,20616526334,29735032739,4.676162762,27.11929519,7.171807352,14.39599975,6.307244849,44.34815361,3.336711603,7.954920558,6.564283627,46.2654634
539501,15.9935427,37.46290109,6.587595411,46.76530185,263.1034381,572.7778981,6.143041559,41.1112098,529.5528711,1267.763152,6.601973127,46.83489006,21349034126,37829881993,6.30178382,44.65180599,9.280243247,19.83409183,5.814217099,37.3139,3.329306903,7.782318226,6.574353673,46.62332973
540001,16.08531956,38.2954297,6.560355522,46.19180537,251.9585226,522.8725161,6.251815735,43.86684701,552.9332159,1351.78356,6.488284138,45.00515473,25660396243,52754597957,5.955006239,38.66294005,9.244563937,18.33693996,5.797762277,38.09437796,3.300438765,7.696391879,6.552746401,46.29888119
540501,15.98791878,37.68041594,6.571622718,46.45410632,267.1338472,632.6697092,6.475481622,45.09224567,537.0144114,1271.404606,6.550263378,46.10788813,25107727004,47190870214,5.951678482,39.39681851,8.919615755,15.41599332,5.346043389,34.2171094,3.338235101,7.861180529,6.586455198,46.74918583
541001,15.93159697,37.31013364,6.577195325,46.58439774,278.6308479,683.0691387,6.50750644,45.10027151,528.7603098,1228.264315,6.627155679,47.41589495,29530480095,38509085707,4.853106783,30.58423653,10.14788646,17.09936835,5.29491514,34.09294506,3.34860516,7.886325964,6.456947949,44.75644694
541501,15.90737717,37.26537084,6.562642646,46.36674931,278.3796089,612.8215271,6.320085356,43.55013676,539.8907154,1274.325387,6.466018693,44.91681482,45767129060,48381561986,3.728152957,20.32639897,12.0551589,21.04133982,5.25688886,31.23642597,3.217744631,7.167486352,6.547315967,46.77388985
542001,15.81843224,36.90587509,6.571597599,46.53100551,273.1267105,547.0554801,6.175901803,43.01880001,513.6214976,1157.913868,6.580866173,46.92462515,56860680390,65876330970,3.618852579,18.7540268,10.87942498,14.56546247,5.218301262,34.29028752,3.278509193,7.502675022,6.529527301,46.10768223
542501,15.82008592,36.99174139,6.574611914,46.55905112,279.5713857,599.7863355,6.609212662,47.74448233,523.074817,1189.699372,6.564857904,46.89226047,46381910575,56062864393,3.560310139,18.12573065,11.96070883,15.79770283,5.069785831,33.49559119,3.270855979,7.425338869,6.462481794,45.22940601
543001,15.8493021,37.2515058,6.563494184,46.35079556,312.7458422,754.4373248,6.454253093,44.26425092,538.237077,1324.797731,6.530204775,45.45595161,28478934019,36124975507,4.175155036,24.31921428,13.90188038,23.82360069,5.600879591,35.85925333,3.263425892,7.313530431,6.538087154,46.68134969
543501,15.78144499,36.91661132,6.558651181,46.32692869,311.5285232,713.2891253,6.290353416,42.58620376,525.7077922,1229.371048,6.467771904,45.06093334,25676739393,35451631682,5.069287064,32.67063361,13.02396457,20.10247949,4.443431952,23.7115418,3.33280369,8.034155928,6.571838198,46.24049688
544001,15.71941123,36.54649581,6.576488513,46.64127929,272.0694293,550.8341663,6.359509914,45.13114499,515.4297342,1145.036081,6.440813494,45.57143733,29735252093,44005941407,5.59235134,37.25608161,10.661176,18.31823918,4.443473807,22.50056027,3.378996193,8.227362851,6.566795954,46.11698028
544501,15.79392337,37.04867051,6.56709896,46.42392606,279.5020308,601.6616794,6.318992755,44.47886794,517.6386119,1212.181381,6.569336912,46.51358477,31971712480,51677519476,5.423839631,34.24926514,9.264428605,17.44707728,5.104820236,30.00304475,3.362074597,7.979268918,6.537220307,45.90689586
545001,15.75312881,36.87981517,6.551242899,46.19022481,309.4445816,730.4926756,6.003733678,38.67379659,524.9816706,1237.73954,6.448483001,44.56554692,25236793739,39671540097,5.220708374,32.21444594,8.311624117,15.41552667,5.648584706,36.84912514,3.29380004,7.492378296,6.563159897,46.66936144
545501,15.6903362,36.33103188,6.582601611,46.78316816,277.1856045,600.1125783,6.440698743,46.05368278,500.7480429,1105.325022,6.58087331,47.25735978,22274519630,31064656503,3.732255128,18.39496916,7.669058912,14.06402836,5.96697392,40.97657615,3.322785991,7.663714191,6.583943619,46.92147031
546001,15.85363428,37.25291431,6.556469904,46.26331233,296.8260577,684.2858612,6.333866654,43.62696536,526.4035742,1178.74641,6.420511723,44.94117618,23168452928,38310126023,4.678379339,26.92995198,9.338996119,15.90283718,5.708694631,38.41743971,3.35484118,8.082516465,6.546747197,45.90309241
546501,15.840455,37.13375281,6.558021136,46.27273402,291.7971234,669.7094846,6.481585811,45.60063604,520.1982158,1182.923224,6.477558451,45.52974188,21667737998,37572507368,4.142407158,19.95413466,11.56279181,20.38947865,5.864540215,39.4689776,3.357214598,8.089683923,6.621140057,46.96914879
547001,15.79123651,36.53847833,6.559058217,46.4452796,306.5393617,695.8161665,6.383513413,44.24692884,527.0166241,1189.398252,6.472759403,45.56465968,18190896722,26670171578,3.970532781,19.97583359,13.06227076,23.39479033,5.558809059,35.21888601,3.373685782,7.982402687,6.435462472,44.47716791
547501,15.8288334,36.82861949,6.5846752,46.7549143,292.0815296,616.92232,6.259730206,43.20706739,516.7328718,1200.949281,6.610947177,47.15224324,20083787134,28203888498,5.114479306,33.07705403,11.32690351,18.42557661,5.688362572,38.20239033,3.200575425,6.9781849,6.548318065,46.96638579
548001,16.00678368,38.01145693,6.578794992,46.47773669,292.5019777,601.8359732,6.152653294,42.81289109,540.4774006,1317.334778,6.615070975,46.86961963,23770070361,48440546905,6.244505524,42.05728768,10.47268647,18.38419693,5.881562018,39.95127823,3.306192907,7.496293846,6.533226505,46.4526815
548501,16.04162917,38.34692707,6.575223966,46.37027344,301.321568,685.9322863,6.271573831,42.5351015,557.0142033,1376.292936,6.480075909,44.75388927,23927801757,54024226470,5.2210738,28.68586743,9.614482755,17.24008479,5.787092142,38.1898313,3.416303154,8.094724902,6.4395362,44.50603184
549001,15.93416438,37.8090887,6.585898448,46.59671368,293.5131832,637.1338173,6.49642033,46.2292889,528.1150215,1260.728776,6.618896886,47.13970105,18874189974,32224345520,5.259707917,32.20400333,9.150438088,15.26030092,5.601188947,37.49005835,3.295939969,7.606281963,6.558539585,46.48850197
549501,15.88261133,37.61979578,6.591894008,46.69747676,313.3174646,662.8489205,6.37108079,44.58656758,526.0231343,1284.144943,6.654258493,47.44781926,22991232801,32288841727,5.724609378,39.78995172,9.699523208,17.47544118,5.926476415,40.37583334,3.302656316,7.503943057,6.511459038,45.84976038
550001,15.84704368,37.58120092,6.565209112,46.30215165,327.4471113,697.7559015,6.491124569,45.98662738,534.2401946,1350.901878,6.5233025,45.19730048,27412766242,45434641340,5.554565123,34.83230083,9.565058976,19.16306227,6.028385311,40.49361769,3.290530296,7.205819537,6.5240112,46.4023395
550501,15.66592633,36.58944669,6.549568335,46.19460494,335.0950704,726.8548381,6.40643046,44.8340387,507.2118577,1163.723357,6.427746023,44.59408491,23155936848,31993898730,4.497600005,24.97472322,8.892575095,16.94709329,6.20749193,43.55753579,3.379311796,7.510785391,6.514198934,46.31334917
551001,15.42797367,35.21525387,6.558380426,46.54950636,352.8827661,795.1393468,6.476548834,46.14312161,476.9246584,980.1319556,6.348877648,45.11247666,18926424037,25912375906,3.887737186,19.2245446,9.671912387,18.89322251,6.026339398,41.21207469,3.483554069,8.344577105,6.605752269,46.79632876
551501,15.48945062,35.53586068,6.550220848,46.40478875,397.5665427,1060.951883,6.580834713,45.70758862,479.288727,1054.148881,6.494085576,46.05253166,20347258898,31815927690,4.889551672,29.78213781,10.3480813,22.72784113,6.442684597,44.95207578,3.629788304,9.022077101,6.5390937,45.55357675
552001,15.46426878,35.81595275,6.540347265,46.13645088,424.1891143,1115.618277,6.178191482,40.2917238,488.9079276,1082.709392,6.34084219,43.73743254,23970975272,34974752069,4.372310657,24.64387061,11.32079977,25.07144578,6.158356588,40.99302699,3.555054574,8.554256512,6.592369917,46.59717279
552501,15.52017798,35.95665136,6.56851982,46.58933902,373.6239543,855.1096305,6.519481966,46.6089108,479.9715646,1056.65264,6.452735362,45.7428191,24766009546,38411106164,4.910918084,29.3759534,10.55619798,21.88499121,6.372169402,44.1960574,3.642063382,8.687107529,6.626994637,47.35206994
553001,15.58227227,36.56732243,6.548967474,46.1512831,389.4964512,928.4702139,6.527753263,45.79315609,486.8351451,1103.943303,6.422666264,44.68517645,23302778262,34494407437,4.607373234,25.68357677,9.725011628,18.30625789,5.978572027,40.49557639,3.799991709,9.48433106,6.494104537,44.82430148
553501,15.60645192,36.49048196,6.582099641,46.6799098,384.3395439,888.3802846,6.303199419,42.85203143,488.2398292,1119.144504,6.550122046,46.71949105,24383193971,35103360669,4.723993416,27.0953079,9.325159434,16.29593009,5.57013971,36.73260787,3.591902473,8.257782504,6.460816858,45.03078244
554001,15.70615922,37.0554313,6.563791153,46.32150946,354.5229165,743.7953634,6.36579962,45.33119945,513.0803802,1248.576565,6.496995561,45.11558459,26482739411,40202397934,4.882706718,28.40269083,9.851237765,18.66483667,6.1949227,43.42819388,3.516470653,7.441818593,6.349897514,44.9784177
554501,15.71115534,36.84110497,6.562757278,46.34589303,374.5046014,862.9208936,6.518110813,46.11523998,502.1196305,1193.877522,6.521063645,45.62307302,23595757130,33201744295,4.80900392,29.26215558,11.0524551,22.62973297,5.914508092,38.42178294,3.601270074,8.534008301,6.609656538,47.02854908
555001,15.61041203,36.3266498,6.575516777,46.61385038,402.9384638,918.1456858,6.178648142,41.27913327,497.4166061,1115.467584,6.572798812,46.89227826,21229262093,32510882982,5.315187373,34.19155433,10.58981623,20.2251124,6.342695939,44.40114215,3.775404672,9.583486042,6.512543921,44.97439444
555501,15.39147177,36.51332231,6.635407878,47.19765968,566.0008458,817.0163172,5.996480299,41.8213118,593.7511952,1112.579196,6.501489366,46.09785912,37584975636,30166689980,4.089511069,23.55315822,20.27685672,18.9392583,4.901597193,31.37164846,4.120696737,8.895846201,6.610182718,46.55938023
556001,15.45524967,37.36607333,6.772491614,48.33952453,1178.347114,1009.479719,3.79459678,21.46183011,958.7031147,1196.311855,5.695722071,38.46611893,93508773481,43110377543,0.155663833,-0.432401571,46.09849563,26.72654239,1.304336179,2.867332615,6.09235359,8.081335125,5.943892999,40.79992974
556501,15.94368555,39.93645942,6.778501969,48.03429472,1536.782645,1176.102153,3.000010068,14.94822034,1221.869969,1383.313279,5.040217393,31.37769901,1.34947E+11,61473826585,0.003957363,-0.749325297,60.88738512,32.36973754,1.107147676,1.78951376,7.467848517,8.427605924,5.568089871,37.72362291
557001,12.31955944,31.45023368,7.056957549,52.36974738,1142.380528,910.4629468,3.798232029,21.91315455,894.9915244,1061.494145,5.325072192,35.02455647,1.08374E+11,50900639663,0.053468805,-0.443124468,42.47446566,22.87161603,1.310894004,2.767046831,5.531057383,7.014601249,6.079173006,43.3627027
557501,8.296083168,7.542706278,3.89282203,20.4162417,1019.136355,552.9537623,0.590102338,-0.512714389,859.2608942,385.5223387,0.219083015,0.01777956,60829152800,29040368600,0.322646662,-0.462660732,36.1722754,18.6115364,0.842369846,1.35976179,3.919385595,2.323257461,0.892127933,1.304859117
558001,15.95665565,34.46512019,6.427867906,43.18322073,1773.844233,1196.475139,2.55660931,11.52891269,1471.736828,1236.580887,4.964484743,31.1324237,1.03286E+11,48366976130,0.516065721,0.275183061,61.68662667,32.03888979,0.835216925,1.033156575,7.088180818,7.598299442,5.018954834,30.80040224
558501,18.47732899,44.24129335,6.062745963,38.30189926,1618.750323,1270.149855,3.79372943,20.92791055,1374.628231,1500.310644,5.5670519,34.95580741,92292322718,48696257181,1.257480076,3.752937142,54.62918189,30.56103234,1.257317681,3.057061683,6.928413942,9.354963465,5.398869334,32.92732874
559001,15.85833066,36.79897599,6.633587373,47.20789314,871.9423944,1077.791127,5.953826985,41.28557204,792.7860855,1227.519558,6.585246354,47.41470041,41682509974,28618812829,3.582683737,21.30155452,25.85321811,21.36392703,4.138082149,24.36945853,4.259506931,7.37108051,6.37844401,44.95763271
559501,15.80618728,37.1872225,6.587670823,46.69264608,525.6670497,1118.189489,6.461959857,45.49846101,575.1580622,1293.749904,6.605357595,47.24546391,19198057044,33673750469,6.263356996,43.5372333,10.8251103,20.90063603,6.468270239,45.60534085,3.327836108,7.247719102,6.546417996,46.8383768
560001,15.92390908,37.55285849,6.564388153,46.32562803,531.6620702,1208.380996,6.498309557,46.32024204,585.4140404,1406.038415,6.539897746,45.80898316,17892698604,37848365502,5.321306475,30.59742719,10.34352496,22.61306893,6.324741578,43.41738076,3.421589586,8.007635839,6.595985179,46.95415778
560501,15.86961365,37.28580569,6.580852562,46.60754749,575.4706538,1532.62574,6.582914057,45.7051385,580.4333516,1372.155058,6.55035172,46.1317859,13629626763,26251442417,5.671873716,36.85302798,9.547104684,19.76171761,5.966954654,39.90719682,3.551163423,8.883868229,6.544955902,45.57628302
561001,15.90349383,37.38711543,6.562113729,46.33531156,605.7981729,1564.423918,6.25489039,41.38196555,582.1800516,1332.12602,6.507414325,45.78866617,12632344476,26441657275,6.262715377,43.18227573,9.154202804,18.07854319,5.760821251,38.27705689,3.514115563,8.638053556,6.54732459,45.74876997
561501,15.8280756,36.95367372,6.566158278,46.43927781,513.495593,1094.685054,6.500862642,46.40037152,568.0327195,1267.501767,6.551159533,46.62340897,12657120609,24631347000,6.292733553,44.37191051,8.757266561,18.65778052,6.380044894,44.98097864,3.389733282,7.78385094,6.547031949,46.35014369
562001,15.82922826,36.74404303,6.55979468,46.4316144,530.2081905,1090.990571,6.137899828,42.56390471,585.9952596,1315.336962,6.498017656,45.90783939,13103992445,25003567464,6.145525805,42.5556833,9.081067296,20.27900778,6.38022197,44.36991431,3.395852047,7.635333237,6.554447811,46.85383073
562501,15.82355583,36.82176782,6.56040694,46.38643618,554.0180729,1293.849282,6.3140131,42.82931745,581.2327017,1322.220902,6.46554252,45.16680825,13312210625,24807556244,6.221305655,43.88167389,8.985490225,20.33030308,6.52274694,46.0576551,3.463582263,8.176546047,6.500204074,45.39123054
563001,15.84081248,36.91493716,6.575333924,46.5982924,520.1825429,1189.033786,6.59206327,47.08152667,577.2679372,1287.915198,6.558996255,47.0213062,14774221514,29166493583,6.277733369,44.31839827,9.152624046,20.76648819,6.573057099,46.93002985,3.414873827,7.873244083,6.550891777,46.35667232
563501,15.90923276,37.46256134,6.570944723,46.4609262,540.6547873,1270.240364,6.510769031,45.77711015,600.6629106,1459.827348,6.596411921,46.54768736,16999703401,36384577825,6.197004172,42.22342321,9.719113659,24.17647492,6.551889671,45.6604674,3.463748328,7.906005425,6.525945477,46.12493435
564001,15.97668112,37.92212033,6.584992183,46.56367264,533.9101008,1270.528637,6.482430097,45.03154597,615.3478521,1546.734669,6.559466284,45.70503146,18603047483,39255514834,6.238009575,43.11471861,9.905206878,22.08568361,5.876876922,37.87131163,3.42839473,7.90036611,6.560276762,46.44630829
564501,16.00581354,37.83342902,6.552919178,46.15390672,513.9239379,1146.564629,6.542602262,46.57054452,606.1022259,1448.838671,6.510661914,45.49218204,21473434243,45447133845,6.202771635,42.40389095,8.927132251,17.12061966,5.793204433,38.56835024,3.469048031,8.056828667,6.57913962,46.83818665
565001,15.8650216,36.77913138,6.553627903,46.33159774,517.6565008,1172.240391,6.568741493,46.71078039,583.9095375,1291.421042,6.459792983,45.43175812,23331837127,45133523773,5.682402606,35.90290159,8.859804438,18.75376413,6.479856808,46.1434125,3.574297481,8.959145784,6.683258429,47.62405434
565501,15.76578043,36.2453677,6.582690288,46.84989124,524.7187308,1176.681302,6.340749522,43.58848871,568.9772058,1201.117295,6.519705419,47.02138538,21927033077,35224074641,5.394359255,35.34067666,9.479090266,21.30287131,6.446355991,45.05677121,3.821043602,9.892646871,6.381750569,43.02803926
566001,16.02851036,37.76535245,6.566108367,46.37643026,501.3188281,1062.036991,6.354250779,44.71762338,612.0175086,1425.029666,6.497356937,45.49579492,23194429257,44047365411,5.931650435,39.66152604,10.26848899,24.6936807,6.585681343,46.35227857,3.396543049,7.449916368,6.446614925,45.42774578
566501,16.03453645,37.71263432,6.530080551,45.84697004,497.3474345,1037.728666,6.28657004,43.89458589,632.6692641,1377.59779,6.0485144,40.30791795,23381195012,41948280501,5.300610122,32.84688194,10.76392588,24.73124134,5.801367855,36.43236905,3.513879357,7.308636816,6.019522172,40.92010498
567001,15.9207013,36.56050648,6.565056627,46.66225597,503.3627178,1050.399479,6.36015305,44.89445259,618.4575881,1276.985174,6.029818851,41.15500468,24032217539,39131475276,5.448877636,35.36615013,9.278278264,19.19652887,5.912487933,39.38938897,3.622516211,8.698225763,6.421549903,44.10661863
567501,16.03959427,37.54097851,6.571157098,46.49690631,518.2713954,1154.245676,6.580381009,47.06256777,630.8297544,1513.521756,6.521628519,45.55768227,26374809708,39935396653,5.626164892,36.70289202,8.977758998,18.9598004,6.33749845,44.30296626,3.446093224,8.215966004,6.543509016,45.95707091
568001,16.14963794,38.11884077,6.564643241,46.31845647,558.114454,1375.28132,6.585881771,46.16448457,652.0874019,1621.955554,6.598930586,46.42248936,30466184673,37453093838,4.495421402,27.57113584,9.8521676,20.81063362,6.333382481,44.60218784,3.453229107,8.048210825,6.552334654,46.49998051
568501,16.13765222,37.93093845,6.571640421,46.47667621,572.3787853,1427.817638,6.503802374,45.03972384,670.1238922,1655.884082,6.521534959,45.30799007,35468559497,45134644819,3.70023513,18.84406404,11.40934358,22.63235842,5.891516874,38.44855673,3.426161729,8.131147185,6.524315653,45.75777391
569001,16.17159376,38.08065746,6.590022412,46.71931295,559.2378472,1362.568955,6.563908119,46.16073736,648.2759233,1501.393824,6.59241419,46.82522391,36667887180,51419849698,4.485597522,25.3897004,12.08363641,20.95242283,5.859521308,40.01065063,3.428142562,8.13686787,6.589466932,46.73858286
569501,16.25042432,38.60397253,6.573433146,46.40571566,539.4422219,1264.705664,6.515209982,45.68335752,657.1499924,1490.99689,6.561431764,46.86383599,34930559671,50302898237,4.935453618,29.21710224,13.43209499,25.72332072,5.988244483,39.89116955,3.424975369,7.942825918,6.389585873,43.94793274
570001,16.24029648,38.52326688,6.58112201,46.50937864,533.9512667,1171.763659,6.514177109,46.31537346,668.5988135,1641.295878,6.58944898,46.3093106,30301872333,46393893950,5.226621027,33.91058005,12.18994269,22.00505776,5.864843233,38.87335198,3.223703462,6.940622043,6.481237718,46.3784828
570501,16.14590654,37.88276486,6.558349436,46.29450887,523.4826087,1164.591404,6.500779662,45.76069469,670.1284763,1611.741128,6.495137941,45.17616333,30863032964,52976994766,5.218972245,31.76049514,11.75333265,20.44690704,5.621682257,36.9334546,3.292226096,7.560123822,6.544265608,46.3270811
571001,16.06575558,37.35095514,6.580298157,46.71773853,508.2093317,1122.809738,6.519779133,46.30971456,645.5162432,1484.245744,6.565604987,46.73577888,33567401499,49437602479,4.43152276,25.15024633,12.50380601,25.38109189,6.039126287,39.77015736,3.344756621,7.81407091,6.471180984,45.07525953
571501,16.09122031,37.79725261,6.560580707,46.30083431,509.3108585,1172.289787,6.549774864,46.53697893,640.3533897,1506.206354,6.570807593,46.43377677,47387003300,61518814526,3.908186178,19.55687932,11.40100209,22.00763465,6.165485902,42.27339494,3.285424215,7.541899782,6.550945119,46.50043132
572001,16.02741254,37.49072337,6.572480387,46.53130834,519.1963155,1242.123034,6.439550642,44.44384628,636.6987199,1471.854453,6.48650838,45.43405752,56200364552,65577546172,3.742310736,19.66598918,10.17556101,18.4934272,6.065360613,41.98383656,3.289562818,7.736101547,6.562189172,46.29762092
572501,16.06022274,37.62922032,6.556596775,46.2930866,505.5326332,1131.813576,6.514935605,46.27187225,622.2486774,1389.104649,6.495261485,45.86973964,50358452522,61609498621,3.907777581,20.3000464,9.886190516,18.44234126,6.099075285,42.72744243,3.288661266,7.581404249,6.473306485,45.23263756
573001,15.91470004,37.05650838,6.566167679,46.45494145,519.22647,1126.978357,6.330007604,43.96143332,605.3994323,1326.375056,6.553987198,46.88459218,33468069029,38950636970,3.368757337,16.96538765,11.39634536,21.11533771,5.956060883,40.0236942,3.199726204,7.035670358,6.55349607,46.92733823
573501,15.96838816,37.1606189,6.58360188,46.76418104,501.0845502,1077.313185,6.524425083,46.72150753,638.3690561,1482.265819,6.574212543,46.80065056,29068031043,40517650742,4.675917051,28.56448862,13.66266256,20.96117542,5.769138228,39.30340804,3.318936756,7.681481766,6.576606244,46.82137971
574001,16.07857725,38.09102995,6.551351125,46.10273108,522.0847819,1180.380657,6.476035517,45.4628214,685.8619701,1614.899146,6.227650934,41.7337318,31764387119,56911496249,5.272576937,31.14033542,14.5080601,22.15563196,5.31360014,33.57204986,3.467414143,8.407656057,6.487062617,45.00911374
574501,15.97763584,37.3626137,6.563592582,46.38749975,517.9271363,1199.405264,6.551532991,46.22927837,623.3412514,1338.27532,6.454130419,45.85067027,23449542043,38431923040,5.174149083,32.17440634,12.8041134,16.97721481,4.81957093,30.52216495,3.388877107,8.133714847,6.566467664,46.23824221
575001,15.95471103,36.88955428,6.563784604,46.52355756,531.1811422,1229.450774,6.595036511,47.04466007,638.2401822,1386.295772,6.511084186,46.77103578,20737868188,27121430934,4.094295959,22.81938702,15.53658521,20.23721139,4.183634998,23.35594106,3.310298976,7.668950757,6.549435107,46.25941868
575501,16.025964,37.28748594,6.559215958,46.38134305,560.1854739,1369.057128,6.536072926,45.5564039,687.9913343,1694.993695,6.495596408,44.98863409,25593843334,37663831142,5.003382008,30.64484546,20.74464783,27.49554859,4.658918635,28.08060291,3.330860213,7.549771625,6.564637305,46.84888928
576001,16.02927791,37.41950107,6.568906472,46.48070325,567.0859386,1255.649733,6.295636122,42.98718251,691.4772173,1633.200214,6.470856291,44.99179578,32336705307,61686405167,5.153029127,28.71909008,22.30498404,31.20357583,4.362672222,23.58539961,3.386604911,7.955752715,6.493523169,45.36657688
576501,16.11877674,37.86138446,6.583097521,46.65681484,546.6748601,1091.066675,6.243150629,43.93980755,692.5614458,1585.304784,6.516810434,46.42795209,24629067515,37012539191,5.586782563,37.38169927,19.59986229,25.67886425,3.881252726,20.88896677,3.317627084,7.627881733,6.573009771,46.64573802
577001,16.22634295,38.70786219,6.58315702,46.50095956,548.2927102,1175.756068,6.431491213,45.22001733,707.8274685,1796.550433,6.581291436,45.98443047,28944960417,42529418977,4.62602642,26.38632456,18.98211999,29.8604541,4.572879138,26.17531966,3.349731474,7.763291513,6.596856801,47.07611145
577501,16.24875811,38.75313007,6.572212717,46.3455317,560.0761995,1253.984817,6.548845222,46.58067324,705.1125946,1754.839824,6.525094267,45.35268703,36361127731,67418769237,5.517335741,33.86883821,17.51916724,24.92757963,3.98139544,21.3983521,3.441456698,8.393660159,6.557968216,45.97293627
578001,16.14369199,38.01544547,6.577053957,46.53035627,578.8062397,1364.689437,6.511998665,45.66180955,682.9060273,1612.916662,6.597021547,46.91458277,34175582224,49869307722,4.18568733,22.07396332,20.18437282,31.19077604,4.698352645,27.68139286,3.42898172,8.226064161,6.536246527,45.76492249
578501,16.08423151,37.50842884,6.557820575,46.34019736,593.9277419,1478.938672,6.700004474,47.87949102,674.4522011,1561.47196,6.46113776,44.95983711,35975631280,45676858162,3.393377333,14.80447855,21.18697993,39.43155492,4.807976871,25.71907079,3.34390819,7.594835525,6.537794654,46.36302907
579001,15.95556865,36.93317689,6.576283809,46.67124901,637.9043182,1630.848766,6.456178041,44.16141983,642.3179308,1363.452937,6.528303422,46.85199374,40171893285,49026786911,3.797250536,19.97930689,14.9268683,25.78651264,5.460065434,35.54103944,3.364100692,7.675932664,6.579874655,46.98427318
579501,16.06583696,37.62002001,6.569242089,46.48495778,605.0675529,1495.008797,6.62024262,46.73981787,668.5025283,1491.491897,6.497024665,46.21808877,38140243551,49439933999,4.170916684,23.43108031,12.65468863,25.06099467,6.359112747,44.68051708,3.428431329,8.152497661,6.49400478,45.26829279
580001,16.04177655,37.79200926,6.555754947,46.20436602,590.6852409,1361.839535,6.40170805,44.1554522,703.2190846,1680.224192,6.389585596,43.79786584,30406900565,38256227005,4.076033841,23.09523511,12.17632974,25.08289357,6.288156877,43.67211738,3.35576197,7.840688228,6.606301996,47.03484808
580501,15.99789368,37.34062055,6.57439458,46.59109846,551.4653069,1109.096391,6.379216259,45.64904325,672.5243301,1594.929993,6.586382746,46.64595709,30651993753,41930971368,4.19750398,23.04467116,12.1640817,24.9630319,6.360415429,44.73929498,3.418047585,8.105507509,6.573489074,46.44007894
581001,15.95809184,37.42574778,6.566975054,46.42043811,580.0680392,1271.642426,6.43024148,45.71499591,664.6049836,1558.258922,6.541749509,46.05351633,37039300461,46837281935,3.809835857,19.28339054,12.53304671,25.76099817,6.335285448,44.00479292,3.416441593,8.032130233,6.509944934,45.56358139
581501,15.96806207,37.52081637,6.584768053,46.67204209,640.2143746,1602.778073,6.304455107,42.29561061,657.9385265,1503.802206,6.563212666,46.68675942,45424073970,50450050213,2.846791931,11.90488766,12.81393179,23.98327907,6.2220454,43.41852564,3.346586094,7.562572329,6.548712142,46.60596585
582001,16.03418107,37.97654955,6.562548373,46.26234427,588.1217768,1349.765969,6.436698313,44.86995919,665.9682437,1564.289142,6.590918495,46.82693956,56114455438,74549328745,4.824286009,29.4882204,14.99033281,25.31251466,5.798807299,39.76125799,3.376819056,7.865687745,6.606229926,47.10186241
582501,15.9125715,37.15483849,6.546714002,46.15906742,595.1674506,1292.875582,6.235820809,43.28080412,681.349589,1647.962931,6.491349376,45.09415723,53021674137,86128701527,4.386869877,21.289578,18.48297874,35.78261033,5.910030529,39.41449166,3.479727168,8.408424968,6.50338307,45.2276555
583001,15.74409582,36.05816985,6.56786301,46.67406447,591.1309489,1369.420707,6.461761408,45.10323795,648.9057309,1480.133839,6.559749806,46.58136835,34750288284,52019897187,3.903939931,18.84481467,20.3760163,41.78723007,5.361182032,31.38734083,3.365750882,7.714694022,6.53548965,46.19742696
583501,15.87288655,36.97089737,6.581992931,46.71864755,600.2373909,1445.312074,6.586944402,46.84337147,670.5739382,1541.988309,6.523011009,46.48156752,30148448879,41194121136,3.474514643,14.83779101,14.40979027,24.26706619,5.949360922,41.03568261,3.438275226,7.694037926,6.481495537,45.92866004
584001,16.02691513,38.15187365,6.547469978,46.00407391,627.6726086,1569.71917,6.295486792,42.27844561,708.107855,1776.074034,6.427384911,43.9141957,40475013074,69666925695,3.824053037,16.02785036,12.42882628,21.23448594,5.987818871,41.66580505,3.473105487,8.072842989,6.506587599,45.68653404
584501,15.85525385,37.17236978,6.568869613,46.45009265,570.457014,1305.104441,6.479844153,45.70660468,658.7442662,1567.240446,6.497737196,45.30882366,34169959797,49187782029,3.71031246,17.23889989,11.44775703,23.17472459,6.265029368,43.02433922,3.507638459,8.252848529,6.564445433,46.42362853
585001,15.86734657,36.94202618,6.579888619,46.69862372,560.7841447,1203.382515,6.364813957,44.64138212,635.2800223,1378.79593,6.477850841,46.12897554,26543858378,34565326349,3.667288424,17.87183177,10.23949425,19.47411079,5.892674098,39.07154606,3.459071846,8.293385828,6.568207136,46.20956994
585501,15.92028985,37.41808644,6.555980761,46.23280233,547.731172,1190.212552,6.518588755,46.4990359,631.6294045,1391.78181,6.504769172,46.11737485,27272733984,36840149783,3.917332576,19.43513767,9.381898215,15.44252787,5.389984138,35.11213844,3.470737084,8.311104831,6.649396353,47.5450656
586001,15.87461767,37.03460631,6.565900476,46.45721935,560.4409632,1224.777106,6.320024083,43.5913475,637.2321907,1441.179423,6.535072186,46.29786533,31678037018,46991947452,4.49037396,25.57961565,10.22640346,16.7308902,5.879745873,40.61388984,3.560225355,8.748283662,6.477924202,44.78820232
586501,15.87140992,36.92760113,6.559094188,46.3814875,546.5502922,1158.354561,6.417655979,45.64699528,640.8812284,1488.700648,6.527302835,45.98303873,32560005797,49464027699,4.983593861,30.9027906,13.29084683,20.4440898,5.24950366,34.25944999,3.433010583,7.92899936,6.572639463,46.62199491
587001,15.85665383,36.86325377,6.569925528,46.54624593,558.8258498,1290.241689,6.572498794,46.66789633,642.630507,1539.554393,6.667760466,47.75910226,33798104102,45906918321,4.297790383,23.60896821,18.26914657,32.62412985,5.488392734,35.58960181,3.411496543,7.55526458,6.449766551,45.35760827
587501,15.95463384,37.45204641,6.576652704,46.55746496,576.1139485,1425.932125,6.548048866,45.68438312,674.5315651,1713.740715,6.552147093,45.55812996,34416255887,42311790116,3.684176042,18.36048176,21.81085009,45.19464493,5.25470926,29.57922809,3.338450799,7.348587829,6.555064234,46.95055965
588001,16.01761437,37.85650351,6.566214404,46.32770087,566.7349162,1401.129617,6.609686433,46.76080379,664.0659399,1588.533503,6.484971426,45.0944122,34893351509,55402900389,5.352361609,33.99121189,14.06335659,22.13069977,6.0002759,41.92943202,3.438084504,8.133119285,6.59092334,46.73569608
588501,16.01241825,37.58933408,6.570488175,46.46162124,578.7858899,1463.993261,6.539070226,45.45112583,643.5560906,1430.101554,6.45389655,45.5135779,34387966877,55141257862,4.590661613,24.44970464,13.49390786,20.4628262,5.296356103,34.22339673,3.544725404,8.729972675,6.524889947,45.38258557
589001,15.95629818,37.24727727,6.570751108,46.52594104,563.6557596,1234.215997,6.077271855,40.81927,618.3554002,1323.125225,6.469283289,45.95658864,33688935208,38871925102,3.399512841,15.8398929,13.46679042,20.61096018,5.442167196,35.78529561,3.440637244,8.154613986,6.547526483,46.06614193
589501,16.06016561,37.78474362,6.588422645,46.72023641,538.4789654,1069.890103,5.733834076,37.45623922,647.4310874,1438.319233,6.451036052,45.76891568,46943525670,53773183892,4.059630034,23.23912803,13.88481112,19.89160389,5.143864874,33.43611419,3.437661522,7.826368329,6.558730227,46.66244793
590001,16.10674151,38.27221522,6.546848048,46.01285753,512.6348421,1035.426902,6.214059054,43.43459644,689.7717962,1646.879699,6.333624915,43.0379359,57145992262,69151219222,3.202968383,12.51213196,15.23416979,22.92598723,5.340981411,35.59989,3.44147002,7.819840864,6.464947862,45.24216913
590501,15.97993243,37.37442174,6.584618105,46.7182474,540.2948096,1175.841245,6.298997129,43.86118535,647.428277,1520.194898,6.621228587,47.33722015,51757832499,54347758416,2.456293064,7.949234633,16.40454664,30.93234697,5.651848943,35.98039463,3.388217824,7.538534647,6.552303158,46.90446607
591001,15.99944563,37.52263133,6.557404632,46.2845918,546.7152788,1295.364922,6.485043676,45.22044694,665.8291532,1628.317263,6.591375541,46.43082403,46199823105,51057813392,3.176901644,14.1042124,13.92498898,25.99329758,5.891702642,39.01519795,3.510694184,8.486634864,6.641788521,47.30933595
591501,15.88366404,37.01560315,6.574604932,46.58288259,559.9901956,1332.173381,6.469801531,44.81901667,666.4829468,1586.045961,6.462448628,44.82883439,39945226951,44745606134,2.699830278,9.848965391,11.48844424,20.67191315,6.092457464,42.04803744,3.706667653,9.366604798,6.46465471,44.32762518
592001,15.93556021,37.35475404,6.579286949,46.62950438,534.8799605,1155.947126,6.38394118,44.61238797,641.2840427,1449.885587,6.531829739,46.47531325,46116985707,57168232577,2.265148993,6.333786602,9.486011565,16.85703244,5.907688653,40.6053697,3.457876256,8.178628391,6.57831029,46.52393727
592501,15.97763356,37.89613062,6.561711459,46.2349415,537.9977028,1106.207987,6.202477984,43.42702881,629.7801567,1480.544706,6.586577946,46.64313007,61452513797,83283507268,3.910076416,20.54577876,9.778832774,17.97789281,5.553817702,36.17368351,3.496768569,7.931580442,6.533921593,46.57731745
593001,15.85041625,37.1223918,6.565348945,46.40178393,546.3972472,1324.137797,6.646883134,47.31047897,623.8015496,1472.272423,6.538962034,45.95264301,67637361979,99092543774,4.280351668,21.34876496,10.32067072,23.14791332,6.238417167,42.57595445,3.500031442,8.351996501,6.490638357,45.10858923
593501,15.76339755,36.60277005,6.574508027,46.6330028,599.5027734,1573.263051,6.508306446,44.71046867,612.6288791,1418.623524,6.562108295,46.44191235,44605877395,42117321927,2.678420813,11.58860224,11.10062341,26.68486477,6.209103504,41.49031356,3.371395512,7.655194285,6.54951242,46.48373564
594001,15.76167146,36.96990947,6.576693546,46.56581208,578.2343699,1380.798792,6.353096847,43.37351349,597.6142604,1355.751634,6.522941268,46.12157087,43422897833,50314581190,3.471148069,16.18488997,10.65587919,20.19521809,5.851207205,39.16196493,3.401491456,7.63616897,6.516327988,46.26496816
594501,15.78624481,37.35726755,6.574743332,46.44269521,559.1518591,1234.842658,6.194962229,42.66242433,602.6026332,1378.681412,6.567265906,46.82524334,43650814181,64758786482,4.816102825,27.16966843,12.27251222,22.15454196,5.174967181,30.10209075,3.38918249,8.025164364,6.580377367,46.47411179
595001,15.58141006,36.98157714,6.583381716,46.51484777,622.1857773,1356.834196,6.505177494,45.37354678,643.2421513,1447.354633,6.493620398,45.172999,37652136606,40832138965,4.164055352,22.8031091,17.7727209,27.44211401,5.864495036,38.73649731,3.400502877,8.024979418,6.56211215,46.18307674
595501,15.34942365,35.94083132,6.686112886,47.695106,1155.760207,1261.492903,5.798614938,39.03104406,1017.478859,1341.155342,6.136850398,42.85035634,90395082140,50205077126,0.888786881,1.089735202,46.79509014,32.50339365,3.001905708,14.22478544,4.139591193,7.767193656,6.520270233,46.16048148
596001,16.22290879,36.75297594,6.718721159,47.64600592,1955.197804,1207.99423,2.908213387,14.52327699,1681.032778,1434.425569,4.440536485,26.83994487,1.64387E+11,88758026240,0.925130014,1.128894987,84.59866077,48.85574562,1.005218814,0.922106986,5.82281996,7.900985405,5.867217964,39.63296593
596501,15.44126856,36.761341,6.890789367,49.98042971,2001.119453,1233.841011,3.137251736,16.70920631,1703.985999,1418.834711,4.462411001,27.64142241,1.69156E+11,88906528483,0.891459427,1.137137547,85.31001413,47.75935378,0.9393104,0.67191926,5.793920368,7.758530084,6.013852134,42.05314713
597001,9.840922137,23.40987093,7.023120033,52.33528896,1103.449713,825.9356735,4.406939346,28.16169718,932.3516282,902.9278916,5.022852085,33.07232442,89819074027,49082005848,0.927675911,0.959556191,45.57269176,25.85791834,1.096522152,1.835246631,3.292888226,5.031332176,6.448483286,47.00592096
597501,10.88059556,15.01559242,5.248050621,31.60492221,1376.986566,682.2767678,0.618008683,0.27817038,1245.964899,751.1849494,1.615135346,4.738787758,2.58544E+11,1.23879E+11,0.129960768,-0.65775357,67.2476672,36.80450685,0.580071259,0.010745597,5.608382024,3.396815711,2.408702374,10.311727
598001,18.11627954,45.98064229,6.310440355,41.25574724,1849.190633,1370.179382,3.680835788,19.58074103,1779.816532,1852.71152,5.186005137,32.02346881,3.15658E+11,1.49481E+11,0.081184938,-0.571713766,85.52641234,49.24580621,0.758464348,0.517972786,8.031079674,9.417096581,5.638489833,35.55795107
598501,16.82038031,39.15545368,6.336112188,43.20792355,1328.49009,1242.386193,5.073939344,32.04520577,1319.186825,1656.457404,5.762683578,38.27503875,2.02038E+11,1.01333E+11,0.377919434,-0.054072822,57.86182749,33.95992832,1.040539574,2.194993496,5.898159672,7.855159867,6.118538689,41.76373188
599001,15.70418314,37.43093046,6.618871101,46.92497325,639.4206543,1197.050823,6.565419895,46.32454915,756.5981898,1570.572092,6.503463365,45.39424558,70670415234,57153658441,3.566072627,19.26087203,22.73394401,21.60617655,4.778654016,31.18525996,3.633556007,7.47052056,6.629411454,47.51190582
599501,15.93542122,37.25455764,6.583689907,46.70448621,493.2706093,1181.73164,6.521894704,45.53757916,649.1255705,1443.114407,6.55283385,46.83111017,44897098611,59902464005,5.079285077,32.71888173,13.58742399,23.90894,5.860711411,39.68564264,3.365043411,7.693685753,6.492367612,45.61158679
600001,16.03196835,37.58835696,6.546098463,46.12474785,463.5985336,1006.574962,6.446571795,45.4200091,657.3902028,1482.912516,6.487822903,45.65722932,54408582193,96707810841,5.802245766,36.77570474,13.92792052,26.3950991,6.200607231,43.5763126,3.365329874,7.633121692,6.545102789,46.39370757
600501,15.95756353,37.02263895,6.572295512,46.57641199,471.5718256,985.1646818,6.235355212,43.57393484,655.2307489,1473.8006,6.540437837,46.36721119,45600903917,72071146387,4.203327596,19.50663519,16.0722647,34.38881067,6.356658111,43.91545895,3.375757069,7.669204342,6.528886577,46.13843235
601001,16.01037198,37.13526694,6.556083525,46.38354604,491.4743912,1147.525112,6.464097952,44.97550738,667.4961342,1530.02303,6.551902087,46.46204748,31981234127,48154669054,3.954166472,17.93370805,17.92118017,39.50332553,6.001562347,38.97824626,3.420047258,7.889666298,6.600215259,47.15130467
601501,16.06760398,37.561968,6.580059108,46.6327096,479.8767485,1103.722378,6.35104525,43.54425178,672.5777971,1575.299189,6.520018326,45.77957292,27862828076,45655160837,5.57122843,37.5210468,15.32064352,29.32670383,5.956921146,39.50874591,3.537622547,8.671674486,6.56017652,45.9286006
602001,16.19710261,38.32440142,6.574350958,46.44622501,474.8545679,1019.01213,6.411465014,45.74135502,684.5027146,1632.866494,6.65323762,47.65158633,33741869346,68510744839,6.412641451,44.88777061,14.38869922,26.66987917,5.335223134,32.88822893,3.505250817,8.439922731,6.571144611,46.27600865
602501,16.22480422,38.45080958,6.571868608,46.39887654,504.7630877,1192.297627,6.361818129,43.53994886,716.2713687,1774.794996,6.44326307,44.28244333,42613944192,94205869592,6.188138953,40.82952588,14.51519533,29.53119839,5.49604952,33.82502272,3.545727204,8.381054546,6.589465532,46.81000249
603001,16.20478661,38.23207223,6.584580018,46.62565832,483.9636314,1124.318848,6.531981093,45.97317962,689.5255001,1669.719905,6.654310791,47.43280884,43423907940,91699111963,6.066927776,39.95555196,12.8912928,24.36972956,5.870839824,39.50558536,3.550251851,8.567332745,6.51480247,45.38954594
603501,16.24540895,38.26988424,6.563140987,46.31903163,475.3157813,1053.599337,6.495171643,46.01631297,695.0051443,1639.780315,6.450447567,44.72444847,38347850146,61165977329,5.060465383,30.24327674,13.13770999,25.92970095,6.384838489,45.6041682,3.413404113,7.736173623,6.495656814,45.70602224
604001,16.13209399,37.56993339,6.562794952,46.40918282,475.7737764,1117.591335,6.605763316,47.19533493,664.5685425,1464.490081,6.52336702,46.4375684,36504001039,44712596641,3.486782596,15.39517416,15.78767393,35.16682917,6.2968039,43.38540643,3.375603261,7.261852142,6.476144948,46.13927651
604501,16.08964913,37.22895204,6.573634422,46.66853878,500.5874699,1233.76245,6.405399353,43.84541106,658.1297437,1461.77742,6.557947906,46.97803712,50004990489,53813070772,3.270381608,15.87561826,17.72942856,38.29844019,5.570707089,34.40514882,3.428495392,7.663143297,6.501897991,45.90941384
605001,16.21810788,38.28888596,6.583810347,46.61768329,475.498559,1142.364419,6.542869566,45.98125946,690.89489,1682.864461,6.612243712,46.7728013,76506145012,1.08814E+11,5.378648477,34.47386344,16.84758097,32.04283536,6.000028281,40.77749239,3.430499682,7.836787852,6.540600456,46.26372767
605501,16.31290331,38.83728348,6.54204531,45.91346448,465.2509384,1029.097267,6.357579179,43.96299909,729.4339133,1729.621507,6.218888289,41.55316362,99755900050,1.57398E+11,4.946400561,27.41137522,18.66013419,28.02891428,5.302187543,33.92082826,3.507723427,8.245362811,6.603670188,47.04684065
606001,16.06399676,37.22996125,6.573837854,46.63209513,449.6495599,876.2949056,6.301327632,44.79871543,651.6366574,1371.790975,6.425544519,45.88651384,86012033706,1.03795E+11,4.444729917,27.25839803,20.91014725,25.5490983,4.313552538,25.03653814,3.644025347,9.094647489,6.59376213,46.36616206
606501,16.1790087,37.49729499,6.567927468,46.58688167,453.5987025,953.5338173,6.470300939,46.11670376,675.3759741,1502.522769,6.500265682,46.390746,84787720778,1.27328E+11,4.761547971,28.10688524,21.6696991,31.9865736,5.687894949,38.40977025,3.741993507,9.443362509,6.498618683,44.83075733
607001,16.20822371,38.20712075,6.563730186,46.30864237,460.5564481,1093.681074,6.431299043,44.24041185,725.6738582,1799.497232,6.449918496,44.29242216,82712065044,1.05433E+11,2.777051078,8.351058151,20.72459149,40.53616946,5.904895594,38.03989034,3.51976263,7.784377606,6.449845969,45.34278356
607501,16.22169036,38.17903085,6.567750096,46.42393508,431.7397506,968.2621856,6.392765166,44.34467707,700.4471287,1704.770031,6.478988131,44.82509708,92686039634,90711542645,2.479730118,8.073370372,15.50569846,31.44220646,6.335989422,43.75028703,3.62715069,7.704247784,6.192476506,42.9795756
608001,16.14788767,37.93961789,6.5700363,46.43805714,421.9545,877.2574861,6.25317928,44.03044008,655.8826891,1439.513208,6.519566459,46.43976829,1.05753E+11,90885709837,1.773867513,4.444657113,14.64104822,27.20046713,6.15983958,43.05932053,3.733962017,8.925062989,6.424240064,44.20116256
608501,16.14167988,37.74481453,6.575569351,46.57919966,436.9216533,1052.305887,6.628661556,47.1797848,669.8649103,1465.203485,6.447159645,45.81358294,1.03955E+11,98023800850,2.297987811,8.240683532,14.7539654,28.79928115,5.967554846,40.08483989,3.613328244,8.72831293,6.633169036,47.12626867
609001,16.13532791,37.87950417,6.569497358,46.44249797,469.4046936,1172.857915,6.227065207,41.25496871,696.2022119,1639.096074,6.465019968,44.94423134,90351182380,1.10993E+11,4.052965938,21.62803695,13.89832081,25.63837185,5.777464558,38.52245618,3.676465329,8.918700912,6.523737276,45.57340516
609501,16.14334936,37.84034762,6.566121126,46.42514518,418.3515549,949.392104,6.569968101,46.9083108,681.857499,1619.538042,6.549783877,46.02642825,75039869505,91278188275,4.763325122,29.22334057,13.06133948,22.13043332,5.875160762,40.5448435,3.552978817,8.20815704,6.541115951,46.15410417
610001,16.12707996,37.73460818,6.563499033,46.38736422,418.295782,907.7379245,6.382618012,44.73238315,672.9114303,1551.151879,6.570200609,46.59322594,66773410148,79820157637,4.252372157,24.2531151,13.06050074,23.87259284,6.319053924,45.0783776,3.565159943,8.0418507,6.564358079,47.01837918
610501,16.06963326,37.33046604,6.556496457,46.35588814,413.5125655,888.8118597,6.439780589,45.6108082,678.5842671,1540.491578,6.528638288,46.21915391,56493355115,60464270430,3.039628356,13.55692342,13.87211746,29.10340337,6.258243612,42.31222376,3.652590837,8.766059463,6.481345916,44.97696338
611001,16.06377792,37.3535016,6.588228598,46.81415711,408.6784486,887.7668614,6.390789123,44.81253549,679.9010206,1584.97412,6.593766501,46.84356715,71080652770,77587363686,2.18172679,5.930420219,12.7070225,24.13602806,6.294016665,43.99132636,3.522285223,8.15745297,6.600979734,47.01921854
611501,16.2009408,38.33849348,6.563080921,46.28691779,419.418307,938.2505954,6.516598157,46.5652329,688.2083241,1627.011188,6.52262238,45.77069717,1.00046E+11,1.24698E+11,2.884202896,11.56076629,12.73735039,25.5769786,6.125861371,42.05956594,3.627708977,8.451351379,6.553786298,46.4992656
612001,16.2047607,38.41742839,6.587705267,46.6141473,459.310125,1116.131149,6.36718522,43.33694096,691.6467779,1645.233161,6.612359901,46.99755306,1.10603E+11,1.54817E+11,3.506756603,15.46975982,13.18615279,28.04129484,5.696364173,35.26102646,3.687980776,8.961028657,6.524733891,45.50765486
612501,16.21032619,38.20301425,6.542512652,46.03034588,427.8894823,960.7170437,6.353459418,43.6058673,695.359405,1654.170659,6.451799463,44.60342552,72143173929,99771107699,3.888307277,18.65985658,11.0533853,20.02096008,5.894227589,40.32887102,3.580145786,8.363345378,6.461170822,44.94835375
613001,15.99836062,36.95174302,6.582909438,46.79137581,413.4493416,825.4102736,6.162456475,42.99320196,666.4352207,1476.762001,6.576689336,47.27207788,51921179063,67287344051,3.751950026,17.68879733,10.9915981,20.03162053,6.028488899,42.02628726,3.438947471,7.422001718,6.51963939,46.69441408
613501,16.13946843,37.77082165,6.576765061,46.61810964,432.7438154,942.4537704,6.497964218,45.95435572,697.5289269,1633.647264,6.567461971,46.55502921,51786441340,78167963962,5.863005246,40.19946893,12.39038021,23.48248569,6.106050182,42.37326075,3.515870337,7.920325383,6.542024706,46.59012757
614001,16.17992665,38.4560858,6.547487414,46.01613335,452.8504624,1045.432866,6.461193835,44.82696396,724.6296448,1743.404363,6.383730562,43.62883283,58385035794,1.00078E+11,5.304516287,30.55092836,15.31596828,29.9495898,6.079969454,41.34770656,3.594101161,8.811866409,6.582341623,46.26154916
614501,16.01776296,37.40717954,6.576406756,46.59553481,433.6647534,981.8982,6.449171331,44.91571322,658.4070739,1454.689271,6.484130514,45.75720111,43863881667,57477131993,5.663936917,38.97948404,16.72915751,32.15660589,5.709838394,36.09814696,3.62210192,8.99169131,6.525719235,45.39156942
615001,16.02843232,37.37265188,6.569126822,46.52723883,423.5162488,936.661685,6.55383442,47.01675651,670.0389099,1441.06732,6.397855221,45.4773216,39332707913,57226330047,5.229524572,33.86913021,13.50380074,24.68112653,6.036721128,41.95703507,3.46483082,8.127580895,6.566100963,46.37461469
615501,16.0144396,37.46764338,6.551896534,46.21355629,440.7142098,1006.113489,6.332950695,43.21653605,709.8289753,1695.413804,6.3703802,43.4874822,36280382165,62530333382,5.695782076,37.09010632,12.10539636,23.947527,6.035118833,40.77027426,3.432445782,7.744600125,6.56141673,46.88395727
616001,15.93968085,37.02802691,6.582240746,46.72050133,428.6596324,898.7552618,6.454471542,46.16090599,677.6276166,1583.802962,6.616144539,47.13358134,32252074396,56838800261,6.152626318,43.11177213,11.43915169,21.7934441,6.126261181,42.99667805,3.459248774,8.118228511,6.528790867,45.84799863
616501,16.03972065,37.53963738,6.553371773,46.26195742,450.4527694,981.1907197,6.312517962,43.74462774,698.9083782,1634.98604,6.535412363,46.08304925,37324635824,59417514366,5.83413963,39.33642589,13.14374957,29.79117066,6.589906498,46.90032365,3.402634433,7.860979232,6.533118858,46.02140095
617001,16.02367641,37.50216703,6.567269982,46.41862133,434.7358266,986.1315295,6.572641764,46.85440782,694.2300075,1635.327693,6.500053239,45.36367038,51001622462,63872452613,5.07161485,32.71354544,15.94115506,37.32277284,5.595779683,33.03660064,3.363954035,7.584139289,6.540330673,46.47086115
617501,15.97902458,37.08532346,6.554842602,46.35253173,459.7110976,1101.9557,6.553443708,46.13231578,670.0680071,1490.939854,6.549111071,46.71076946,64363893526,69495242633,3.540268796,17.7696541,12.84020782,20.98235481,5.568812241,37.02781573,3.386706239,7.782120496,6.543503295,46.25914766
618001,16.03349371,37.29113674,6.583265098,46.75933195,468.6866172,1106.642223,6.402355278,43.97494186,690.6924002,1591.377591,6.591889441,47.24356999,76219714949,82737339975,3.120449287,14.08147504,14.22556566,23.33028009,5.410054401,34.81628621,3.383821709,7.801255666,6.52433101,45.92449444
618501,16.19962322,38.47656695,6.567375532,46.30690042,458.2987695,1014.777973,6.518247668,46.57210015,740.8167111,1861.442523,6.465521828,44.36751937,82527177427,1.20052E+11,4.83967198,28.1100559,16.89368587,35.28259745,6.082629068,39.92846579,3.38085752,7.677355282,6.549972809,46.47387925
619001,16.17353003,38.22837654,6.562007344,46.27863379,470.5659976,1100.689762,6.465131561,44.97128558,703.7393866,1629.578722,6.423300504,44.39176834,70137992707,96421715461,4.439991449,23.70149204,17.64854104,32.33991114,5.839302801,38.80135219,3.407672089,7.809384244,6.546495114,46.35499031
619501,16.12560415,37.66532333,6.577911042,46.62125622,457.7412085,1033.489034,6.482966033,45.59760166,681.6708461,1437.673036,6.312596255,44.63990731,54948096110,55226976893,3.258568629,15.28006943,21.11153327,32.96115203,5.220208384,33.30547269,3.477881161,8.126580385,6.563259631,46.43377754
620001,16.1248355,37.66644532,6.562156193,46.38404649,459.0738888,1012.754498,6.502652131,46.37885821,707.2457999,1692.138581,6.577159532,46.40447422,56598451377,60148770786,4.100139848,23.78620251,27.37940228,43.55176524,5.477456532,35.04988187,3.53463185,8.319053566,6.514550496,45.59496868
620501,16.13450541,37.71828422,6.580368045,46.64803973,471.4716577,1117.438379,6.539785655,45.87360666,738.2772213,1774.124288,6.369695995,43.55761477,56529487747,82963951955,5.203101447,32.1502715,30.61983307,42.40328489,4.374119801,22.80100232,3.517663698,7.880145651,6.510354938,45.97727776
621001,16.17931333,38.15006732,6.567201223,46.37158702,476.1769534,1092.766093,6.467753626,45.23909585,701.9621891,1613.106022,6.533198177,46.3025203,43707982407,69945800781,5.11269478,30.33881765,22.97688809,29.58547649,4.068838488,20.97416745,3.546064507,7.757024915,6.529437419,46.71274975
621501,16.18480323,38.16943855,6.580772247,46.56506248,484.691235,1072.658493,6.466237492,45.85142602,697.4827323,1616.484193,6.562146473,46.45076858,34818393391,50643521796,4.47274771,24.50869887,17.44709774,24.85176458,5.058674994,32.05158578,3.723677262,8.816498738,6.594085539,46.77315355
622001,16.14799527,37.91648795,6.554219271,46.22919066,498.829504,1171.360042,6.559248216,46.3534653,692.9926816,1581.401214,6.467638003,45.35019199,32495296839,51844094366,5.428914339,36.05373124,15.65159935,26.9049388,5.582819337,36.95070683,3.89564113,9.49531091,6.498774114,45.14389646
622501,16.07776145,37.42947803,6.583278115,46.74159399,512.6325704,1244.910264,6.471521543,44.97222996,689.2566179,1591.502356,6.589270279,47.16527721,37451547450,73426406597,5.968254607,40.44119144,16.26889665,36.41796838,6.494735604,45.46090356,3.919798454,9.546294862,6.630525965,47.13259646
623001,16.15354734,38.0761144,6.567759708,46.39547762,503.4306886,1214.800416,6.559396585,46.05916015,718.3144342,1764.555681,6.498369334,45.13499444,43522242684,89726153829,5.060135523,28.59955924,18.51517498,44.43484538,6.063966604,39.2023544,3.999768091,9.799375449,6.472589973,44.68583771
623501,16.13388003,38.05766189,6.561217846,46.27581007,492.3545676,1116.776347,6.497494711,45.70090128,705.6875196,1736.478682,6.576498198,46.12046885,37838801265,65391930803,4.922367588,30.25495327,16.24216793,34.17022693,6.226130588,42.53221754,3.785933691,8.665925086,6.599986297,47.22815007
624001,15.995999,37.20053741,6.565716174,46.4617889,489.4150354,1070.576311,6.501310052,46.51762635,681.4590931,1550.320923,6.442132679,44.85448512,35281667470,65067179836,5.59312528,36.4155101,14.12279623,25.5066509,6.132916289,43.01142865,3.893365329,9.209388308,6.617174852,47.28713072
624501,15.97709351,36.94017999,6.571919867,46.64565062,504.8220866,1216.710403,6.616610053,46.86915508,659.6200309,1383.266349,6.384405844,45.47260251,33425884379,54176275655,5.60930566,37.17142462,13.77306181,25.84599377,5.886365922,40.02561701,4.042899305,10.03507535,6.432440659,44.00418086
625001,16.07779794,37.79554438,6.570010738,46.45309707,530.0763084,1314.733556,6.511232565,45.07158736,681.8644107,1595.145308,6.588646724,46.79240648,32198652183,48826291714,5.537007746,37.02384639,14.59245366,32.21173075,6.396368919,44.36136562,3.791636349,8.836369204,6.581636258,46.66211808
625501,16.11485323,38.09514237,6.560248045,46.24343872,504.4355014,1186.154645,6.472344677,45.06858912,719.2972597,1723.57384,6.326902955,42.90625642,33281695780,56685015788,5.931657416,40.4321103,14.52733926,33.08504539,6.165811737,40.93440931,3.717310372,8.20342349,6.482215785,45.86894127
626001,16.01501407,37.37824062,6.562451162,46.39811136,487.3722807,1063.320429,6.45011707,45.60846028,659.5333365,1484.567278,6.536889504,46.47118658,38754194171,64502649964,5.646761761,37.09749518,12.87674651,27.31455603,6.495067173,46.36886852,3.703901755,8.36187016,6.574292222,47.10637302
626501,15.98203777,37.07111875,6.578459034,46.7023979,478.7349294,1017.555945,6.44311603,45.65000522,660.2007153,1480.880679,6.577884388,47.19660857,39577339481,66835555519,5.759528101,38.59712378,12.86822729,26.58642289,6.351633046,44.11755459,3.852455856,9.42529913,6.507209162,45.2981096
627001,16.09736009,37.91684388,6.572132642,46.46193472,498.8476088,1079.138681,6.398326676,44.90103844,685.6440592,1659.768767,6.540217178,45.76499569,36426358177,73608225911,6.05125104,40.46739424,13.05320933,26.30065181,6.44370953,46.20089816,3.789374542,9.287597895,6.522814254,45.35011443
627501,16.09986648,38.07900564,6.563252574,46.27310227,499.1677527,1040.315729,6.276939431,43.61938514,680.3751285,1626.062903,6.529276826,45.68456768,30814243581,68356982941,6.149672271,41.17935517,14.06689361,33.40083925,6.42215336,43.85896909,3.644085691,8.127157315,6.515034889,46.18928139
628001,16.01213214,37.38710351,6.572889924,46.55486127,531.6290371,1152.050015,6.214682329,43.13896942,666.8269013,1521.209957,6.541047539,46.43318478,25370060158,47428890770,5.770164015,37.60469763,13.1647727,29.69459128,5.989997644,38.65580591,3.693302536,7.958134647,6.411150466,45.29698727
628501,16.05717315,37.58046346,6.57536952,46.5763066,596.3843671,1515.865391,6.302174303,42.13687074,670.120851,1573.538819,6.615531481,47.1505149,23793599880,38524896857,4.907736552,27.84678285,10.54075045,19.58804401,5.916395629,40.48250179,3.619692993,8.234602992,6.575050033,46.75375535
629001,16.07291711,37.75915334,6.545999828,46.09110941,574.2257429,1429.611222,6.465974085,44.43219539,687.5773496,1622.380124,6.366847879,43.54288516,23126101655,41605825511,5.963405926,40.39215477,10.6311217,21.46204252,6.181152753,43.1892665,3.743623482,8.971571673,6.617260169,47.04140189
629501,15.9312299,36.88541962,6.579434124,46.72541657,520.1425141,1093.860051,6.387752142,44.928667,640.0435496,1386.169377,6.541222539,46.94455615,23118557569,43364283154,6.291690863,44.45369034,11.44578896,26.33684753,6.233695913,42.0153148,3.904351877,9.729737154,6.447170767,44.14128914
630001,16.09422402,37.72866022,6.569883155,46.48718433,565.024802,1162.273802,5.825658275,38.11674132,669.0840615,1513.078275,6.530710442,46.46802774,26072361264,51512839734,6.25478626,43.11132241,10.61752945,24.86310543,6.5258552,45.75340269,3.621288967,8.024742389,6.488699046,45.87825469
630501,16.08662046,37.85382416,6.541758502,46.01289389,626.9601633,1507.967263,6.151719482,40.70502362,700.7615777,1641.85592,6.33434672,43.13518381,29051833706,48568945380,5.776838362,38.18707122,10.13907477,22.30088122,6.51178226,46.29848341,3.756420923,8.048889207,6.244513376,43.62723216
631001,16.00460649,37.07412059,6.580098965,46.76075722,577.8331042,1405.379537,6.532295368,45.57172092,658.4703107,1462.079501,6.536051331,46.68149254,32041549959,46589964232,5.488352732,36.73610073,10.67393059,24.00501213,6.478193974,46.03946765,3.93340725,9.816640821,6.526018521,45.2855341
631501,16.11006397,37.92059548,6.569077399,46.4185441,564.8137252,1275.566323,6.580842876,47.01320369,674.573923,1552.881438,6.574648652,46.80390824,34305111870,63296524314,5.901503841,38.69005682,11.42781302,27.05739671,6.213999083,41.44792656,3.965733442,9.443093511,6.315303443,42.80632571
632001,16.11277688,38.05766206,6.572398795,46.42434985,586.9736877,1346.71852,6.546119631,46.48854017,690.9015394,1669.331624,6.526640824,45.5723176,31278796512,54083125107,5.493255991,35.29581613,10.378192,22.46176433,6.516258251,46.52232381,3.705013377,8.029759945,6.403602401,45.42963434
632501,16.09435966,37.93953058,6.584834182,46.64902793,592.4825075,1441.878841,6.600949955,46.67213036,682.7474258,1640.446672,6.646501751,47.44521425,28859108731,47830807263,5.482099618,36.32074378,10.61268919,22.72233069,6.473139984,46.1213395,3.741391666,8.617689012,6.565575867,46.57499205
633001,16.14675358,38.24923143,6.565664301,46.30745966,625.8277011,1630.127776,6.660849589,47.06196041,711.484252,1761.386367,6.567706869,45.9841503,29398725558,58838597894,6.044214637,40.20018483,11.04498749,25.48108328,6.561519447,46.35766007,3.771546757,9.0937065,6.578467447,46.35129321
633501,15.99005833,37.36640064,6.561138874,46.35692041,664.6759246,1642.253919,6.038553024,38.93101531,705.4739138,1657.521863,6.454504623,44.857702,28584178355,51891710832,5.608510334,36.49718502,11.5880168,26.46163033,6.410626221,44.38480924,3.815131353,9.444741254,6.647382256,47.17327536
634001,15.96067625,36.91218259,6.569090717,46.61293539,571.0683893,1178.516474,6.270643906,44.13361633,684.433197,1500.939523,6.420629206,45.22882427,28875579938,51843842939,5.325143503,33.10662482,11.44481387,25.29750449,6.466703187,45.37029921,3.909618025,9.672241926,6.479052317,44.71841216
634501,15.9378855,37.29060719,6.560440498,46.33877839,577.4491551,1193.87391,6.402326087,45.36217589,663.2337858,1467.742452,6.578299188,47.14618647,28809662921,44738339028,5.387091948,34.61154351,11.0360551,23.55214715,6.530152988,46.68402824,3.671816171,8.36708017,6.545220372,46.3484708
635001,15.69244888,37.24265679,6.630070155,47.12048213,845.9763206,1256.052198,6.234814141,43.4864285,776.3749834,1594.736863,6.603986118,46.77299877,50806665200,45316753746,4.397000509,26.66124745,16.54549332,26.20350073,6.169454508,42.81718174,3.981225116,7.942103072,6.588896188,47.30307172
635501,15.76955363,37.34726061,6.751840885,48.22359961,1869.712734,1498.196279,3.534794926,18.47058515,1238.711767,1563.366158,6.007566406,41.32589272,1.29497E+11,71848091086,0.911929441,1.61175627,38.37829909,29.47472218,2.662422909,12.08123327,5.840337245,8.204103811,6.252860759,43.77941112
636001,16.59377663,39.56535733,6.829892646,48.77442959,2675.888427,1903.06558,2.462876206,9.985669864,1683.718462,1708.735352,5.108460807,33.40502291,1.95542E+11,97234697002,0.656276406,0.381304715,56.74158097,36.21568238,1.097761912,2.234020437,7.785244942,9.007148106,5.913423293,40.97001323
636501,13.95981504,34.50013315,7.092605915,52.66835154,2156.772901,1625.500398,2.982976951,14.67681926,1390.359636,1559.888398,5.588622202,38.10689097,1.5868E+11,77382500519,0.880284517,1.46975466,46.51975298,31.55113196,1.70608653,5.942361907,6.489110693,8.313392513,6.222528112,44.3718294
637001,6.723540235,5.612724232,2.803791764,11.1306269,1250.782836,636.4824274,0.446588415,0.092842524,834.4868372,402.9256032,0.309299126,-0.694489899,69755463762,35612436387,0.36388097,-0.411695578,28.22496805,14.57936376,0.39855028,-0.648160797,3.530883287,1.998985261,0.935147704,0.798839468
637501,13.8456645,27.20568589,6.263637079,41.67114585,2420.255409,1442.389133,1.834702851,6.823663101,1734.45358,1183.438657,3.721296111,20.84299989,1.33272E+11,62284438349,0.318826059,-0.292316781,57.09492417,28.09236047,0.444991731,-0.22952511,7.005074188,6.765290391,4.730791805,28.63540252
638001,18.597656,47.12363052,6.120746299,38.66860043,2544.086349,2163.468788,3.716820763,18.34255736,1902.40328,1847.233364,5.262746389,32.44405414,1.35406E+11,65442790611,1.085220841,2.562163106,61.33650772,35.30154807,2.206465176,9.216333139,7.874630299,11.32201825,5.660942557,34.99438701
638501,15.96455493,37.05352745,6.628890453,47.11762391,1410.238423,1570.536547,4.884438053,29.69672018,1155.385519,1467.220403,6.286432955,44.67272891,75078987817,45304352599,3.204432202,17.892336,33.60579777,24.22089536,4.067637716,23.9448356,5.119610388,8.936620446,6.522039234,46.29150106
639001,15.96007346,37.62684619,6.60504852,46.89421336,783.1524797,1793.756714,6.60768137,46.86039066,735.3410538,1647.856085,6.594618619,46.70486662,30899051897,44892084790,5.749675508,37.76721579,12.01572897,19.06750161,6.227871719,44.11128799,3.99312398,9.050591017,6.587641688,46.80803747
639501,16.282155,38.56085047,6.576322666,46.46035408,791.573852,2062.730611,6.465989757,44.26385903,719.3412099,1697.973356,6.52703755,45.76485188,25455358264,40740483295,5.543469275,36.87262712,9.830756381,19.77228461,6.332741217,45.12507044,3.985089428,9.225709194,6.582462825,46.78834808
640001,16.34000077,38.70683166,6.56852569,46.35053812,752.2033378,1909.495983,6.544488624,45.55437338,718.7913813,1682.508106,6.628610723,47.44893422,28904089557,54341801500,6.40883511,45.18099728,10.85362387,25.70136031,6.687561194,47.9879832,4.104095514,9.88512801,6.599825841,46.66750863
640501,16.31691526,38.30980305,6.570484361,46.47156879,716.0732002,1681.255637,6.575025316,46.54584342,748.4468982,1855.941579,6.581329841,46.15714714,32264615660,66351465822,5.57142884,33.40634949,12.82554719,32.14189608,6.034889407,38.52229197,4.1684234,9.884336731,6.457332943,44.74718172
641001,16.29538309,38.06817135,6.57198024,46.52109069,701.5504802,1581.862954,6.579040691,47.05391471,748.5514533,1771.748742,6.4469848,44.58292458,23785060959,39361519236,5.749345556,39.03541969,11.00621126,23.03088473,6.452278653,45.69057699,4.051055942,9.179844889,6.54317437,46.62393039
641501,16.33286846,38.23022157,6.576270465,46.57843454,703.1132862,1628.446445,6.544761905,46.23252378,722.0204199,1597.963725,6.510604071,46.53238403,25155857415,40650719918,5.066976038,31.00646145,10.99557032,21.29572536,6.122277759,42.58180224,4.070156364,9.47214776,6.558503909,46.41214392
642001,16.36058705,38.51304969,6.56306719,46.32331289,703.4508424,1701.397242,6.632953605,47.13816211,729.4416859,1705.391884,6.507062915,45.55083594,28976854651,58461614603,5.953149318,39.36891222,10.9557478,22.63825166,6.468067525,46.22945381,4.141299411,9.924428778,6.590272019,46.5789285
642501,16.30958425,38.26308008,6.585928549,46.6873198,710.244636,1705.543987,6.363782047,43.49476556,717.2147243,1628.971861,6.518567833,46.00298765,30478859509,58961461911,5.735682392,37.12687049,12.19432189,27.83054411,6.535028803,45.91202044,4.150084034,9.836233541,6.501737406,45.38543839
643001,16.37835951,38.68943777,6.572715333,46.46244474,676.2790611,1546.067017,6.528741852,46.65109482,724.1655887,1627.586179,6.540828903,46.63447628,28289213784,50774714724,6.137797516,43.00645503,12.95718226,29.20716178,6.160483138,40.94855298,4.089647152,9.365466058,6.560257094,46.69213192
643501,16.36277938,38.72008744,6.565360862,46.30080434,700.1752996,1685.950331,6.406563507,44.02209445,732.9920998,1764.516855,6.546166735,45.80949588,28219307820,57023282426,6.284376068,43.10244989,11.73288707,24.15664556,6.397050631,45.64820832,4.099322937,9.563497798,6.533249768,45.9771045
644001,16.21707305,37.80472259,6.567656028,46.48575132,646.1577259,1428.606965,6.391778457,44.32625847,724.1214865,1674.699577,6.522740373,45.96885886,29413165538,50946487771,5.775725595,38.78766131,12.47095467,27.11518208,6.53128046,46.14030686,4.068613063,9.44882,6.565580259,46.54041926
644501,16.22547825,37.66775535,6.565542886,46.51238954,635.6498618,1299.334511,6.233520785,43.85843072,741.8003739,1691.767159,6.508182219,46.06695393,33445947303,53640886218,5.447111369,35.61007775,13.11324258,28.18547083,6.327207043,43.25216088,4.077062645,9.631936225,6.588414171,46.6624034
645001,16.17900126,37.75150091,6.559193592,46.33567537,664.374386,1528.176143,6.346682472,43.53814324,740.6921073,1701.759003,6.439099739,44.76008087,42840235068,61950929799,5.535355591,36.35273867,12.4112809,24.99000482,6.448574344,45.56647875,4.089796478,9.744468875,6.560965713,46.15812574
645501,16.18697831,37.70340551,6.576012928,46.63112281,634.6944702,1438.650671,6.511232311,45.8974185,731.4561996,1643.086835,6.519165464,46.47941783,52734513798,67495818008,5.280771387,35.08768891,11.97385204,23.31036538,6.414900933,45.44349328,4.018529747,9.29800826,6.551646786,46.34459661
646001,16.27357877,38.37013709,6.56462367,46.33586933,646.1522484,1459.009718,6.561689036,46.87991656,753.0750236,1819.912671,6.543258776,45.8107793,57623523972,96281846267,5.923093554,39.31897077,12.31424324,24.33795281,6.403980401,45.35890064,4.063214822,9.406358188,6.582768161,46.89309141
646501,16.21576699,38.03801914,6.558365415,46.28275618,659.6282272,1591.391805,6.462413439,44.59275199,747.704924,1751.412548,6.426444051,44.36591322,52460864934,93055790023,4.550213258,22.47776708,12.86341148,24.61701986,6.100075402,41.43092788,4.154072219,9.775441869,6.444190919,44.63926811
647001,16.15450876,37.54420482,6.582890961,46.75397609,636.8847563,1475.096421,6.574082089,46.64924415,715.2007729,1544.905119,6.501677305,46.76984407,36127853739,53115113664,4.177748984,20.26793566,13.75500327,24.93403341,5.839930643,39.75677382,3.985497601,8.94302546,6.542526683,46.48410944
647501,16.2783516,38.39863489,6.568326997,46.39703567,641.1893742,1439.442804,6.342913336,43.6370963,766.5784288,1871.588542,6.619801404,47.00612074,33937968751,50899141388,5.99759692,42.03589066,16.26916981,38.54462679,6.511253899,45.18879493,4.025392172,9.074617513,6.574792238,46.98364409
648001,16.23839523,38.30432352,6.560986689,46.26764388,596.4048838,1200.839335,6.424613534,45.82077738,829.8394343,2038.779705,6.069629617,39.45088505,36055929279,62496627699,5.619559271,35.0452281,17.86806848,44.07974558,5.319329274,29.39183194,4.117067273,9.688113073,6.493207687,45.34163484
648501,16.16237104,37.71019794,6.577764294,46.64863866,622.3107886,1278.334294,6.329256772,44.74758745,726.1223573,1606.465111,6.462901269,46.09663953,27834966973,47484838288,6.145997816,43.51611549,13.07891203,26.36600731,5.304339282,31.03360469,4.0987483,9.68678164,6.650079958,47.57330979
649001,16.20037679,38.04007189,6.562665281,46.33849549,658.741956,1499.151879,6.350599997,43.37944705,738.3214499,1719.245338,6.52938685,45.93930095,26676693469,56979953748,6.324431631,43.87204506,12.70167617,28.4011919,6.393237181,44.36979303,4.243715517,10.29472146,6.472420305,44.823255
649501,16.09536842,37.57290685,6.570913679,46.51045199,623.3092123,1344.428256,6.466518229,45.69282677,734.6786433,1658.672329,6.430237402,44.82999126,26992486993,55426828877,5.68144893,36.02061809,13.05546946,27.78880095,5.869343473,38.21616951,4.083819038,9.416341419,6.592648309,46.92888311
650001,16.14849002,37.67069262,6.567597563,46.50237336,646.1793262,1384.197916,6.334884341,44.48771039,722.9391019,1592.36156,6.438529565,45.48934092,25292178512,47436219746,5.712339092,37.45846172,11.51274209,22.04524545,6.06479802,42.30511982,4.181684169,9.516895401,6.525501415,46.2299311
650501,16.13571358,37.87287661,6.565113056,46.37762587,655.5060657,1550.042838,6.582563125,46.67522776,709.5645928,1613.408598,6.490807383,45.63161674,25255204525,47808872116,5.880362796,39.09724817,11.44370737,24.27851875,6.437428065,45.57739522,4.15836389,9.763344566,6.559027341,46.27727506
651001,16.15278223,37.79567095,6.55966949,46.35991223,706.4381358,1790.867921,6.594900706,46.22036404,715.8986471,1636.829586,6.538561122,46.36119998,23697956381,40148760782,5.854322487,40.04914321,11.82566345,27.26500349,6.487124835,45.25136129,4.193477536,9.910203331,6.575170721,46.52413841
651501,16.0855132,37.52281419,6.560549337,46.36047414,740.1747868,1829.876926,6.376862683,43.39308848,717.5117159,1665.759449,6.46803375,45.05785406,24126996180,40203907943,5.801324287,40.12634563,11.91907322,28.05148844,6.528509361,45.45758195,4.171205192,9.971212106,6.560049623,46.14052137
652001,16.04079872,37.13570264,6.566874271,46.54051144,678.8436378,1514.009156,6.515743971,46.16905875,698.5800782,1566.129836,6.564041907,46.90490719,30962428492,53493557477,6.036213956,41.62971982,11.41276935,24.856599,6.434016051,44.81980902,4.159530133,9.756921209,6.590056364,46.79444319
652501,16.10632534,37.62996383,6.583050754,46.69443247,682.2705337,1501.885895,6.495090847,46.54002272,717.9505708,1683.17674,6.597826251,46.90981269,43254653607,74525312077,5.701990303,37.5337298,10.92216618,21.96826903,6.329727002,44.82360563,4.183859256,9.833646968,6.522632815,45.783553
653001,16.2615635,38.56144972,6.55949415,46.21944536,738.7371927,1882.324503,6.564369117,45.6609949,747.4454965,1784.395194,6.46148003,44.7693678,50227616306,85335409133,5.015021717,29.22543759,10.83506237,23.90083818,6.522019049,46.17466675,4.095347048,9.35331645,6.55704501,46.51435148
653501,16.20082736,38.10802885,6.559775795,46.27778145,760.7303679,1869.52225,6.258306335,41.74223419,724.6421064,1666.735654,6.522222976,45.93699477,40267217479,52687029662,4.353491392,25.39155916,11.00227188,23.80636619,6.142301938,41.18542611,4.122629551,9.514721821,6.593776669,47.10347596
654001,16.07806814,37.19690635,6.566637545,46.55693963,663.2678574,1460.282981,6.504796071,46.24355465,705.4799543,1549.238351,6.538311858,46.71507614,36445833975,52867990047,4.559508648,25.9019633,10.27893523,20.27789244,6.210653896,43.56366344,4.20948866,10.36440253,6.57212345,46.07816747
654501,16.15623559,37.70409685,6.589155186,46.80565372,637.0225446,1360.527517,6.502347367,46.38468361,736.762886,1714.402781,6.600929268,47.31533358,35371126926,63217458558,5.946690003,39.92981889,10.49466529,21.86361038,6.426881365,45.42066866,4.185363777,10.15928669,6.543979762,45.78918536
655001,16.31530214,38.83371648,6.552360601,46.07742921,634.8176586,1415.428363,6.51666089,46.16299536,798.5432757,2028.296018,6.394222804,43.34167345,34264991215,70667801469,5.971151263,38.49009676,11.27787374,24.11991969,6.499428564,45.84706736,4.078663019,9.397875978,6.54689611,46.32820579
655501,16.18589554,37.9621757,6.560159626,46.30560957,638.0539541,1446.717187,6.406491192,44.41951663,742.8638485,1755.53179,6.499305884,45.34174585,29746469095,40397009267,4.460646141,25.94281667,12.43337991,25.55309256,6.348491114,43.88251204,4.035443274,9.083985486,6.540038759,46.4227027
656001,16.07973922,37.07117953,6.570523841,46.65749708,606.1080921,1292.182551,6.446906066,45.73233895,716.0365484,1510.916546,6.437960064,45.9266807,34622468131,49823574076,4.348166049,22.76920733,12.63563077,23.78641923,6.206662064,43.21203295,4.023485326,9.074066094,6.521439518,46.11419026
656501,16.21494995,37.87896543,6.571002765,46.52237705,629.7319506,1382.506389,6.433551624,45.62910535,726.177208,1629.582864,6.529537376,46.48987534,38015199164,65758676282,5.724507981,36.62490257,13.34114702,24.22305985,6.241713116,43.98498643,4.016597398,9.143971052,6.559116509,46.64332387
657001,16.23497497,38.23067096,6.551095512,46.15348077,667.9426525,1559.127091,6.311180692,43.0108404,753.0143628,1756.033458,6.379102674,43.90771155,36951922778,68521448791,5.544872462,34.33569167,13.02617478,26.24649738,6.297458015,43.45237759,4.101868901,9.839001124,6.622730945,47.07530879
657501,16.19852682,37.90485623,6.580310412,46.66222687,647.489354,1539.771591,6.6151334,47.11907421,734.879932,1727.413786,6.588547589,46.91529741,31210822071,58536782029,5.776626228,37.83975746,12.00052971,27.25556531,6.575891319,46.79960618,4.209327662,10.43725452,6.494959084,44.94343833
658001,16.228379,38.30807716,6.569010008,46.37615515,665.8673814,1582.066715,6.290325663,42.31519827,750.7459122,1779.292525,6.390452816,43.77327069,26621687968,47737686047,5.825797808,39.14418313,12.15272188,28.76180312,6.102923425,39.78541623,4.006131993,9.457757723,6.616166611,47.06342673
658501,16.20471015,38.01328201,6.567606179,46.42866979,598.3585946,1208.055067,6.391119111,45.72997633,702.6516783,1524.126573,6.512101089,46.50497387,27420863576,43045323627,5.456183411,36.21815619,10.32609134,19.41670818,5.981036627,41.57707169,4.07245971,9.496436265,6.577856329,46.73663825
659001,16.16828341,37.58531066,6.548483291,46.24379038,631.0436586,1360.551984,6.238512938,43.53840368,724.7020806,1576.734345,6.429582448,45.43647615,29966842558,43355936904,4.753112768,28.37870404,11.17593959,24.3104183,6.034473549,40.83382845,4.110363696,9.521121211,6.417777879,44.32115167
659501,16.12601023,37.18925415,6.568702317,46.60723344,684.9973465,1717.467504,6.384832673,43.4075743,742.1439087,1670.560467,6.438168986,45.01765587,32917583768,43022176633,4.309972084,25.22924539,13.23906377,35.11439713,5.889955211,36.47210662,3.887208097,8.320854683,6.480631521,46.10487994
660001,16.24442874,37.81475625,6.54962241,46.25038766,685.0094357,1752.491762,6.611722674,46.27635617,749.1739041,1673.135091,6.470029925,45.47381059,35808762168,51295975624,4.962757451,30.40088098,11.21397773,25.47725331,6.484009215,45.4748876,3.901700599,8.35215858,6.459186247,45.99677679
660501,16.2322913,37.83616557,6.568206353,46.47498813,689.4266361,1625.475501,6.207777641,40.90576931,749.4276047,1656.025118,6.54958341,46.70636119,38451981157,55503145047,4.990673992,31.7561529,11.36100834,21.82241315,6.105908401,42.1004137,4.004184342,9.411791968,6.626200303,47.25978492
661001,16.33474578,38.12440051,6.572767389,46.56379581,590.2970316,1088.805241,6.044751395,42.33702948,792.6191407,1816.381461,6.546418196,46.46986529,43122135025,79327273623,5.543449093,35.30864898,11.00184864,18.34768919,5.82137397,40.10753747,4.242120281,10.66327525,6.500218183,44.9042674
661501,16.46487506,38.87763505,6.578576071,46.51755671,606.9467233,1209.36708,5.897512222,39.48785188,830.6958018,2020.07206,6.526263981,45.57992719,45148636371,85222669434,5.27003507,31.46209418,13.26302125,22.53305306,5.70464079,38.52013095,4.119672652,9.822182442,6.507517902,45.37512546
662001,16.53926971,39.1054958,6.564725284,46.31791258,576.4336724,1186.574645,5.953984255,39.81440581,840.8800893,2039.25785,6.539147629,45.79753818,35957320396,52224375150,5.388037345,35.86620276,17.12878836,37.00041668,6.031551298,38.97470713,4.032273219,8.825757156,6.518473961,46.64953076
662501,16.52749227,38.92690283,6.589374341,46.73272501,579.8003291,1264.005866,6.117239821,41.89407047,836.5048188,2013.610183,6.632909578,47.33714056,39064199159,57716466087,4.609753542,26.46069646,16.49982036,31.84666422,5.543305746,34.5031689,4.160959344,9.531702822,6.520929331,45.9797633
663001,16.67567505,39.67243802,6.568250268,46.31148989,621.9757675,1527.413863,6.120856341,40.148505,888.093683,2234.659824,6.544232541,45.49981943,47687560908,80286759736,5.456995152,34.75110782,14.59619528,24.82134817,5.520146257,36.01547804,4.222380177,9.464039808,6.415696591,44.72251882
663501,16.55332871,38.81692334,6.551001094,46.16816462,532.6989177,1191.414021,6.466213725,45.33988923,869.8819624,1928.745962,6.12964952,41.05588561,51084415008,81196443945,4.910298767,29.4172523,13.84850308,22.19444553,5.852699364,39.9770471,4.25472591,9.44138795,6.455138006,45.70392888
664001,16.46607345,37.76271145,6.5636574,46.62507762,540.3836207,1128.553291,6.220944964,43.45629791,821.6787122,1668.946988,5.826784077,38.44232441,47733529687,71005004685,4.841471799,30.01625538,14.98109166,25.20078612,5.681865674,38.01665644,4.294930372,10.12773354,6.535178706,45.9018192
664501,16.54477656,38.51302108,6.571466267,46.54822595,572.0640425,1369.591854,6.414570492,44.00124125,832.2284818,1932.750524,6.530121614,46.04157942,45120417674,73404491166,5.720048266,38.13452518,15.42271352,28.82113318,5.565781008,34.7417147,4.38397212,10.55556695,6.61831103,47.00641459
665001,16.64164902,39.26464955,6.569183825,46.40213373,558.4425132,1277.828919,6.462085582,45.04180724,868.3825879,2159.908901,6.504750374,45.04038353,44383840835,72127144676,5.956429789,40.45464099,13.84952418,25.39844891,6.083183746,42.11360038,4.464364436,11.03498389,6.52453963,45.37467243
665501,16.68501891,39.63781336,6.588136597,46.61279336,552.2260113,1180.884672,6.415141224,45.1317338,852.7752779,2039.856579,6.573387156,46.23366646,48296127695,69307314559,5.694862043,38.67274159,14.45170959,28.76706236,6.137047934,40.95690968,4.39272616,10.38689633,6.615323107,47.06584635
666001,16.71380544,39.7397178,6.566782908,46.28942602,527.0447818,1125.109118,6.485746082,46.11763084,861.4605709,1962.057506,6.581078754,46.87800731,56810964531,73768574015,5.11853387,32.97005331,13.76769044,22.49788366,5.774313938,39.39106809,4.448810639,10.45896592,6.539832059,46.08393741
666501,16.58931687,38.94453197,6.583306602,46.65821239,544.4184895,1209.484515,6.454598302,45.45373136,863.7029343,2049.935703,6.577126793,46.34385564,65884492438,74997262832,4.696461571,29.64334513,14.27270939,25.4823422,5.45162806,34.81748466,4.365741295,10.27210062,6.585399581,46.62359587
667001,16.63044716,39.09496968,6.571228643,46.47639874,552.9324014,1195.407907,6.19634039,42.07258831,844.9231219,2003.54495,6.499449286,45.26255842,71078937745,96600320758,5.362825703,35.31323386,13.52282706,26.86502244,5.272813265,31.18515021,4.383312093,10.3126934,6.601626732,46.91348869
667501,16.57194526,38.90943891,6.55789272,46.26030516,532.236073,1081.714736,6.220342622,43.7060201,802.6322949,1802.079536,6.549121854,46.47016381,67712518000,1.19919E+11,5.342075587,31.47528168,11.39838505,22.62626332,5.746302269,37.57831089,4.406666117,10.50532798,6.526040974,45.71692145
668001,16.44514401,37.99854183,6.55772932,46.43422192,552.1851913,1310.20849,6.566438709,46.418723,784.8232696,1702.933856,6.48357933,46.01588134,43854752788,59630232093,4.681228926,29.14860969,11.05993195,23.91829145,6.15943313,41.37243629,4.328525526,10.0507356,6.590247523,46.82654054
668501,16.48828816,38.200937,6.576723177,46.67793105,612.7369003,1455.898653,6.099952397,40.04078381,798.959732,1780.84711,6.511839769,46.15351872,42781567186,71299836158,4.786158145,26.10783959,10.33773199,21.58152568,6.411770867,45.3798535,4.374972188,10.18875923,6.567321169,46.50165369
669001,16.55142537,38.78935888,6.539448988,46.03345901,529.360681,1083.281225,6.330392227,44.38198154,806.6817119,1779.069434,6.316470554,43.4608181,48823356721,86136797431,4.728198881,24.36564577,10.10015374,20.60209654,6.098468263,41.20094222,4.352580595,10.11908746,6.503263959,45.62968949
669501,16.47043915,38.46694951,6.597387253,46.91750457,533.339084,996.9367085,5.921172559,40.6353673,788.1022925,1708.705497,6.399753285,45.56276198,42544327642,59744598234,4.539872734,25.23924273,10.38485448,19.81671073,5.754126093,38.47607816,4.329893948,9.972852325,6.589553923,47.09404733
670001,16.67189763,39.84260073,6.583561512,46.50446286,581.6338689,1304.126537,6.580331376,47.01436791,849.0994811,2224.857526,6.654335396,46.76883007,43906706966,73067940277,5.812792908,39.83195422,12.64610588,31.96442927,6.516554013,45.19358458,4.447211486,10.88846947,6.582645944,46.29796473
670501,16.70289918,39.97315969,6.553755072,46.03976557,686.1804061,1656.746831,5.993071027,38.3880373,941.4817125,2348.07109,5.937234165,37.60282105,51923230256,1.00891E+11,5.685397155,35.93710617,15.06300979,38.47068322,5.005163121,25.33244027,4.441629921,10.768495,6.491729059,45.03932835
671001,16.47423085,38.25777715,6.561870094,46.43910108,575.60155,1199.007887,6.492628052,46.3531461,789.9836199,1635.235367,6.294604396,44.34081232,45462714772,73230876931,5.258877616,32.66303927,10.37893306,18.57636344,4.751355908,24.8395384,4.261950082,9.682715033,6.591361363,47.16777133
671501,16.40310709,37.62045926,6.559849972,46.55273365,625.2825199,1301.407908,6.055077082,41.23303127,774.0605241,1563.758133,6.355428157,45.22071944,38539717963,59529584354,4.71867601,26.37489778,9.808916488,15.96655474,5.209064533,33.72842085,4.333904156,10.07424551,6.573793067,46.68588288
672001,16.44159627,38.19978839,6.570139407,46.53786164,702.6951227,1767.564302,6.397778435,43.47912939,796.6227066,1774.736767,6.550170871,46.76869687,36874274809,70830698994,6.101076512,41.68101619,11.30338254,24.05352266,6.221954601,43.10832272,4.3822803,10.5280418,6.523852817,45.57043282
672501,16.52966543,38.92871029,6.574284795,46.50534546,705.3192134,1731.639074,6.228721636,41.43243711,851.2620172,2111.22456,6.535032051,45.63599332,43095220251,81263542739,5.959311683,40.12574075,13.88995423,32.77117097,5.67731065,34.76513943,4.248231055,9.854362694,6.536223181,46.10569229
673001,16.63862625,39.5279347,6.564629956,46.26772281,627.1389055,1343.419903,6.385353566,45.09934773,874.1058721,2266.411583,6.49437873,44.58954231,47388512710,91772979306,6.091257329,40.74343877,12.97520947,30.26191176,6.40400612,44.53124404,4.229711246,9.620468015,6.562235098,46.80095364
673501,16.51666133,38.7138244,6.566660334,46.40517162,614.5630546,1288.476863,6.420687891,45.89437942,824.3465744,1883.38481,6.494331159,45.68769812,42251996715,69423787539,5.221707205,31.89928134,12.40199327,28.5383497,6.269993645,42.41705741,4.273767253,10.14435775,6.56398193,46.25397791
674001,16.53003163,38.42027583,6.579740542,46.72814323,630.2426292,1497.302603,6.555034933,46.28556758,850.4181708,1851.02259,6.275967947,43.84580935,38179118997,65257020468,4.928814029,27.36035823,12.14964347,26.98707486,6.29916484,43.97335787,4.266968931,10.17529137,6.559622364,46.19985727
674501,16.48187107,39.21274624,6.581331575,46.47662988,672.257903,1594.491048,6.350262722,43.12626317,872.590771,2055.960168,6.412767857,44.10298025,42771577605,79474215943,6.145705791,41.35987285,14.14306824,30.66420558,6.045466218,39.30708519,4.232663445,9.919473487,6.577807192,46.47622241
675001,16.13511612,38.88159155,6.679503616,47.61041883,1027.127262,1317.179557,5.937935735,40.93620442,1225.653894,1960.289591,6.19483062,43.3126829,1.02715E+11,79957443513,4.100522502,24.59631933,27.65273795,23.76654854,4.00719822,23.22277454,5.349089822,9.473678003,6.62923092,47.66052227
675501,17.11590605,40.28879772,6.690063453,47.32267144,1961.354991,1479.567525,3.008496259,14.62715626,2198.554037,2336.316885,4.668955583,28.17331922,2.07957E+11,1.12177E+11,1.012479872,2.689710345,57.28531722,33.33939177,1.07208539,2.123926122,8.689859115,10.07206327,6.018991072,41.61751369
676001,17.40750748,41.5025811,6.738119814,47.78782123,2325.559339,1657.033235,2.615128294,11.42696668,2582.951567,2429.776645,3.918529997,21.2949456,2.43451E+11,1.21387E+11,0.68219561,0.877435441,66.463783,37.67917536,0.97699438,2.022533214,9.742151067,10.51684592,5.754901371,38.76422529
676501,11.9480069,28.85413553,7.04908784,52.5036319,1473.744303,1147.385884,3.255114641,16.7708929,1575.114517,1476.646471,4.688930044,30.15574175,1.46377E+11,72303954762,0.878894701,1.647336551,40.45684506,24.26696187,1.437054102,5.167939387,6.116043463,7.068256313,6.245256005,44.88737191
677001,11.20880816,10.72931483,4.671159538,27.02944116,1740.506563,903.6446663,0.548366967,-0.321946186,1777.957764,973.4413448,0.847739394,0.379986948,1.89319E+11,97927528264,0.962977037,0.286531551,38.14289981,19.97395957,0.625683798,0.819101433,6.150409795,3.586999616,1.050433066,1.481336176
677501,19.6930259,41.8259881,6.450091952,43.20974775,2561.360987,1687.322058,2.275514783,9.352235753,2734.809428,2251.057386,3.801219554,20.69934485,2.8042E+11,1.48977E+11,0.855958487,0.109200951,56.92965248,33.4372652,1.538519048,4.621085961,9.840888072,10.2705865,4.999246309,30.80340512
678001,19.44639307,42.56115356,6.112090319,39.63347725,2039.335533,1535.769411,3.155670102,15.59202476,2253.316087,2303.589216,4.484529254,25.29066622,2.16319E+11,1.21034E+11,0.998805177,0.894236829,47.0744139,34.15267977,2.755284403,11.52716286,8.545653158,10.85812664,5.368177301,33.19435596
678501,16.4650316,38.52693295,6.63825462,47.1300674,987.8840815,1370.168448,6.395425349,45.70817831,1103.049026,1940.327145,6.379657273,44.6148897,88332231213,75598348447,3.952302381,22.55088865,21.99013083,31.58921127,5.892202757,38.90932133,5.086974886,9.997892894,6.530903823,45.77776418
679001,16.37996984,38.28842817,6.582758151,46.69163151,685.6060525,1585.784596,6.557277126,46.1424228,819.0692878,1875.727996,6.567547952,46.75374127,41122222336,84076899650,6.403801855,44.08609306,13.19258874,29.38242275,6.515992842,45.82883752,4.129925014,9.590194475,6.598093085,46.99412055
679501,16.47880016,38.86070945,6.5851966,46.63473225,681.9815129,1685.358201,6.618661103,46.67161171,806.6104221,1949.613922,6.601052116,46.62702088,38786383190,81263567195,6.447288301,44.93043034,13.15920785,27.47325052,6.444828565,45.439145,4.173588255,9.871950374,6.572576012,46.44199017
680001,16.51995377,39.12909857,6.549954279,46.08912356,698.3815149,1723.614044,6.520976548,45.33544761,799.2270759,1911.332732,6.46841779,44.8619168,37874406411,74254447917,6.153559766,41.57626541,13.469717,27.60651494,6.462890652,45.66514075,4.144447985,9.669979677,6.504447353,45.52955294
680501,16.34011796,38.00825871,6.565491956,46.47022716,677.1212911,1556.281318,6.498734456,45.63920445,754.086582,1672.980834,6.541977625,46.58089334,34077114771,53721815696,5.754845386,39.45832029,12.98417949,27.23123051,6.373351226,44.15293594,4.096062774,9.201167754,6.559204443,46.82324435
681001,16.28850521,37.58798517,6.56031024,46.48953425,666.710757,1414.544523,6.409447723,45.36783817,751.8142142,1650.259553,6.502701144,46.27711745,35687419018,54223989727,5.241295742,33.60331108,11.88684455,25.04441477,6.421778841,45.42689565,4.142359149,9.595387973,6.522553482,45.93248477
681501,16.29680519,37.93566355,6.568134284,46.50868862,682.1018258,1535.588566,6.601184643,47.5599852,754.2115876,1740.560481,6.527909706,45.94382712,34725772772,59581917009,5.810916986,38.88165685,11.34576926,24.42335273,6.466219151,45.83020814,4.146109086,9.727766697,6.599071783,46.92027254
682001,16.32906045,38.3379408,6.563247725,46.34698538,749.7152193,1844.915549,6.230895056,41.41134668,743.305853,1700.31623,6.489941417,45.47307149,31489078604,60213157969,6.283710004,44.08981385,11.76931468,26.53709828,6.593277758,47.22869127,4.252683795,10.37069227,6.584342123,46.37039383
682501,16.29594929,38.15884575,6.57142565,46.49825022,658.2451964,1437.310279,6.494384245,46.21030207,732.9144361,1621.520154,6.550785347,46.81316767,31091924880,65015376959,6.389390116,44.42936257,12.58937698,29.9332561,6.249384642,41.69826659,4.240521902,10.11231908,6.476350311,44.95264306
683001,16.34341178,38.16499031,6.554776448,46.29162072,702.997949,1521.259481,6.137903896,42.17845409,752.2515931,1708.352286,6.481167874,45.45226885,33177681538,60919355652,5.966383049,40.20325986,10.69933392,23.33379322,6.542030654,46.75712102,4.11243261,9.264263089,6.567123226,47.01743917
683501,16.29604252,37.73963226,6.554781707,46.35098168,753.2614989,1841.056047,6.330354765,43.07719071,750.479608,1669.537835,6.506459917,46.0279983,33069586474,50538746173,5.510955052,36.96476577,11.05588687,23.60223416,6.319559227,44.32859164,4.175719468,9.784636074,6.536569794,46.00812327
684001,16.32247997,37.59240822,6.555175327,46.43250658,707.8314878,1737.237759,6.472163303,44.76760054,768.7887349,1710.24593,6.499920845,46.06426081,36181677650,57936855105,5.603286897,37.23984781,11.33770832,24.12593533,6.06893212,40.52195163,4.155223839,9.771885499,6.572814837,46.45114186
684501,16.38267097,38.12298549,6.575570659,46.61148035,678.58918,1599.758354,6.631666649,47.56121189,778.3439024,1829.235747,6.609058258,46.97258534,44901430609,1.05459E+11,6.614842569,46.50486064,10.22790664,19.07009346,6.121090368,43.12119589,4.162041597,9.760506714,6.555505731,46.28887366
685001,16.54389594,39.08976376,6.574839766,46.46978455,705.5222844,1664.380493,6.384714271,43.82825885,817.2901071,1990.076125,6.551376981,45.85051898,62906554755,1.61577E+11,5.571977592,32.29491663,11.22656,23.27380066,6.188821584,43.05502696,4.107783181,9.56964658,6.56036752,46.36922274
685501,16.63793086,39.54989645,6.576928743,46.43755543,687.1059559,1433.045983,6.439175228,45.31910112,826.8834845,1924.041445,6.457000819,44.84789124,44539884127,79603823408,6.096429665,41.80353447,15.16354225,29.85095724,5.448705284,32.84545395,4.11717198,9.553125715,6.595231187,47.02496069
686001,16.65524032,39.26792303,6.558566501,46.25405305,761.4021644,1300.18252,6.147332313,43.42323364,836.1078042,1717.275956,6.39857645,45.43520455,44145307161,75949431424,4.867786144,26.88346459,26.09544698,21.34216118,3.763221774,22.00143235,4.207648369,10.17471663,6.555760683,45.99459221
686501,16.56078814,38.43902816,6.570280266,46.56351429,933.3283046,1431.500936,6.049627571,42.11788123,970.9805422,1844.279187,6.429435107,45.92460516,46262936190,82101370144,5.207784504,31.27472915,52.85079311,31.52498954,2.814236642,14.51400963,4.141939808,9.709453401,6.489550613,45.29337683
687001,16.63849867,38.71645221,6.571440345,46.57596332,1348.668596,1582.766496,4.141694342,23.35102979,1110.00871,2112.772273,6.158185923,41.59196048,44022148576,67177610417,5.43753263,35.97175573,73.60293892,59.76188933,1.873249016,6.041319649,4.049450947,8.994712571,6.544694064,46.85034139
687501,16.70678288,39.31151565,6.560273682,46.28189279,2791.638596,2305.636655,0.85162946,-0.095168341,1150.893998,1813.464596,5.956021059,41.37890677,44170406155,69951222079,5.701230706,37.96552666,98.76383473,64.60506855,0.417230982,-0.721906692,4.155945577,9.738140656,6.55189923,46.15795079
688001,16.66674684,39.01476323,6.576729549,46.57090286,5723.746581,4867.85413,0.876755256,-0.203470253,1508.766494,2199.784807,5.403016955,35.86126408,46069332759,70584858271,5.767589863,39.84379356,168.7571817,76.42326329,0.517042616,0.000331995,4.177444896,9.536824947,6.436934211,44.82259095
688501,16.74793285,39.39429502,6.584698674,46.6664148,8400.836328,7337.374206,0.834030596,-0.273867799,1886.755403,2768.937307,4.825598239,28.1580565,51779230848,85868878196,5.724403323,38.69373406,191.6305322,133.5923102,0.911461186,0.22211176,4.126416935,9.120421035,6.476759785,46.08587882
689001,16.8184627,39.92702939,6.56044208,46.21610827,10156.94924,8780.505337,0.952994714,0.056025773,2014.652361,2527.307388,4.555914981,27.80639787,60126336524,1.12015E+11,6.094606753,41.69233556,206.2648248,178.596806,0.991930547,0.272038363,4.22840384,10.22569987,6.613335768,46.80897335
689501,16.7237899,39.27844934,6.582950989,46.62174375,11800.586,9362.636427,1.001766941,0.441011384,2304.150274,2860.342302,4.52911731,26.67224521,64772819625,1.28865E+11,5.720071596,35.57338342,333.6008475,182.902056,0.61715231,-0.223526887,4.402410826,10.62087131,6.393521182,43.73212134
690001,16.74199352,39.13425623,6.561349499,46.40003181,9830.104679,6641.76511,0.776279725,0.108894206,2047.947272,2694.037846,5.340698548,34.38295857,49666580058,87285350036,6.153812788,43.09316913,404.0230827,127.9523725,0.613300758,1.010731372,4.111882495,9.267471979,6.572716249,46.91440208
690501,16.74017445,39.1809106,6.564265066,46.40979347,5315.286835,2766.542589,0.847634532,1.082331405,1405.847648,2079.170758,5.102295297,31.11137827,46579526679,87246611792,6.072064691,42.11434321,258.6895052,84.72591805,2.736083828,14.07970139,4.140399469,9.224228215,6.52644614,46.40894025
691001,16.67912826,38.96843979,6.563473191,46.40125879,1635.798599,2152.200801,4.494837661,25.04508457,964.7766567,1752.020265,4.987968197,28.7264925,46548178029,97694467561,6.284344761,43.08889207,69.753612,59.96516255,4.150978656,23.59915403,4.228235563,9.8795865,6.611797368,47.17494732
691501,16.67617368,38.99037026,6.584597517,46.71951753,1235.565884,1496.353866,3.896519453,19.79607278,850.8607745,1745.726591,6.340188034,44.67544239,47666255080,95291987169,6.267280772,43.46702661,23.1730514,27.85284904,2.864405936,10.48190197,4.415763071,10.99301773,6.499521741,45.01494813
692001,16.77118551,39.70435177,6.56605215,46.30770832,2143.574983,1491.150931,4.585398173,30.23821501,968.9561671,2064.785172,6.584549403,46.95907262,49476561342,93747552701,5.642846334,36.97362582,31.11902303,32.26929639,3.441386831,18.5271528,4.228394653,10.01513066,6.552800127,46.14818626
692501,16.69093647,39.1372685,6.566216488,46.395147,2478.643638,2276.462423,5.226143623,32.79578565,1084.623042,2404.156191,6.264661101,41.58513284,48611162442,93624445300,5.657281773,37.40061322,37.18736382,52.11486609,4.741979761,26.26302149,4.31343187,10.00446656,6.540374984,46.57944836
693001,16.66360963,38.67626973,6.56458904,46.51061677,1544.331917,1668.489072,4.806864872,28.13091405,879.3938298,1785.076152,6.401632039,45.07537109,45953461473,88020845522,5.463426882,34.26485884,20.89217175,25.84556179,3.860271519,19.51631276,4.430461997,10.74100504,6.394026887,43.67400329
693501,16.66768331,38.97585063,6.571289985,46.5088038,784.2485247,1317.178785,4.701615668,25.84896905,839.8933785,1658.174807,5.96142175,40.66197706,43085734590,75065848532,5.483604353,35.14639289,13.53537221,22.42712396,4.22089918,20.05851165,4.112602708,9.378199101,6.584862766,46.98344261
694001,16.70651074,39.30190451,6.569419726,46.42373125,716.7699206,1228.330337,5.663207193,37.489166,814.0420217,1770.995318,6.42089228,45.03955424,47959822196,88927036327,6.007569734,40.53508749,12.35649034,21.79363253,5.387826393,34.15344963,4.125468816,9.359839614,6.515529513,46.10318027
694501,16.66882621,39.15764058,6.570911483,46.47781749,1325.910237,1183.292519,3.795948888,21.68777749,828.7498881,1754.620059,6.319451378,44.00470395,48367578084,85439050478,5.745773983,38.01946996,20.62157396,20.35277941,3.157713425,15.33778802,4.051022601,9.308820879,6.545477313,46.29297743
695001,16.73098,39.34405403,6.570351791,46.44652546,2948.900378,2121.409727,1.292300172,2.979522809,978.3334373,1829.874,6.181049218,43.22328775,53751529964,83286215994,5.047536948,32.15183581,56.822132,48.93018555,0.872326557,-0.289011641,4.095313435,9.603571966,6.599245891,46.98026209
695501,16.65832052,38.85871837,6.549158633,46.20591826,4312.365562,3524.862077,1.322950521,2.703666575,1232.034052,2083.462275,6.039735276,41.21784163,62123917890,1.01823E+11,4.833276344,28.93145416,113.701536,91.69742841,0.741542358,-0.509507892,4.16642328,9.965451597,6.471126391,44.84842124
696001,16.65891248,38.46453079,6.567297901,46.609972,4007.785824,3708.126977,2.531982027,10.87038507,1258.2685,2409.009512,6.23081781,42.72593768,61899428989,1.04349E+11,5.088564878,31.69789865,138.6773738,111.8076186,1.608983519,4.921384549,4.007994577,9.202806465,6.562363893,46.58708438
696501,16.69151676,39.04876746,6.557378815,46.27285466,2472.896645,2439.667022,2.964624755,11.38645099,1093.654036,2184.146863,5.382008445,32.13062411,54221079681,88866375270,5.066503394,30.9572087,93.62943303,80.0228669,2.18170841,6.863256993,3.965090557,8.944199583,6.515389282,46.09258973
697001,16.68961453,38.84616473,6.573204632,46.58092511,1192.663945,1785.750813,5.014472751,30.05448772,852.3451539,1668.009649,5.277790151,31.12594917,49178499668,74476549800,4.826928912,29.06677398,37.11143446,44.55780305,4.37361201,25.78800869,3.994272122,9.1338157,6.578650643,46.86920515
697501,16.77774469,39.42471106,6.572896968,46.51879956,907.6136194,1480.983325,5.634881566,37.32462054,803.1746148,1787.019714,6.458562172,45.42784799,45304169979,81139186769,5.801228903,38.64341998,23.2720948,29.72960821,3.567178494,16.98973199,4.075388412,9.508867482,6.450712495,44.77604802
698001,16.84651962,40.10025243,6.584993807,46.54141427,1032.620719,1700.962428,5.40161953,33.87193376,827.0349397,2000.908334,6.548904948,46.00833527,41609213232,86316504120,6.373877774,44.47046515,26.95931336,45.69256628,4.326156544,22.46002309,3.940136738,8.806318714,6.566847408,46.93348182
698501,16.89086953,40.12371508,6.566848974,46.29732069,930.227989,1517.088721,5.78790478,39.28854682,851.6506767,2101.694693,6.489735828,44.91568203,42712930772,87231606608,6.258382665,43.32506182,23.69825204,34.74377893,3.836807232,19.07095652,4.079632644,9.463346677,6.567507919,46.63807421
699001,16.79136465,39.18348191,6.555273619,46.28997249,804.5128086,1571.911148,6.27541965,43.56820255,830.780808,1879.233765,6.440231424,44.97890463,43899578633,89726372410,6.155601193,42.00175281,22.35824114,26.70786047,3.515890609,17.75109087,4.200816134,9.930402875,6.452706836,44.71709153
699501,16.63995352,38.13954271,6.557928789,46.51498299,759.5691402,1614.495924,6.372899252,44.12300296,810.6559439,1676.159195,6.331628861,44.52184836,42735758702,74924140873,5.847131424,39.85399341,23.17573317,30.4930601,4.641629356,27.21876176,4.085122954,9.430691906,6.575671584,46.82943323
700001,16.73147206,38.86155488,6.590762028,46.89018402,744.4596637,1400.522832,6.020574334,40.92219473,798.1506167,1678.740193,6.481052938,46.47303141,49591112071,86972474605,5.515182038,35.25368246,32.3884237,27.60220725,2.080700234,6.86892251,4.109814732,9.791909525,6.586833152,46.57520258
700501,16.96771067,40.66112647,6.553200244,46.03786126,1072.511247,1255.432188,4.928508809,31.48356062,879.3111216,1947.470428,6.47983924,45.61515131,56768035925,1.16241E+11,5.88841798,37.898258,94.28837665,29.2850279,0.065565867,-0.127880774,4.139739559,9.908683976,6.555800014,46.12008995
701001,16.85630545,39.93497542,6.567868111,46.32548382,1866.194639,1714.421424,5.438246044,37.51512554,1045.224182,2214.527107,6.472646645,45.30186907,54255230210,1.00403E+11,6.114409576,41.80527533,199.4249902,48.45026321,-0.398459661,0.739919709,4.129121817,9.68700616,6.543212004,46.05603207
701501,16.75217646,38.87229726,6.56379204,46.49310039,2157.625572,2476.663435,4.648098172,25.5625864,1099.514775,2201.616949,6.155665761,41.22950657,60460760683,1.04749E+11,5.835393454,40.08497513,219.4350394,95.12598463,1.21068685,3.683352805,4.080298255,9.157374294,6.499502854,45.80708669
702001,16.75467843,38.76867435,6.563151013,46.48535646,1598.60893,1645.837719,3.431533451,18.03044735,955.0586208,1863.329147,6.362859776,45.28685669,68886244478,1.32511E+11,5.457998094,33.31175779,133.6358477,89.23374416,0.462903283,-0.671344514,4.042958203,8.771653478,6.501480826,46.34871875
702501,16.77377032,38.98261247,6.564444487,46.45613273,1337.477971,1872.93221,5.397624102,34.94762852,927.6897012,2040.827518,6.406363183,44.45223651,62172205405,91354133298,4.658714577,28.06166708,82.35869568,72.13073207,1.105874406,0.768116581,4.143918483,9.472436507,6.576309841,46.87026037
703001,16.82842659,39.37180752,6.574116663,46.56521263,1094.716231,1699.234288,5.307824976,33.05545389,920.6417891,1862.24524,6.48580999,46.09618157,67546737797,1.04693E+11,4.834098696,29.022253,110.368435,76.74499913,0.370349037,-0.611749604,4.322372801,10.58497855,6.566631118,46.09676467
703501,16.95330362,40.34605407,6.591345589,46.65107732,932.3777659,1719.022723,5.498879171,34.54957987,1061.946603,2157.052785,6.478981877,46.36419433,72576548957,1.501E+11,5.931122528,38.56642814,174.2530833,72.20001331,0.269178824,-0.049911797,4.397487668,10.96292003,6.535740832,45.48586083
704001,17.05013088,40.80770901,6.552571114,46.0251065,891.7346713,1916.028193,5.378395,31.53263052,1207.076489,2843.985256,5.916505705,36.92546175,64514313267,1.43461E+11,5.498417394,31.96099915,184.3141107,67.51088848,3.032246394,15.49053962,4.245679581,9.949389015,6.561593161,46.32288298
704501,16.80209484,39.15673568,6.573574904,46.56460784,804.6802251,1251.447773,5.365874939,35.14112532,902.4681148,1685.830795,6.029148907,41.60570587,43594804641,66026323608,4.503328604,24.81135456,106.0588937,57.36944051,0.409031611,-0.288989864,4.321286124,9.76934168,6.5289601,46.46362279
705001,16.82090355,38.9272721,6.570478045,46.64483355,1188.24238,1421.99012,5.002735896,33.01782922,941.9230785,1795.908736,5.341578081,32.62195759,41620594356,71105431287,5.025490357,29.11183025,77.20181713,52.51516302,0.460901683,-0.300969491,4.371661696,9.893898061,6.37692323,43.99461616
705501,16.85561644,39.72243611,6.568496823,46.38444901,1700.670755,2137.43784,5.660923009,37.42257346,988.2024249,2259.532053,6.221386141,41.76049154,46273361461,1.00823E+11,6.025094008,39.63385816,91.62134737,39.97200638,2.570248081,13.21813053,4.270470301,9.332310462,6.504537354,46.60725757
706001,16.86129651,39.76077745,6.567956859,46.38220381,1564.600252,2242.85382,4.920349846,27.32581166,915.9007739,2116.570045,6.278873958,42.52420772,45638162775,97069531464,6.044768672,39.69411068,75.66413571,45.1589685,3.874851414,18.09186564,4.467147895,10.80863111,6.556042118,46.02049985
706501,16.77293319,39.13858098,6.55242077,46.24877559,878.1053297,1409.753833,5.146157918,31.29613496,802.6366605,1734.192979,6.419072887,45.28249474,41787027990,76272495941,6.033840625,41.91358155,28.44797925,27.6060847,3.856086642,18.66723009,4.526394622,11.21301773,6.565359692,45.94312012
707001,16.69973741,38.47840978,6.571165208,46.65447491,665.4507824,1310.410428,6.299398312,44.60571311,773.380128,1615.834585,6.465503714,46.27036634,43449390153,85003951527,6.334122603,44.7656455,11.50746178,21.13130408,5.523592211,35.29844348,4.547587525,11.1224261,6.602613975,46.66911543
707501,16.7829485,39.18067775,6.569563416,46.51204695,671.0859416,1458.311213,6.446981271,45.55429725,794.6161424,1785.532901,6.514559394,46.23198095,45949650681,94110530693,6.21207732,42.36303372,10.75567808,20.62983906,5.92697602,40.28510608,4.52632583,10.79083571,6.478060005,45.0332768
708001,16.86430388,39.91413348,6.576591107,46.47621543,701.3880481,1648.493212,6.489386944,45.2806065,814.7117568,1974.431989,6.508943818,45.29399414,49714381903,1.01122E+11,6.406409006,45.52704752,10.29228941,21.86630668,6.387493696,44.84813645,4.394360465,9.79833031,6.543079776,46.68678364
708501,16.928106,40.19150851,6.57361264,46.39555909,692.5098384,1616.865144,6.478269357,45.10844427,802.518463,1909.015608,6.567726217,46.27405597,58155651101,1.2723E+11,6.10372914,39.96514263,10.25690626,22.46849453,6.450253979,45.63121168,4.401863849,10.08896539,6.572615055,46.80379838
709001,16.83328897,39.42224335,6.550977409,46.19144394,680.4018339,1552.596757,6.546990379,46.65977968,799.8859775,1850.302082,6.560887718,46.48104296,57712395973,1.06001E+11,6.19377595,42.82706161,11.00751768,26.05547782,6.506942439,46.06759541,4.493309364,10.96547458,6.60826966,46.65619137
709501,16.69944506,38.49210759,6.582064564,46.8366955,695.2551416,1641.789745,6.51599442,45.68964656,789.3405223,1816.236638,6.581709392,46.84895283,56808414614,91983676727,5.816190449,40.03712613,12.1987115,31.85693871,6.368720396,43.07869312,4.521091398,11.04276185,6.545616429,45.78977094
710001,16.88676548,39.90036136,6.583069038,46.60390792,698.5600685,1651.050924,6.551516688,46.14059217,813.3110055,1977.599888,6.667276295,47.71204204,58904660438,1.1749E+11,6.173882502,43.04784508,11.67508218,28.86381654,6.28673044,42.12024445,4.474732873,10.72677524,6.583260609,46.54914265
710501,16.9594296,40.44173564,6.539285289,45.86647391,686.9329899,1589.442304,6.521852943,45.90199458,861.8283644,2163.918016,6.332785027,42.55911958,66656055566,1.68816E+11,5.58327146,32.50590205,9.972680714,20.25612849,6.402031535,45.82857109,4.387141299,10.31405003,6.50899234,45.58935385
711001,16.72747449,38.86394892,6.575625056,46.64146383,682.7383947,1543.733482,6.518113721,46.26386584,767.8491774,1725.855628,6.589900963,47.23311645,45806217643,80561892463,5.677480519,38.1360836,10.30964149,21.35065435,6.071672145,41.60416891,4.272364587,9.585008677,6.517599013,46.24080856
711501,16.75364159,38.8757122,6.562807685,46.47702031,685.7464959,1636.044344,6.617958489,47.04482028,792.9936393,1753.542959,6.421939757,45.33131949,44489060251,80329781697,5.139619296,31.06259307,10.85167027,25.58748654,6.352827055,43.61192223,4.208394729,9.607234074,6.578685907,46.83059177
712001,16.73261512,39.09944226,6.567175602,46.43349106,701.8519745,1693.975373,6.427654086,44.0841918,784.3555084,1798.154674,6.410149141,44.30027337,40295027793,75575519362,5.156275216,30.72066148,10.48280747,25.58548099,6.429277503,44.08726347,4.237826898,9.95129106,6.521861018,45.80131117
712501,16.76560044,39.17995647,6.572564242,46.53755051,667.9949798,1451.793746,6.560417587,47.1555656,747.5270239,1632.651778,6.49501734,46.19714934,38889250368,75514219097,5.199929793,30.50888583,9.644755557,20.9891584,6.432257316,45.13206014,4.167311687,9.734977301,6.549228004,46.12570417
713001,16.82343744,39.53550102,6.563933915,46.36463365,704.878992,1550.67676,6.383091985,44.67593668,751.8511529,1669.50517,6.497636021,46.03686408,42891548383,96382453263,5.652294123,34.56858914,9.384536164,18.31537235,6.208112726,43.77891435,4.082708051,9.182702989,6.554465227,46.62873512
713501,16.79765597,39.41052403,6.569886443,46.45838093,690.2876924,1570.996439,6.484157275,45.59777467,759.2484741,1760.686656,6.565190486,46.44301912,37165982105,73600727556,6.35040431,45.23411264,9.624179471,20.77272912,6.489067819,46.33669727,4.187937427,9.606736557,6.553104068,46.58062004
714001,16.81924358,39.4715283,6.582745459,46.64771799,705.0159966,1631.992695,6.538708909,46.38162959,768.8133854,1808.175109,6.539649161,46.01821203,41082040374,81020574410,6.363973569,44.92124692,10.46189216,24.33986803,6.270045421,42.30614765,4.27989101,10.01148832,6.439854307,44.64914996
714501,16.6749747,39.82106461,6.605417375,46.7247111,765.0004706,1745.251039,6.542034297,45.42051007,816.9031154,1792.089019,6.609748178,46.84936862,73145392783,86864113793,6.040091473,41.29087495,12.22859954,21.39893324,6.633919285,47.75807608,4.375510231,9.641844671,6.616278359,47.26040825
715001,16.7445536,39.05007946,6.734367185,48.18699204,1245.110869,1520.379694,6.0167242,41.64054868,1276.644848,1725.279298,6.093558968,42.56057837,2.32433E+11,99232702478,0.891090332,2.430274279,27.90531135,22.65672849,4.445616017,28.01699001,6.197454818,9.668834102,6.359483325,44.56521295
715501,18.26496234,41.19194372,6.77921134,48.26928809,1905.573761,1632.074976,4.465014109,27.69122414,2012.092094,1946.8665,5.068091296,32.78496175,4.21545E+11,1.61358E+11,0.122139221,-0.478239114,46.02713143,29.33100921,2.145315887,9.608357216,8.580874317,9.993237261,5.933381762,40.81182614
716001,16.66327103,39.08117325,6.966054773,50.99022701,1861.945612,1643.559943,4.697545446,30.40177129,1955.436248,1924.664342,5.199198202,34.2175635,4.08136E+11,1.62855E+11,0.153881386,-0.487056279,44.11829754,27.53808667,2.392974329,11.38213513,7.788831734,9.709609933,6.291926241,44.8818951
716501,9.570728267,21.33713923,6.933337195,51.35532685,973.3625137,919.8161026,5.118852553,35.17792849,1026.843776,1021.77659,5.324911784,36.22249886,1.99347E+11,87180118785,0.181117493,-0.596071309,22.8647752,14.60394716,2.977792822,16.06941765,3.967827916,5.406892221,6.530076685,47.78765587
