Time (cycle),Amplitude_Mean,Amplitude_Standard_deviation,Amplitude_Skewness,Amplitude_Kurtosis,Rise-Time_Mean,Rise-Time_Standard_deviation,Rise-Time_Skewness,Rise-Time_Kurtosis,Energy_Mean,Energy_Standard_deviation,Energy_Skewness,Energy_Kurtosis,Counts_Mean,Counts_Standard_deviation,Counts_Skewness,Counts_Kurtosis,Duration_Mean,Duration_Standard_deviation,Duration_Skewness,Duration_Kurtosis,RMS_Mean,RMS_Standard_deviation,RMS_Skewness,RMS_Kurtosis
500.0,1.4738971549425308,0.8645215685096953,0.0906504145969612,-1.2273838435361029,29.74337533156561,20.54446752278629,0.2321439397132708,-1.1791585622909044,975394.9893702548,368217.8563884985,-1.3896379706854116,0.5223135721497334,4.584213047039417,4.098360906990518,0.886369432601928,-0.5317377619267396,44.73256755866622,43.33919934875947,0.826094963953045,-0.8176105058708734,8.68192304689657,4.351070033651973,0.5716327496553911,-0.7786346598191938
1000.0,3.8175976986466824,1.44880439205141,0.09020946743859286,-1.1845608187495722,29.257449439604763,19.65621196378149,0.20117891975908145,-1.1124958430742589,1019375.4478919773,354527.9320676995,-1.3606909071579514,0.6531221310605464,5.233940396733239,4.336400143981567,0.8143961076533692,-0.5789576828095803,47.15984610914553,42.90240213013377,0.7686306224006979,-0.8566682486986867,9.340305998591964,4.432725185569892,0.5334195313336574,-0.7699951956596012
1500.0,6.161298242350834,2.0330872155931248,0.08976852028022453,-1.1417377939630415,28.771523547643913,18.767956404776687,0.1702138998048921,-1.045833123857613,1063355.9064136997,340838.0077469005,-1.331743843630491,0.7839306899713594,5.8836677464270615,4.574439380972617,0.7424227827048104,-0.6261776036924209,49.58712465962485,42.465604911508066,0.7111662808483509,-0.8957259915265001,9.998688950287358,4.514380337487813,0.4952063130119236,-0.7613557315000085
2000.0,8.504998786054985,2.617370039134839,0.08932757312185619,-1.0989147691765107,28.285597655683066,17.879700845771886,0.13924887985070275,-0.9791704046409675,1107336.364935422,327148.0834261015,-1.3027967801030307,0.9147392488821724,6.533395096120883,4.8124786179636665,0.6704494577562516,-0.6733975245752615,52.014403210104156,42.02880769288237,0.6537019392960037,-0.9347837343543134,10.657071901982752,4.5960354894057325,0.4569930946901898,-0.7527162673404157
2500.0,10.848699329759137,3.201652862676554,0.08888662596348784,-1.05609174438998,27.799671763722216,16.99144528676708,0.1082838598965134,-0.9125076854243218,1151316.8234571447,313458.1591053024,-1.2738497165755702,1.0455478077929854,7.183122445814705,5.050517854954716,0.5984761328076929,-0.7206174454581022,54.44168176058347,41.59201047425667,0.5962375977436567,-0.9738414771821268,11.315454853678144,4.677690641323652,0.41877987636845604,-0.7440768031808231
3000.0,13.19239987346329,3.7859356862182687,0.08844567880511951,-1.0132687196034493,27.31374587176137,16.10318972776228,0.07731883994232405,-0.8458449662076761,1195297.281978867,299768.23478450347,-1.24490265304811,1.1763563667037984,7.832849795508528,5.288557091945766,0.5265028078591341,-0.7678373663409428,56.868960311062786,41.15521325563096,0.5387732561913096,-1.01289922000994,11.973837805373538,4.759345793241572,0.38056665804672224,-0.7354373390212305
3500.0,15.53610041716744,4.370218509759983,0.08800473164675117,-0.9704456948169186,26.827819979800523,15.21493416875748,0.046353819988134704,-0.7791822469910306,1239277.7405005894,286078.3104637044,-1.2159555895206497,1.3071649256146114,8.482577145202349,5.526596328936815,0.4545294829105754,-0.8150572872237835,59.29623886154209,40.71841603700526,0.48130891463896247,-1.0519569628377534,12.632220757068932,4.841000945159491,0.34235343972498844,-0.7267978748616378
4000.0,17.87980096087159,4.954501333301698,0.08756378448838284,-0.9276226700303878,26.341894087839673,14.326678609752678,0.015388800033945355,-0.7125195277743849,1283258.1990223117,272388.3861429054,-1.1870085259931893,1.4379734845254244,9.132304494896172,5.764635565927865,0.3825561579620166,-0.8622772081066241,61.72351741202141,40.281618818379556,0.4238445730866154,-1.0910147056655668,13.290603708764326,4.922656097077412,0.3041402214032547,-0.7181584107020451
4500.0,20.223501504575744,5.538784156843413,0.0871228373300145,-0.8847996452438571,25.855968195878827,13.438423050747875,-0.015576219920244,-0.6458568085577392,1327238.6575440343,258698.4618221064,-1.158061462465729,1.5687820434362374,9.782031844589994,6.002674802918914,0.3105828330134578,-0.9094971289894648,64.15079596250072,39.84482159975386,0.3663802315342683,-1.1300724484933802,13.94898666045972,5.004311248995331,0.2659270030815209,-0.7095189465424525
5000.0,21.169260471857896,5.968719706399064,-0.059085465406897436,-0.6139812597203552,25.644798762705,14.287110860679629,0.06958083114409018,-0.629160428462213,1324744.1140135536,273583.1974638724,-1.192685145904548,1.5936809241516043,10.262810255259122,6.143913488866607,0.2689589000053362,-0.9006432653238768,67.53209895491439,41.104324671201695,0.3185672182508998,-1.138900583692581,14.106461499313978,5.148618561538141,0.2505579908652619,-0.6981294183349952
5500.0,22.115019439140053,6.398655255954715,-0.20529376814380937,-0.3431628741968533,25.433629329531176,15.135798670611381,0.15473788220842435,-0.6124640483666868,1322249.570483073,288467.93310563837,-1.2273088293433667,1.6185798048669715,10.74358866592825,6.285152174814301,0.2273349669972145,-0.891789401658289,70.91340194732807,42.36382774264953,0.2707542049675312,-1.147728718891782,14.263936338168236,5.292925874080951,0.23518897864900296,-0.6867398901275378
6000.0,23.06077840642221,6.828590805510366,-0.3515020708807213,-0.07234448867335141,25.22245989635735,15.984486480543135,0.23989493327275851,-0.5957676682711606,1319755.0269525922,303352.66874740436,-1.2619325127821857,1.6434786855823384,11.224367076597378,6.426390860761994,0.1857110339890929,-0.8829355379927011,74.29470493974173,43.62333081409737,0.2229411916841627,-1.1565568540909827,14.421411177022494,5.437233186623761,0.21981996643274399,-0.6753503619200805
6500.0,24.00653737370436,7.258526355066018,-0.49771037361763326,0.1984738968501505,25.011290463183524,16.833174290474886,0.3250519843370927,-0.5790712881756344,1317260.4834221115,318237.4043891703,-1.2965561962210046,1.6683775662977054,11.705145487266506,6.5676295467096875,0.14408710098097124,-0.8740816743271133,77.67600793215541,44.88283388554521,0.17512817840079417,-1.1653849892901835,14.578886015876751,5.581540499166571,0.204450954216485,-0.6639608337126232
7000.0,24.952296340986514,7.688461904621669,-0.6439186763545451,0.4692922823736523,24.8001210300097,17.68186210040664,0.4102090354014269,-0.5623749080801081,1314765.9398916308,333122.1400309363,-1.3311798796598235,1.6932764470130726,12.185923897935634,6.70886823265738,0.1024631679728496,-0.8652278106615253,81.05731092456908,46.14233695699305,0.12731516511742563,-1.1742131244893845,14.736360854731009,5.7258478117093805,0.18908194200022602,-0.6525713055051657
7500.0,25.89805530826867,8.11839745417732,-0.7901269790914571,0.7401106678971543,24.588951596835877,18.530549910338394,0.495366086465761,-0.5456785279845819,1312271.3963611503,348006.87567270227,-1.3658035630986425,1.7181753277284395,12.666702308604762,6.850106918605073,0.060839234964727984,-0.8563739469959375,84.43861391698275,47.40184002844089,0.07950215183405712,-1.1830412596885853,14.893835693585267,5.870155124252189,0.17371292978396705,-0.6411817772977084
8000.0,26.843814275550827,8.548333003732973,-0.9363352818283691,1.0109290534206563,24.37778216366205,19.379237720270147,0.5805231375300952,-0.5289821478890557,1309776.8528306696,362891.61131446826,-1.4004272465374612,1.7430742084438064,13.147480719273892,6.991345604552767,0.019215301956606312,-0.8475200833303496,87.81991690939643,48.661343099888725,0.031689138550688556,-1.191869394887786,15.051310532439523,6.014462436794999,0.15834391756770805,-0.6297922490902511
8500.0,27.78957324283298,8.978268553288624,-1.0825435845652809,1.281747438944158,24.166612730488225,20.2279255302019,0.6656801885944293,-0.5122857677935295,1307282.309300189,377776.34695623425,-1.4350509299762801,1.7679730891591736,13.62825912994302,7.13258429050046,-0.022408631051515304,-0.8386662196647616,91.20121990181009,49.920846171336564,-0.016123874732679955,-1.200697530086987,15.20878537129378,6.158769749337809,0.14297490535144908,-0.6184027208827937
9000.0,28.735332210115132,9.408204102844275,-1.2287518873021928,1.55256582446766,23.9554432973144,21.076613340133655,0.7508372396587635,-0.4955893876980033,1304787.7657697082,392661.0825980002,-1.469674613415099,1.7928719698745406,14.109037540612148,7.2738229764481535,-0.06403256405963692,-0.8298123559991738,94.58252289422377,51.1803492427844,-0.06393688801604847,-1.2095256652861879,15.366260210148038,6.303077061880619,0.1276058931351901,-0.6070131926753364
9500.0,29.68109117739729,9.838139652399926,-1.3749601900391046,1.8233842099911617,23.744273864140574,21.92530115006541,0.8359942907230977,-0.4788930076024771,1302293.2222392275,407545.8182397662,-1.5042982968539178,1.8177708505899075,14.589815951281276,7.415061662395846,-0.10565649706775859,-0.8209584923335859,97.96382588663744,52.43985231423224,-0.11174990129941703,-1.2183538004853887,15.523735049002296,6.447384374423429,0.11223688091893114,-0.5956236644678791
10000.0,30.626850144679445,10.268075201955577,-1.5211684927760167,2.094202595514664,23.53310443096675,22.773988959997162,0.9211513417874319,-0.4621966275069509,1299798.6787087468,422430.55388153216,-1.5389219802927367,1.8426697313052744,15.070594361950404,7.556300348343539,-0.1472804300758802,-0.812104628667998,101.34512887905112,53.69935538568008,-0.15956291458278554,-1.2271819356845897,15.681209887856554,6.5916916869662385,0.09686786870267217,-0.5842341362604218
10500.0,31.572609111961597,10.698010751511228,-1.6673767955129286,2.3650209810381657,23.321934997792923,23.622676769928912,1.006308392851766,-0.4455002474114247,1297304.135178266,437315.28952329815,-1.5735456637315557,1.8675686120206416,15.551372772619532,7.697539034291233,-0.1889043630840018,-0.8032507650024101,104.72643187146478,54.95885845712792,-0.2073759278661541,-1.2360100708837904,15.838684726710811,6.735998999509048,0.0814988564864132,-0.5728446080529643
11000.0,32.07193402934272,10.97136500958742,-1.6543030495364848,2.253652171089986,24.47664665292635,24.182377148598388,0.9792060172380547,-0.49243127201186554,1286880.5333956555,431602.7646968254,-1.577352904629611,1.834472259938418,15.869375568616505,7.756819134073131,-0.22961434108043105,-0.7878257635801642,107.76936197314164,55.75267201477949,-0.22651835788628227,-1.1936358086658478,15.804957635833794,6.746714358535989,0.06998952729538604,-0.5547526644720207
11500.0,32.57125894672384,11.24471926766361,-1.641229303560041,2.1422833611418057,25.631358308059777,24.74207752726786,0.9521036416243435,-0.5393622966123064,1276456.9316130448,425890.2398703527,-1.5811601455276665,1.8013759078561946,16.187378364613476,7.816099233855031,-0.2703243190768603,-0.7724007621579184,110.8122920748185,56.546485572431074,-0.24566078790641044,-1.151261546447905,15.771230544956778,6.75742971756293,0.058480198104358894,-0.536660720891077
12000.0,33.07058386410496,11.5180735257398,-1.6281555575835973,2.030914551193626,26.786069963193203,25.301777905937335,0.9250012660106322,-0.5862933212127472,1266033.3298304344,420177.71504388005,-1.584967386425722,1.768279555773971,16.505381160610447,7.875379333636929,-0.31103429707328956,-0.7569757607356725,113.85522217649535,57.34029913008265,-0.2648032179265386,-1.1088872842299624,15.73750345407976,6.768145076589872,0.04697086891333174,-0.5185687773101333
12500.0,33.569908781486085,11.79142778381599,-1.6150818116071535,1.9195457412454462,27.940781618326632,25.86147828460681,0.8978988903969208,-0.6332243458131881,1255609.7280478238,414465.1902174073,-1.5887746273237775,1.7351832036917476,16.823383956607422,7.934659433418828,-0.3517442750697188,-0.7415507593134266,116.8981522781722,58.13411268773423,-0.28394564794666677,-1.0665130220120198,15.703776363202744,6.778860435616813,0.03546153972230459,-0.5004768337291896
13000.0,34.0692336988672,12.064782041892181,-1.6020080656307096,1.8081769312972662,29.095493273460058,26.421178663276287,0.8707965147832095,-0.680155370413629,1245186.1262652131,408752.66539093456,-1.592581868221833,1.702086851609524,17.141386752604394,7.993939533200727,-0.392454253066148,-0.7261257578911807,119.94108237984906,58.927926245385805,-0.30308807796679493,-1.024138759794077,15.670049272325727,6.789575794643754,0.02395221053127744,-0.4823848901482459
13500.0,34.568558616248325,12.338136299968372,-1.5889343196542658,1.6968081213490862,30.250204928593483,26.98087904194576,0.8436941391694983,-0.7270863950140699,1234762.5244826025,403040.1405644619,-1.5963891091198883,1.6689904995273006,17.459389548601365,8.053219632982627,-0.4331642310625773,-0.7107007564689349,122.98401248152592,59.72173980303738,-0.3222305079869231,-0.9817644975761344,15.63632218144871,6.8002911536706945,0.01244288134025029,-0.46429294656730224
14000.0,35.06788353362944,12.611490558044562,-1.5758605736778222,1.5854393114009064,31.404916583726912,27.540579420615234,0.816591763555787,-0.7740174196145108,1224338.922699992,397327.6157379892,-1.600196350017944,1.635894147445077,17.777392344598336,8.112499732764524,-0.47387420905900657,-0.695275755046689,126.02694258320278,60.51555336068896,-0.34137293800705126,-0.9393902353581917,15.602595090571693,6.811006512697636,0.000933552149223138,-0.44620100298635856
14500.0,35.567208451010565,12.884844816120752,-1.5627868277013783,1.4740705014527267,32.55962823886034,28.10027979928471,0.7894893879420757,-0.8209484442149516,1213915.3209173814,391615.09091151645,-1.6040035909159993,1.6027977953628536,18.095395140595308,8.171779832546424,-0.5145841870554357,-0.6798507536244431,129.06987268487964,61.30936691834054,-0.36051536802717943,-0.897015973140249,15.568867999694676,6.821721871724577,-0.010575777041804013,-0.4281090594054149
15000.0,36.06653336839169,13.158199074196943,-1.5497130817249345,1.3627016915045467,33.71433989399377,28.659980177954182,0.7623870123283645,-0.8678794688153925,1203491.7191347708,385902.5660850437,-1.6078108318140547,1.56970144328063,18.413397936592283,8.231059932328323,-0.555294165051865,-0.6644257522021972,132.11280278655647,62.10318047599212,-0.3796577980473076,-0.8546417109223063,15.53514090881766,6.832437230751518,-0.022085106232831164,-0.4100171158244712
15500.0,36.565858285772805,13.431553332273134,-1.5366393357484907,1.2513328815563667,34.86905154912719,29.219680556623658,0.7352846367146532,-0.9148104934158333,1193068.1173521602,380190.04125857103,-1.61161807271211,1.5366050911984064,18.731400732589254,8.29034003211022,-0.5960041430482943,-0.6490007507799515,135.15573288823333,62.89699403364369,-0.39880022806743576,-0.8122674487043636,15.501413817940643,6.843152589778459,-0.033594435423858315,-0.3919251722435275
16000.0,37.06518320315393,13.704907590349325,-1.5235655897720468,1.139964071608187,36.02376320426062,29.779380935293133,0.7081822611009418,-0.9617415180162742,1182644.5155695495,374477.51643209835,-1.6154253136101655,1.503508739116183,19.049403528586225,8.34962013189212,-0.6367141210447235,-0.6335757493577056,138.1986629899102,63.690807591295275,-0.4179426580875639,-0.7698931864864209,15.467686727063626,6.8538679488054,-0.045103764614885467,-0.37383322866258384
16500.0,37.56450812053505,13.978261848425515,-1.5104918437956032,1.028595261660007,37.17847485939404,30.33908131396261,0.6810798854872306,-1.0086725426167151,1172220.9137869389,368764.9916056256,-1.6192325545082211,1.4704123870339594,19.3674063245832,8.40890023167402,-0.6774240990411527,-0.6181507479354598,141.24159309158705,64.48462114894684,-0.4370850881076921,-0.7275189242684783,15.433959636186609,6.8645833078323415,-0.05661309380591262,-0.35574128508164016
17000.0,38.06383303791617,14.251616106501706,-1.4974180978191594,0.9172264517118272,38.333186514527476,30.89878169263208,0.6539775098735192,-1.055603567217156,1161797.3120043285,363052.46677915286,-1.6230397954062765,1.437316034951736,19.68540912058017,8.468180331455917,-0.718134077037582,-0.6027257465132139,144.2845231932639,65.27843470659843,-0.45622751812782025,-0.6851446620505356,15.400232545309592,6.875298666859282,-0.06812242299693977,-0.3376493415006965
17500.0,38.56315795529729,14.524970364577896,-1.4843443518427155,0.8058576417636472,39.4878981696609,31.458482071301557,0.626875134259808,-1.1025345918175968,1151373.7102217178,357339.9419526802,-1.626847036304332,1.4042196828695124,20.003411916577143,8.527460431237817,-0.7588440550340113,-0.587300745090968,147.32745329494077,66.07224826425,-0.4753699481479484,-0.6427703998325929,15.366505454432575,6.886014025886223,-0.0796317521879669,-0.3195573979197528
18000.0,38.9130192490224,15.254780746482473,-1.4309544950247468,0.6432504377702819,41.59561066523304,32.323640907860344,0.5807959869234559,-1.1391361182567903,1120856.886868232,358964.06739314063,-1.5610039717368647,1.2257543096107435,20.154357406291787,9.151161526911064,-0.6949016151372615,-0.7069852110324318,150.27870368939045,70.72163426790999,-0.437060515379733,-0.7382359409647504,15.139777713546623,6.809900188063804,-0.13983901042017155,-0.3359929909023342
18500.0,39.2628805427475,15.984591128387049,-1.377564638206778,0.48064323377691676,43.703323160805176,33.18879974441913,0.5347168395871038,-1.1757376446959837,1090340.063514746,360588.1928336011,-1.4951609071693974,1.0472889363519746,20.305302896006435,9.774862622584312,-0.6309591752405117,-0.8266696769738957,153.22995408384014,75.37102027156999,-0.39875108261151765,-0.833701482096908,14.913049972660673,6.733786350241386,-0.20004626865237618,-0.3524285838849156
19000.0,39.61274183647261,16.714401510291626,-1.3241747813888094,0.31803602978355155,45.811035656377314,34.05395858097792,0.48863769225075177,-1.2123391711351772,1059823.2401612601,362212.31827406154,-1.4293178426019302,0.8688235630932055,20.456248385721082,10.39856371825756,-0.5670167353437618,-0.9463541429153595,156.1812044782898,80.02040627522997,-0.3604416498433023,-0.9291670232290656,14.68632223177472,6.6576725124189675,-0.2602535268845808,-0.368864176867497
19500.0,39.96260313019772,17.4442118921962,-1.2707849245708407,0.15542882579018635,47.918748151949444,34.919117417536704,0.44255854491439967,-1.2489406975743704,1029306.4168077742,363836.44371452206,-1.363474778034463,0.6903581898344366,20.607193875435726,11.022264813930807,-0.503074295447012,-1.0660386088568234,159.1324548727395,84.66979227888996,-0.3221322170750869,-1.024632564361223,14.459594490888769,6.581558674596549,-0.32046078511678544,-0.3852997698500784
20000.0,40.312464423922826,18.17402227410078,-1.217395067752872,-0.007178378203178903,50.02646064752159,35.784276254095495,0.39647939757804757,-1.2855422240135639,998789.5934542883,365460.5691549825,-1.2976317134669957,0.5118928165756678,20.75813936515037,11.645965909604055,-0.43913185555026224,-1.1857230747982872,162.08370526718917,89.31917828254996,-0.28382278430687147,-1.1200981054933807,14.232866750002819,6.50544483677413,-0.38066804334899007,-0.4017353628326598
20500.0,40.66232571764793,18.903832656005356,-1.164005210934903,-0.16978558219654405,52.13417314309372,36.64943509065428,0.3504002502416955,-1.3221437504527573,968272.7701008024,367084.69459544297,-1.2317886488995284,0.33342744331689866,20.909084854865018,12.269667005277304,-0.3751894156535124,-1.305407540739751,165.03495566163883,93.96856428620994,-0.2455133515386561,-1.2155636466255384,14.006139009116866,6.429330998951711,-0.4408753015811947,-0.4181709558152412
21000.0,41.01218701137304,19.633643037909934,-1.1106153541169344,-0.3323927861899092,54.241885638665856,37.51459392721307,0.3043211029053434,-1.3587452768919508,937755.9467473165,368708.8200359034,-1.1659455843320612,0.15496207005812979,21.060030344579665,12.893368100950552,-0.3112469757567626,-1.425092006681215,167.98620605608852,98.61795028986992,-0.20720391877044075,-1.311029187757696,13.779411268230916,6.353217161129293,-0.5010825598133993,-0.4346065487978226
21500.0,41.36204830509814,20.36345341981451,-1.0572254972989656,-0.4949999901832744,56.34959813423799,38.379752763771855,0.2582419555689913,-1.3953468033311442,907239.1233938306,370332.9454763639,-1.100102519764594,-0.023503303200639,21.21097583429431,13.5170691966238,-0.2473045358600128,-1.5447764726226787,170.9374564505382,103.26733629352992,-0.1688944860022253,-1.4064947288898535,13.552683527344964,6.277103323306874,-0.561289818045604,-0.451042141780404
22000.0,43.13795343849968,25.18498279261877,-0.54922453889334,-1.3626488510320278,76.81932593413657,47.98186624077408,-0.0519804979402602,-1.5135123785706828,733584.4428719777,379589.1603598216,-0.3396260498297423,-1.0779485656698549,26.57771945350652,17.440787080163336,-0.2590138826357775,-1.584645008395205,214.0168961670536,149.3689336211692,-0.0833884866690814,-1.6449799742676323,9.813643711365854,5.336908148659435,-0.559364085032671,-1.2181884308225637
22500.0,41.75657789281497,27.723545334668884,-0.2311694917996907,-1.5715917840774918,86.60604413235572,57.57761059191883,-0.1646689490875654,-1.7182759030496455,606465.5975866312,405087.5298909792,0.3854142329384574,-0.733981961334544,30.416800047474645,17.762429184764734,-0.3089065055258134,-1.5640193266901652,243.47926881697083,170.86443041556117,-0.08090999053627,-1.7137086573726084,8.306680723412038,5.047714355675941,-0.0063038270152516,-1.2795136475912652
23000.0,40.20316277698142,27.903621628089596,-0.11011764018058634,-1.555319750123205,86.22417159933146,59.02238886224303,-0.157765387168733,-1.7248522258549759,581582.7981616688,408649.6073276102,0.4728638045501252,-0.6738216631303501,29.643259123889354,18.07474828012437,-0.27626751788573695,-1.5807379983931074,243.54715887763075,173.36343684907916,-0.05917793503931583,-1.708931493258801,8.682174294291238,5.651568780232063,0.08892967767119933,-1.1368255757163108
23500.0,38.64974766114788,28.083697921510307,0.010934211438518027,-1.5390477161689182,85.84229906630719,60.46716713256723,-0.1508618252499006,-1.7314285486603063,556699.9987367066,412211.68476424116,0.5603133761617931,-0.6136613649261563,28.869718200304067,18.38706737548401,-0.24362853024566056,-1.5974566700960495,243.61504893829067,175.86244328259716,-0.037445879542361664,-1.7041543291449934,9.057667865170439,6.255423204788186,0.18416318235765028,-0.9941375038413562
24000.0,37.09633254531433,28.26377421493102,0.1319860630576224,-1.5227756822146314,85.46042653328293,61.91194540289143,-0.1439582633310682,-1.7380048714656366,531817.1993117442,415773.7622008722,0.6477629477734609,-0.5535010667219624,28.096177276718777,18.699386470843645,-0.2109895426055841,-1.6141753417989917,243.6829389989506,178.36144971611515,-0.0157138240454075,-1.699377165031186,9.43316143604964,6.859277629344308,0.2793966870441012,-0.8514494319664019
24500.0,27.883498926203934,24.79637426183761,0.6704361233359377,-0.8848275466393041,67.8539652598736,52.06997641441875,0.1669140713618569,-1.5755707923293722,491033.10600434383,409521.589042877,0.4189495881279986,-1.2242862998962798,19.982645843743363,15.846836073332469,0.468449547817357,-1.204067830475951,185.24120444990285,164.5862496287865,0.4113658748736432,-1.4361595254674295,9.062501922149725,7.507287499475631,0.7025959768084167,-0.5088850920788217
25000.0,22.586916282754743,19.25152450568863,0.6474543659994899,-0.6831945597397637,40.22343387369577,37.52679881444399,0.5859291557097092,-1.2336828892427223,540975.8770795361,392961.5024206127,0.1224997105390301,-1.3044471186403603,13.96509930926037,12.311508884037892,0.7187144645280406,-0.8031329818015362,130.97323533786246,122.0853006050254,0.8309635509278324,-0.6393297633229267,6.053426161410693,4.211434873523947,0.5218824485322858,-0.9158658781209916
25500.0,20.73800117995972,17.523524686421453,0.4511709609170889,-1.0485671853512182,33.10438359535705,26.08424371907504,0.7845241922530638,-0.6072807150491562,544798.6465749195,379791.1370034127,0.0105828879410309,-1.2635120822646015,12.786814414502317,9.44604762227421,0.6845771377830556,-0.442445170566442,105.36189432374437,99.7507909674122,1.0989379147064509,-0.0579199227952802,5.37235368895707,2.954247893797627,0.2146553659275999,-1.1674077395762812
26000.0,19.753003538985556,16.651234935199525,0.42879461863476714,-1.1789666523385658,30.056357230495255,21.762224864226802,0.613820727241264,-0.6142023996046793,538748.3633569339,373410.78225833783,-0.05854004148111191,-1.322474659491374,12.872356265862164,8.568091822979117,0.4777243750132274,-0.7483907950656352,102.31943590851427,84.43989517799216,1.1523970223845013,0.3441305398210082,5.605905790030212,3.312823568789983,0.2681167559116376,-0.9042913106614644
26500.0,18.768005898011392,15.7789451839776,0.4064182763524454,-1.3093661193259132,27.00833086563346,17.440206009378564,0.4431172622294643,-0.6211240841602024,532698.0801389485,367030.4275132629,-0.1276629709032547,-1.3814372367181469,12.957898117222012,7.690136023684026,0.2708716122433992,-1.0543364195648284,99.27697749328418,69.12899938857213,1.2058561300625517,0.7461810024372966,5.839457891103354,3.671399243782339,0.3215781458956753,-0.6411748817466476
27000.0,17.246045476623085,14.90283349879658,0.537913286811741,-1.2863453930984878,27.43166591163092,19.57444393731574,0.5613591351813197,-0.9691303505179224,524758.1708186724,368656.63571863255,-0.1393835012549673,-1.525202474910717,14.202137111011782,9.217965859817452,0.4879445583813373,-1.024460488613523,97.5850803329612,62.38971990243481,0.2628136778522016,-1.1042233142914843,6.591442281039616,5.072108505109605,1.0907033445878092,0.5070685727415016
27500.0,16.994829915796146,14.911384708755172,0.5576604834710353,-1.254708447451857,28.267240907898916,20.77420712633009,0.564446787306799,-0.9991539681289898,519087.57544745493,366788.7756172372,-0.13487439806680632,-1.538643788899926,14.415370388337532,9.605980347529778,0.5001467379920894,-1.0065846965602936,96.89877316436721,64.68716205851581,0.3264449159119473,-1.0936538382050294,6.688054102411034,5.240307292003005,1.0707163525290866,0.42723986084965015
28000.0,16.743614354969203,14.919935918713762,0.5774076801303295,-1.2230715018052263,29.10281590416691,21.97397031534444,0.5675344394322782,-1.0291775857400574,513416.98007623747,364920.9155158419,-0.13036529487864537,-1.5520851028891351,14.628603665663283,9.993994835242104,0.5123489176028414,-0.9887089045070643,96.21246599577324,66.98460421459681,0.39007615397169304,-1.0830843621185742,6.784665923782451,5.408506078896407,1.050729360470364,0.3474111489577987
28500.0,16.492398794142265,14.928487128672353,0.5971548767896238,-1.1914345561585955,29.938390900434904,23.173733504358793,0.5706220915577576,-1.0592012033511249,507746.38470502,363053.0554144466,-0.1258561916904844,-1.5655264168783443,14.841836942989033,10.382009322954431,0.5245510972135934,-0.970833112453835,95.52615882717926,69.28204637067782,0.4537073920314387,-1.0725148860321192,6.881277745153868,5.576704865789807,1.0307423684116417,0.26758243706594714
29000.0,16.241183233315326,14.937038338630945,0.6169020734489179,-1.1597976105119647,30.7739658967029,24.373496693373145,0.5737097436832368,-1.0892248209621922,502075.7893338025,361185.1953130512,-0.12134708850232344,-1.5789677308675534,15.055070220314782,10.770023810666757,0.5367532768243455,-0.9529573204006057,94.83985165858527,71.57948852675882,0.5173386300911844,-1.0619454099456642,6.977889566525285,5.744903652683208,1.0107553763529191,0.18775372517409566
29500.0,15.989967672488385,14.945589548589535,0.6366492701082122,-1.128160664865334,31.609540892970898,25.573259882387497,0.576797395808716,-1.1192484385732597,496405.193962585,359317.33521165594,-0.11683798531416248,-1.5924090448567625,15.268303497640533,11.158038298379083,0.5489554564350976,-0.9350815283473763,94.1535444899913,73.87693068283983,0.5809698681509301,-1.051375933859209,7.074501387896702,5.913102439576609,0.9907683842941966,0.10792501328224419
30000.0,15.738752111661444,14.954140758548126,0.6563964667675064,-1.0965237192187032,32.44511588923889,26.77302307140185,0.5798850479341953,-1.1492720561843273,490734.59859136754,357449.4751102606,-0.1123288821260015,-1.6058503588459716,15.481536774966283,11.546052786091408,0.5611576360458496,-0.917205736294147,93.46723732139732,76.17437283892083,0.6446011062106758,-1.040806457772754,7.171113209268119,6.08130122647001,0.970781392235474,0.0280963013903927
30500.0,15.736319028628468,14.868675738056723,0.6765350066973276,-1.0724592489814953,33.7227958340675,27.625353098250283,0.5527017924642976,-1.1825536608516838,487890.1203340864,358221.5640530646,-0.08634204212738718,-1.6009004493789916,16.04722019179835,11.509157995253224,0.514034271070609,-0.925936132106498,98.12663202067735,76.45104938516222,0.6454189044902323,-1.011998832635056,7.440062275810206,5.943307093537625,0.8987817330394645,-0.016596763898274997
31000.0,15.73388594559549,14.783210717565321,0.6966735466271486,-1.0483947787442873,35.00047577889611,28.477683125098718,0.5255185369944,-1.2158352655190405,485045.64207680523,358993.65299586864,-0.06035520212877284,-1.5959505399120113,16.612903608630415,11.472263204415041,0.46691090609536834,-0.9346665279188492,102.78602671995736,76.7277259314036,0.646236702769789,-0.9831912074973578,7.709011342352292,5.805312960605239,0.826782073843455,-0.061289829186942694
31500.0,15.731452862562515,14.697745697073918,0.7168120865569698,-1.0243303085070794,36.278155723724716,29.33001315194715,0.49833528152450235,-1.249116870186397,482201.1638195241,359765.74193867267,-0.03436836213015851,-1.5910006304450313,17.17858702546248,11.435368413576857,0.4197875411201278,-0.9433969237312002,107.44542141923739,77.00440247764499,0.6470545010493455,-0.9543835823596597,7.977960408894378,5.667318827672854,0.7547824146474456,-0.10598289447561038
32000.0,15.729019779529537,14.612280676582516,0.7369506264867909,-1.0002658382698715,37.55583566855333,30.182343178795584,0.4711520260546047,-1.2823984748537538,479356.6855622429,360537.83088147675,-0.00838152213154418,-1.5860507209780512,17.744270442294546,11.398473622738672,0.37266417614488717,-0.9521273195435512,112.1048161185174,77.28107902388636,0.6478722993289021,-0.9255759572219616,8.246909475436464,5.529324694740469,0.6827827554514361,-0.15067595976427808
32500.0,15.726586696496561,14.526815656091113,0.7570891664166121,-0.9762013680326634,38.833515613381934,31.03467320564402,0.4439687705847071,-1.3156800795211103,476512.2073049618,361309.9198242808,0.017605317867070147,-1.5811008115110712,18.30995385912661,11.361578831900488,0.32554081116964656,-0.9608577153559023,116.76421081779743,77.55775557012775,0.6486900976084586,-0.8967683320842634,8.51585854197855,5.391330561808084,0.6107830962554266,-0.1953690250529458
33000.0,15.724153613463583,14.441350635599711,0.7772277063464331,-0.9521368977954555,40.11119555821055,31.887003232492454,0.41678551511480944,-1.348961684188467,473667.7290476806,362082.0087670848,0.04359215786568449,-1.576150902044091,18.875637275958677,11.324684041062305,0.278417446194406,-0.9695881111682534,121.42360551707745,77.83443211636913,0.6495078958880153,-0.8679607069465654,8.784807608520637,5.253336428875698,0.5387834370594171,-0.24006209034161347
33500.0,15.721720530430607,14.355885615108308,0.7973662462762543,-0.9280724275582476,41.38887550303915,32.73933325934089,0.3896022596449118,-1.3822432888558236,470823.2507903995,362854.0977098888,0.0695789978642988,-1.5712009925771109,19.441320692790743,11.28778925022412,0.2312940812191654,-0.9783185069806044,126.08300021635748,78.11110866261052,0.6503256941675718,-0.8391530818088673,9.053756675062724,5.115342295943313,0.4667837778634077,-0.2847551556302812
34000.0,15.71408534592729,14.4170439391366,0.7870251722696017,-0.9507645544354622,42.43525596193137,33.13297259986078,0.3700467114482549,-1.3908622226500524,467876.9136056049,363959.4255954903,0.09214978070548686,-1.5535660063374597,19.55301205954429,11.30640933231045,0.19793260086695227,-0.9774665855412921,128.02669689272722,79.32756815013502,0.6119732790575647,-0.8600531298461528,8.950088692803156,5.022150009846318,0.4629456746015305,-0.29172333326432337
34500.0,15.706450161423973,14.47820226316489,0.776684098262949,-0.9734566813126767,43.481636420823584,33.52661194038067,0.350491163251598,-1.399481156444281,464930.5764208103,365064.7534810918,0.11472056354667493,-1.5359310200978085,19.66470342629784,11.32502941439678,0.16457112051473916,-0.9766146641019798,129.97039356909698,80.54402763765952,0.5736208639475577,-0.8809531778834383,8.846420710543587,4.928957723749325,0.4591075713396534,-0.29869151089836554
35000.0,15.698814976920655,14.539360587193183,0.7663430242562964,-0.9961488081898912,44.52801687971579,33.92025128090056,0.33093561505494107,-1.40810009023851,461984.2392360157,366170.0813666933,0.137291346387863,-1.518296033858157,19.776394793051388,11.34364949648311,0.13120964016252606,-0.9757627426626675,131.91409024546672,81.76048712518404,0.5352684488375506,-0.9018532259207238,8.74275272828402,4.835765437652331,0.45526946807777624,-0.3056596885324077
35500.0,15.691179792417337,14.600518911221474,0.7560019502496438,-1.0188409350671057,45.57439733860801,34.31389062142045,0.3113800668582842,-1.4167190240327385,459037.9020512211,367275.4092522948,0.15986212922905108,-1.5006610476185058,19.88808615980494,11.36226957856944,0.09784815981031295,-0.9749108212233553,133.8577869218365,82.97694661270855,0.4969160337275436,-0.9227532739580093,8.63908474602445,4.742573151555336,0.4514313648158991,-0.3126278661664499
36000.0,15.68354460791402,14.661677235249766,0.7456608762429912,-1.0415330619443202,46.620777797500224,34.70752996194033,0.2918245186616273,-1.4253379578269674,456091.5648664266,368380.73713789624,0.18243291207023912,-1.4830260613788546,19.999777526558486,11.38088966065577,0.06448667945809983,-0.9740588997840429,135.80148359820623,84.19340610023305,0.4585636186175366,-0.943653321995295,8.535416763764882,4.649380865458343,0.44759326155402196,-0.3195960438004921
36500.0,15.675909423410703,14.722835559278057,0.7353198022363385,-1.0642251888215348,47.66715825639244,35.10116930246022,0.2722689704649704,-1.433956891621196,453145.227681632,369486.06502349774,0.2050036949114272,-1.4653910751392034,20.111468893312036,11.3995097427421,0.031125199105886736,-0.9732069783447307,137.745180274576,85.40986558775755,0.4202112035075295,-0.9645533700325805,8.431748781505313,4.556188579361349,0.44375515829214485,-0.3265642214345343
37000.0,15.668274238907385,14.78399388330635,0.7249787282296859,-1.0869173156987493,48.713538715284656,35.49480864298011,0.2527134222683135,-1.4425758254154248,450198.8904968374,370591.39290909923,0.22757447775261525,-1.4477560888995522,20.223160260065583,11.41812982482843,-0.0022362812463263826,-0.9723550569054183,139.68887695094574,86.62632507528207,0.38185878839752246,-0.985453418069866,8.328080799245745,4.4629962932643545,0.4399170550302677,-0.33353239906857646
37500.0,15.660639054404069,14.84515220733464,0.7146376542230333,-1.109609442575964,49.759919174176865,35.8884479835,0.23315787407165658,-1.4511947592096535,447252.5533120428,371696.7207947007,0.2501452605938033,-1.4301211026599008,20.334851626819134,11.436749906914761,-0.0355977615985395,-0.9715031354661061,141.6325736273155,87.84278456280657,0.34350637328751543,-1.0063534661071514,8.224412816986176,4.369804007167361,0.43607895176839057,-0.34050057670261863
38000.0,15.65300386990075,14.906310531362932,0.7042965802163806,-1.1323015694531784,50.80629963306908,36.28208732401989,0.2136023258749997,-1.4598136930038823,444306.2161272482,372802.0486803022,0.2727160434349914,-1.4124861164202496,20.44654299357268,11.45536998900109,-0.0689592419507526,-0.9706512140267938,143.57627030368525,89.05924405033107,0.3051539581775084,-1.027253514144437,8.120744834726608,4.276611721070367,0.4322408485065134,-0.3474687543366608
38500.0,15.811568760215124,14.95351802499549,0.6706839100309614,-1.1578196085353198,53.27296514440067,37.91682573761114,0.1349927203612244,-1.4935465518765465,422690.6794423922,361035.4083873639,0.328186349809635,-1.3601725299564489,20.144186344417633,10.732556714421598,0.027005678338127156,-0.9329808573369454,148.8215042352328,90.18645502000388,0.29588395171261145,-1.0674545526716621,7.231780589218488,3.989962843264725,0.37161742837044853,-0.5135609702897206
39000.0,15.970133650529498,15.00072551862805,0.637071239845542,-1.1833376476174615,55.739630655732256,39.55156415120239,0.0563831148474491,-1.5272794107492107,401075.1427575362,349268.7680944256,0.3836566561842787,-1.3078589434926482,19.841829695262582,10.009743439842104,0.1229705986270069,-0.8953105006470969,154.06673816678037,91.3136659896767,0.2866139452477145,-1.1076555911988872,6.342816343710368,3.703313965459083,0.3109940082343836,-0.6796531862427804
39500.0,16.43111746770104,15.825864761182771,0.5334019585339846,-1.2839594088784223,57.668064760499725,43.13803976473999,0.0724811342723451,-1.6468892261450043,380780.2778340118,342244.29455247906,0.529421022486335,-0.978959380124364,16.493105737901647,11.421952644505655,0.0359270973750234,-1.4797251079599782,146.49738833022562,105.36505965208576,0.2271687619402217,-1.4277641563679542,6.149365606969281,3.220638972303915,-0.1857670894764785,-1.0787239530954886
40000.0,17.296293205891143,17.203156906286033,0.6131116156157176,-1.205728063609107,52.38112417915463,50.328824149833245,0.400050528674008,-1.626005230510963,295002.2788412606,282106.0610076921,0.6438370860750978,-0.7954496110457492,15.58113305933512,11.21542216487584,0.2619573984056469,-1.3346504697359136,136.43289359649745,115.20329500031264,0.4242245033678272,-1.442894509145721,6.178363475071984,4.261540652794968,0.1830572341469479,-1.2681590506641214
40500.0,15.811650388065155,17.872532875872782,0.8942793738348837,-0.6960121551859588,46.486560419129965,44.17319176264706,0.8333107063443856,-0.8353678943436491,211245.93079523763,204078.37087689995,0.6292505437876592,-1.077493123035251,15.279945302290896,11.393569344913493,0.528189441244289,-0.9287266829005172,119.24430603980132,110.11872570954586,0.8831725552529085,-0.8037372907313909,4.643596167976112,3.952352827231658,0.5160017693732873,-1.166296880433092
41000.0,14.171834127625296,16.742720402347874,1.1170182070822228,-0.0963682122552769,43.03934526678329,37.6679244617635,1.045729026892565,-0.2054226364411921,185716.53086626605,185730.13268353004,0.7092547329750981,-0.9641956083282794,15.905311679487646,11.594104632408165,0.2670386911063131,-1.164590765343687,116.3862502057156,100.47975212254522,0.878318695489852,-0.4613828765047763,4.8252742094499785,3.652805254234113,0.322468512278463,-1.404232931712736
41500.0,12.820390552009709,15.777143370515583,1.2459141806854233,0.2640775106201856,36.78754847750152,34.69209467744238,0.9513559872731068,-0.2222454807077634,168088.95619344412,178320.58306717753,0.93292153717396,-0.438956312846968,15.806998390459553,10.88840242935274,0.2580090205449297,-1.2290513009375388,110.61824161744752,93.72433840063762,0.7875536817302697,-0.4920787876925194,4.465005388768859,3.5012716027483037,0.4809913703108323,-1.196618439942987
42000.0,10.561236485017131,13.477213187130497,1.4874291026352602,1.157882934865477,30.933192225426605,28.849561484452074,0.9311223992138908,-0.07881958720152,155857.14271031535,170046.94374193117,0.9506709538220368,-0.4734530088123647,12.888911611648144,10.167725204826947,0.334891023660669,-1.2289276355890837,95.1539194495804,83.71681471681157,0.6430674502878684,-0.7005249876125799,3.3013432569736585,2.8009460859809,0.8030432333160358,-0.2617504031095929
42500.0,7.479819738973339,9.39473984818475,1.7727917299184897,2.82041138349154,24.12728927556588,22.512371910168778,0.7780191366097727,-0.808752473333112,159848.92626638152,175212.55869812833,0.8178950085044854,-0.803438119515854,7.543258955382785,6.564654456587554,0.8270506454888114,-0.1705828613800344,67.1986552869237,61.40458343552943,0.7687516154339442,-0.4459847402696906,2.674280619656696,1.9837555753195413,0.6796018207401078,-0.3070975699717779
43000.0,5.605758329010691,6.021988288609019,0.896666542351596,-0.339654660905941,22.748550651928262,22.2822053919433,0.8405647744846572,-0.7030957253825578,152712.327142402,187864.1492583951,1.0011621864701934,-0.4633709502299772,6.40506766990539,5.251830015498395,0.9481662430699256,0.4228070779911701,52.32776541585828,47.96609130795479,0.8044095373456897,-0.6814685115507415,2.2300713073957934,1.921778923361945,1.0933163655355769,0.3560756866807502
43500.0,5.537904978975187,7.109717541016749,1.1562836413925668,-0.1298873711847239,23.12009956650351,25.442037679017503,0.954647550167864,-0.7207360816157768,106603.5582407997,152944.2029010563,1.5246846767051396,1.1294080223835898,9.50111985141059,7.076955203114768,0.2194497930800665,-1.215842552029252,65.65618676777366,55.008739503379815,0.5012266075157328,-1.0568962029204452,1.9490651880111824,1.5790008484349258,0.9937303292738464,0.4861984386243771
44000.0,5.170109597582193,7.226421344069488,1.47164986305323,0.596228094739141,20.079753432008715,21.866691554892917,1.436408136174297,0.7311061609861582,62745.84836143851,85825.47393778658,2.298061788212106,6.343137988329092,7.0577784071744585,7.333176118034317,1.1199427837341298,0.0326789368874336,44.532189666485415,48.61141245186196,1.243450114916501,0.1957709824314788,2.76045147439732,1.9897820377392497,0.4551144206819244,-0.8405391222163838
44500.0,3.532673733417442,4.920343331075603,2.1081085007326497,3.759918021393972,12.641757743645618,13.322799925324489,2.02866180356246,4.343669207174556,56923.2559064082,48561.619845273664,0.7897121876618473,-0.4195213095273913,8.860759913967241,6.461757800277415,0.2955312122978376,-1.138732269710005,41.299583680575005,31.3519341717094,0.6390991506628763,-0.3602197021968036,2.33929340875456,1.9942031881159927,1.0293655747758972,0.3517654177071447
45000.0,2.1531476286078344,2.5403117506281823,2.013588374948344,4.603147284961195,11.621655619499958,7.982732282985779,0.7634299088980886,-0.0196644983972555,56041.85972907439,67336.1916452664,1.5614542494303425,0.971401483368493,4.162248282450576,3.671447870564813,1.3354985620525774,1.2432794145041273,31.6330842047988,22.050907673843493,0.5052466652233703,-0.6912832837073934,2.8788294885802204,1.778854437989652,0.699181033515952,0.0698864762477367
45500.0,3.00168627086062,2.6126558299588467,0.6588375413962234,-0.7156202079963858,11.29009858185334,8.942294998551526,0.6414751400430503,-0.758410008002373,63114.48373536953,70072.77116329678,1.6889978520039437,1.9684656430081,5.48976497531356,3.7297629005908752,0.2166702337118641,-1.054741944821158,44.67211727533592,24.006783556650877,-0.3049398993517544,-0.9091454583932008,3.218874856087413,2.2591881163145398,0.815708371136366,0.3146850287042011
46000.0,3.201866060889571,2.570212867747956,0.3023461855864467,-1.2047931640014942,10.037826418199906,8.01875436354393,0.562811658195996,-0.9849625702735484,54002.55850457865,55514.00092549531,1.6483006155184914,2.554046439375818,7.433102514498851,5.673799152503641,0.0720993211239407,-1.5393338622812285,37.19734771327679,24.83195751743728,0.087389883903479,-1.329874177405095,2.242994055068376,2.736374856661248,1.914002260924055,3.152376975449548
46500.0,1.8641355154969783,1.8463620936726388,1.2895428878491573,0.7077391679297089,9.937562457872993,7.51571659087982,0.7589818923809543,0.0143099845161835,25417.73400785068,28093.344053276625,2.676335828460905,8.184406770605506,6.583282851799011,5.419452847804837,0.752186549480358,-0.3154539241347502,24.241612273903296,18.821466705010355,0.6599220934340955,-0.6695599079585732,2.958929437546609,2.539171821112535,0.9021168929316832,0.0162849899096819
47000.0,1.7867835479985636,1.1931688630676007,0.936345346260598,1.1886082058154717,13.797755930221715,9.66674677887197,0.6137480175398682,-0.5334994292782484,27269.211726239475,20486.94787109047,0.9843738381486736,0.0940571934500851,4.498104993310789,4.97070570035484,1.7773679558219733,2.4184398492490398,24.38723877213109,12.575574809011828,0.3610476240712092,-0.1169036568143471,4.488668373652041,3.82981563681358,0.8150542462406914,-0.3647489537899777
47500.0,2.5917628924404914,1.6794630991623896,0.0381521296945892,-1.3051040174721222,11.152025186467922,7.713370716456407,0.8643709648671788,0.8038494117666808,40241.23536616971,34490.089099991266,1.1507482560194082,1.1028557609330791,4.654090465494149,3.97044197373278,0.9985759710733924,0.3664054720142244,30.70472423293404,19.92496493121026,0.2138085562743118,-1.1724341446780888,2.8981919578032382,3.033812261832801,1.5238942156409463,1.5635108991735631
48000.0,1.8247233879417133,1.255864265005425,0.4990901189836149,-0.767523141839586,10.628363888286936,8.41946940492315,0.9725074772273974,0.3933740899549929,46485.085684359045,48474.040067454735,1.4496920950036931,1.3867370397452117,3.655918563832283,2.480082354271535,0.8020175023645425,0.7593514079566188,23.76376459599148,15.812587587104256,0.4790356628235841,-0.5547820840096116,3.0161604311265777,2.547135110817603,1.1922223732038708,0.8864829175479896
48500.0,2.025685273258446,1.4441638853768295,0.3345746933757416,-0.9575044524518828,12.828016863948127,7.3522357873110415,-0.2274710653195705,-1.2241789678250738,32979.77356281384,28726.8033714758,1.153836534642681,1.1913367724835258,5.209038481339988,4.903117165986494,1.6635676746766763,2.7739925400395826,28.80182323257965,18.951260975650147,0.424497722158063,-0.5220129759494072,2.7060229035384937,2.141010073023269,0.6544105885998944,-0.5763187601972626
49000.0,1.1409186272815983,0.9617571191415424,0.9997685684052512,0.2150340245770761,7.906919253793116,6.893499733477091,1.2666375082078536,1.5556563259130307,52152.10747581514,47987.84025408825,1.7034233458624346,3.492538298453373,6.169963310823307,4.647406155309417,0.8634049962414055,0.5877376153549245,31.76877470424065,23.326092179932736,0.5365199489657141,-0.7983870304516296,2.64506285805956,1.5439988682363814,-0.0734101229052201,-1.0619804789601863
49500.0,1.8794980372765129,1.842596971577978,0.9425747733152724,-0.2860612566739569,13.84986924147548,11.789445767713152,0.9126606552022012,-0.3723317890893316,88684.41045848577,67742.08167742325,1.1202243049035931,1.1301298868797014,5.418485613101416,3.600789467296383,0.4060790690797252,-0.9063752429968086,37.57515867822133,27.13995250902956,0.5092103268492155,-0.9737498320870972,2.73529391638798,2.239932280290056,1.2700544521963946,1.5773074007513532
50000.0,1.985012731505492,1.9198443189689849,0.9575012673481872,-0.3991577465419649,13.83101431506172,12.624471894976953,0.8631756517440736,-0.5552257022446336,80383.7818716905,63884.42074095312,1.0473382187662337,0.3813176536969087,5.366713781377728,4.847256022468396,1.90422696806666,4.5556588463738334,33.71876429147339,29.291385385001565,1.2165556481976034,1.6713513146872172,4.129298026010496,3.3188513858788866,0.9412839018520258,0.3229512292439898
50500.0,2.279362926689847,1.5756564041633458,0.774460583332878,0.094772713161634,10.350709558809427,8.666802011844851,0.8568655777224182,-0.091679300754456,76184.29531316677,67177.26414446252,0.9934506302008282,0.039367040335378,7.798277670007122,8.684145990776107,1.6210490326037037,1.7330760999164996,49.5242817132479,49.25304752580996,1.5160844544738623,1.671769207869349,4.651949748070246,3.4499340321328336,0.5726151338403977,-0.6026755927635423
51000.0,2.7167723134483217,2.439129291749412,1.0075400443880091,-0.2760160755740739,12.580705867203672,11.092056422624491,0.9303823915062192,-0.1095747879084929,63593.038041519074,62172.049815781866,1.7465842412524577,2.6805104165666496,9.609630805630784,10.46955537303426,1.2478023089110424,0.1160549200115861,62.85432548716392,65.54199958572636,1.1921797117321955,0.0406524029443811,3.256715335431033,2.572699181591588,0.6367786674270579,-0.6971640324483581
51500.0,4.03641204795448,3.0721910218987345,0.6732237030196297,-0.6499496767021569,19.232806789077262,17.529426238649833,0.9531995139264432,-0.2603400833444458,90687.19609207916,78206.43047012873,1.1352865431744823,0.3601196324684457,12.064493474642964,9.212656517496166,0.739299301149742,-0.6344816784755927,85.17462675025848,64.79230377831304,0.7762148224525091,-0.5091838226545078,2.6726567758623867,1.9762619380988569,0.6643310275834065,-0.2852659969977411
52000.0,3.766839474131938,3.3553266246037703,0.7798085546876968,-0.7926029598685211,25.1595360183309,21.481173915303827,0.7032729229322989,-0.8460455095875914,129940.64843197944,99372.96072861936,0.5436127865788094,-0.8222660741836614,9.974277960615844,8.340347348520678,0.8125138804102566,-0.5577941259507542,75.11235296993206,65.51740428253048,0.8904979091646413,-0.5001316779799954,3.6017945230008044,2.405981287526452,0.2582615999725485,-0.9044550074005286
52500.0,3.874322411948704,2.8135585718970177,0.505844698430214,-0.8579716836591014,29.232156455594406,21.8817421329643,0.235935601280298,-1.3099953393434238,127563.94033531044,110784.78794149238,1.1186846475607863,0.6329402096497367,11.539026483144813,7.980176770347718,0.3201516162335898,-1.0219648604422775,87.76320280562393,63.062046782818285,0.3615701655909372,-1.064856639260739,3.621296504259609,3.34972995167508,0.9846931389889672,0.0463681088788869
53000.0,4.09374973652962,2.908672166782603,0.6591052987114244,0.0739723046838589,26.0722180095392,18.447468446990072,0.3274030903376141,-1.070209244847866,125159.75989308582,119333.1823237352,1.3606189602847314,0.9821538659261956,13.676334231841937,11.114412623735058,0.7048931697585573,-0.4364513451564309,102.0337208416995,79.38976151879243,0.6143005254900629,-0.5505295046019407,4.797371730582455,4.464136423425722,0.9488366677618968,-0.3919088172238218
53500.0,5.116067628716569,4.134074064903088,0.848657011943163,-0.3556685577112488,24.03024673383289,16.47454806000642,0.3016694535489033,-1.2043001455736644,147091.23469572127,109015.76123990813,0.7810880098264933,-0.2483721018286422,18.38775076361704,14.552217443359009,0.6942951320421967,-0.6050071487324531,126.08086622363594,107.789492954055,0.6917141616614707,-0.7066114283237601,6.205072743473227,4.654860961074594,0.4295104736816594,-1.1275080131530466
54000.0,6.508102711671037,4.75590734191402,0.4746203222636707,-0.9451348537859006,31.823884784807216,18.46674421317794,-0.1345047330478316,-1.3591086982212932,122911.20556815238,97085.8456873924,0.9896185033127184,0.0001598738746597,21.510709199394324,15.867948398060378,0.6153964018055645,-0.812017738260189,153.4732940082023,116.76629015690312,0.5788173859494757,-0.9281480654261444,6.3017952685769085,4.38460335075995,0.3723379493126329,-1.3936964245457797
54500.0,7.308669265291728,4.780592856871952,0.420873050668322,-0.9614233794304514,35.61342439873531,18.811467312015886,-0.2138132176727578,-1.1800702547655084,119001.1431465896,97074.24004868095,0.8410772786863285,-0.3949125200179613,23.09239366514244,16.175320326601245,0.5938303128154637,-0.8158452183329994,166.345083143763,119.02980980838991,0.568826017109874,-0.9323745496598888,6.18795932167758,4.259615015484101,0.30484109444477897,-1.4191753421726225
55000.0,8.109235818912419,4.805278371829883,0.3671257790729733,-0.9777119050750024,39.4029640126634,19.15619041085383,-0.293121702297684,-1.0010318113097236,115091.08072502684,97062.6344099695,0.6925360540599386,-0.7899849139105823,24.67407813089055,16.48269225514211,0.5722642238253629,-0.8196726984058098,179.2168722793237,121.2933294598767,0.5588346482702723,-0.9366010338936333,6.07412337477825,4.134626680208253,0.237344239576925,-1.4446542597994654
55500.0,7.95796265493944,5.249930976916259,0.3023868720327746,-1.2878437285722135,40.49064807780518,22.5320011773826,0.0106617276256321,-1.237778535460565,115765.06993175964,79007.46668204074,0.4584208011816552,-1.1033406287573309,24.578134725647928,17.46708844035262,0.478272339461784,-1.1423766571435343,178.88277865995582,131.67067751491925,0.4051818098763102,-1.2675384202453948,5.755441058937619,3.69163960683919,0.0965458467241838,-1.415702527048206
56000.0,7.757355457425823,5.934286590714606,0.3106387276608586,-1.4665950102692908,39.92318134532681,25.94678609986205,0.3932862493723825,-0.8286067982074088,103220.0752634565,62252.99217328,0.0895670503752364,-1.145461582348282,24.035528366171665,19.005996522330324,0.378182059878169,-1.3933212560425623,180.44856384636665,141.62728629056568,0.3448563552369396,-1.390440084311869,4.825114617179207,2.95260516670728,-0.059742180263925,-1.3475037006699306
56500.0,8.334205277267413,5.557173239360099,-0.0594031258000107,-1.4072116939983048,33.96597844696478,36.62513564672464,0.884634222012036,-0.8549199298550456,111129.05957817778,53378.46521124021,-0.1619746168050029,-0.2224317861925655,25.578765855016897,18.5795323806832,0.1298180729621097,-1.4986003882182817,186.14731373878428,142.56868963041774,0.2687763920724119,-1.4483309760603855,4.5299369084979535,2.859259309736858,0.5259055679882517,-0.461718972861826
57000.0,6.851070748335305,4.978447231492195,0.1364559176474415,-1.5450879514348237,46.54880578044897,36.93534415575786,0.526694200293194,-1.2301788472571489,94005.85318404244,61550.75256254526,0.0627115854014673,-1.197232416963267,24.399377004324457,19.42271589757628,0.1316757154860179,-1.6420620109304624,182.32716567513836,150.42268246999586,0.1580833341072718,-1.6566903251984524,4.459217128638936,4.61467346561159,1.0312424360691128,-0.2100304299770381
57500.0,5.625363649246086,3.91713232626332,0.1348606638520834,-1.3581066546121037,57.0823095416393,33.865272838155136,-0.0509771626360611,-1.132481171907742,120176.06417045117,93472.46821648692,1.2532279853572557,1.799781560649934,22.318114552728108,17.666779457441635,0.3787141077878326,-1.2755177832448583,178.12399395873229,141.1947049099934,0.3210085182142634,-1.4309730277175277,6.041631217207626,4.99611926617002,0.9697510746381188,-0.2135429606125298
58000.0,5.4768153320354696,4.006217447715799,0.58091797062627,-0.4623707744679168,38.62962361919123,32.34019165048228,0.525616227658847,-1.136180041631297,127742.69899457513,152261.70542038966,1.5525572428626682,1.2460747549314313,18.95228105654619,14.439163968012496,0.5480202739504509,-0.7323610724794265,151.46762805915904,112.60047986415697,0.4999015562809643,-0.8161724224083979,6.9558926741680205,4.774415445157286,-0.1059887190182603,-1.3438111295273854
58500.0,8.345819184527349,5.642258909249337,0.3064983932751715,-1.2146082813129706,26.62656548670682,21.02049238439023,0.9491407950808336,-0.279633759987413,186096.1048297573,166342.37281391383,1.1764835824320403,0.2987329976133961,24.715094840305916,19.16209109015782,0.6100972243651812,-0.770596787639994,168.97824562124197,146.82840288302944,0.88440106115828,-0.5028302390729755,7.919609878867615,4.696037043629443,-0.4678937277290095,-1.3581718613450076
59000.0,9.87353035334157,6.456200654623774,0.04628112244027,-1.4551927133880171,27.28499141306504,17.195326684975434,0.1640604754603182,-1.3637246605412805,201135.80816421303,170022.83401677207,0.976055488002531,0.1194421730019557,31.5670835825935,21.07326911863456,0.1798526776009316,-1.2113880897462035,222.69215233500464,159.29998933339974,0.4703027362499687,-1.03231208855782,8.42688600748816,5.206625346672997,-0.2911807336241116,-1.3076241725942022
59500.0,11.41824865888226,7.285437204683052,-0.1462564397007054,-1.5292918566813214,28.02356144607529,22.331584684999505,0.5491363722561429,-0.8104436998485238,209920.2392243002,175694.10287031133,0.8541573619684554,-0.3509863131682431,38.170846637402455,24.917734864227363,-0.2118272551300938,-1.48068675070888,279.70148485279066,187.05458567582156,-0.0760446671721002,-1.3772633385298387,9.41214575429495,6.362770327551147,-0.0779877324264221,-1.2950389894030152
60000.0,12.174052572092377,8.003793970395227,-0.3163430749703121,-1.5529699137808874,31.817302754226155,29.779732472096207,0.694597515578886,-0.8981623272907657,203758.54326566955,181875.3358514696,0.6094460248973829,-0.7765204653279034,42.32304542583774,28.529662517797306,-0.4684797624451136,-1.502963590214645,317.5894811189694,213.7711665212744,-0.4145859058234327,-1.460194297451045,10.439280110288744,7.021621530279484,0.0877405459447189,-1.1777228890435505
60500.0,12.801793739577894,7.735648302288796,-0.4799812244242675,-1.355835653492823,38.24004758901838,36.31612656570504,0.7114576293194128,-0.9428225822405648,209994.6042883465,164788.15567964545,0.5498942555384121,-0.8130429242946842,46.49933626789002,27.568937196475208,-0.6728555561795615,-1.270771018428647,355.6865444228956,211.3947416040717,-0.6280776216953541,-1.2786722772939794,10.982952872529474,7.883403453703698,0.1485083231563118,-1.221640805539573
61000.0,12.44796645391352,6.905318903800731,-0.5371629602056245,-0.996069795431564,47.86549232266536,47.60914326129863,0.6397167976237528,-1.2671739387771723,202610.85138961364,143487.80549073964,0.3555724813955196,-0.9866431001531736,46.61566617156263,25.123529532200088,-0.7663059703664239,-0.9417609394122248,362.0277853487425,198.88756604449625,-0.7092204981155048,-1.0133755946618963,10.422032153325835,7.426652103960289,0.2750968430448532,-1.3296514733353892
61500.0,9.88108105891923,6.107038429946351,-0.1877616569185929,-1.234128668888206,56.63086474220495,58.37700705927456,0.4046692365630218,-1.6420818136607394,163544.7238639214,124062.60821473412,0.1467152435837177,-1.528778807211879,38.939929916583246,21.565453805058997,-0.4089360714580912,-1.0924653580501222,310.26580013190465,176.9692936565814,-0.3601066987855846,-1.1683373158452508,7.23831683199175,5.744824980760519,0.2353295472891581,-1.5140640179527485
62000.0,7.69737904065352,5.238112794023033,0.3565852585661175,-1.4693136627993384,64.02625088741655,59.72944266590444,0.3211500562553826,-1.672078661437706,140889.84921046934,97526.50000416784,0.2819623637013862,-1.4645357446657068,31.01450817478528,18.909895858035945,0.1692332761806579,-1.511773459895671,254.114140617529,157.52612533672536,0.1748029194191245,-1.5453316067158536,4.548844325861531,2.987584018105596,-0.105468194889602,-1.515418018012215
62500.0,5.3060452740705495,4.412627190494616,0.4641555643320039,-1.4370532487489742,69.56792788131051,59.95542355383395,0.1983125488749024,-1.6931185588068922,106978.8727553788,70591.94359781373,0.1138951757334352,-1.5332487102766097,22.05902164957829,16.69259508130102,0.2820091366786096,-1.5314902341350227,183.9874974839921,144.69719836276658,0.2743423029804996,-1.5844337170585836,2.507227110291501,1.8556180303455605,0.5407430903920417,-0.7854727258633987
63000.0,4.950126385417273,3.1220248974403084,-0.1523458423366939,-1.5664389188284251,70.5522575305714,58.79758347101799,0.1363364259861617,-1.677941354902852,91554.8655854658,61721.51636783261,0.2206711471774923,-1.0407168865747465,20.24403887910001,12.91080627254564,-0.2538409467144073,-1.549915525690411,165.29902350981473,107.47800489446448,-0.223110568459157,-1.6056616098807606,6.022034670818671,3.526580538162591,-0.3944110637047641,-1.390074050373009
63500.0,5.331124116798894,4.143959872597295,0.8092334936600231,-0.5583853948931718,67.07693972882183,54.17741146826517,0.128441631557015,-1.678268467437227,93622.22947923532,83806.0394805414,0.990003294656226,-0.1855599781972676,21.931555192116107,16.235851680515385,0.977099201997112,-0.074924621989044,169.24807495321616,113.1496757692393,0.8149798257781187,-0.0467582799314452,9.697993385524828,5.564612742433902,-0.3076691015068833,-1.434188643169371
64000.0,6.798568680730036,4.821973663513929,0.2717532500624585,-1.121488077665162,51.27497489752001,41.54724267692547,0.3136909793031714,-1.347814461762642,119124.62892890011,100817.18128345128,0.680481929852139,-0.8159979236739532,24.281058881509075,19.182516992396213,0.5892800665866269,-0.7557649047260981,170.88896697338762,137.5714993555795,0.7267094510532124,-0.586463100348348,11.442402106867275,8.276213701619712,0.12573149626199,-1.4172111295024312
64500.0,7.56047228468102,5.067094970802482,-0.1185940795719557,-1.4534705660408092,28.74370103895903,19.321135165960868,0.1426878826879918,-1.3630046639661848,136191.99667742604,135720.25203859835,0.9646249971348284,-0.4396616509347568,26.503074127909223,17.291821415482715,-0.1581694418942061,-1.3860678290828052,196.49624447276665,129.89711662728575,-0.0968922180071291,-1.3379993631799656,9.140008677384762,7.696063557082688,0.5261190229032942,-1.0996363382656638
65000.0,9.475648537603425,6.176741717984069,0.1932146929870522,-1.492140080098412,31.531166098601044,19.867156765147197,0.2491270690398755,-0.9363585982154364,211281.53445927435,168266.2479526805,0.6118438366327252,-0.911558049207256,36.4566078316672,22.27509787034966,0.0329989457151199,-1.4780300747146295,280.770250688284,175.57861209303792,0.0863132728737025,-1.478636054512213,6.592985141455235,4.4784186674472055,0.3282554902258679,-1.0423411317995035
65500.0,10.052007687908244,6.5902228058476116,0.09339938608252285,-1.4792968911264865,39.386498996811376,22.605797646063884,-0.026323024077850005,-1.0499971257457839,235922.01710619175,176531.4942469971,0.43430347895656374,-1.0711052775961554,39.209975779306646,24.24169200525533,-0.0698395702379084,-1.480292632159664,303.40084579210554,191.69784827369745,-0.013767826438692649,-1.4820252924981108,5.207194168408616,3.759157276949343,0.5871728145442214,-0.7835383587621702
66000.0,10.628366838213063,7.003703893711153,-0.0064159208220065,-1.4664537021545614,47.24183189502171,25.34443852698057,-0.3017731171955755,-1.1636356532761312,260562.49975310915,184796.74054131375,0.2567631212804023,-1.2306525059850548,41.96334372694609,26.208286140161,-0.1726780861909367,-1.4825551896046982,326.0314408959271,207.81708445435697,-0.1138489257510878,-1.4854145304840085,3.821403195361997,3.0398958864514807,0.8460901388625748,-0.5247355857248368
66500.0,10.649601335215737,6.985528584192373,0.016842384401220375,-1.4649526863122642,48.89499280035066,28.95743841286704,-0.17815337069706447,-1.2918771407352196,262075.6495166618,185479.41422624525,0.2561689621072311,-1.2313862513385083,41.92392867400599,26.34063864699932,-0.14108774796666923,-1.4932150455389308,326.14789004250133,210.0087930382293,-0.08631001878839913,-1.4925629635666715,3.7662467418424916,3.194459297366233,0.8329680528220379,-0.6017262756906492
67000.0,10.670835832218408,6.9673532746735924,0.04010068962444725,-1.4634516704699667,50.548153705679596,32.57043829875351,-0.054533624198553454,-1.4201186281943081,263588.7992802145,186162.0879111768,0.2555748029340599,-1.2321199966919616,41.884513621065885,26.47299115383764,-0.10949740974240174,-1.5038749014731634,326.2643391890755,212.20050162210163,-0.05877111182571045,-1.4997113966493345,3.7110902883229864,3.3490227082809856,0.819845966781501,-0.6787169656564616
67500.0,10.692070329221082,6.949177965154812,0.06335899484767413,-1.4619506546276693,52.20131461100854,36.18343818463998,0.06908612229995753,-1.5483601156533966,265101.9490437671,186844.76159610832,0.2549806437608887,-1.2328537420454149,41.84509856812578,26.60534366067596,-0.07790707151813427,-1.5145347574073957,326.3807883356497,214.39221020597392,-0.03123220486302178,-1.5068598297319975,3.655933834803481,3.5035861191957376,0.806723880740964,-0.7557076556222739
68000.0,10.713304826223755,6.931002655636032,0.086617300070901,-1.460449638785372,53.85447551633749,39.79643807052645,0.1927058687984686,-1.676601603112485,266615.09880731977,187527.43528103983,0.2543864845877175,-1.2335874873988684,41.80568351518568,26.73769616751428,-0.0463167332938668,-1.5251946133416283,326.4972374822239,216.58391878984625,-0.0036932979003331,-1.5140082628146605,3.600777381283976,3.65814953011049,0.7936017947004271,-0.8326983455880863
68500.0,10.534779957935026,6.947488358462652,0.12939497513162057,-1.4165835753861822,55.66670835379517,42.62469893403198,0.1882370935447365,-1.699712282152633,264250.04986888263,186333.76994789494,0.30068049757083504,-1.1948962275393797,41.1422288598679,26.72774627028049,0.01390393042440495,-1.4797566067539998,322.68489409561977,216.5549117145477,0.06099657044227841,-1.485620237151321,4.244208954671246,3.948337623895736,0.7247654678291412,-0.8890733532284212
69000.0,10.356255089646297,6.963974061289273,0.17217265019234013,-1.372717511986992,57.47894119125286,45.45295979753752,0.1837683182910044,-1.7228229611927808,261885.00093044544,185140.10461475002,0.3469745105539525,-1.1562049676798913,40.47877420455013,26.717796373046703,0.07412459414267669,-1.4343186001663712,318.8725507090156,216.52590463924912,0.12568643878488991,-1.4572322114879814,4.887640528058515,4.238525717680982,0.6559291409578553,-0.9454483608687562
69500.0,10.177730221357566,6.980459764115892,0.21495032525305974,-1.3288514485878022,59.29117402871054,48.28122066104305,0.1792995430372723,-1.7459336402329286,259519.95199200828,183946.43928160513,0.39326852353707,-1.117513707820403,39.815319549232356,26.707846475812918,0.13434525786094845,-1.3888805935787427,315.06020732241154,216.49689756395054,0.19037630712750142,-1.428844185824642,5.531072101445786,4.528713811466228,0.5870928140865693,-1.0018233685090912
70000.0,9.999205353068836,6.996945466942512,0.2577280003137793,-1.2849853851886124,61.10340686616823,51.109481524548585,0.1748307677835402,-1.7690443192730765,257154.90305357112,182752.77394846024,0.4395625365201875,-1.0788224479609143,39.15186489391458,26.69789657857913,0.1945659215792202,-1.3434425869911142,311.2478639358074,216.467890488652,0.2550661754701129,-1.4004561601613024,6.174503674833056,4.818901905251474,0.5182564872152834,-1.058198376149426
70500.0,9.39460582416252,7.060427564637412,0.35027142278201867,-1.253777956975167,66.28675418734515,51.72721580700233,0.14132368063477257,-1.7486030858764412,244846.72904495234,183934.46715070898,0.519809167029418,-1.0498886815845159,36.638189828716804,27.216740331212637,0.29576815717057375,-1.3307433004497031,293.0928301549178,220.91764830504817,0.3310810819842665,-1.4027578715821554,6.750449131575127,5.172847056923922,0.5233762162722693,-1.044474559919961
71000.0,8.790006295256202,7.123909662332313,0.44281484525025805,-1.2225705287617217,71.47010150852206,52.344950089456084,0.10781659348600493,-1.728161852479806,232538.55503633356,185116.1603529577,0.6000557975386486,-1.0209549152081177,34.124514763519024,27.735584083846142,0.39697039276192736,-1.318044013908292,274.93779637402827,225.36740612144436,0.4070959884984201,-1.4050595830030084,7.326394588317199,5.526792208596371,0.5284959453292551,-1.030750743690496
71500.0,8.185406766349885,7.187391760027213,0.5353582677184975,-1.1913631005482763,76.65344882969899,52.96268437190983,0.0743095063372373,-1.7077206190831706,220230.3810277148,186297.85355520644,0.6803024280478791,-0.9920211488317192,31.61083969832125,28.25442783647965,0.4981726283532809,-1.305344727366881,256.78276259313867,229.81716393784055,0.4831108950125737,-1.4073612944238614,7.902340045059271,5.880737360268819,0.533615674386241,-1.0170269274610308
72000.0,7.706418218709077,6.857071214214571,0.6932722418204447,-1.0140568291045258,80.22513543970354,54.583934388990954,-0.0012555682855741462,-1.6800308427357455,206045.73910607706,185640.23441486614,0.678518638416173,-1.0100315474733668,29.982518651771507,27.0640293211923,0.6299796151087229,-1.1962615396014034,242.85674779304628,222.68226576321393,0.5779697519714254,-1.3446938430573872,8.689460900897235,6.32294295920752,0.4870459865514932,-1.016999683471492
72500.0,7.227429671068269,6.526750668401929,0.8511862159223917,-0.8367505576607752,83.7968220497081,56.205184406072085,-0.0768206429083856,-1.6523410663883205,191861.0971844393,184982.6152745258,0.676734848784467,-1.0280419461150143,28.354197605221763,25.873630805904952,0.7617866018641648,-1.0871783518359257,228.93073299295392,215.5473675885873,0.6728286089302771,-1.282026391690913,9.476581756735197,6.76514855814622,0.4404762987167454,-1.016972439481953
73000.0,6.2827601730911375,5.717953403233048,0.9496407186755306,-0.5681633816953693,88.6172143272357,56.889389586136055,-0.2780037825107603,-1.5104643959247264,207698.52296980628,140262.68026135818,0.7185725429187242,-0.6542240478676944,26.144415619275435,22.58117637708815,0.6767788603905827,-1.00061564575666,215.770400165444,185.8795612793245,0.5974022653833232,-1.1384038578169922,9.020803988941026,7.340856816260743,0.6875298941080412,-0.994635524840008
73500.0,5.470716461227655,4.681610156912364,0.70189961095602,-0.7011585771953373,87.12487513246552,52.442986897654166,-0.3755310004636207,-1.3598228912563244,213332.2957914324,115662.36953641647,-0.1160352364878278,-0.7450299609259119,23.72913345302793,19.065089652167902,0.3581761423429287,-1.2876099749463614,192.84056875597744,149.42325255246163,0.3503306090962374,-1.2183007388987714,8.240708513101513,7.177026626978468,0.5645653368356115,-1.1067207303352775
74000.0,4.827438420879718,3.5598628418699474,0.4598204048358246,-1.0405029974782145,70.72041822897317,47.647539740483005,-0.2179233786758192,-1.410927276800556,196619.87413200707,101480.14208603876,-0.0438722803640353,-0.693548459230827,19.87670053512209,14.866757588725038,0.3638976587120069,-1.1533226527492455,156.4413087986761,113.36247057458978,0.2055204531616624,-1.292372731233406,7.543429417813033,5.469503956721903,0.4323876462549639,-1.0783889099677169
74500.0,3.940492800761153,2.931689261381588,0.6889866304257112,-0.6333804838493569,58.09554560246651,38.65977459671901,0.2167622754686314,-1.2808733510182255,146178.9821664537,88600.58223339249,0.4676287320328929,-0.83192835875386,14.871830117913794,11.591607208870364,0.7920015259120124,-0.4696256396084601,117.27666394090367,85.93163482591929,0.6439736392689394,-0.7131399211840006,6.786396489242422,4.307174621731689,-0.0081974080822437,-1.404107671225117
75000.0,3.892499436671758,2.9013246657763196,0.6630126054977453,-0.6802689718872464,56.772779035634414,38.38779200981729,0.25369925460116094,-1.2470772814830657,140649.97092427962,87446.07926859248,0.5080106069597469,-0.7974785030076433,14.598945187967104,11.374910517952687,0.7733720165307554,-0.4983200618688061,114.8083262375712,84.36393881858778,0.6340828228319006,-0.7327902758080662,6.641133152437629,4.216896691264814,0.018421312733356905,-1.3774931666636119
75500.0,3.844506072582363,2.8709600701710514,0.6370385805697795,-0.7271574599251359,55.45001246880232,38.11580942291556,0.2906362337336905,-1.2132812119479062,135120.95968210552,86291.57630379249,0.548392481886601,-0.7630286472614268,14.326060258020416,11.15821382703501,0.7547425071494983,-0.5270144841291522,112.33998853423871,82.79624281125628,0.624192006394862,-0.7524406304321317,6.495869815632835,4.126618760797938,0.045040033548957505,-1.350878662102107
76000.0,3.796512708492968,2.840595474565783,0.6110645556418136,-0.7740459479630255,54.12724590197023,37.84382683601384,0.3275732128662201,-1.1794851424127466,129591.94843993144,85137.07333899249,0.5887743568134549,-0.7285787915152102,14.053175328073726,10.941517136117332,0.7361129977682412,-0.5557089063894982,109.87165083090623,81.22854680392479,0.6143011899578233,-0.7720909850561973,6.350606478828041,4.036340830331063,0.07165875436455811,-1.3242641575406018
76500.0,3.748519344403573,2.8102308789605153,0.5850905307138478,-0.8209344360009151,52.80447933513813,37.57184424911212,0.3645101919987497,-1.1456890728775868,124062.93719775735,83982.57037419248,0.629156231740309,-0.6941289357689937,13.780290398127038,10.724820445199654,0.7174834883869841,-0.5844033286498442,107.40331312757375,79.66085079659328,0.6044103735207846,-0.791741339680263,6.205343142023248,3.9460628998641867,0.09827747518015871,-1.2976496529790966
77000.0,3.7005259803141786,2.779866283355247,0.5591165057858819,-0.8678229240388047,51.48171276830604,37.2998616622104,0.40144717113127926,-1.111893003342427,118533.92595558325,82828.06740939248,0.669538106667163,-0.6596790800227771,13.507405468180348,10.508123754281977,0.698853979005727,-0.6130977509101903,104.93497542424127,78.09315478926177,0.594519557083746,-0.8113916943043286,6.0600798052184555,3.855784969397311,0.12489619599575932,-1.2710351484175917
77500.0,3.6525326162247835,2.7495016877499787,0.5331424808579159,-0.9147114120766942,50.158946201473945,37.02787907530867,0.43838415026380884,-1.0780969338072675,113004.91471340918,81673.56444459248,0.7099199815940169,-0.6252292242765605,13.23452053823366,10.2914270633643,0.6802244696244699,-0.6417921731705363,102.46663772090879,76.52545878193027,0.5846287406467073,-0.8310420489283941,5.914816468413662,3.7655070389304357,0.15151491681135992,-1.2444206438560865
78000.0,3.604539252135389,2.7191370921447104,0.5071684559299501,-0.9615999001145837,48.83617963464185,36.75589648840695,0.4753211293963384,-1.0443008642721079,107475.90347123508,80519.06147979248,0.750301856520871,-0.590779368530344,12.96163560828697,10.07473037244662,0.6615949602432128,-0.6704865954308823,99.99830001757631,74.95776277459876,0.5747379242096686,-0.8506924035524597,5.769553131608868,3.6752291084635598,0.17813363762696052,-1.2178061392945816
78500.0,3.556545888045994,2.688772496539442,0.4811944310019843,-1.0084883881524733,47.513413067809765,36.483913901505225,0.512258108528868,-1.010504794736948,101946.89222906099,79364.55851499247,0.7906837314477251,-0.5563295127841273,12.68875067834028,9.858033681528942,0.6429654508619558,-0.6991810176912283,97.52996231424383,73.39006676726727,0.56484710777263,-0.8703427581765253,5.624289794804075,3.5849511779966843,0.20475235844256112,-1.1911916347330764
79000.0,3.508552523956599,2.658407900934174,0.4552204060740184,-1.0553768761903628,46.190646500977664,36.2119313146035,0.5491950876613976,-0.9767087252017884,96417.88098688691,78210.05555019248,0.831065606374579,-0.5218796570379107,12.415865748393593,9.641336990611265,0.6243359414806986,-0.7278754399515743,95.06162461091135,71.82237075993577,0.5549562913355913,-0.8899931128005909,5.479026457999282,3.494673247529809,0.23137107925816172,-1.1645771301715713
79500.0,3.4605591598672043,2.6280433053289056,0.42924638114605257,-1.1022653642282525,44.86787993414558,35.939948727701776,0.5861320667939272,-0.9429126556666287,90888.86974471282,77055.55258539248,0.871447481301433,-0.4874298012916942,12.142980818446905,9.424640299693587,0.6057064320994416,-0.7565698622119204,92.59328690757887,70.25467475260426,0.5450654748985527,-0.9096434674246564,5.3337631211944885,3.4043953170629333,0.2579898000737624,-1.1379626256100663
80000.0,3.4125657957778093,2.5976787097236373,0.4032723562180867,-1.149153852266142,43.54511336731348,35.667966140800054,0.6230690459264567,-0.9091165861314691,85359.85850253873,75901.04962059247,0.9118293562282871,-0.4529799455454776,11.870095888500215,9.20794360877591,0.5870769227181845,-0.7852642844722664,90.12494920424639,68.68697874527277,0.535174658461514,-0.929293822048722,5.188499784389695,3.314117386596058,0.28460852088936295,-1.1113481210485612
80500.0,3.3645724316884142,2.5673141141183695,0.3772983312901208,-1.1960423403040314,42.22234680048139,35.39598355389833,0.6600060250589863,-0.8753205165963094,79830.84726036465,74746.54665579247,0.9522112311551411,-0.41853008979926104,11.597210958553525,8.991246917858232,0.5684474133369274,-0.8139587067326124,87.65661150091391,67.11928273794126,0.5252838420244753,-0.9489441766727875,5.043236447584902,3.2238394561291823,0.3112272417049636,-1.084733616487056
81000.0,3.3165790675990197,2.5369495185131012,0.35132430636215495,-1.2429308283419211,40.899580233649296,35.124000966996604,0.6969430041915159,-0.8415244470611497,74301.83601819056,73592.04369099248,0.9925931060819951,-0.3840802340530445,11.324326028606837,8.774550226940555,0.5498179039556703,-0.8426531289929584,85.18827379758143,65.55158673060976,0.5153930255874367,-0.9685945312968531,4.897973110780109,3.1335615256623064,0.33784596252056415,-1.058119111925551
81500.0,3.2685857035096246,2.506584922907833,0.3253502814341891,-1.2898193163798106,39.5768136668172,34.85201838009488,0.7338799833240455,-0.80772837752599,68772.82477601647,72437.54072619247,1.032974981008849,-0.3496303783068279,11.051441098660147,8.557853536022877,0.5311883945744132,-0.8713475512533044,82.71993609424895,63.98389072327825,0.505502209150398,-0.9882448859209187,4.752709773975315,3.043283595195431,0.3644646833361648,-1.031504607364046
82000.0,3.3147448077555266,2.4862229073021926,0.3331871774003986,-1.2364917932028456,37.97945683893919,34.127897560087185,0.786729575331091,-0.7170383813735981,69485.10197306047,68844.41349824303,0.9143036969669529,-0.43054972457415835,11.319475176255738,8.44366633504321,0.5006160881973591,-0.8833242501962482,85.33334071484259,63.37032458002838,0.48300928637432805,-0.9875702599407008,4.650314873629305,2.956184558655114,0.3490915309650859,-1.044071656099068
82500.0,3.360903912001428,2.4658608916965523,0.3410240733666081,-1.1831642700258806,36.38210001106119,33.40377674007948,0.8395791673381365,-0.6263483852212063,70197.37917010447,65251.286270293574,0.7956324129250566,-0.5114690708414887,11.587509253851326,8.329479134063543,0.47004378182030504,-0.8953009491391918,87.94674533543625,62.756758436778505,0.4605163635982581,-0.986895633960483,4.547919973283294,2.8690855221147973,0.33371837859400694,-1.0566387048340902
83000.0,3.40706301624733,2.4454988760909124,0.3488609693328176,-1.1298367468489159,34.78474318318318,32.67965592007178,0.8924287593451821,-0.5356583890688145,70909.65636714848,61658.15904234413,0.6769611288831603,-0.5923884171088192,11.855543331446917,8.215291933083876,0.4394714754432509,-0.9072776480821355,90.56014995602989,62.143192293528635,0.4380234408221882,-0.986221007980265,4.445525072937284,2.78198648557448,0.31834522622292805,-1.0692057535691122
83500.0,3.4532221204932316,2.425136860485272,0.35669786529902714,-1.076509223671951,33.18738635530518,31.955535100064075,0.9452783513522276,-0.44496839291642254,71621.93356419248,58065.031814394686,0.5582898448412641,-0.6733077633761496,12.123577409042507,8.10110473210421,0.4088991690661968,-0.9192543470250791,93.17355457662353,61.52962615027876,0.41553051804611824,-0.9855463820000471,4.343130172591273,2.694887449034163,0.30297207385184916,-1.0817728023041342
84000.0,3.4993812247391336,2.404774844879632,0.36453476126523665,-1.023181700494986,31.59002952742717,31.231414280056377,0.9981279433592731,-0.35427839676403067,72334.21076123648,54471.904586445235,0.4396185607993679,-0.75422710964348,12.391611486638096,7.986917531124542,0.3783268626891427,-0.9312310459680229,95.78695919721719,60.91606000702889,0.3930375952700483,-0.9848717560198292,4.240735272245263,2.6077884124938464,0.2875989214807702,-1.0943398510391564
84500.0,3.545540328985035,2.3844128292739915,0.37237165723144616,-0.9698541773180209,29.992672699549164,30.507293460048675,1.0509775353663187,-0.2635884006116388,73046.48795828049,50878.77735849579,0.3209472767574716,-0.8351464559108104,12.659645564233687,7.872730330144875,0.3477545563120885,-0.9432077449109665,98.40036381781083,60.30249386377901,0.3705446724939784,-0.9841971300396113,4.138340371899252,2.5206893759535296,0.2722257691096913,-1.1069068997741784
85000.0,3.591699433230937,2.364050813668351,0.3802085531976557,-0.916526654141056,28.39531587167116,29.783172640040974,1.1038271273733642,-0.17289840445924698,73758.7651553245,47285.650130546346,0.20227599271557528,-0.9160658021781409,12.927679641829277,7.758543129165208,0.3171822499350344,-0.9551844438539102,101.01376843840447,59.68892772052914,0.3480517497179084,-0.9835225040593933,4.035945471553243,2.433590339413213,0.25685261673861237,-1.1194739485092005
85500.0,3.6378585374768386,2.3436887980627112,0.3880454491638652,-0.8631991309640912,26.797959043793153,29.05905182003327,1.1566767193804097,-0.08220840830685505,74471.04235236849,43692.5229025969,0.08360470867367908,-0.9969851484454713,13.195713719424866,7.64435592818554,0.2866099435579803,-0.9671611427968538,103.62717305899812,59.07536157727927,0.32555882694183846,-0.9828478780791755,3.9335505712072316,2.3464913028728955,0.24147946436753348,-1.1320409972442227
86000.0,3.6840176417227406,2.323326782457071,0.3958823451300747,-0.8098716077871262,25.200602215915147,28.33493100002557,1.2095263113874553,0.0084815878455368,75183.3195494125,40099.39567464745,-0.035066575368217,-1.0779044947128018,13.463747797020456,7.530168727205873,0.2560376371809262,-0.9791378417397976,106.24057767959177,58.4617954340294,0.3030659041657685,-0.9821732520989576,3.831155670861221,2.2593922663325787,0.2261063119964546,-1.1446080459792447
86500.0,4.056893619769067,3.064086965771885,0.5669553057449586,-0.8314063415463098,30.150633353881293,18.33775020481834,0.2405498788760809,-0.4905747438536991,104666.08834264748,72744.34015781876,0.0498724111965493,-1.5077329862301585,16.111930568544913,11.320073840885588,0.1712778564777275,-1.2728198351697055,131.7236770927361,91.61340459056224,0.0829304050135165,-1.2300297426950046,4.560235788581621,3.097133902448308,0.5358317192258435,-0.9786501458336568
87000.0,4.687574772147888,3.75491725245727,0.4416719818091949,-1.1145107913580174,37.51113651938977,21.353253301304147,-0.1941179029038333,-1.1593362165646943,150520.56749990935,82250.5273571435,-0.3453580800368381,-1.2966008227821468,20.133911234066847,13.671076824856964,0.0965827230646689,-1.299750766431769,165.95218026678475,107.44767897632764,0.1933430722931566,-1.1664591042407295,5.397238882015819,4.275176009287077,0.4226239414243883,-0.8852883397016926
87500.0,5.531315236860029,4.137354798801148,0.386069480741173,-1.1760896997749897,42.558143516310025,31.80118173250338,0.2304703750037879,-1.4544376237454164,186861.2868250491,96268.78963087594,-0.6100492689257564,-0.8008398384604973,23.86992458161905,15.571414935932614,0.0701775295536526,-1.2738542456187505,195.73135601911852,124.8924602837714,0.1211161754818705,-1.1815416245252457,6.217215115504242,4.2526241314496565,0.5912598025679745,-0.4675829102175894
88000.0,6.264978682940274,4.788711591062397,0.3804451143714427,-1.1959195017073707,53.83423779046701,42.343250038810574,0.199916740214121,-1.5576234922616938,217057.08312668864,129435.05975267246,-0.3654377205142474,-1.1584308136842845,26.57922187107264,19.157190379287027,0.2430875889566596,-1.251284825797,222.7489483861702,153.818803675555,0.2038593423518094,-1.2322541947145358,7.023746340117125,4.922126021830719,0.4799445994249597,-0.7408598144373437
88500.0,5.59002072084538,5.094093431255091,0.6523708230463744,-1.091949492660032,58.0937729581553,42.940930767891096,-0.0279720209520049,-1.6602048833316256,204791.74054295,150243.74570527984,0.0519023521998121,-1.4205017336589465,23.794181324689976,21.404383642195327,0.6038412336876952,-1.1716257298130512,200.6522989133656,171.62063731898462,0.5190813152819478,-1.2787031736535377,6.469165612460101,5.074234820370844,0.3100677321564701,-1.225634287242113
89000.0,4.676848818174209,4.786988696115144,0.9717157683207333,-0.6161497395252309,51.40902852674349,43.58775456152664,0.2529629147750814,-1.6490901963726754,177967.70907730368,144596.46222318622,0.3883826837776317,-1.240111465117799,20.32733920843365,20.520208816069943,0.8741250030996727,-0.8186233231594291,168.97689391806597,163.34460886491655,0.8163026501479772,-0.9661425561562816,5.708938236357761,4.443031665183896,0.4280044274172698,-1.0796983474350557
89500.0,4.0145715158234125,4.4740381408964165,1.1851554251476824,-0.2019856941692883,46.18288743253673,44.52835781546196,0.5193834631610807,-1.4622892704270691,158684.80517778223,136090.0869727404,0.5692981331166164,-0.992589494927472,18.28472344327512,19.115634037999023,1.0391178886464358,-0.4936818171709438,144.82856779634454,155.92012736781578,0.9749755861288518,-0.6611270175157244,5.435391990094606,4.117615085825191,0.2956146808750969,-1.1290475024333824
90000.0,3.253963090655974,4.08321124052457,1.307322963612611,0.2841019203267074,42.984615884277176,43.08542565873844,0.7458547856205966,-1.1179076498079084,136319.48375105162,121234.40908818047,0.7868410779554155,-0.5669510062436527,15.54868165771549,17.384951012473636,1.130083002522257,-0.1065101416628735,122.18200276457394,138.53885004386825,1.1206972039662966,-0.2129803400303935,4.839870271346764,3.490520406201273,0.1648674090421593,-1.1913006961748367
90500.0,2.972309520542255,3.4920970218155625,1.388434316035157,0.6552007762130052,42.309588822582825,40.31299700747112,0.7620430860222065,-0.9144549342085866,113642.40589628831,107222.61598048786,0.9376170674426988,-0.2568584475300079,13.530648882489242,15.420646019565783,1.1851327948193835,0.1402033014663701,107.87670560480416,119.23001564294049,1.2145334318904435,0.1696343761261625,4.1556686894554575,2.896234380887201,-0.0166865068605576,-1.493862514572043
91000.0,2.812590062457611,2.550201270893268,1.4641874127489924,1.7123843424718732,42.60786312849193,36.94260821264329,0.5866063097168539,-1.001440301412044,90747.743768613,86801.81478262937,1.0904872253846023,0.2869755790984634,11.85595230368346,11.365855080300207,1.4012018906689063,1.3010508362266968,97.81930326113748,88.43924627388243,1.2106021527645865,0.8698857225541805,3.4474070876764653,2.653658100457147,0.5179213582870721,-0.9792964735360572
91500.0,2.5201759052094945,2.129967156716166,0.4962166406796603,-0.9205443742790322,36.09633068739616,31.195301069249485,0.4145514618828033,-1.3008829274975569,83891.94260459369,68131.27969584848,0.5048774113484275,-1.1150881816043017,9.759887132925424,8.204107885922955,0.6832394294153102,-0.5050380941375878,87.38414628189064,72.95023582104076,0.4781376926301363,-1.0460296062837842,2.7174417291414565,2.8323355962034538,1.166971816534609,-0.0282429841696245
92000.0,2.820652310225697,2.7417298898673064,0.8304544428304468,-0.7876022368917148,21.23209215666996,20.12405473147746,0.8273905053342288,-0.7327700570962121,97082.66479396688,92723.25544166312,0.6339072976187043,-1.1968442765487406,11.848500013190204,11.228429242341,0.8038096803651807,-0.8122058444055082,98.86862818903566,98.8593047524438,0.807793640243406,-0.8793826807628604,3.6488558433345424,3.335516457973362,0.5820745331318721,-1.099007250551891
92500.0,2.7783141561701465,2.802624216191233,0.7516042425234528,-0.927670642657811,23.96732279920337,16.910733346436334,0.4598226572266751,-0.8589535966160242,98531.0760579494,92416.84244969864,0.5503289123718099,-1.2708511571311012,12.12506017234271,12.333904545871508,0.691549021889179,-1.0671283373965812,102.75193760673548,101.33606856294098,0.6957236525898662,-1.035209166931908,3.85763396830744,3.542415679166461,0.4149158782148939,-1.5049115697708777
93000.0,2.0770408301734595,2.487108402962228,1.0793683960467098,-0.4412158700244237,28.72899730210096,22.860666116985744,0.3344093683958677,-1.4033100014418525,74532.277404741,78733.70720474783,0.7953678729169383,-1.0051284349814982,9.305973255396308,11.54262692689017,1.0346218916881051,-0.6269511116881397,80.9750298539049,88.92632651969443,0.978243830127916,-0.6678703214717006,3.237687420728382,3.300462085087761,0.7260898061276008,-1.180344647750103
93500.0,1.429116514058203,1.7214549586835155,1.6676445673010083,1.72548400487889,27.113336086131813,25.61438584707774,0.7389694542334175,-0.8987692763392077,50080.47608724628,52900.12191400106,1.4025743934774009,0.8289628785116769,6.712517832423784,8.31234782078632,1.6127578480715885,1.3492907379471593,51.73325614641879,61.7023408146811,1.5858755882014843,1.3460239150552784,2.309563803121843,2.4267846135912423,1.171034207414549,0.0208253124287289
94000.0,1.503884277715452,1.296268779710297,0.836468595003392,-0.5018886881362277,17.57232111104242,20.51590893025597,1.6139458075831534,1.360197813769641,59979.62843188157,49230.10587371959,0.7795634711254698,-0.5421717938634116,6.264743125114554,5.571028141858405,0.8503304489145023,-0.3559195345083652,56.50503098099181,44.62180192880188,0.7224785686063784,-0.4827690876352655,1.9405625609368076,1.485773888624764,0.6500685640581895,-0.6557244434554592
94500.0,1.5894864199397898,1.4852102178656623,0.8296314869643996,-0.6651191553090832,14.149162202278102,13.57182206323258,0.997026596224481,-0.0863909091771706,63390.949956246586,52218.42510489868,0.6938731915105448,-0.7592095191667019,7.455141026268365,6.030511835058921,0.5648634934115009,-0.9654451566380322,63.2714990240847,54.94743046196231,0.7727121289811246,-0.728830079617858,1.916519905091734,1.5871448369902543,0.7007135844269767,-0.8091768170019766
95000.0,1.1586251056327364,0.939429019978414,0.9758889660393794,0.1890984207383206,12.338000500085696,11.031160140578477,1.0243106973157226,-0.0182727054326554,46366.67387638762,31421.942482223887,0.4455354548870659,-0.8279851316991338,5.658154349039076,4.216604492855034,0.6362179577870932,-0.5150086826349862,51.7678404902579,37.842164357484414,0.6126058363652698,-0.5557715603761437,2.136495501622591,1.7106159333795237,0.6190258154586423,-0.9216110360818576
95500.0,1.3191264163987522,0.797154953623407,0.0222319003886717,-1.1391305469034876,21.15919296771472,14.899115609593997,0.182693815197645,-1.3207539599918412,66557.75785222636,41789.70835358664,-0.0094030782618673,-1.278342451874646,6.7844434390784,4.009250580087962,-0.0508053094334863,-1.151742938603611,53.35522561635048,33.63841437765418,0.1886345156246351,-0.9424554569137557,2.144017479421896,1.421264772350982,0.3982769787794641,-0.7491087728762018
96000.0,1.3148580441162612,0.8211974683993047,0.2913026428696512,-0.8602819176718635,15.861460623366302,11.047477088362204,0.6350375921353849,-0.3864916043958817,59631.09267625824,33848.989951577874,0.0404114098204655,-1.1597655824603212,5.945325096275013,3.5988424362803397,-0.0039209413027634,-1.2582281290284951,57.08097683468657,33.50717423883896,0.0020119325987874,-1.0735880924697463,1.3898173585092055,0.9753507749931504,0.6414308418503021,-0.3863511748473547
96500.0,1.0341917463543686,0.6614001766854845,0.2330615925645316,-0.9847073429194246,11.508507311933442,8.774237766842136,0.6682401151509489,-0.6269727657860438,52364.79848357441,38479.931496881545,0.7542181798344466,-0.207541553167057,5.43983943852864,3.789301150659736,0.6212810698788416,-0.3827497597484099,47.06666574909455,32.33582915866423,0.413150936632695,-0.7987659536779872,1.9643168699557167,1.3171928142891904,0.5026445979101352,-0.5048050871156802
97000.0,0.8619155746294795,0.5421693443514874,0.284287188207705,-0.9859649429952148,15.76945304336708,10.267945500543942,0.0102727900439094,-1.5334484876485237,45850.34728455058,32663.858696536467,0.671754270959316,-0.0219266170289254,4.29957468619453,3.01512612841829,0.8381157468514512,0.3269694228807549,34.73544250958229,24.746119744842478,0.894674451082276,0.4991883969205442,1.48500298775211,1.132196446337364,0.5817835046504553,-0.75846543588223
97500.0,0.7697815377129991,0.5343988619777373,0.3594798579307627,-1.109843072096559,12.898211867491051,8.90894082570314,0.3323201916773309,-0.8280796578939911,43743.13654958946,26623.04119060723,0.5387993269272722,-0.113548720408517,3.4533666229951945,2.3542313710473177,0.495719700549056,-0.6007288895307066,36.442249603861455,22.870697776602064,0.1980655626406457,-1.0624070097911684,1.8390288903580283,1.2030928561934646,0.5686084805113446,-0.5105322675050448
98000.0,0.5370136434025542,0.4097120717774465,0.8289587532964054,-0.0820424052223889,11.579035760525992,8.60720935837914,0.6600299917107165,-0.449835730602917,33505.85355564514,27228.367286124943,1.1458346811011368,0.7205537063517622,2.6838388867859035,2.3060455218299127,1.47365221204501,1.9713993390892588,30.04019317834668,23.212930942125837,0.5430772984386949,-0.6750094433288196,1.2407306206067092,1.179700145043935,0.9153555125999352,-0.5534919492070043
98500.0,0.5254773709288683,0.340875944340051,0.3893942428762948,-0.8347006517160045,16.272738846263024,13.059873487058876,0.7586600691181429,-0.2439136126551271,28881.82704981401,22005.50056048085,1.1290927719571358,0.720941546552798,2.4282776932686314,1.8730069133021383,1.1504639503315692,0.8695840644460806,23.35467900286615,16.026349315385826,0.7582819487101428,-0.0525231905134169,1.3873222658821802,0.8237892264320763,0.2865160767284701,-0.762989830895207
99000.0,0.4318445167653385,0.304945690925231,0.5336271434664679,-0.6491762168153636,14.994124821252464,15.29653142787264,1.258323347155998,0.3610935499484817,27886.562739030192,19232.95328952812,0.6281779304306827,-0.1371110700314619,1.9414204511316009,1.3895302954339224,0.4821760924000165,-0.6875051454198369,21.918342259923318,13.268693062531884,0.1696496690998718,-0.9152457966474992,1.1969483793367766,0.9070907800217292,0.6687984514118865,-0.6973309824061933
99500.0,0.2744980001991968,0.2109875450242026,1.177615914933252,1.0932625219045384,14.12371805048398,11.259281356256253,0.9873801346548632,0.6767804612284665,23523.022813669653,18222.50505978698,0.682932950302668,-0.5013230134812261,1.545643964233648,1.2783543906623491,1.2693916330831334,1.1266143238202737,14.529535835791188,10.644210783400212,0.6138747232458611,-0.6289109704716944,0.8788508828349779,0.600002238553175,0.4647309546050512,-0.3166550236094396
100000.0,0.4165858792528609,0.2717179273027046,0.5924488990097498,-0.3424303569120841,14.395201244909549,10.606003394920387,1.0318077383591435,0.7538949188983142,15831.89893138613,11935.546689653813,0.7587286077265294,-0.1252512876835356,1.4809622509669638,1.03554823681762,0.5326347112023454,-0.6877130165915286,12.095192267245592,7.6191107921095345,0.4300919579436228,-0.406231688533357,0.6738212594756788,0.5765662797111539,1.6933132365767332,3.6709558975564662
100500.0,0.4292177091113677,0.3622002276472539,0.8450919905902756,-0.4246090440634722,9.573318009751064,9.24591874581858,1.1490944187485592,0.2554120838389289,25619.62060303075,16583.82037494775,0.36169938199216,-0.8987880566982209,1.5882927173380583,1.1729335912962011,0.5291802988360697,-0.8985580517992893,14.565778233429546,9.906952988624823,0.4887215796938488,-0.7141277509612358,1.2287329000772855,1.2193978307497413,1.566558664609608,1.6406465445832934
101000.0,0.3011717446532376,0.2482548105582966,0.8663807503686548,0.0059177370151513,11.591824443677156,6.30330226652566,0.1820243569499383,-0.6832519540661237,24427.01961490433,18308.82791762581,0.4920734268562115,-0.8235911481925298,1.112215782439901,0.8190458985719077,0.623215858275677,-0.4092999179453134,9.922206981336704,7.882742355676542,0.844531357877233,-0.2142789027808342,1.5540072520089467,1.520836645674492,0.8198935730307872,-0.7037412814800099
101500.0,0.475627892987567,0.5107459554747229,1.638252661475006,1.8308153560284608,8.567524390282822,5.185148878712621,0.4630112735889368,-0.3352651883780213,22383.50459586016,13006.75537913475,0.0567081339248652,-1.0143124214964248,1.4021938843158783,1.2540619703959808,1.5263662421205624,2.0869949081644945,11.464831141753594,9.764561607061578,0.9271759760005938,-0.1819837748349257,1.6823890392294236,1.3161122695643837,0.3901203431929642,-1.2265779782880086
102000.0,0.7659162881972593,0.7295581598206855,0.9523749391317466,-0.5640522874323781,6.03092278562973,3.7563140320053208,0.2743522291330443,-0.8276212921627839,26194.865406821045,20166.110654825112,1.1783441881660308,1.54301998410621,2.4168193318776257,2.174629863281262,0.9426236030691504,-0.4733642471853061,19.41854814000344,15.664681949589104,0.4317434183199197,-1.1149631544763263,2.24078571900056,1.7076340490239752,0.5791525906768155,-0.8304203499504843
102500.0,0.8724599029332682,0.5751046062625119,0.1864689032355452,-1.1064218861906208,6.404990324562343,4.394972574595895,0.4556504794410032,-0.9232927914249588,42883.853084004935,27802.64948800473,0.8167949845294823,0.9053705751408456,3.029328289972718,2.0646267387442423,0.3530142473156041,-1.1748751862357565,21.169862243141303,15.12884793100064,0.9853122863193026,1.6922890251035847,3.285580417756003,2.400787322084053,0.2201944848334913,-1.471731420169269
103000.0,0.6474016393855158,0.4085274279816721,0.2095012678651054,-1.211843755301896,4.150912591863749,2.4872642979695034,0.3186633800635081,-0.4806550587850196,46574.9441905009,23175.33364741891,0.1553600001644309,-0.1965586922429172,2.5853332914869864,1.602750308212118,0.3295271872042731,-0.98742653703338,13.428269042181288,10.986427335615735,1.6146478508298598,3.386442524154006,3.977928162282324,2.594782542403661,-0.1014252966504294,-1.5727855344664543
103500.0,0.6214199410685929,0.409205985317555,0.2301174891597912,-1.1576297075933066,3.069597284276945,2.62693684599526,0.7871823302742623,-0.4711315270968246,38480.70496379672,18309.43081266689,-0.3692311680375836,-0.4410510405638232,2.013771455930894,1.564745438961214,0.5227154075625244,-0.8207912149259906,10.460903723785728,7.407580042361413,1.0626289646497231,1.547349018664705,4.417782354217286,2.744554036506838,-0.289518303924793,-1.4455823404468022
104000.0,0.6893880702843577,0.4854947819281835,0.3106388069372783,-1.2626978875796098,3.876052830806174,2.874839666109992,0.7972840297638545,-0.2984899531476297,37827.654367964366,25176.922810319316,1.2415274119853703,1.6441942081935623,2.0012750629823004,1.508728944448115,0.4192742822059279,-1.1320931625539024,10.794032584230951,7.556370049171992,0.752658452830597,0.0088346984880254,4.685964237764551,2.804200410423806,-0.2398766526498277,-1.2807066312165534
104500.0,0.942356263531878,0.7221863457305788,0.3835334921656674,-1.1784094856211658,4.463706990935616,3.305185616006962,0.3886615677328568,-1.0925345680683534,27100.11254839041,22475.272102343235,1.362571876296679,1.544226799861697,2.466476342769637,1.744064764329234,0.3399652121676484,-1.2393776677656458,12.99935902410228,11.310439156248178,0.8245331756700393,-0.5074496262131563,4.328871026594591,3.1436246743932927,0.2197035326292196,-1.3363254240699978
105000.0,1.2144011629197524,0.9432403334147772,0.424245838562285,-1.1419510375912312,4.712743496762883,4.240071977702453,0.781933558070999,-0.7226645143498946,33317.750321917025,23656.501283247617,0.6576608669564445,-0.5429772699947519,3.554920567157045,2.4438502635442374,0.1239902896341706,-1.339416403685998,21.103725169288012,16.62774677924183,0.353936218142627,-1.4557329635132783,2.7829305220818776,2.4149657328264795,0.8577722632449776,-0.4191018457682394
105500.0,1.304340486271426,1.016577347855886,0.3867417520627161,-1.4068476151577674,5.632367408516399,3.8167818685293775,0.1309519586351292,-1.175350174521396,30351.35275601489,19757.751912055675,0.5582621052604979,0.0740563520758694,4.126767965729904,2.7597480242636685,0.1306885873358552,-1.5143716159824925,23.77301807287844,16.44372491766215,0.1757779318617444,-1.3768557886659996,2.6774665904769863,1.3483300150854425,-0.2372389392054505,-1.0170671467887
106000.0,1.5113732227819203,0.9749327669399948,-0.1709802728778343,-1.4831285201240227,5.674231507109552,3.8709303338736,0.0596057716048553,-1.5168305727150553,36079.53323552467,18714.21609125985,-0.3757156121195283,-0.9162772445260784,4.715540114199059,2.971552038517819,-0.2384171672047658,-1.537903239686015,24.02660271059268,16.022790386759176,-0.0602397080583211,-1.5311068487830697,4.918582986237392,2.459039696503258,-0.554773402129013,-0.8059115726133537
106500.0,1.6539649955585187,0.8592985624585935,-0.8036216407694866,-1.030662810086811,5.4924448115410005,3.5974098541749875,0.4099339284298309,-1.0456290421328105,43214.15041346358,18906.14268850981,-0.8830229782750355,-0.2687628234324708,5.354137797757301,2.674355043743718,-0.7409230051871415,-0.9626171773552632,23.1538242447802,12.247328765590336,-0.328424303786977,-1.1909293667494485,6.884843516554357,3.218288489055724,-1.1400660690283886,0.0041909373477246
107000.0,1.6126111678997546,0.8296147282180112,-0.9694986437499968,-0.7193471091666974,4.882970918069187,3.1797572291526173,0.1963465979355176,-1.225486231079728,43558.100864879925,20754.847246709352,-0.7601876770943857,-0.4563240141707787,5.3184833000625344,2.614008708314996,-1.0916301637746486,-0.4284396711308345,21.069746641636197,10.1499502544881,-0.8057570708476588,-0.3148022795744061,7.107315234016077,3.337198476486387,-1.187553606639415,-0.0491858420220303
107500.0,1.5317412583586196,0.7211263403238384,-0.976251623720307,-0.1589440125204571,4.714627291997586,2.6305360303120784,-0.14188832808007,-1.0774771718342628,39379.3486571049,21710.90264186444,-0.5028841775335295,-0.9750737098442852,5.178258285646834,2.331419830997977,-1.015165634093851,-0.1890068422170463,18.81818158213274,7.849442019567767,-0.8827675507119662,0.0813272632913668,6.587174331917482,3.1858108132795566,-1.054083738672159,-0.5401924153193858
108000.0,1.3676183278313152,0.517088917307499,-0.977897023128152,0.11925042904639,4.427556827152693,2.092336777219228,-0.2621070054218182,-0.1896397971322851,36131.39868526365,19904.511033339357,-0.3321600592375225,-1.0267956764734074,4.815207825116982,1.6985280107723062,-1.283089654947832,0.7212945613884356,16.101066699871378,6.993516396108549,0.4513985533963341,-0.5855938478614968,5.433144387503116,3.4666593532732723,-0.6098660262937227,-1.4091828898183434
108500.0,0.9947272747210304,0.3825313276638446,-0.6049819087415931,-0.181051739567827,4.378771128254228,2.928061433780861,0.0777985640104812,-1.3391242011595867,29157.45055460925,19250.65885949038,0.3644033199806723,-0.7898984648641867,3.775338304456229,1.3641553633383632,-0.5776258673037011,0.4898443099428649,11.424319237605086,9.524454723565077,0.8579402409165101,-0.3857993383028257,4.740919341183349,2.8640260039984518,-0.2231001717306406,-1.606973348680982
109000.0,0.3852807270222761,0.2478854642489371,1.306476814959464,2.391409979118605,5.62462481917197,3.3880550999661634,0.393963704313727,-0.9165546446492754,24826.0121681746,16636.754151126643,0.7493112204109811,-0.5642581522407037,1.765980547978783,0.9354286097413876,1.8500072810318275,5.267177279510907,7.352323927008681,6.595206174885026,2.0300053752648948,4.3183629189521175,4.337225977615618,2.434025809708173,-0.390995749031818,-1.3388606459780872
109500.0,0.7146350308662296,0.4702483131369393,0.6107418589805803,-0.4899061293147286,7.735469358367533,4.109079378863433,-0.2072324403561532,-0.9828599065246816,20915.08226840563,16289.419622833122,0.8056713571756307,0.0084204982405609,2.2006564086042126,1.857714426791652,0.9653019912375608,0.2764457023549593,15.162058881674126,7.768656389661657,0.5657371649014906,0.2826248442792272,4.089257602969403,2.3245674139205037,-0.1653678836250274,-1.1000653640009266
110000.0,1.5264351143074433,0.5895788713236036,-0.8328443525411627,-0.1175380280547631,8.4683102223382,4.696129365833224,-0.1902068650382183,-1.256152974845382,21011.056301582816,13142.116542206191,0.272652694974023,-0.9426659734241912,4.602349239370057,2.032107493398407,-0.499482580763902,-0.7534719988108818,26.09903736029848,9.044039913497302,-0.8461706820439014,0.6068128159029973,3.3109341394478253,2.3106423248632764,0.6245834354408916,-0.621049263709823
110500.0,1.552465951592453,0.9042565058899928,-0.3054055055312255,-1.454730925701594,5.253079285402538,3.509028664823212,0.4466889896927714,-0.664131804668485,19917.451034314938,12539.81501832561,0.1885610147241103,-1.2829574067655725,4.606700386965978,2.3372238531336462,-0.3386335180851095,-1.0888267172368,22.28690825243989,13.201820169512684,0.0538266123173737,-1.2734526517417235,3.218164725683662,2.119301932638058,0.2546135543878502,-1.0813239372961334
111000.0,1.130588398852396,0.8434104346681052,0.3898575565762988,-1.2014444330386609,5.99769271376342,4.050069601751629,0.4841873074635866,-0.6395974471686623,18959.974920395194,13715.408459025815,0.2242110371001268,-1.341709413900075,3.2006689323814466,1.9720981168395315,0.0897238927985312,-1.3280313551311984,16.293354424843166,10.307166010838433,0.1401423102726135,-1.2081454400472158,3.5207226288774507,2.285848968950555,-0.0570496882258244,-1.3855990884876528
111500.0,0.7808341586819185,0.5826430174530198,0.4586145169188503,-1.0115873121200545,8.945488368151436,5.900816057743826,-0.2087097590350181,-1.5657512472893726,16217.579192602503,13529.864067505345,0.5613157280691913,-0.994513423432506,2.517314447044598,1.692814529199568,0.2000213827943122,-1.308346705913264,8.69716052447803,6.113724718634514,0.7681470759438761,-0.0766716063977037,3.0019768468287005,2.526974496532222,0.6249822044046416,-1.098909939426186
112000.0,0.6107830627952069,0.4708075507167078,0.7654104731751554,-0.6132746657783681,8.820620986752061,6.468781206334187,-0.0964848955586945,-1.6827928620402506,13341.667693670164,11068.8834785727,0.8613069256812682,-0.3812870021439609,2.504073217249829,1.8239785366975945,0.6421365277689867,-0.8286274184157185,9.493569814820312,6.805190911307052,0.4167780265280415,-1.1060033707851784,2.705375581881636,2.100310863015776,0.6431597480349741,-0.8979055057492524
112500.0,0.6135740549427524,0.5249192958925994,0.5818921751902878,-1.1157200567990762,6.7694392093965945,5.192084245364796,0.1488754426735606,-1.5732611794275386,11033.683515173629,10174.140045591184,1.1812760403414015,0.8649376288362816,2.1952297650504144,1.9213211737389624,0.7424971476182232,-0.8617673058553041,13.508832231861142,10.24725063016074,0.2354969648965425,-1.3478060444738331,2.0428516761782616,1.6857081709971589,0.4070002772390085,-1.2409432594426182
113000.0,0.7090043011619973,0.5790470854817625,0.4057658395739993,-1.3694729807800674,4.235621824751027,3.4241060573114903,0.584175176535731,-1.0042734553544967,9865.286023231018,7007.788585338743,0.8140357291407302,-0.1453837084773841,1.99645891557697,1.6247012345501484,0.7439784882342791,-0.76107004947727,16.066948715186708,10.637057008897497,0.3935716630444754,-1.1373491517840515,1.460737577509844,0.9962586830019166,0.592056959993837,-0.5090749342385381
113500.0,0.7764318270685321,0.6618701444194628,0.5620988724690036,-1.1910839866699237,3.066721922465976,2.137221215076274,1.3951038824620547,2.8507580395150365,9198.870476353748,7141.954608484164,0.7976929282166042,-0.1577201612410612,1.7555261898884211,1.3555699014418134,0.7567766748880056,-0.5605515249384405,13.632602145641576,11.380821204233204,0.6480942877187454,-0.9448125761128224,0.807084897046557,0.572120675198112,0.8608087885313078,0.2408860649686945
114000.0,0.7915363632067025,0.7252717855844459,0.6587604280808624,-1.1131191158425775,4.188797800211222,2.0878792395589265,0.4528153009948784,-0.2244889724916547,7479.719561611855,6718.044432353021,0.8325320565002999,-0.5071796221774632,1.5799703424375735,1.231472077597494,0.4257519218934167,-1.1695487710650203,12.24573616747366,10.421521840279686,0.6233604843192865,-1.0635629799397697,1.013815071257118,0.8324970959146241,0.7534953212020229,-0.8225384728990579
114500.0,0.7174124627564988,0.6872481789915384,0.8099792691006723,-0.8907125681525363,6.061310559521124,3.965872206528288,0.1585460407221055,-1.3249632773586308,7909.328163388554,6008.133592691442,1.072441376994029,0.2348690314353638,1.6037825271725503,1.1846461159916062,0.4901204599291059,-0.9626187321043558,11.3736371388333,7.991246881830291,0.3143753742830306,-1.005846522700258,1.79315507844667,1.628885979204996,0.8644274182760706,-0.4829054870378999
115000.0,0.5309293113086708,0.5348726579056525,1.1456048424113885,0.0635133428659324,7.430294460269901,6.055268454690263,0.2124916091395943,-1.6702855275156645,6001.905424413111,5401.216981323425,1.2438609373896106,0.8757043718419442,1.4488894902979357,1.239507745272424,0.4885958409000513,-1.143907791092908,6.435901189503484,4.703981280521901,0.6490626205428043,-0.3479491759492505,2.3789294469204743,2.334305723568051,0.7123688472512038,-0.9988681664024072
115500.0,0.3190515154108149,0.2820094400805031,1.334842203681395,1.4197998876456737,6.551121406422414,6.70829164358245,0.5965550013328437,-1.393276662428225,4816.435258509389,3746.6337324520673,0.949029687405332,0.0630329625321004,1.1932434479008105,0.9174387657669,0.7317451045155192,-0.3816938800164426,11.28267245364828,6.077774645272018,0.2741562742885225,-0.7472449279484481,2.4469795429563304,2.242272452209532,0.6560750414271582,-0.9956099260698874
116000.0,0.3135600520720779,0.2400332796876052,0.8348498283077751,-0.0308126694270014,5.168511161256123,5.785125155541947,0.975424267858525,-0.6927443166925471,4692.426796528294,2920.450766968081,0.4557756766496002,-0.4451237074715286,1.018621528548918,0.741071234680325,1.1335550384672617,0.7710460959696102,14.701958900892606,7.7448271095046355,-0.1209435013093681,-0.8647103609145184,2.1881345413997706,1.734942450779093,0.2221109684196149,-1.4385384832269714
116500.0,0.4511335707076468,0.3406540954628001,0.955435644268574,0.0617939401606197,3.774493920515355,3.8513144861922535,1.2752315793154123,0.6083050873191329,4895.1905167304585,3420.836997486152,0.9124346433125416,0.3109536263330841,1.1006435503221552,0.8120539670872674,0.9536020282691356,0.6488189099584276,12.58939566065659,8.797250724344273,0.5700897635269042,-0.8579366339408936,1.9095189678932047,1.425286762494443,0.2431009891906826,-1.2410103805296535
117000.0,0.5199485247141801,0.4789621586057247,0.9374450797277062,-0.4701462947484804,2.624742925281114,2.547775323042423,0.9538864208470312,-0.2944542522359099,6032.967221124503,4078.1977510223487,0.6559395364647488,0.141578042839968,1.30023001933953,0.787630602409516,0.7270750585880785,1.469175328523602,10.445514219360666,7.233550374146122,0.4248783666184619,-0.8656469952923049,2.297298477472117,1.9613257236397068,0.7233747755559674,-0.620748486459707
117500.0,0.5415502799942046,0.4066034910259652,0.9084719261085796,-0.5275817112016075,3.436570093832184,3.304916924755556,0.7526833306650458,-1.0067127764495047,5651.561782547639,3736.3769615864735,0.8301299240770909,0.4937960733566555,1.185692061721651,0.7616668501515711,1.0239578255114894,2.1148556485687298,5.913009134376359,3.2919313510808523,0.2132910340939637,-0.6823069329496692,3.360277552556695,2.464687611463367,0.0193950571686804,-1.4974933866366005
118000.0,0.3616394124158405,0.2552053128264911,0.8073160142941493,0.0899689377541448,3.79165774927626,4.252861878550382,0.8808242777700458,-0.9473114667180158,5096.377575304375,3858.298312594888,0.7118531808849914,-0.4233139160987083,1.0025743056810266,0.7777390905765874,1.1403679397795667,1.1927133961857272,7.771118058788644,4.877375487309564,0.6226716013380821,0.2746155902429019,4.113069801497391,2.542090926785217,-0.3296134034359511,-1.4719385909106686
118500.0,0.3248061914705122,0.2696834275225884,1.5312870899496842,2.8961764293675625,3.0218724634374934,3.9776962410996872,1.4433527509413162,0.5198952962933245,6800.253116643169,4733.995769643417,0.6431140722249987,-0.409115811832542,1.1794892450690522,0.844109932354355,1.2321319393778671,2.2101957475544785,10.26481254665284,9.175514906699847,0.8825040906689778,-0.5737372232658102,4.853163996302603,3.007353021969172,0.0248718136939553,-1.088761057885681
119000.0,0.4955795649053777,0.4062154662505698,0.9835541876287172,0.1356232269739332,1.9621037932846024,2.415557917419218,2.216052448004437,4.680381409598654,8106.593428824479,6689.481098274183,0.9780164187988272,0.5981334292879366,1.2190689551988916,0.9813252523030253,1.746246078970512,5.728608850613288,9.368797325427805,9.440374545943063,0.9560705840959356,-0.4868399660627136,2.8904676045495523,2.24774137935199,0.8860808938070205,0.0786452002249022
119500.0,0.4758711785898009,0.3873724104757324,1.0299544038066064,0.7293293209866585,1.4937035919663504,1.3221033127322588,1.0669977253646892,0.063416789206681,8908.09373178647,6561.989219724852,1.854023879622633,6.176097305550087,1.3728920258990815,1.1205576177259629,2.1373451727304524,7.818359008683009,5.04933253825578,5.149675806800038,1.7232350060395087,3.196956177457815,4.951486874568168,2.841479874785369,-0.1342589274183772,-0.963357183487278
120000.0,0.3049118910875118,0.2944424224492812,2.713452462296192,10.547981686106176,1.6558711562567603,1.7105616378001725,1.218590917081455,0.0669261186947625,9811.040688531904,8192.636172710965,1.2889844384597569,1.4104899526563797,1.5003923223489324,1.2801213951377497,1.8888978515695003,5.801220994547517,7.596177744786557,8.020844409393295,1.2634851407346648,0.551686569389664,3.084371920462667,2.174968497123624,0.0748672541393714,-1.3385661376044744
120500.0,0.5238756502771764,0.468515810564582,1.0276524279358137,0.1405749644579792,1.405256865359091,1.6251630750629942,1.823134600140967,2.244425372312528,15091.343674512009,10794.317351655349,0.6015081476231972,-0.9194025750801272,1.5627279145803656,1.1967746492359257,2.168037195672652,7.926142150118613,11.840114003386134,11.14704712521813,0.7563849670893388,-0.976383792428591,2.518171200637631,2.158457426540857,0.5637397391054582,-0.9672577585844424
121000.0,0.6636311885005297,0.5066131989696103,0.7307041125778767,-0.4028468012231117,1.0070322591694227,0.9436230617445904,2.2407340296816063,6.184631640661255,15573.067213384926,9768.25433218456,0.3199994921585505,-0.961051650662716,2.094947752108403,1.5507044089448334,0.979515297593236,1.3019977111851562,10.734330569933896,7.253234766239389,0.495854167925748,-0.7561643496409909,1.815621771503029,1.4320895086682572,0.6457121878031725,-0.4373639879208499
121500.0,0.5400248764714511,0.3958470569450302,0.7416602782621616,0.3474118922628886,0.8147505415519857,0.5016305321947414,0.2776279265333293,-0.7788823128350488,13501.251982569898,9407.88254991552,0.4909253766927894,-0.8525503348209398,2.1379744395282185,1.6223988220250891,0.770139319525342,0.0448397133313265,8.34227953748733,5.032234682428433,0.3009433525857444,-0.690395887531559,1.5904919022225277,1.2456393977885851,0.4168040329288641,-1.1800208398709655
122000.0,0.6949622820359654,0.4239927349949142,0.2745162715598783,-0.7989729822025189,1.1171049622277285,0.6834501247362024,0.1641792773882211,-1.091519753015579,18540.68204385084,13611.118030497892,0.3936551872813743,-0.903826394622266,2.2886482777054966,1.2065948771579913,-0.0890413437330569,-1.0496163592877636,12.41131265782266,10.140212905042237,0.6457505164117426,-0.686602197982844,1.4701272886889802,1.2834535807367895,0.7713510769451791,-0.6953024569877626
122500.0,1.0175125664575,0.6505459579352164,0.0892546931705302,-1.2880911014417795,0.9880472786964182,0.6546009202705294,0.5773880482037637,-0.5073313069368739,28483.59488457693,18061.313358357576,-0.1114356670273204,-1.3446002254963167,3.4529368929768625,1.928365592685238,-0.0835655761529979,-0.9640213140639512,16.78506324111786,11.638376841576596,0.2411781573419555,-1.236045716753431,0.7608534506996457,0.652201443604967,1.179179126456479,0.9629916505346054
123000.0,0.8611871874100444,0.6233925851374476,0.3041000226417424,-1.261420160170762,1.094981039363268,0.9919308156423424,1.0112723052528885,-0.0143628598361624,24710.27447214896,19505.27669340253,0.6861275650706699,-0.6956767235876686,3.1355028371910345,2.3545107347088314,0.3420165994426182,-1.2795423582017371,13.831444135740346,9.2963576030788,0.3610497869972777,-1.069961510944759,0.9495772290159864,0.8166906339179182,1.1220260578595342,0.3932752609423637
123500.0,0.795306631664021,0.5961713595083045,0.4336932957947637,-1.08023479460782,0.9015057906900782,0.7979593113278078,1.0484428019554315,0.3449390393258409,25626.899512725693,20209.907217431894,0.7525219836851497,-0.3691088770894031,2.7792452258447558,1.876979376648828,0.3726157621217108,-0.7667137707335496,16.39705940700825,12.253803209630762,0.6293772986424846,-0.5891441176651075,0.7527520298419865,0.6340643390964452,0.8776594598459085,-0.1412694446554181
124000.0,1.3933715885994291,0.9109655245606753,-0.4816081088518797,-1.483738918199382,1.4299560000771363,1.5803864824288425,1.236659194185832,0.2050823775221122,39307.31941032611,27103.443075472915,0.4715894030674562,-0.9631549350790976,4.664805134231556,2.910277897565921,-0.2331405644703668,-1.4045041614551426,24.36732756447537,14.294890590471375,-0.1073937385434355,-1.1178091876917553,0.9790019534615352,0.6048935778630161,0.7535302402738253,0.3194935022384113
124500.0,0.7806531096935436,0.5735093894902097,0.4134893523734473,-1.0791546536145986,1.3891223946647182,1.101738902831649,0.95522139725603,0.2711773470009704,30711.763755976983,29769.22317183749,1.2870982980690029,0.9965186185827264,2.0677829624534154,1.668819068028486,0.8264447174529912,-0.2565076705809925,11.348095431481427,8.742820064125652,0.8307245141201294,-0.1569490295860145,1.0451687440330386,0.8011822707887516,0.7142040062752408,-0.5392332316304245
125000.0,0.8261696979910875,0.5572711011431497,0.5656474810910673,-0.3878659692687392,2.5501818054352565,2.1335464300728324,0.6705774504902462,-0.8197982384446676,48357.656408750176,34741.49969328,0.2866333635040345,-1.1157316439012177,3.333701083448932,2.3026456395837536,0.4325173533730126,-0.9471758776349116,21.445478494438465,13.825566838807266,0.421956953999501,-0.7820230997547415,0.7631506736417563,0.6134328098417025,0.6636383948403056,-0.5994554124901277
125500.0,1.1844805366259077,0.6604658235005046,-0.0993019015185224,-1.0363931320808035,2.3181612463649284,1.8398987874030408,1.0740428427334492,0.7477791901883526,43130.59887015445,32291.16664869305,0.9952884341474147,0.5816694738141877,3.859497135479683,2.4204549438883944,0.1329467284878273,-1.311799235646578,27.97358931569658,17.944372695094938,0.063857867477547,-1.2501449423976134,1.520526991664741,0.9329538168505912,0.1815287483087435,-1.0810358777765663
126000.0,0.7985463445267132,0.7386336577145247,0.7264896431059559,-1.196419119455793,3.410767077609252,2.65718529953094,0.4375395031748361,-0.9763586777671872,51065.22068339147,30516.963337985053,0.7086064349402329,-0.2542030337373817,2.0033247547197504,1.6458101951886777,0.5193663537960935,-1.2060592388035796,20.416210585520183,15.359773225817085,0.8235713373907944,-0.0059913546998937,1.61464661063169,0.9762769834385772,0.0806351171731354,-1.4156997089805796
126500.0,1.0159421504157098,0.5643300800799687,0.5027342395997635,-1.0980165899431018,4.14922199725012,2.806836022627468,0.1361778904864042,-1.30642292707882,46227.80493040024,31181.513022394407,0.3124734996818584,-1.017889762506491,2.042819911316623,1.282530506442067,0.7347096990543482,-0.1122949396107961,18.466163477679284,18.48029004221568,1.868646243994328,2.4631701383187368,1.9106205560713572,0.9680014530440184,-0.1658126329917328,-1.3524750043753706
127000.0,1.0972771308268183,0.5482354783565663,-0.0009851078751263,-1.0760715372119007,3.3788028145642937,3.082547230651169,0.4489751954680834,-1.3754915188896215,49608.88188866949,30928.245586921304,0.5404542399939878,-0.5218530139237445,2.1483133732409216,1.6951279290899073,0.5394394975142117,-1.063939091679265,17.680283793737697,16.731469211145033,1.2608478245822177,0.5225203265034444,1.919900109683735,1.1381462722538354,0.3489024440823047,-0.8549330016969319
127500.0,0.9672809869077864,0.6436083028983595,0.1675636742804417,-1.0376596983940083,3.6374327174216616,2.768791616412796,0.5188935713640007,-0.7398350354282748,66493.32435429649,51628.62116912578,0.6863104344843515,-0.5116281116651553,3.5617715136419608,2.616104979333482,0.4013685491068566,-1.087822775047368,29.65812276199748,24.404132448639764,0.885864215852917,-0.2525483142459532,1.5847115860721206,1.295111423746043,0.6337413088157694,-0.7002831021946707
128000.0,0.7145434596107401,0.6297758065810273,0.9088605102784972,-0.482497260927154,1.7316220414740615,1.551188432542663,1.2944407555196804,0.7049898084689015,56405.12626459659,57713.18615605596,1.5617626667598907,2.062895240203755,3.620900243322957,2.146682712544897,-0.2445663469825963,-1.3223509396565716,31.625719621199245,19.35514291955645,0.3662533011151415,-0.6231975635335254,1.4460160020073238,0.8245041800428444,0.0968453903340162,-0.8690084397746314
128500.0,0.7697252484158961,0.6400997516554072,0.829144062759739,-0.47079871091554065,2.815422638731306,2.316403333192616,0.9770602479461725,-0.18136936811099147,61247.09282336493,62910.97221638949,1.5334165126993726,1.9754245815861027,4.093332245305344,2.178211507317533,-0.22927935168668784,-1.1130253160374766,36.86463326442736,19.979530411567097,0.20674595957895345,-0.6315130044535939,1.9006146867467544,1.0171295475692244,0.09471541037005515,-0.6475400206639668
129000.0,0.8249070372210522,0.6504236967297873,0.7494276152409807,-0.4591001609039273,3.899223235988551,3.081618233842569,0.6596797403726646,-1.0677285446908844,66089.05938213327,68108.75827672302,1.5050703586388543,1.8879539229684503,4.565764247287731,2.209740302090169,-0.2139923563907794,-0.9036996924183818,42.10354690765548,20.60391790357774,0.0472386180427654,-0.6398284453736625,2.355213371486185,1.2097549150956044,0.0925854304060941,-0.4260716015533021
129500.0,0.9094685886607476,0.7079273639707635,0.7704264760087728,-0.3798562326592725,3.622723231849152,2.173834674903141,0.4959521707494242,-0.5132152480611842,103068.4824550094,77879.79028048267,0.6136541106602101,-0.5340369108705731,4.537516408746805,3.2177404157604594,0.2876410524551844,-1.164987562724178,43.5763907058769,26.684496066276814,0.0928250929881399,-1.226527691370774,2.491855774665437,1.5109583459381035,0.2075663505674999,-1.0735292521589568
130000.0,0.903928773428496,0.7663373608879431,0.7636095744471005,-0.4386347646118147,3.1012969307745872,1.947286382354626,0.1740150485068727,-1.1185723335623126,97855.58896347896,75840.5688724785,0.8634988338443583,-0.1949292733165228,3.523472137034962,2.2590753624030206,0.3055072054299195,-1.0303939086965097,28.083743320668894,20.064092837819985,0.3387278191270246,-1.0884061315037907,1.2683335641214852,0.8767443381916677,0.6068156117306919,-0.6369039797814144
130500.0,1.098701412960689,1.0697721133170282,0.9898215087832264,-0.3036013658260743,2.797826967383478,2.2568725950420423,1.0029478822578577,0.2853949475392565,113751.22284408504,72994.0574684163,0.3279991232884069,-0.9853047415767472,4.090103120566148,2.962640069948621,0.4202439617704964,-1.0138546643217163,30.311166540342885,20.150786348228703,0.3594257832843463,-1.0353580720640825,1.5198114445042512,1.3186750673944487,1.3913569439681588,1.2985880484531869
131000.0,1.148852599856245,1.1753136167135032,1.2263659439830197,0.2907036888383731,1.602743433958278,1.555013148097323,1.4145410113234087,1.523162623453974,107286.00017404226,79266.16969926815,0.2469770939338842,-1.3580977195146402,5.116647922872966,3.7316898364768862,0.7570279674732794,-0.4189684513830514,39.89430929936964,27.01243291882097,0.1556238821669904,-1.2614461769648535,2.0445528157091952,1.316642456142489,0.4999298884950674,-0.3469123054168794
131500.0,1.0629145544514458,0.8153705594258708,0.8953474935294076,0.0944643587232572,1.404608666497278,1.008789295921371,0.9571025928754306,1.0026061551277472,86551.96206225325,56287.60628155991,0.5277517755182253,-0.6834359373967209,4.705188648814079,3.2418687224995133,0.547963359906098,-0.793084856280843,38.82953506093401,29.109214134123235,0.6717241786866,-0.5055386850411314,1.9973246270355287,1.3309277638549777,0.2405356195372138,-0.902030429429332
132000.0,1.0902170956328665,0.7690679374973547,0.6857705573633182,-0.614569924592939,2.527407686470988,1.6688605757634896,1.1961118677193665,1.4164052884742508,70833.53735613062,49724.19672828427,0.3175852795505052,-0.9808927623996344,4.0696377280671525,3.053371461440629,0.8893607723935237,0.1821784210853976,33.77073045130429,35.36846877636479,0.9968386913133984,-0.3658209751655263,2.351484260628097,1.5340788779305514,0.3229772385605756,-0.8435997322339146
132500.0,1.68831633528334,1.1777386985027318,0.5417548029920043,-0.6066676995880642,2.94881021714336,1.786052077846313,0.6866303469868903,0.0004258090380528,118012.7745824837,67089.98060587759,-0.1452555038036722,-1.0313977755454105,6.069235337962833,3.681285266435586,0.1496942896061652,-0.9126421548425436,47.595395464264826,34.36541181601402,0.8147381437665936,-0.4679375357637991,2.5931294859890763,1.7730087789997382,0.309892938042541,-0.987038259559212
133000.0,2.265806908328833,1.5393162620554064,0.4654819389083304,-0.9469926102151112,2.700187123288386,1.609664344005142,0.2776983190467479,-0.8227626303999891,148583.6408944688,94056.01783415706,0.3613324660960759,-0.6185434450626843,7.814393876219206,4.450257754168252,-0.1206718368385604,-1.2820107924698956,56.00322176001617,32.78900849921375,0.1671508538685976,-0.8432112253057711,2.4584889845026305,1.7115451179335013,0.681800021193271,-0.2302760485328909
133500.0,2.455103707353288,1.4305512612051483,0.1964971298089166,-1.049070238624371,2.650920162247409,1.6499473114599723,-0.075152275734707,-1.120819068605826,168612.2898884826,106483.14485609932,0.4679903501959621,-0.4499576369687803,8.59242273661491,4.306378037131576,-0.3803775355772343,-1.0278226271163582,60.04897227731119,29.94528903851442,-0.0322060612106485,-1.0342859834403433,2.023513730563768,1.9010383409182336,1.071881033916928,-0.0658798785569385
134000.0,2.2793493732725323,1.2057692385849226,-0.3335721255616556,-1.2307733874083149,2.8779333253370063,1.636103379384331,0.6288240805199182,0.0837260300493922,153110.8836983495,121022.75889485591,1.1333870441520832,0.4402818828703707,7.98278512756203,4.032148933043219,-0.4241793379521087,-0.9034516082907804,53.87440006642893,34.484111625477674,0.3554168904869552,-1.0572918994423983,2.120649380825196,1.9729974171828304,0.8220402940821663,-0.8185403465666763
134500.0,1.8194493891545147,1.2232292935479037,0.1352027107413073,-1.1773552198656236,3.0895138633396453,2.468362227019919,1.2559668621059603,0.9424571392469892,150366.39986046802,139156.83591093728,1.166409835910979,0.3149695590209522,6.374167477861737,4.342289936890843,0.4007193609931546,-1.070123298714473,51.05545213798527,38.33616898202258,0.632988290521906,-0.5843413019209369,2.79361960008275,2.1357897697228068,0.145490945207756,-1.6091339737589043
135000.0,2.917841644600459,1.3990900240416124,-0.1388656633079112,-0.8289007059267393,1.844514870627166,1.809290453912179,1.9759022834478008,3.846048815024659,238888.13135714416,150175.46425898865,0.5764746798564984,-0.6226792398649397,9.750001041776274,4.935211303562146,-0.008303605613021,-0.820024267885453,73.2623076916825,48.91662423238929,0.5998355087809412,-0.7801070670114671,2.7278013202446174,1.974267390863696,0.2369162215934839,-1.3937725758910822
135500.0,2.986180772288109,1.83094955522573,0.0537005582172364,-1.1041903770337855,3.0238546710685044,2.6801630538402312,1.6849889636138888,2.590358977728401,245311.7493419744,159863.77838048415,0.0874731773391559,-1.2678638901041746,11.016599487640448,6.795664468721844,-0.1868588327992189,-1.2437113971312146,86.20486867571724,63.12852436916869,0.3580639929042071,-1.170234048028577,2.991584514340812,2.253328114684143,0.2745030844025509,-1.3504488662159684
136000.0,2.2324925855719533,1.4032791605201798,0.2236265778295137,-1.2074520492227552,2.767789907371716,2.2080744842740896,1.3323106845799144,2.162812595051842,187739.2651873383,140139.90822358616,0.48535022324238,-0.993634170336362,10.136788258365153,7.23972991956728,0.5198664114704072,-0.9276239709008194,80.68001356614673,69.39790213455545,0.7348972140292513,-0.8787604781969498,2.3057477585811115,1.7727559188956012,0.3771395343279176,-1.2827832866833453
136500.0,2.384760914211812,1.6910074187340287,0.3641052802619518,-1.170287787619151,3.2463681157468254,2.775867614878101,1.2973065149369742,1.4213001407200778,203447.01436666015,147966.48461109554,0.2633943893317254,-1.3760249110916896,10.44091868060742,8.27840329227477,0.4723208040001356,-1.1428167369754525,91.26324036188164,70.22945246532481,0.331896919737252,-1.2596832633419826,3.0338778608645094,1.936633741872933,0.5004424612595721,-0.6692661853748878
137000.0,3.3059195374341765,2.1781997472317194,0.1208269514093788,-1.1719310271857657,2.573255914986616,2.1620356864515675,1.1853132404064406,0.9167900636081,218903.2799201953,135969.19383272828,0.1596385237444026,-1.0945415983675464,11.52163244202406,8.312313238905464,0.4580841223091979,-1.050909193034776,87.61657315321206,58.22444404894087,0.3544085600972844,-1.0494106339825795,3.22182477045698,2.59877454016168,0.8946909786653547,-0.3695482865043553
137500.0,3.3659254584452367,2.590065200120724,0.3247704427880236,-1.3204930030425792,2.796358415568496,2.13613694215153,0.8446799982377102,-0.0972483316406158,249859.46291558424,161295.2976294179,0.3873313951695132,-0.8515905494405596,11.488167949169108,8.516438934528258,0.4665529621116102,-1.1197654195466775,88.6842931506291,53.62485524875982,0.5809267064191169,-0.317064360695193,4.6255078720687655,3.284730111401774,0.265420227289498,-1.4676866700506377
138000.0,2.8458394600223684,2.4167505406676413,0.7505432373052418,-0.4703731507316777,3.1164969692547,2.030861029549968,0.13151424959965,-1.2212929963478325,260376.69208750848,225184.6174852005,0.901107155110766,-0.4395242066428007,10.701014122492346,8.790453962133316,0.6066591726074992,-0.8540741613213547,91.52828344888002,87.13491644710373,0.9649965685895376,-0.48496716193908,4.849533254787746,3.563795968979485,0.1028472230690801,-1.6381175642407635
138500.0,2.983564030266577,3.0162373645155385,0.8870689005534939,-0.7633434630714357,3.5276514914889465,2.331921114907157,0.2645870842149488,-1.0891165017499376,301048.1879896118,284468.4841888665,0.6162591891876121,-1.299443774058309,12.079191426203415,12.230550956956131,0.8156693098572411,-0.972749430621342,122.54245914854276,114.58156458595792,0.574962696862457,-1.387641345867666,4.359822567220148,2.563888175157874,-0.0059550483720068,-1.1642224886164083
139000.0,4.649582506202114,3.575162013383475,0.0579854918259604,-1.676245717827407,3.774398494180052,2.306577833481603,0.2100507077345471,-0.9135569250761186,369353.8055397527,304277.0346933855,0.0875040119187459,-1.766000266249032,17.901212225216167,15.292070764512808,0.2030844330766014,-1.683931853927912,152.58465719995434,123.1377638064122,0.1810775030362499,-1.6500864003077471,2.2294086198069483,1.3846414120584976,0.4722936297032371,-0.691807183110503
139500.0,3.871625199360468,3.176158339321202,0.6416821527445754,-0.845721667306921,4.325652812474713,2.929349151807142,0.3213488627462033,-0.8294506388359881,276571.8974209021,215105.66732157784,0.6346761972125964,-0.5257079152963566,16.35551903952011,12.587153011869743,0.5151979535453084,-0.941940488198448,101.42411828145131,84.3603762992401,0.8017211810788915,-0.3270819473236899,3.994173611616856,2.7850828623591224,0.5489699357812812,-0.760362403392477
140000.0,3.4035844027516293,2.8482841289039635,0.8668142041270513,-0.1534328903779083,6.653376578160179,4.067375849031931,0.0487007705610815,-1.1961633790884123,360361.4156347356,245420.6517358064,0.2579034714644591,-1.0598743690745036,13.65480269820869,10.358980684170042,0.6503951355055342,-0.5788860586349718,135.15617014567553,104.6669069405008,0.5168135447481461,-0.9739142439047423,5.231829694306041,3.672814210327714,0.0829630364856229,-1.572410151507815
140500.0,6.804852453936845,4.289028801153997,-0.0168581804498874,-1.4932483257967697,8.992639160667503,4.533832086657845,-0.7352899926767705,-0.7802816298866238,598027.9782487609,294142.5369104172,-0.6547928113473402,-0.8534675497834319,28.080848931308573,15.36461479915926,-0.2799420569733655,-1.3310864151762638,220.77065734896075,134.00241448890878,-0.0854591410815025,-1.606380480545382,2.7547246591329824,2.4193732204112663,0.9002096356142564,-0.2811292870958994
141000.0,5.421941084505269,4.401714980943435,0.3357182468121125,-1.439967169643516,7.769336393857899,5.531301316303851,0.3255430661363497,-1.0066896357087411,354606.9547833335,273626.59000726294,0.3384589836943962,-1.1766912666933815,21.25099076207726,16.027340857420295,0.1994793013818948,-1.4482334129050578,142.68016746774276,115.14435984345546,0.5000811852962794,-1.121196567082389,2.71596428262338,2.202352529694152,0.7361186093257984,-0.4995632988755054
141500.0,2.3477767026852705,2.1772534650598,1.0867713875629472,0.2690887460407207,9.292472968486,7.419098887966652,0.4705987905726253,-1.11826669250397,285040.4836813469,232223.79894034928,0.6074870326935549,-0.525275365184819,10.345256270742327,8.714505304382026,0.8366097242594899,-0.0304211979855528,87.08001179102719,72.50685718349659,1.062256944821068,0.5230704649091429,4.303118665216394,2.5063744892543487,-0.2322293947531985,-1.3214223518837451
142000.0,4.3086664677772255,3.000653083768448,0.3426358101987862,-1.0998303190168548,8.37167383502105,5.382372393663919,0.15537664540021,-1.011594676728413,318290.89844799985,271775.9971498488,0.4317090283287865,-1.1664236912846673,16.60642301808677,13.333594238015252,0.4332020834746821,-1.2326994725585612,141.11370860870588,116.29084576066116,0.1307018904898267,-1.6384222912472883,3.883781296788394,2.650572884360304,0.2237143522118817,-1.1355660254623134
142500.0,5.194532785808568,3.817125785022963,0.5349070514990487,-0.7336103331889499,12.142178765804822,8.04462769201468,0.2548269094041176,-1.0045331536122566,271048.50105796533,229275.2620278571,0.8790974894247686,-0.1363699980658403,17.127746765701026,14.554085207316763,0.4773500509000074,-1.2737806051712497,127.8349460423766,119.49849147736286,0.6589144591692188,-1.1204554952805987,4.2354547076671984,2.799126288854789,0.3875359462200133,-0.705657567676298
143000.0,4.461983867367685,4.405908290982723,1.262386284066776,0.4938369231658561,15.189349804387891,10.512471269642662,0.2824272206401805,-1.2348198148522715,335739.83668420004,261928.29671901895,0.7617029268458353,-0.4199034143132807,14.624611522538292,14.571605149730276,1.219955623852519,0.304551267132636,112.2181399391745,102.98909102169858,1.1289548781829768,0.3401419893531043,2.876649664401939,2.070094070038164,1.0577203888692457,1.1669468286478706
143500.0,4.5704432586589085,3.8943671976012326,0.8456775296238914,-0.1999249850794604,10.884948221693667,7.758977678697682,0.5772125718412061,-0.6268427867868125,361647.9137638999,241575.79764908843,0.474703492529718,-0.8035917580906604,15.843616817936445,12.885897301272864,0.6569567433336196,-0.7138906571204493,116.17019703973828,84.51955161057982,0.5418529150500674,-0.7742385047299032,3.0811503071757147,2.8752616227874315,1.4364589339069536,1.4709237451416808
144000.0,4.429374788728427,3.037258316247252,0.1996593820259398,-1.2750426890058082,5.791586936855586,3.9235008308026895,0.3221527507638543,-1.1727547989106843,257376.00242757768,165216.2073864183,0.3720754507482933,-0.9385808540778112,14.036846334815245,9.193262315858815,0.2540212780299255,-1.0381785454773216,95.07291530640836,57.51022846230096,0.2672479769379793,-0.8072111738379029,3.7270841847952014,3.260114245930204,1.2036576664548548,0.6612357077665036
144500.0,2.9598569399099706,2.3966653310738315,0.6884643642704281,-0.6410571028700964,13.427642853578517,7.414706243107151,-0.2630953434980999,-0.9213233731327586,204961.50677407227,145178.64359081295,0.55542027636958,-0.9544448137200688,8.97579151616153,6.579863994376166,0.5384756749328287,-0.8420795851627707,67.8202961451663,41.2833422623558,0.2079215241154891,-0.5833649203985014,2.293028929007856,1.2918568972700522,0.2283572381954283,-0.8210583727664602
145000.0,2.9691390188962714,2.222589407514819,0.9119986631597607,0.3995422517168632,17.85509775882773,11.486433823897675,0.0498087979621932,-1.35102433048286,276122.5075826151,215407.66480794287,0.6783722299944033,-0.5744842935153214,10.575334111122308,7.685987027999344,0.6902717157017789,-0.039931181563976,89.23553271097255,58.19188967959448,0.2888192535113608,-0.8534298586939606,4.39867021731602,3.4776738065171657,0.8376761285562107,-0.3054591930572132
145500.0,5.616169501953024,3.516166554275319,0.1355775067220099,-1.162364623434187,16.986360326281023,9.499884071885669,-0.1232346140058528,-1.1141591581078518,390611.5611834374,224970.47126834685,0.1247892729382504,-1.1129128777622967,18.183542828666123,11.335875590356686,0.0084402087480509,-1.2335282351208856,127.56889336720216,76.80287998561373,-0.0467538695012078,-1.299882790475942,2.592124039054989,2.0923020499332328,0.6827295180704174,-0.8119686305665468
146000.0,5.942571185720102,4.006138086743901,0.0638373125856496,-1.5070852329403777,14.49906970840601,4.938112252860953,-0.7826735490765481,-0.1002916715170401,389760.6486278211,243935.67258842412,-0.2370731479157115,-1.5462217484705238,19.453064037983225,13.00573778545557,-0.0910343613877401,-1.5001930843469962,133.27913190002891,87.21704622456852,-0.0619236671359212,-1.2660580859004722,2.6454503849280053,2.410967212913549,0.5186784128568545,-1.319634601722609
146500.0,6.098587690601586,3.574711082656472,0.1235615324630579,-1.2152212072279445,9.589731983540052,3.870363196879589,-0.6904398005453561,0.0282414303063558,405952.2509705505,209592.36934911253,-0.0455481761654626,-1.0870259215446274,21.06049243765348,10.899739080320067,0.0276281997885134,-1.079597320379896,143.09989845414208,75.36190540047721,0.1850873159250907,-0.6031299480861763,3.653098143257417,3.266513404817485,0.6010510178291812,-1.1555089779349172
147000.0,4.54004585992306,3.672371007244098,0.9793534557257864,0.1192982788005894,4.971881418750916,3.346061023878948,0.682995344222827,0.2709582110876751,280821.04602444643,232420.94722342663,0.8208347440506588,-0.2523847665778382,15.686192394621186,11.581996595842767,0.8315919184681505,-0.0424723163848255,105.16533378292344,81.09413284714495,1.0089007001643262,0.387217363151378,3.7215112452752512,3.4626595529895448,0.9566271677110108,-0.410662022370786
147500.0,4.034563918349166,3.7447299215123473,1.1452220575406462,0.3972163043355006,8.208534294701725,6.715243533057714,0.7938488287502556,-0.4161944837758256,316346.7190726354,224411.9423983077,0.7247243482041243,-0.202101786670803,12.308859215518895,11.401350828770877,1.3324473074686374,0.8132391959752745,78.16973579763943,74.96228324167376,1.4323949748937124,1.2144607680985509,2.931160458546545,2.3056552597989963,1.0618050862452149,0.6727376950882338
148000.0,6.429236246767083,3.933397025214876,-0.0450379009101755,-1.03284027333709,14.68156785690712,10.597769674916885,0.1672141766164519,-1.37189235995221,492522.2767412812,279024.30210614845,-0.461528318271671,-1.0014019455701964,19.973489625683865,12.06911523825963,0.0324022614705581,-0.9523327181648712,122.83475732561912,75.91962459627527,0.1233667358034003,-0.9324481438655132,2.1959454099722016,1.697395316402606,1.1309564764020563,1.0383095624501877
148500.0,5.486434439731899,3.661988240189008,0.1448349408345951,-1.002727155658595,14.750352179538044,10.380886082586242,0.0466499386329623,-1.4112254743105466,429730.8979077559,275469.8025264609,-0.266156674897559,-1.252369061037733,18.019978626959396,12.312219883492006,0.1748166592004861,-1.0371205198224311,111.43991599338786,80.82838806720116,0.2883023319885995,-1.134803952380859,2.2590441413880944,2.2865645962458974,1.591246927998871,1.3021873444446168
149000.0,2.37244733994991,1.9241399670789443,1.0008088045558703,0.6588873937296289,9.455158213251243,7.400167908205111,0.3727074334877144,-1.295842814578666,193092.26626438287,142374.6280056018,0.5823775890344456,-0.5384800555274438,7.62922087532347,6.076224365460888,0.8862294797667443,0.1717616819773795,47.75402210864584,37.97193517055628,0.9612547319121596,0.0750124483815533,1.354705275583036,1.340244762715939,1.691352234504945,3.2471273737100885
149500.0,4.318561245602078,3.3436024790491268,0.6276229854181087,-0.7448712464719476,8.98780811806368,6.967361904184498,0.386451560328958,-1.2175637206991738,306264.9017805192,248288.1800062974,0.5494228834127032,-1.0168156387262408,14.32205287310462,11.177954452292475,0.6592854523242001,-0.6916573882035397,97.67755485487277,72.27545710626227,0.4810666816531925,-0.8677993451492694,2.225500906323069,1.6679633404623058,0.9058180069766444,-0.1167970100346265
150000.0,3.9593282635840494,2.8978998262554505,0.0479907505385107,-1.4797200394829124,7.655295077609853,7.148884702938927,0.7966869089911869,-0.8168214204669506,307180.44344495685,223543.40447469483,-0.0574172104326268,-1.6141431156465618,13.34420093681999,9.32841899581247,0.0107943527500857,-1.454687139986874,91.84835268196385,62.69080559543219,0.0444277549523984,-1.4011278313922877,2.106116231666388,1.561798693427029,0.8705277862679544,0.1668236937207261
150500.0,3.974525819581843,2.990192265246259,0.2343083929354896,-1.3407390680132012,7.601682249329167,5.411795161956022,0.3015784910364925,-1.072618610319771,299702.0702773173,214519.7331603848,0.0961674453712398,-1.4408930698608562,13.836238017792851,9.691265424619326,0.1611846702811928,-1.3156812171228152,91.47054616486146,62.382022462850045,0.1657448407665292,-1.1823833571073503,2.112009404658116,1.6973460217767184,0.7011889501778908,-0.6002875440022888
151000.0,3.298887226808789,2.4573420802040697,0.4734115784109878,-1.1441305831705129,6.225414126683626,4.645270597961576,0.2926428990376521,-1.4376728579092632,246357.58605592643,179591.43504206176,0.3764006128575006,-1.271269580205174,11.57131565153005,7.85663991598923,0.4140025449025306,-1.000266575129258,75.84952908570645,50.22842643157296,0.4160778560609137,-0.8852121653536917,1.926892633831793,1.2872013346360085,0.3310406217870411,-0.865020474533468
151500.0,1.928167528192264,1.5311566606203544,0.7718349353768822,-0.2240669429030553,5.793052003624844,4.076272629452119,0.5750457617115136,-0.8639991855165503,155686.59602149588,117743.94778267978,0.5680248235703689,-0.5810068127077668,6.951967907131008,5.50585563025151,0.8412703178583452,-0.0299384577885595,46.38980698057454,36.6263023322783,0.8277728387388267,-0.0152121615314384,1.1052462064756492,0.9494668732589292,1.0065421562470762,0.2101250888566932
152000.0,1.9382876251558905,1.4204670119002851,0.4063964967624047,-0.9525861167400684,4.13485844766981,3.052628329259772,0.7576947915231584,-0.2412590775306533,133250.41798361012,102168.4658311484,0.3163781890681619,-1.2912697384218843,6.833902687965423,5.106022224433597,0.4627052525931606,-0.6000935276594568,48.72641698673804,35.07423993994689,0.3421469812758286,-0.8237782526314317,1.2155899081958152,1.193914477696287,1.5686781408986417,2.3376147983053936
152500.0,1.8244580602273528,1.4142258807121124,0.4414256256502392,-1.1666154761775804,2.3247315667895614,1.6156439580761786,0.4831442053642926,-0.5601452640640026,122104.78352324732,105648.93097763504,0.6716433867080008,-0.8504022114104948,6.413868345648265,5.057669823531104,0.2383490554861818,-1.5550638081483694,43.62577507674228,34.24272674407116,0.2701440881307148,-1.4916830810010702,1.7488851817976645,1.8862383785958912,1.2957248553786211,0.6094946419028968
153000.0,1.0998361813660735,0.8864006039029813,1.026759527831114,0.5434461620138182,3.372064541133572,2.768666079288965,0.8389671578796264,-0.3111587847026378,70124.22262485087,71520.64514492985,1.6543308226036613,2.48481357676904,3.959305453817587,3.332171213112094,1.060965148697686,0.5250126543697555,28.79760341525129,22.64295264608216,1.0136800510175108,0.7090029627020469,1.565745558967243,1.6321566984532885,1.2806560626175938,0.7092300521069665
153500.0,0.8560656583596007,0.6715722814898214,0.8556403027002459,0.1408086241536827,2.805031047206085,2.583797530159233,1.481317901949182,1.591216455585399,43384.80036350508,36389.68671007688,0.7936842187332228,-0.1902969417341755,3.70253588775165,2.342856970116713,0.1153151334996187,-0.9578298758499968,29.119975644681496,17.36306453535474,0.0984625749152318,-0.8295684083339148,1.3239428096331465,0.921773180263588,0.4896739562691914,-0.6352822939683258
154000.0,1.1091015378385252,0.8172743135467676,0.4434114437833208,-0.9042718696512956,3.7282779208453247,2.512115832341689,0.6739758225176182,-0.2867469809697347,46265.46762275212,48130.677261546494,1.3993449935591176,0.6655061553424644,2.7339924392201524,1.787437076586644,0.5267937269938444,-0.3656735739322769,17.498882068526072,13.99120698426518,1.102702812361145,1.0424683512154085,2.351987922213424,1.996899332547155,0.9399069309651978,0.030420819454632
154500.0,0.5074394658422038,0.4397348709525781,1.0113342422703813,0.4242138068188787,3.127123853319007,2.6523928982560365,1.1122171778718506,0.2723578418838119,22522.93459735817,23991.69945880204,2.00531769182579,3.8963883878060255,2.5231480351946094,1.807960461842842,0.4784953161254235,-0.7829395986154251,24.73818074512768,16.308257481615136,0.1768694720812046,-1.1543916572468196,3.55996068906376,2.4180668706588087,-0.016071475078603,-1.4528330143435022
155000.0,1.1822437195376252,1.1341129163590935,0.6461972744319556,-0.9421303252666422,4.354322003524072,4.706352950509084,1.0492067936046698,-0.4922052427326813,45258.944748187176,55510.631518783135,1.844537268980859,2.361192577873052,3.1310914435256154,2.2414239630364,0.824563043733721,0.596613336407791,22.42302581800568,19.42615532919533,1.1762126886485778,1.2168315867062178,3.4872988376663767,3.0429659709473924,1.0508658307894083,0.3450128189799466
155500.0,1.049101891851883,0.9585150926125584,1.0742133809148526,0.2448526761683203,4.683383382110777,5.189532827638727,1.0480061616682648,-0.3712831159370982,67400.7605052905,71402.39099546736,1.264850675312366,0.2959245043904479,3.2659787058585845,3.085293818110677,1.2392114141372237,0.6560211912699692,35.66479365675401,26.067164548944262,0.7273726782569856,-0.0420474014729403,4.995541432553168,3.50334598352586,0.8028724909440017,0.4759054572684142
156000.0,0.6790474856929005,0.3952754720287381,-0.0481216758463576,-1.3108880093091533,3.6609824676995815,3.1384039186387205,1.009627499497222,-0.03504387337696,63896.03999579781,48760.76518687511,0.6617910261747506,-0.3286521123415165,6.160609604641967,4.278937866315353,0.7446345915967216,-0.3068912918097508,57.41848547272091,36.07595309619646,0.6917080740471016,0.1152156737699856,7.348073254194143,3.816252141406717,0.3546975388665196,-0.3560517018012659
156500.0,0.6601381941798502,0.4316103619620013,0.2927923517793372,-0.9681162126415676,3.311479753623594,2.6926892189376046,0.6383954727973948,-0.7799451054567337,57392.2809365714,44089.81473457304,0.8778964722463651,0.0365094721055831,6.556864153033052,4.643087895161566,0.8394244556602434,-0.2651705172495355,56.697183395470525,41.41078898489979,0.9094295885436836,0.2247425097197486,6.008204776381977,3.209250415399775,-0.3560050491693516,-0.7258267414971424
157000.0,1.0222856237404208,0.6738586037948638,0.8453565375998422,0.8615625809746765,4.074614440448051,3.1164594186611425,0.7315477443855191,-0.5228407821181844,65367.42539618953,40552.41594719084,0.7387587454408137,0.756523881507356,6.330203798652532,3.791864863243548,0.8688734508756966,0.2818994989371974,49.91071915676314,33.13105237407485,1.304333605805568,1.4408888256212355,3.820913949205864,2.379041581805882,0.235649110863591,-1.3450663588601146
157500.0,1.3812531990841317,1.0012272523049477,1.269290215582082,1.4792357252275463,5.6513723318646125,5.173273868355941,0.8476091561474464,-0.6852179718143696,66605.2024389479,62567.34155422025,1.801780699447032,3.7546925137360345,5.6006459572650895,3.23540823703934,-0.0873990116301883,-1.171173399926817,40.8391766108529,25.68666307389602,0.8461068253802834,0.4063887540673971,5.002968226642945,3.76933716690011,0.7112384149621132,0.0169080063224846
158000.0,1.4957293931556763,1.4213636289460363,1.1759485889551244,0.6000047998147231,7.484894976285649,6.270317247538078,0.6506438935947918,-0.9898797851238156,91953.31189160768,87228.78693502891,1.6186183862144736,2.259206791280107,8.038362207237231,5.259304321117469,0.1630612195377226,-1.2768735361775878,58.136195302489085,53.2400552904078,0.9039769275817786,-0.5135825121109368,5.439273836373447,5.124730449679757,0.962702308540302,-0.4752090690358299
158500.0,1.7878856867270727,1.5999032093655716,1.2588401976296608,0.6758250673341388,8.486057419635307,7.188337683405354,0.6841232345368806,-0.9964292638036176,106726.420371465,106054.89337158512,1.619958942640414,2.097933755357632,8.961793665762807,6.65136479560757,0.3141515730012137,-1.2419024163067434,61.17447324296429,64.18110880695718,0.8942877539910821,-0.694145842756646,4.686037200557783,4.82412862397881,1.042107342236963,-0.437224047575337
159000.0,1.91959844511254,1.7051089873272405,1.137939714329051,0.3606076254566597,8.721337932095018,8.034731962988207,0.6870568417777674,-0.9592229433820512,114860.1580925308,120104.64993941534,1.4763107521907544,1.4460351475553548,8.027543110543713,6.198507559212052,0.2075774061028452,-1.488537779595915,52.59910705718481,51.389319025884326,0.805989353083895,-1.0073054935713055,3.3203557377428483,3.627144193522548,1.0853231205132945,-0.3189741313020593
159500.0,1.9400910609430255,1.8095175608852538,1.1747319122509965,0.35230984881037086,9.147878851906997,8.05098109420376,0.7142653604871123,-0.8931756547931216,123035.86714051077,130594.85734043339,1.482447661314854,1.2912373649675617,7.005712431974352,5.2243336822967255,0.20949577857752705,-1.3184209432224998,41.64427029277686,38.38885253184688,0.6915210304265915,-0.9647596873728804,2.736951826765201,2.815552395587985,1.1443070674717613,-0.07980648972115617
160000.0,1.9605836767735108,1.913926134443267,1.211524110172942,0.344012072164082,9.574419771718976,8.067230225419312,0.7414738791964574,-0.827128366204192,131211.57618849076,141085.06474145144,1.488584570438954,1.1364395823797686,5.983881753404993,4.2501598053814,0.2114141510522089,-1.148304106849085,30.689433528368905,25.38838603780944,0.5770527077692882,-0.9222138811744554,2.153547915787554,2.003960597653421,1.203291014430228,0.159361151859747
160500.0,2.077081426568524,1.981216847228241,1.0875187205095846,-0.1177769637160737,9.907751114440575,7.622391142834464,0.748479269116191,-0.6990632297414412,149559.42474472563,149380.8755155766,1.3298559402458563,0.5703023270378118,4.513350645355461,3.004014015735331,0.0612618532402611,-1.346549635849028,25.698271127403828,21.273241643773183,1.2157609424655291,1.1785967761850875,2.2594590467958326,1.529244895153368,1.4616876020553409,1.9166406805684684
161000.0,2.1494557942352777,1.946590285633248,1.0906380750835871,-0.0546287707128079,9.420851786155415,7.575727310460755,0.6951813912120873,-0.730063317966815,167804.09162682263,156080.00196151607,1.1704480075498438,0.2135569111999338,6.176428027879096,5.3478965829158245,1.4925288758739856,1.6128465315363618,53.91502259898172,52.23295590283868,1.3777335849985757,0.9093745257795032,4.106872767020595,3.123931878624224,0.9018962572315375,0.1488940110083056
161500.0,2.278251394873485,1.868890500432758,0.8690358758871934,-0.4335682300841785,9.000552056797002,7.061813141319064,0.8121798134766781,-0.5802816854635937,184601.45758642923,168067.78560704988,1.0356301514092223,-0.3036375172581511,7.443117890750169,4.410573123507803,-0.0818248940314766,-1.2880699362869867,63.3404639353294,39.43877385428123,0.2144722988926247,-1.1674218933173814,5.1583825917909065,3.5648767759972357,0.8022594597892674,-0.0890728335560693
162000.0,2.082351665238679,1.8398375050924909,0.54502137316417,-1.17902950695385,8.582226600299926,6.986064433753931,0.8024356028387566,-0.6112892185792074,194786.21921171487,163283.0269923834,0.6584557770004658,-0.844362989879452,6.016493902006081,4.786777290419434,0.6349041688633923,-1.1019819165776883,53.26937095779829,33.27245602357283,0.5056964228778837,-1.1761601952776664,5.175575254020207,3.533143451380964,0.4430648423513226,-0.661555062805609
162500.0,2.2593913086703785,1.5621482207420412,0.2732694542886048,-1.362594230853256,7.167219466684463,7.08119874280222,0.7295813330198981,-0.8849935304449583,217766.00097614157,144546.83819424303,0.4972284083025222,-1.0073325079039417,7.054969230682199,6.075854976392983,0.4679738024867096,-1.361563070413689,59.74041313341324,39.20819530934099,0.5573129892403442,-0.7209392900359881,4.99342237992638,3.07771456815162,0.0166194986682375,-0.9731011209358842
163000.0,2.3261109662300963,1.3863234516452936,-0.0880941377823423,-1.1625185685184602,7.417599461414941,6.0063247790684535,0.8550670480517174,-0.5636600768964866,224699.0369157852,134215.29445377417,0.2320018139923041,-1.1020455655168828,8.105898595413281,6.951736368349471,0.4257674203326462,-1.2670792290120847,68.45726133965142,44.7112631421406,0.7386276614377858,-0.2077701506605591,4.951783382675052,2.343318111977084,-0.361247420723684,-1.0103769666652114
163500.0,2.151357399838965,1.2362323516490328,0.2141904886257272,-1.098871829962056,7.762664999015303,5.886150080231698,0.6872455288240576,-0.5770002998959893,209138.1802049273,135281.82922173032,0.088060668581893,-1.3816526371312006,6.43526426825817,5.273901906072315,0.5665035854373601,-1.1532292375826827,50.53492753387236,34.18204621249337,0.4082065993122288,-0.9460738670445368,4.074815889187748,2.520769090708438,0.0069236583027655,-1.2006511631700378
164000.0,1.8862689016441567,1.262272566222555,0.4214299369671727,-0.6092368121173402,8.681860058421146,6.181279318686369,0.2100754234341613,-1.1598447111011472,206113.04295035463,135044.06631794554,-0.1154323780815085,-1.480932932197586,5.083044483578882,4.2809811412784615,0.6590542306104814,-0.9198051553329344,41.07911763667408,29.42486667267088,0.6394182706667187,-0.4826994040496459,3.845363962695876,2.570550445946377,0.0966063548040064,-1.5102098415085057
164500.0,1.7880000167409977,1.1319676812009818,0.5020685781933528,-0.46965075412232427,10.126810628299797,6.73316706170468,0.09458273085938915,-1.1830979027437367,205609.17314443516,123601.28104701274,-0.07261320562870516,-1.4276403939343414,5.100576918693109,4.371448701559531,0.9492897690964905,-0.06322540553042078,41.6728659899958,32.79359393804667,0.8973655634370317,0.010153457775013586,3.9366003570556787,2.4842749971624447,-0.04466163871883552,-1.3039870352367768
165000.0,1.689731131837839,1.001662796179409,0.582707219419533,-0.3300646961273084,11.57176119817845,7.285054804722992,-0.020909961715383,-1.2063510943863265,205105.30333851572,112158.49577607994,-0.0297940331759018,-1.374347855671097,5.118109353807337,4.461916261840601,1.2395253075824997,0.793354344272093,42.26661434331752,36.16232120342246,1.1553128562073445,0.503006319599673,4.027836751415482,2.3979995483785124,-0.1859296322416774,-1.0977642289650478
165500.0,1.6286503874624316,0.9999551701025916,-0.0130256946022582,-1.516672812711759,13.861390182615542,8.905211322588528,0.0395866962582793,-1.0213225149648566,177224.4343282,124386.041282608,0.0954843655709709,-1.4632053411679595,5.384499631554672,3.617836929348162,0.4196737755694825,-0.4498572582110838,42.96481367200766,26.79407209148785,0.1493281139739972,-0.7663301581765634,3.6239617489321994,2.4483526184909694,0.3764137628274664,-0.449740952606493
166000.0,2.019879842764537,1.1430342253821892,0.2649417270497537,-1.0752582711214709,14.64993754570756,9.751830315458433,0.45268305772108,-0.8066099144678134,191892.7521794096,118956.48262865806,0.0550809267749626,-1.31700531609019,7.681198514865136,3.961613196018554,0.1794475406407989,-0.6044420954051866,54.11957637213862,26.74099636223389,0.0372235115453047,-0.8154317734850527,3.5461176135910466,2.2649929423066864,0.9770214897457704,0.6844105403509029
166500.0,2.324130667934789,1.6588707973888726,0.240760658816067,-1.505975905400163,14.97136426485259,11.45303075862372,0.5055663234129097,-1.109642089160625,197889.3220649934,138759.8656180535,0.3700800328846791,-1.1616267632311474,8.914239554057337,5.662520971010599,-0.0029666299331301,-1.4784029018404587,58.90842753818891,36.39982231192642,0.007471659394742,-1.244380730712053,3.131839625250936,2.3842611948132117,0.9652234261541028,-0.1841196451154192
167000.0,3.007030973443229,2.1802975778661065,0.125845131816405,-1.465252605086952,16.24151792353862,11.817250150190905,0.4837310776267146,-1.063005624420705,244682.6514106948,180013.993185582,0.2164142828220354,-1.3417049733046564,9.367938172119272,6.327784473746464,0.1556000985626408,-1.29789898315137,53.33274037126321,35.10038495549666,0.1409028893071831,-1.3446777777923749,2.106715226828872,1.913823696721196,1.1084608593182648,0.3068372649732955
167500.0,3.599793874814415,2.4215317636675,0.0613527774575943,-1.2786399241538258,19.69174987276544,11.31819120396048,-0.2200282535362222,-1.0034431602557314,313559.8108496852,207730.7322542558,0.0086614518900512,-1.371496025888915,9.48315228732398,5.250310965457568,-0.0030039149922631,-1.1275942611382932,46.49226413089352,28.655288171477785,0.2758765318423518,-1.0924964361661642,2.462186747461738,1.5734050739330272,0.4766219539584796,-0.4955658240512171
168000.0,3.524806773492666,2.3771701552159312,0.6237580845665526,-0.5983483070379245,14.325590514066684,11.468901662094709,0.3719172557508296,-1.293573273667417,323908.2765304891,210615.43542335543,0.3969779653287238,-0.8377402936353593,7.033969586569005,4.827917808163814,0.8433993440096015,0.0844056913215918,27.43860727050718,19.813551789746,0.6705053293273852,-0.126810264729583,2.484004510975216,1.722728594906289,0.0812182795282235,-1.4343160641496588
168500.0,3.1753623209364954,2.770697684614466,0.7398301408372614,-0.8764091653578072,11.639796117251368,8.532289934614594,0.4200059881858193,-1.0899191108069115,316804.49967052304,251752.3482917868,0.6361172842030262,-0.9014740960144212,6.831301261595225,4.899921242627743,0.622803145959995,-0.6801525683430021,30.95323166329701,21.00983321521536,1.270617596349913,2.9539362265769338,3.8328032762502913,1.9153236988564903,-0.3686226309826948,-0.9388342026900514
169000.0,4.050472354226093,2.206466401822796,0.139496022094443,-1.0654911160360236,10.039057030794217,6.346830616619381,0.4566945766972301,-0.249487064111181,378550.6284560443,237492.56519094328,0.1076084854409629,-1.201533920514534,8.256791792187377,3.888599633166424,-0.9164746829546032,-0.5093056808658805,37.172218639285255,21.882013351064884,0.1323378268993911,-0.9804844878173448,4.370630590300811,2.09621894156092,-0.6293198559112388,-0.6969169790170664
169500.0,4.731873943120297,2.06836968547608,-0.7869194308738288,-0.463073203388455,9.989819094320891,8.008494934772301,0.4900291154331796,-1.1800345106194652,462299.0965844482,212136.36980370223,-0.5832985901443136,-0.6458517164656059,9.586794711093166,4.595065619178123,-0.5458394041588497,-0.6279890755390163,41.57732018898939,28.01163963113625,0.4653517116174502,-0.9893729878968904,4.133364889620654,2.369905896994158,-0.4363458826601241,-1.3916869906464095
170000.0,4.959395817448614,2.115029908731767,-1.1134411416911076,-0.2592936378608836,11.81788383898291,10.028048835671632,0.7878034846097806,-0.7950091006138988,500385.2268502912,211959.2104522551,-1.1444336915203712,-0.0238576906500465,10.539116330608042,5.13222727259211,0.1679242290480728,-0.7519283659140634,46.96300564491345,31.81258522785639,0.4469170516120925,-1.0250792094780097,3.914796802255543,2.486740482161216,-0.4043582056274471,-1.4976020679394415
170500.0,4.870401261373902,1.9195139988765688,-0.993245502454647,-0.2009401933090027,15.972479682947464,12.760107260925908,0.4124433424764146,-1.2249747285536374,505945.2679943567,185933.7280225768,-1.2741615274974212,0.2885130560933704,10.858986966611372,5.152649011656067,0.2993384255775244,-0.8206733721001602,52.0871723808096,30.722493092863697,0.0892171152514512,-1.043749082639969,3.7619471687609423,2.1046727665921794,-0.4825405038748459,-1.3160794869732055
171000.0,4.051696054159781,2.075718320439757,-0.5095724133375495,-1.0270735778439029,20.12423751785452,14.869138359835745,0.1850619169343667,-1.3574517925082334,434708.0481755801,195735.8549645217,-0.8121029069178318,-0.9574867968415592,9.327335172939572,5.422940656191986,0.4609630788681115,-1.0649253140937411,47.47747357371247,27.516606209877395,0.4321201380336623,-0.8808463400091422,3.1940206242653644,1.8964358306456903,-0.4180896506619468,-1.4335439652017612
171500.0,3.2522066765424467,1.7448192933343127,-0.4014574316872519,-0.9256787871101227,21.78542014576027,16.42138020793651,0.1851865727252996,-1.422446142296937,358185.21789809334,175821.77166849666,-0.8952912733633995,-0.7754325010328129,7.213987029179514,5.174434187995096,0.2945776078812724,-1.2869277569337807,40.98208644073334,24.25392117579033,0.301836225190353,-1.0772331057691815,2.6054647761147813,1.5300450514747026,-0.2554624039231462,-1.3993394476534604
172000.0,1.8308571150804356,1.1164821578872348,0.536993191490426,-0.5653507288534785,20.82149526649344,17.54914267298145,0.3984969930420703,-1.404664330971369,226453.8993707208,113304.68588680612,-0.167824993923887,-0.9425545323568628,4.441396588247407,3.351436480416323,0.6925204827023916,-0.5617759463602652,28.37275963435007,20.42044338090949,0.5698532457956974,-0.7099294630940971,1.756220797796712,1.1080748161047096,0.2740794144882134,-0.9883913945737252
172500.0,1.1818984920826716,1.0018594179488172,1.1949141393477498,0.5325470549414764,19.14389821707477,15.263099678333722,0.4778697551619889,-1.1555682097177116,122010.40961142605,89946.63183995853,1.304947903395269,0.8500175749521817,4.17429627967486,2.6623319388501754,0.3076628339163801,-0.8588153901040712,28.38973039415351,21.08396789814876,1.0600819039061051,0.6338550085735788,1.431771482112209,0.9820886859350232,0.3377994177757042,-0.9277435909988392
173000.0,1.4292955150544233,1.057043722130211,0.932193697333764,0.22540012305092355,18.47255045783635,13.983282065246607,0.4457952559505904,-1.1071738503305957,132199.63495444565,100224.23211423164,1.1348069194455541,0.34717149776327993,4.7951749986458,2.986027324558915,0.2501293227727549,-0.9569043971783531,31.055774471358742,22.226896839132277,0.9080904698919595,0.385593960549213,1.5116127335700307,0.9926349922332516,0.387129449676546,-0.6670970303132335
173500.0,1.6766925380261748,1.1122280263116044,0.6694732553197782,-0.08174680883962926,17.801202698597923,12.703464452159492,0.4137207567391919,-1.0587794909434796,142388.86029746526,110501.83238850473,0.9646659354958393,-0.1556745794256218,5.41605371761674,3.3097227102676543,0.19259581162912964,-1.054993404252635,33.721818548563974,23.36982578011579,0.7560990358778139,0.1373329125248472,1.5914539850278522,1.00318129853148,0.4364594815773878,-0.406450469627628
174000.0,1.9240895609979265,1.1674123304929982,0.4067528133057924,-0.388893740730182,17.1298549393595,11.423646839072378,0.3816462575277934,-1.0103851315563637,152578.08564048487,120779.43266277784,0.7945249515461245,-0.6585206566145234,6.03693243658768,3.6334180959763938,0.1350623004855044,-1.153082411326917,36.38786262576921,24.512754721099306,0.6041076018636683,-0.1109281354995186,1.671295236485674,1.0137276048297084,0.4857895134782296,-0.1458039089420224
174500.0,2.705122608027079,1.334535522953919,-0.3583433519577449,-0.6877592278015929,13.936311022344311,7.27562466420942,0.5392147390415226,-0.5951863684192373,223800.47282479735,120989.24092235373,0.4196907821099306,-0.6779384766932282,7.748679902602672,4.149892451935142,-0.0477079181151499,-0.8723998969615869,42.81903260677565,24.454907094733382,0.4716136903706614,0.01071121807467,1.8660210411579272,1.1087017282671436,0.3332760791900757,-0.9201330852312188
175000.0,3.6009615082440973,2.32236213565002,-0.4009424746642052,-1.4964866455329362,10.37971807955866,7.013346319838493,0.2453178763838339,-1.0109467712662017,321976.0717101763,201088.5600903126,-0.2776758743549593,-1.4186416775090729,9.646110683252466,6.110766787342293,-0.3111762016771308,-1.409536959909264,50.14145447595524,31.628712614955877,-0.1564599820572657,-1.2850812432100236,2.270484763879805,1.8433769474304948,0.3697347141094695,-1.304080911520742
175500.0,3.809961172901084,2.915955632807363,-0.0874223473285994,-1.7602173042608231,21.5472551341208,12.870777496830277,0.2887999042633487,-0.7225038043302732,358521.6598233249,274015.64871534234,-0.0794807626115908,-1.670307139966268,9.450064015549067,7.054052829672111,-0.0498844931828491,-1.6735267808741037,46.713209624612176,34.839590573572515,-0.0651741828492559,-1.6632218237822043,2.559619130688885,2.188276169686395,0.3750264038863475,-1.430035042738262
176000.0,2.967484761278571,2.688318097089359,0.448007011389188,-1.3636164132073525,24.09803633010092,19.29095735329578,0.511830445214382,-1.250634873613332,298429.98362873454,289670.8176772428,0.5505227629777587,-1.294821868327195,7.129745769235606,5.918166062551096,0.3881129347644886,-1.2774147740069286,31.7406982348296,25.83948934295244,0.2713971324254471,-1.3361947887577867,2.1102631076040668,1.797667409465235,0.4167580534779893,-1.443828273948764
176500.0,1.9850789603396692,1.832228311603752,0.8583532579665473,-0.2837380621053214,17.50044915210734,15.660438520167183,0.8682060897693095,-0.5057693603507745,240586.48302519647,227445.138606454,0.7340421236644743,-0.630991544073753,4.655856188781871,3.768817203349798,0.5124642773235701,-0.9368886583386012,16.725419413720672,13.660402099269238,0.6734197507373177,-0.7650590882392008,1.173669821448678,1.197086306559468,1.2881371570544975,0.5350330500654734
177000.0,1.4332318464578817,1.3589926151243064,0.5933460652156487,-1.171453800406297,10.810077670594234,6.662607096631771,0.3517645432624341,-0.8686821774383411,167145.6988274269,152601.04214535933,0.6047177422730013,-0.8935363233723495,3.0951418087557845,3.144282772764705,0.9420823377056408,-0.5144894820308603,17.973339650685418,17.513073701081517,0.9154972669700434,-0.4997596256810412,1.1877198359354364,1.0407330860868549,0.8806959182536783,-0.2298359401307377
177500.0,1.4345881970655563,1.4223038831192636,0.7962911077212761,-0.9364758533555312,11.33397732510964,8.547682034095834,0.7195965023415306,-0.7339055505270582,118878.88697061782,101056.74620129462,0.5965072705214662,-1.061715458283164,3.740060513635019,3.3637353678602384,0.6899065294320371,-1.0070913151475545,26.15331136579345,21.198183737764804,0.2354949665369289,-1.4697636095647282,1.4569728783842963,1.4144721101816102,0.8333872570492559,-0.7118789253063027
178000.0,1.6915299549446678,1.6458302053580898,0.5819486684905504,-1.305639537501088,20.29100444830475,15.259441009244751,0.1330658686724917,-1.5815096391295649,122750.48782865214,103155.98042899248,0.6743611080193294,-0.7516167402940135,4.9011567510405705,4.174462881345952,0.2310000804010564,-1.6294574133882749,30.197799031868847,26.90636094831117,0.1756454268283389,-1.8266065428985403,1.5840461548250162,1.7616001652761106,1.0488285447052752,-0.4266510296514907
178500.0,1.8680699663142315,1.8074035165349704,0.4795638994910369,-1.4732110937138585,27.91626690220288,20.071531789148743,0.123318487707084,-1.4972682089511529,179824.73049138527,133488.32876818258,0.3229164253244374,-1.2891100238095636,5.501348446716351,4.822332464539865,0.4137937137299055,-1.5714853321458913,29.735813025139343,29.70824633422716,0.4504830809092363,-1.5972251455005324,1.4624051952214736,1.6857075119271776,1.1125412764323117,-0.3191770323827074
179000.0,1.94528585319656,1.8955947546882328,0.6020340584639371,-1.3796777286802673,28.58772397351357,23.481455815502223,0.2020751127566004,-1.6348722473916395,214133.2272604455,157207.00019712312,0.3617512943174471,-1.2610197541288188,5.482182087359188,5.246369333151193,0.6398724841295244,-1.3221080025746703,27.487037053303307,29.52668330112564,0.6764537222553364,-1.277553163054972,1.3734404297937235,1.3663226812715332,1.113607895839267,-0.3322792395830545
179500.0,1.816217776664664,1.9102352645468,0.7521231784596271,-1.1782192213572402,26.72170865263064,21.925121983357982,0.186110319801771,-1.5729508954406677,232336.5974856507,174297.21702740242,0.4977845591683816,-1.0844771086238312,4.944306567663936,5.465780669102985,0.8439079999469944,-0.981366508904177,24.80739793165723,28.43410801148553,0.9166955635200508,-0.7788111268487166,1.2057600908575703,0.8396704915885901,1.038189157823346,0.4700968890069763
180000.0,1.6097809057662822,1.865427821272292,0.9474445679782676,-0.739372789155309,24.26858984011866,16.872986632392447,0.1399797612672079,-1.4060388485997577,225397.12326737776,184012.11546238945,0.8117025988017721,-0.7613008290477516,4.393213212033768,5.172117259150813,1.0319440238068491,-0.5540129703951711,21.264295884955235,24.934831166357043,1.0540607957322516,-0.3170135754526586,0.8367704171303346,0.3985912440436606,1.4713225261990788,2.894435189556169
180500.0,1.3983172286390635,1.6134411372300366,1.296940281424774,0.2786432910382035,15.924578478328336,10.799957332021878,0.4877043923308437,-0.590064825053513,202060.92569917795,190357.24787993683,0.9314465158737644,-0.4240835845970303,3.905159697955617,4.260488836958743,1.3834034065631504,0.5237347738666855,17.877649558764215,19.89627776215394,1.2076315516233191,0.399214547359366,0.7844961673325329,0.8840314627390538,1.7543903218194472,2.522853666751539
181000.0,1.0308986338247443,1.1538556903700723,1.526297284739158,1.6422522442546343,9.71157943172712,7.934965272951938,1.0646494362292225,0.6758241981386957,215510.15427521884,140803.05071298487,0.6635259602093045,0.0023551327867212,2.4554140266120013,2.7038305577426502,1.7217005876886304,2.4882622386583595,12.488344436254742,11.814892549720897,0.9725867668406628,-0.0320094214170265,1.550455922282863,1.602542108620136,0.961840302897876,-0.5124678459383984
181500.0,0.7745630812746966,0.7955810939890396,1.130332480838817,0.1171386850591056,26.352820726883756,17.403138236563574,-0.0879589535529457,-1.461374566244392,125822.08459765073,101038.73097849896,1.082115507304194,0.6991818861052987,1.9020050095475307,1.711528864106444,0.9751614743075842,-0.0810686060492535,10.755363362404784,11.481211893198688,0.9368572902834128,-0.622904918753652,1.8699465924252936,1.8348852704342933,0.7459046745296616,-0.9820628607240396
182000.0,0.6928352469734148,0.7767190280896152,1.130753036892985,-0.2865644875907702,28.750282360706308,18.60021358236497,0.1010246914600718,-1.5456726299312982,113748.0916422713,69712.77624526733,-0.0533845596308464,-1.1071241699048835,2.27128974378846,2.5639975417475025,1.0389912197386908,-0.5372097563551193,14.730332616841174,15.647276724375724,0.9473605530466784,-0.6928385412428488,1.4112171546721213,1.381462000848542,0.7844465955865724,-0.8363120144765888
182500.0,0.6742203658560891,0.7967589730756794,1.296792497960545,0.0930398617288985,18.585135656566308,14.054640578171083,0.5335199218675083,-0.8039488305521685,118518.95843811469,88178.89576272662,0.6459607299763366,-0.4484476044537913,2.389852555872762,2.8612054411357133,1.179886848811627,-0.2496189231216918,13.064990636397408,15.852764892205988,1.34751568126402,0.2476127086205091,1.7157465113425971,1.862950205515468,1.1049964284327878,-0.0963512109368109
183000.0,0.5602108051378987,0.7308553000640978,1.8870255478524307,2.462287189355589,15.079923795797326,11.31808070499664,0.3601344897583178,-1.2107517444482885,84494.16390029642,101889.35760376416,1.4452582761334984,0.7664417229751637,1.5049969404415806,2.294719534528069,1.8649409456905883,2.11751969971085,7.571762198312414,11.104778749535887,2.139434071242748,3.5497655431285224,2.4579119907180016,2.624152774106579,0.9413508203861248,-0.6508297720423104
183500.0,0.4645811193109787,0.4890230769671265,2.136091906462223,5.088129811267171,16.101268123215092,12.888512254902,0.5017912588395133,-1.0463060908095307,68109.32454094362,77288.18259018316,1.9276189437834184,3.668588650143215,1.060026990810826,1.083771783313042,2.314703695443804,6.705368173403373,6.5851810927668994,5.399541384711382,1.264242055546525,2.0475758034464384,2.580614071103919,2.502454278451277,0.7571473333457547,-0.7244230817936588
184000.0,0.3318661377128675,0.2312829931614997,1.4015071313085803,4.318840517635453,18.03541571026524,16.64798278687395,0.5495771095195819,-1.1911590268605847,36922.87657329274,34886.77587913091,1.8176915295647944,4.836711456417999,1.248030102849556,1.1032361602118923,0.9113270472214464,-0.3279526510000172,8.127917543117592,6.715275660105517,0.8183510138142733,-0.500006744547584,3.683772719846766,3.44887394028766,0.5013517882199605,-1.3310782479763146
184500.0,0.3002846273886668,0.1824993029872405,0.4328230320516129,-0.6762417984007154,10.315233523075111,13.007553059537448,1.3680751732656526,0.5279854943350317,32261.18712249596,27477.723897385564,0.957892509323364,0.2292687714996018,1.5575320457597923,1.074488555280581,0.6168062562397559,-0.5509316957242292,11.193247073386626,7.1555930989269365,0.5614333668811857,-0.3329619147306046,5.102780379225114,4.11678267073794,0.1934817724095273,-1.5026344018592317
185000.0,0.4385864081090785,0.2781048238470786,0.3064854036793368,-0.4904102540082475,7.911329669326465,7.51316356341902,0.8611967612840132,-0.4742676726256558,49840.33255259317,42598.0494118139,0.8695260358660934,0.0268273486635743,1.1090950914391575,0.9312491628851431,1.2822945284450296,1.0369846026678724,9.125011062124136,7.019432366102847,0.907218397033882,0.4741604683018741,4.238416680355143,3.299985259718276,0.3431274582670096,-1.24026487891953
185500.0,0.4203425237018791,0.3270986752831459,1.1574830678329049,1.1508517854003983,8.465807853900596,7.319609718580975,0.8462749671121699,-0.4436860519084291,42340.83735187878,46937.71880318849,1.7907756709319769,2.615207578485979,1.0639119334539042,0.7441372097417271,0.5627608656439438,-0.3741605866881832,8.901614478724477,5.777998222169219,0.5059498244679915,-0.450475670752148,4.09651995542844,2.7863813595314126,0.101183437562641,-1.2429678211612143
186000.0,0.5067804147852566,0.3171554021926648,0.5307503291923038,0.0812116818263524,14.302190771601854,9.656312781423903,0.4911213542165574,-0.8415660220883914,49538.611041559816,33567.65931316658,1.094448865433682,1.8342939103620708,1.3846841078575551,0.6691849922008055,-0.3142513682292426,-0.6718744033716848,11.418756244712291,6.943505949388817,0.0736356255419497,-1.3537871823583645,8.529837053411793,4.068062638990404,-0.773995756934643,-0.784811085915563
186500.0,0.4994736639905205,0.2502558499958421,-0.382595393148027,-0.8507306243858239,9.336180376138152,8.468346780307561,1.3209673941647475,0.9497840448835784,29889.339189429924,20432.046995109817,0.3769790033435282,-0.7049238853776267,0.8295645940871589,0.5934419995470521,0.9088573157701054,0.3586375826181696,7.639838661389213,5.721778029897481,0.8609642011877294,0.2987689359938579,5.500271257384975,3.476142335879961,0.1701522886642841,-1.0472745170294766
187000.0,0.3440573559464116,0.2491644428338101,0.6364289845318828,-0.5747817269643902,6.439993695968533,5.170688436945286,0.5946201877422379,-0.7125883209405521,27255.771191708227,18160.39434641402,0.3602573099361552,-1.0658694655058505,1.0351968745188775,0.6477991852902923,0.5795218321431572,-0.31752922297821,11.869282428178078,7.303483428087028,0.3186802527125794,-0.9499666399617164,3.9371539428288105,3.178927406227779,0.5709427561732013,-0.9847498647666396
187500.0,0.3576417149582914,0.2433274487373646,0.5520885028707474,-0.5676967136041453,6.657693317316631,5.089483776031427,0.2914978146733167,-1.1965517674496924,36273.96485350466,26346.92214386964,0.3537048582069438,-0.8377872968068916,0.8085923338262769,0.6109112665420342,1.1202045062789496,0.86308333951908,7.581006155385097,5.726173303549896,1.347251789394166,2.4762865749999543,4.953890707878617,3.959229776319021,0.08972294819022,-1.6068651215075906
188000.0,0.5337418020239887,0.3343223510506522,0.1112425900226034,-0.9997578538959876,6.982498343425542,6.535353746380497,0.7719528783215129,-0.7135417085716962,30688.671313992647,27939.350452601957,0.8434811371783328,-0.2768573810771646,0.640046160125581,0.545229554911496,1.1817325986036076,1.308077269105305,11.270539579164502,6.237202908736022,0.1953105209470239,-0.7617643872532462,4.580260351051924,4.2512167051360255,0.512016520985036,-1.2667450525814528
188500.0,0.4116267121237156,0.2950019640503715,0.7553032026295118,0.0744320402532228,4.2779529826459886,5.039479465003211,1.655601971342887,1.88081096878596,15851.52672382602,15127.106669083396,1.965416105108948,4.51405098315349,1.0450012580356234,0.6562755114420004,0.8762486389220092,0.8354947689059569,9.397232438616603,5.827242965320859,0.4855958758774824,-0.2956676868796992,2.624187105857279,2.7034657019053405,1.162393971901077,0.5712408002392326
189000.0,0.2728934695280929,0.179329298501606,0.4209932064220076,-0.7029058988934658,2.840405104548333,2.1831998129834678,0.7512401494646106,0.3205363082830983,15715.214103467792,13480.780357735726,0.693472824728443,-0.94895713917921,0.77406574691567,0.615937534429317,1.777217457051726,5.0960995396637045,8.207367017175857,5.854941875421124,0.8411924193042992,0.3054333611381614,2.347932755616245,1.8558360329403496,0.4638552278038639,-0.871905578989908
189500.0,0.373638146607004,0.2070921722807317,-0.035274578177575,-0.8456638435262387,3.3673938319102645,2.928140084096573,0.9311737017180898,-0.268494570541165,17682.37804018405,16841.308643203804,0.7858538107281192,-0.8505141593622461,0.9885472012695944,0.7080083581822247,0.70251757866846,-0.4960477094252389,8.416408604235315,6.991628405241758,0.7345566816757865,-0.599023771229497,2.776231935325657,2.7344720551217776,0.9803146016925992,-0.5759455923548633
190000.0,0.3228881654972972,0.28948325202887,1.3840630008013304,1.2876149592452029,3.5687244074383155,2.8330473941141423,1.101650794677226,0.3433849353855946,13445.908637126997,13940.98342782074,1.5994030214440302,1.7729141483996165,0.7080568029618748,0.5555860645255218,1.3361076798060192,2.407531719526717,7.320135920684073,5.616210686766161,1.1496279312610398,1.4003452539066323,2.3741087284486797,2.193495673727553,1.296949224174329,0.7984760980163497
190500.0,0.4408131696824648,0.284127632551705,0.3736031803622078,-0.4542312651150935,1.9418600723293995,1.871213835055328,1.5327507264810278,2.446511434223013,12394.618507337766,9478.353888400565,0.72061204992244,-0.1540706609692579,1.3341068240834273,0.8504069634362427,0.4383503707678968,-0.8299468638945906,12.250677482621764,9.71735549710802,0.6729210544234882,-0.825230769154544,1.19268606098636,0.9626551849991904,1.5092013951341576,3.1586745857821
191000.0,0.2867509936481942,0.1780386105177946,0.3578655369767613,-0.6447358248004047,1.859351950014522,1.2312728536813184,0.6125755252348037,-0.4125801094255186,8269.473484384092,5675.240580694524,0.5787029347319261,-0.1851372516652967,1.3005801701497557,0.8915953695102585,0.3765388269107666,-0.8839290447802122,12.125522445753722,8.916982080162882,0.5697371330524996,-0.7396749127765108,1.667260771139199,1.1987750392210677,0.9288411108308222,0.2109920597111187
191500.0,0.4049489030024765,0.250326761126742,-0.057922059557858,-1.288604564627316,2.172948399670705,1.5137131429180473,0.5245583642331907,-0.7107839716123374,10909.457525387028,8398.931815616115,0.7163395044832801,-0.4502245171923396,1.4800563788590693,1.129709796672668,0.6432854850362594,-0.576459606077087,14.023661432527108,12.080506206486891,0.6953149451439733,-0.7619515381810298,1.69306295723296,1.571105266083423,1.1581788042724237,0.0042427558785589
192000.0,0.4319587360143748,0.309656671034851,0.5277516067684044,-0.7757657010249677,1.6680454759311507,1.0603855515906402,0.5115871603011504,-0.5685348141591837,13296.77738247135,9562.079258414447,0.6206994272157185,-0.4999405238745411,1.3968571621441217,1.1160329509492364,0.9115249137000676,0.0207719411698819,14.556169314517284,11.786773627743653,0.728552752207139,-0.5727481742910134,1.0643580121840148,0.9766257539529254,1.80566881035129,3.2047317838768
192500.0,0.50683961483345,0.3834172421836191,0.3687635027691076,-1.3418706881446807,1.4628102221486228,1.163346245692637,0.8172782155299785,-0.4013596633000906,11847.309113435738,7493.805040420768,0.9995343217407858,0.7232366627509315,1.6612230068753635,1.0978662417972451,0.407709465761766,-0.7674104200107816,17.24100119019642,12.676981612320937,0.5258735754565979,-1.1114276289762912,0.8118925868024578,0.5479042908060135,0.4756501659318223,-0.7539993097222726
193000.0,0.4744876079567935,0.422613789698251,0.7160995210234801,-0.791583107992134,2.113897083122663,1.6215575682242358,0.7370953936104441,-0.4773625164587987,14819.766805939636,16017.941833336074,1.2694078244464295,0.2822197402273523,2.4371469448037737,1.7276252125980796,0.5090762064747303,-0.8743051538337543,27.50367517771782,18.229797046414284,-0.0766662187400096,-1.5303909618403904,1.1473878707343546,1.0458751972471876,0.8676042969828508,-0.4067177200827676
193500.0,0.404556745995928,0.3000453721209913,0.5993245470649078,-0.7414610833592383,2.3834593466569665,1.602681675537264,0.4062853457650665,-0.7859527796434227,14925.081792122728,13311.210507816975,1.0845325897068974,0.3519449966271786,1.6038426939828905,1.1667324677706583,0.8783230385635569,0.1499049777579979,17.153401590621424,11.59560152852235,0.5012265346652212,-0.5429383712382592,1.2684659387004478,1.0165907399914451,0.6623273756122333,-0.7967053060382403
194000.0,0.7437632011296608,0.5651229418252792,0.2809622090809552,-1.2409229652185318,3.1229230486339263,2.3231311196465185,0.8498412141418616,0.0070917737214619,20406.19419241374,21067.04951848935,1.2779488643735617,0.5796747111304787,2.526925456477336,1.9345686727264253,0.6371530535906683,-0.5575460068524682,21.464721854323688,15.351193996000076,0.5269463850939179,-0.6615857176158246,1.0378936767103195,0.7764462538127322,0.5596824688734537,-0.5380343570466657
194500.0,0.8223457911416961,0.5909545244621752,0.357406890807415,-1.226718166692364,4.866345603836849,3.07854068095031,0.3883161221703456,-0.4733443522576657,28414.37378532025,25493.453440235247,0.9339338841367494,-0.41629332890402,2.448003655790377,2.154815681478658,0.6893633936914012,-0.7682916732012104,24.18102094162474,16.29809510698891,0.2377760236108173,-0.9961734592893148,1.39657000758343,0.8106253804434669,0.1320275481080803,-1.0067375178769842
195000.0,0.6732923004716637,0.5509994136014823,0.7321283699079267,-0.3516612233018841,5.635712169427753,2.77074764970724,-0.1430970224343665,-0.5905936585480775,29419.78866014945,19219.85179177552,0.4392785588821659,-0.6127219347785702,1.7762264718630354,1.6334376821030143,1.0686079679060816,0.3726204557946722,15.483186788333684,12.391380540390715,0.8102363520281008,0.1829355353665498,2.063651026018751,1.0589899052660376,-0.3405541245306568,-1.0311216362787747
195500.0,1.33119566363263,0.7548551323918523,-0.0829060464945322,-0.7676714439001837,5.232396714680361,3.993019512027848,0.702180068390666,-0.5616773623903826,45410.6341322167,36974.05759418599,0.4966286857430674,-1.1392261869063898,3.828428600658022,2.748872028751,0.1323293491705013,-1.3449896240407024,25.334829296634744,18.02824323927617,0.2854826143476393,-1.0261080458494816,1.7811979858784337,1.2254756128118236,0.4012586389635181,-0.9225679832081748
196000.0,1.7627990972335277,0.8363629393737025,-0.0614454893312803,-0.588518788591105,6.427442012267469,3.698245997231653,0.7690383858136531,0.5659599453340363,40174.86373337066,28920.32277317382,0.3345654117865396,-1.1232794927263186,3.9732256263957786,2.793297391054641,0.652244076598774,-0.3810738697769804,25.81904667068814,19.48419647931225,1.0845445199124253,0.7972593450934107,1.419019922975844,1.282129803517028,1.0634183389254748,0.0441751226194986
196500.0,0.8605509522651905,0.7307435729791628,1.1867237451440489,0.6757997730712497,7.919562898968087,3.643492760168955,-0.1831463531775836,-0.0516213566984884,44554.00828599177,24494.57434611063,0.1505992072286343,-0.8240272558028208,3.0418119761818563,2.3019614097563834,0.857665822403762,-0.0355854114331637,20.915474482768147,17.93007662899872,1.0609038185247506,0.2778474227200829,1.8276851309467863,1.175136505207093,0.2095458917646573,-0.8012325146858084
197000.0,1.4275200047061298,0.8904891549061764,0.1477003029473866,-1.0965901596230074,5.674128935905577,3.568699811618784,0.1378581890349185,-1.0415695215491094,67980.8483476769,33863.15568763713,-0.1246600158696779,-0.5158544474583349,4.986749685250143,2.4863782480182715,0.0173114841051099,-0.6302518732321052,27.11466490301249,19.61630496779529,0.7537270996624302,-0.1009204629355347,2.748119866346313,1.6457666849302364,0.0779415774256909,-0.7604486437084397
197500.0,0.9569900646837844,0.5840243754221435,-0.0347667967685082,-1.096749581105228,2.9022707593449173,1.801152832075134,0.2438493221373849,-1.0090867947850222,31019.981077118635,21093.930180111653,0.489104113264073,-0.6585607844105374,2.8818945484844263,2.0167233019098028,0.7337204916721931,-0.16248146127228,20.32760003500268,17.194384676132028,0.937373739024494,-0.0965214139430181,1.3360054801666832,0.9964070689386738,0.6588172704178102,-0.4807952944017617
198000.0,0.8792572660542047,0.750918174451713,0.7546965623296977,-0.3856975965611524,4.228514665981227,2.259970352924829,-0.1056357443219296,-1.095384411655813,43184.7531505048,40138.97490969994,0.8140315715080704,-0.511021190434668,2.667674085611448,2.092552482081853,0.596194483569003,-1.0170023219405553,16.181694303515233,11.018358871006374,0.6050010983394584,-0.230158544324174,2.2202277688828245,2.0980133522299007,0.970277971056444,-0.2681825971824376
198500.0,0.5625414408338003,0.4825011528961697,1.30194473154753,1.5910897316552166,3.938563055494477,3.007361756122034,0.6602665411483384,-0.6724162704846766,40663.21791267256,26952.155771583453,0.1948280499497405,-0.8591958102365482,2.245806435964357,1.3969409434475175,0.0393317231147517,-1.304255642934071,15.830530602133232,9.297778852452636,0.3582014060685525,-0.2707880059256911,1.3580975898340848,1.1474741960501005,1.3126375536698982,1.7992073845797556
199000.0,0.8170875018414185,0.6056711909142123,1.132012053044637,0.7924877254966187,3.346095098956572,2.598273533396768,1.1776464242265838,1.0353110509402113,49733.43421458652,36955.01555137077,0.6758850686606575,-0.4598651141514938,2.09457617594696,1.5432297076454506,0.3038256147405798,-1.1826731309850746,12.782832812318103,7.618906661433129,0.174711729472421,-0.8965612952189086,2.490491469855757,2.1954975589231904,1.0958235376418044,0.2182045936431595
199500.0,0.7392163834055401,0.5520746894027485,0.5279605025545258,-0.8909616797381603,3.0050358143294527,2.412892880107248,0.7368911765764975,-0.4297142783129568,57657.16638385773,40905.03643625356,0.644018891908283,-0.7572325277604786,1.2556305076538925,0.9327101103520812,0.7509529508976184,-0.1859667601808388,6.779602331143525,5.59179336831964,0.9629775462231788,0.3810200030045521,2.2036896806632384,1.6389529895707609,0.8256841516657866,-0.0711007146340692
200000.0,0.8955450797207304,0.7817739534163403,0.6532478315247584,-0.7429871880681134,2.6167358084883565,1.9441914932953157,1.3596955660985028,2.2141235983553478,59601.343166204366,46210.16070686933,0.7827976763413909,-0.3121418970404797,1.5102791363310095,1.2633989209929442,1.0791725000827812,0.2779916957333883,10.014978730907789,6.37541647000392,0.4736467491585893,-0.3870811379266552,3.0955059870709705,2.7432051807521693,0.8159489804062218,-0.4777079640814659
200500.0,0.6592538313071017,0.6284917668195068,1.305500840193948,0.8727594825811873,4.072953508192691,2.87468638022563,0.6536970102958123,-0.375130933993645,48588.56896444445,47428.85390959591,1.397716963243557,1.0417637415097838,1.469229535206744,1.1391872141829795,1.0587184885835048,0.4381288165169774,13.111925671810932,8.640292669234716,0.6384396546513456,-0.1507470592290833,2.537229044165564,2.2928083817618803,1.0098033632795522,0.0742298497890145
201000.0,0.8850097647279543,0.7856438630568187,1.139528471277776,0.2292354856660661,4.929515702398724,4.352224121910705,1.2376101454708432,1.0355681602552078,66063.07833719953,53467.13339047712,1.0470677719382684,0.1896380405733513,2.1151726606489283,1.7079239989295876,0.764469891071845,-0.5883370567924775,17.668004893182207,14.263704609352896,1.0544599305075253,0.7272575212585322,3.6025021175542884,2.764870227215768,0.8730998857350524,-0.0204286760983185
201500.0,0.9275306004034732,0.7193478307476353,0.8992870117814569,0.1403708280229958,6.745175935744789,6.548242244958467,1.481728697466941,1.6510940790332669,67846.27399669845,49627.67960411083,0.6874255535418963,-0.2179410272603235,2.590219764355425,1.7596572369783836,0.5622397913888094,-0.5622504927855623,23.770301032979784,19.645351542221743,1.1125220432366827,0.473532448943708,3.391919957851846,2.654878820321229,1.094505304373967,0.6570507368545022
202000.0,1.2568189345541658,0.9034973013498866,0.2895249496481268,-1.215998567044917,7.094994040642929,4.952243449344548,0.7781054524738796,0.2616273023449338,93994.60907548196,68533.05761520048,0.2232970788622531,-1.383011593003241,2.701657295548969,1.7056531786403226,0.2218465867212607,-0.9503933094118358,22.2975778248632,18.85280122829932,1.6402039658333527,2.617656593969894,5.02514014703539,3.981863495525304,0.5198384428941819,-0.8820862099673481
202500.0,1.0794856669846231,0.8347489865219092,0.5988161389704985,-0.885454090131776,7.25752463897469,5.331131378494284,0.5446353423111915,-0.9638901287307786,86976.25141265818,69215.05392975824,0.664740935183287,-0.7657638140077436,2.3990234094485525,1.668039946043845,0.3340871001100164,-0.8884709616724247,20.953966313370994,16.762375180167396,1.2612661690832745,1.7949586688421642,4.433194849451231,2.974139299016493,0.0753452061831611,-1.3562239601239927
203000.0,1.5887969733819938,1.3115626535869291,0.5548563197137264,-1.0564187444935556,8.81206172321678,6.488381537457096,1.2362990394368178,1.9792269697319995,128047.5057259029,110510.91923016292,0.4001265733145954,-1.4550285281791753,3.236472858681306,2.7125366156562083,0.8856549295045703,-0.2863377574953847,22.35177973870376,18.31599156606465,0.5478502793953405,-0.9773596570286438,5.770884582642922,4.779922408886107,0.9929320401523064,0.1306591684070102
203500.0,1.2656988129879851,1.2722877834437158,0.7504126513787694,-0.9232460793386026,13.623126033706324,11.726486645549576,0.6398195851419117,-1.0687457483201206,111366.96353989583,91630.71429742505,0.6047828708151587,-0.9018229691783451,3.1837185673467285,2.8141508041717604,0.6389799560999945,-0.928019558493117,24.35191710692763,16.990850325045386,0.2387156370967963,-1.222173787284069,6.089071337054773,5.4764597849018575,0.7257745266623019,-0.7394367630862302
204000.0,0.9752164417354776,0.9986777670172006,1.0890910151745992,-0.0407547722082348,10.174648016134965,8.713574609429584,0.7787722922629866,-0.5823523202948264,135589.12620938403,76803.0698257077,0.1051610474724904,-0.8408605767441739,2.143367633374337,2.0979271649959657,1.3977889231966996,1.4951000477892196,18.56584290245992,14.418899274027428,0.5917977310448486,-0.7852449799759853,3.1784001894401785,2.472253660332538,0.7961977995134758,-0.1681146682695238
204500.0,1.6373446578625463,1.4802236401234137,0.5106101725201573,-1.4239312972161593,11.966593302693306,11.171578034670388,0.8449357717779794,-0.5164383326074158,138065.9111166552,101261.26011840208,0.3837514108601503,-1.3089303172188025,4.678577911934742,3.683688326034697,0.4931562656169468,-1.2350050341548475,35.289827412939566,19.099842084523043,-0.3611060269592818,-1.2573877699902245,6.42232632552249,4.884908942486569,0.6354558167785483,-0.8059743571354274
205000.0,0.9701582338616374,1.0384327854223483,1.2655368782717955,0.341897508529561,19.722045841682924,15.355227656352284,0.2920958103649547,-1.4944332107152825,87591.99180867233,64480.414388025536,0.6980111277052325,-0.0702995443338942,4.159944056561259,2.75679557158463,0.6366836630696312,-0.5872797005836725,26.503698418579106,15.167811798053062,0.1989183775139557,-0.5747678762715278,5.729275645354799,5.230701571060289,1.0270764232478429,-0.0480111290594336
205500.0,0.804597097845243,0.5752441000738702,0.7913016820544786,-0.1923084511225332,14.488895231143475,10.314060630332936,0.788690572359538,-0.1697705423631408,67031.01322047882,54289.100021026745,0.5618177861869098,-1.0112958177433722,1.8619420925084271,1.3332293918875129,0.7809195575675384,0.1093902705633147,18.774778715296105,11.96584040068923,0.314334202516224,-0.8973225601080719,3.0197244385123807,2.997701254659218,2.015472605878236,4.283680944919064
206000.0,0.853835109107277,0.9205332691149276,1.0383670683952908,-0.4530028389636911,12.748185696829026,10.147487744122609,0.5955231068940608,-0.8355814837674838,57655.11263608673,64391.31318867945,1.2024936663200732,-0.0079094839246409,2.9432957246966613,2.909647832135235,0.736500986679168,-0.963860539370279,16.909323455995725,13.822000320863763,0.7247752840729339,-0.5343509758841893,2.949677636365595,2.8980241560418785,1.3170294813687349,1.1283790481730165
206500.0,0.4476549967715953,0.4116742178723546,1.1843029557410694,1.1972822109930634,7.840452394844142,7.8551572139204655,1.3723676208136175,1.32284713555417,26290.244184102143,28944.75416605281,1.305864388249741,0.8882068194434001,1.5616625256955037,1.50839204235059,1.0886087590944655,0.3982839074666744,11.601564568925072,11.13320931793328,0.956150492529195,-0.3009119223557777,2.035714194093844,2.6368230204832823,2.5019374748861067,6.196758331939009
207000.0,0.4537075903267686,0.4099461303583298,1.3174707931623018,1.0394335591780903,5.3521803217665935,5.601292659850976,1.0887723797629294,-0.1705552034369479,21397.54372445565,22855.687946984657,1.7059689563446183,2.589437029368912,1.518193792922073,1.2978023651030763,1.1369937431169574,0.4283142624294216,8.767619211631118,7.92589627950624,1.6054361913401085,2.509775120971221,1.4128239537069849,1.435504641363543,2.7038058801364637,9.95247742444288
207500.0,0.3807036853373702,0.3226450599216011,1.452635961137314,1.9187196782819165,3.818495110944963,4.191048003594014,1.423069761208591,1.4737075185201798,25800.941173065137,20049.575549153546,1.2765244481148723,2.086806997396412,1.4126742553644165,0.9841304581793232,0.7560981991035675,0.1680752735377479,13.046464394315118,11.44018654381598,1.002887381294444,0.1596604938598371,2.27820837702976,2.565802389393788,1.7975215177167172,2.4433668618527147
208000.0,0.4094595220315039,0.32156275975779,1.377040864247726,2.568107353064592,3.1891707836933847,2.8675612673270536,1.2377022105963815,0.738409512054214,32922.163956239674,26476.2084317198,0.7190308163377948,-0.4847111817082288,1.510265661575182,1.1949571328831925,0.8111463931734949,-0.1824856119145437,20.69490983002806,16.56419453232602,0.6742077535684685,-0.6088214880253218,1.8441069727110768,1.555656512085294,1.4842708976110202,2.998056522651577
208500.0,0.7519102648921587,0.6073867168514692,0.869298382392981,-0.1921789505579472,4.453757201192475,4.86058200994332,1.1903246133559635,0.0689145122229062,60738.90912479117,54848.20304081626,1.0066830178322224,-0.2177153394202844,2.6592858340974463,2.323534828206064,0.972755278258026,-0.0599657944599072,23.281921632728423,17.685529113261303,0.5691930567730394,-0.5871348153521327,4.045048554056833,3.6299165301251657,1.0284466888504369,0.0672247661410581
209000.0,0.8464940843824134,0.8453396894574977,1.4694909377358685,1.7414219462881917,5.66129393113319,5.374410507382035,1.2445241365806716,0.7021374117855097,63036.30614138388,66858.08484561712,1.4471608398386893,1.3689075884630428,3.0297797488688034,2.992324547243523,1.1713631741791526,0.6587630421569917,23.55141464930557,21.72438624900118,0.8385358667826461,-0.5293575356794746,3.714460361726478,3.919694400794482,1.7784578368040491,2.5096254559603066
209500.0,0.9702555987376176,0.94974162682231,1.0892868022550275,0.0287778403375948,7.103679807181652,6.649614423138806,0.9533365845951696,-0.3100708107554841,70403.67641971803,73350.90997982024,1.2281539036140008,0.3963121066608992,3.720051102099336,3.758743308676811,1.10190410268069,-0.0776932583193126,24.56627717379408,25.031821293612573,0.9968754742794448,-0.4515916079796001,3.519379873971223,3.885482155126103,1.4745280691123532,1.2801824426611583
210000.0,1.3886831879885024,1.1651700864142205,0.6118125942846224,-1.090649706696044,9.171427055461557,7.321278046133162,0.4124554183742727,-1.328399262309398,95777.744164836,83308.68832519976,0.6761136812555105,-1.0277993315933376,4.86239122339994,4.29329342548416,0.6046339778617188,-1.153643677898797,24.95581799097133,23.58701042878568,0.6431646704578673,-1.0799878068435402,5.075844179214723,4.817108517113934,0.9151799822764424,-0.5830234276696755
210500.0,0.8422433432038869,0.7899702875176132,0.8288137812059712,-0.7260283768575655,6.153289988679661,4.516377292059404,0.4226092020171283,-1.0535792806560886,64360.063637418665,50666.57903564899,0.6802847140427356,-0.7334634701981262,2.830492682764672,2.782177777501041,0.8972557354743854,-0.5921963412695712,15.159759603972304,15.684679781194957,1.0723291901821854,-0.0737685113785975,3.022691093455512,3.297960401981981,1.061958782691151,-0.2958797683649456
211000.0,0.5343137535804678,0.4850809151255351,0.9847351323637272,-0.1324983630181795,3.2717374791481757,2.625924211192153,1.2788007476001846,2.171391239328361,43792.001568598105,30260.84609745975,0.5131364945850997,-0.667611965805377,1.8008566904234964,1.73726085421006,1.2999151681288026,1.162665104143307,11.806000509580988,11.3669104344386,1.1328959635740263,0.2554570215129499,1.9811875576748892,2.086677459576321,1.2203251750568789,0.7523515330898416
211500.0,0.3470170473248514,0.2693325488205418,0.8132202145343164,-0.2633112476811821,1.574392526818018,1.5053487645913546,1.5076020139527642,1.816099309915652,29391.761659797517,20968.139087391,0.6801258922884037,-0.261128937103495,1.0432876595063365,0.8655566398144362,0.8495100179093786,-0.261278628393494,12.281763291107946,9.24913107573042,0.6713310645953228,-0.5207204860352297,1.7060422389922991,1.3101608780338427,0.6741629055120154,-0.598142928410748
212000.0,0.3146592432899723,0.208351186395876,0.4285055110323368,-0.7961030660311263,1.1263699831933986,0.7950292217543558,0.7993931465505973,0.2606004474274748,28182.80464429632,19911.364906931525,0.5528043505247427,-0.6187673876846023,0.8335497602629871,0.5520263958544644,0.4743035113984276,-0.658524486082773,11.999118680168548,7.657124009624245,0.1837437616294609,-1.1643177721118971,1.7445491101364994,1.2475499509556265,0.4346061423444709,-0.9565106035980344
212500.0,0.4106333822469328,0.3150380010392433,0.99160739745976,0.6374717769714224,1.833374917519663,1.2831947872252112,0.7035983150934569,0.1349744294504993,37840.58091325131,27393.35047075387,0.8065954097535418,0.2691934858718934,1.057251330579268,0.902898170828008,1.2360894131847957,1.3657498897077731,10.706450126872618,9.065063271701389,1.085085441977027,0.589094917827858,1.1368087287166737,0.8531883631793374,0.670497643786282,-0.6294988242328814
213000.0,0.5214217811992017,0.5178815359906048,1.4756189168549954,1.6022211726740148,2.618773001471897,1.636996416511669,0.3365407871780652,-0.7789309942711355,48122.90174818569,36497.7896062228,0.9225846223657532,0.3618431781350266,1.3509386054238186,1.3858152123852283,1.6039891957792505,1.9633200467633456,13.37727559452023,13.445084262120623,1.492526250090669,1.5325608159164703,1.257207931289803,0.9112657040526548,0.4910548313690145,-0.8900468216163695
213500.0,0.7239592379547415,0.6873514398302466,1.2880478994998024,0.7509103018288061,2.907724410044656,2.116121081209288,0.6081923679549815,-0.6664330080656025,54384.2184066846,44047.77228442195,0.9470141754277736,0.0374316880865071,2.0425321729810024,1.8685825795889204,1.2032153283891045,0.4834017586570285,15.775158113836548,15.069341198464986,1.327187654439418,0.8846328143381736,1.903982107755188,1.3192765977610332,0.3799341639500654,-0.9465671409235594
214000.0,0.6026863807066419,0.527078749066713,1.3433898626643723,1.4227876463796232,3.682169784005804,2.769104225830128,0.4531411219666575,-0.9492959977471708,45581.19017094909,33222.090541604804,0.6526357257388143,-0.4507554883613469,1.7051328238944925,1.3982405617289153,1.1676689469256674,1.0329931012161977,12.910181465823628,9.965615702806266,0.9688144288051636,0.3992017688580316,1.676463660099078,1.3029316138291185,0.7191916285348073,-0.4554060803452069
214500.0,0.5199987769417393,0.3805117398443983,0.4489640818346061,-0.9127454066253587,3.6526686902242,3.268155665001504,1.0381251700265397,0.1335518158097075,46545.51145558305,39574.6710777375,0.9318618685073636,-0.1499844519195718,1.5989149635591071,1.1678287219751111,0.4953546660297738,-0.837475238715375,13.634692417818124,10.788374907305062,0.7629795431996356,-0.3593584713191733,1.8251125477256611,1.570502777783713,0.9866113070733858,-0.0085187297372364
215000.0,0.6984721115424933,0.4574882727446976,0.3160095563201613,-0.9746863231818836,4.892057067449103,4.168627745144438,0.8455117208378553,-0.4217425404012096,64087.02686806539,46775.43723921737,0.5317306519964549,-0.8392858467711637,2.2703643388549466,1.558268122710215,0.4623051825748803,-0.7686610681504824,22.385898420344407,16.068825829905055,0.4485429513591035,-0.9375049758327396,2.415124324494611,1.9574495603654711,0.7049864345147031,-0.7597780940495618
215500.0,0.7643996599298776,0.5373399232878271,0.3935281450054497,-0.9345007555167116,5.239324290604636,4.296088221036243,0.7320088614291572,-0.6784102934720693,61830.16200577548,46699.68787198047,0.35639487542159,-1.176146377201228,2.480637837962816,1.85105780268026,0.5631439305941953,-0.7127271240655051,23.45565863311645,17.66417379517823,0.5449615195872153,-0.7480768540631266,2.538934261534381,1.879572554763144,0.4618011166347129,-1.0212836501567664
216000.0,0.7286716974850223,0.478585790067674,0.3618726177380077,-0.6736545975233055,4.194380608899892,3.0545431143889963,0.6419383495161478,-0.6638386248031387,52937.53735650314,33220.285899021364,0.2529902229081982,-0.8784940091365905,2.5970543020307693,1.7385775291527448,0.2778376260293785,-1.0084551835164806,21.7610623845544,15.420934498704897,0.4369996385076924,-0.8445509663162865,2.1912848752959118,1.5281381278140025,0.5302027734958513,-0.6380748778003089
216500.0,0.3750510216764368,0.2838853746953735,0.7829483772285354,-0.1139595446752976,2.125475822671557,1.6616670470704975,0.9350981442117364,0.2853645955598716,24730.359015278176,17843.072087541856,0.5619968452136662,-0.6583040317761633,1.4306476879454937,1.0771168726118712,0.58976692660976,-0.6249866450124357,10.231139960295655,8.560781471054518,0.8221720087998433,-0.2601342425462269,1.171762739850216,1.077826192221033,1.2484268030903451,1.0555401413647916
217000.0,0.3195969976014019,0.2285896673102719,0.646470645248725,-0.3630958829967965,1.2908100409506356,0.9896928398654096,0.7699340871716649,-0.2232388946616232,31095.938905092404,20981.78375015872,0.5187462670846448,-0.4714137444279109,1.2462162446041312,0.8319770180253279,0.4168365512679295,-0.8188052848288772,9.084499850536435,7.159287208075161,0.9433099459536604,0.2820596665289998,1.38360587659597,0.9456921370700676,0.2106806028054525,-1.2008696484467314
217500.0,0.4750037325130735,0.339538963565918,0.520508097630078,-0.7660296679796521,2.1716464182173207,1.584045670067867,0.4531058325315314,-1.0338002030103663,56105.33659419479,42045.753299274766,0.502549285073842,-0.8944798610479014,1.469661870566055,1.0259752372132969,0.4366104564218961,-0.9368659163903515,12.63739081671288,10.238379043404436,0.9291946569348646,-0.0389569413825929,1.494367886474517,0.9773780851061116,0.264876200091435,-1.0021352465676203
218000.0,0.561480325207093,0.3980571562279157,0.53960220171903,-0.6692801839228633,2.6098935192513304,1.7677039074902667,0.5042449045725254,-0.7989697979388777,71512.93415129806,58823.062038093536,0.7569664349119859,-0.7285985191717566,1.577424076109581,1.0650530699262533,0.5777230651179961,-0.5162030492951977,16.466376045037876,13.480456803291194,0.8158782334909721,-0.4446709227469294,1.2712919237385356,0.9509732002375352,0.6492240054156375,-0.587586128688375
218500.0,0.5684158287687755,0.3900691009968108,0.6660576371519379,-0.2228881882808364,2.483294580747407,1.7772709707170635,0.6625498002657467,-0.3625296079998859,83409.22788983957,59822.76422721657,0.4125107160801545,-1.1091139051269636,1.8347356157871637,1.27140960167489,0.5437345527537168,-0.5515999823864428,20.134144636182054,14.619383273823034,0.4504073978492061,-0.9726268467168686,1.4218367008063155,1.106720166827002,0.6541885062151354,-0.7162233431862068
219000.0,0.435792064654344,0.362451481260231,1.0011601337398106,0.3248546866354926,3.035198331799387,2.2049551830573235,0.9438631689956812,0.9736321583366075,53757.48053840124,39430.11441899673,0.5019776796486334,-0.9931531592542148,1.6882884498321034,1.3549296853853263,0.9372979516085678,0.1107685334733328,15.593088884230072,11.306656599983844,0.695340419150799,-0.3432252403522171,1.7400970254037695,1.6272392225147458,0.8191467538987558,-0.5934207444793524
219500.0,0.5903580576436266,0.5200384413794001,1.1632124117738374,0.8173780303761098,4.076378668709208,3.553529778970024,0.8783127025595183,-0.3828284004259537,35800.13837975982,26123.607282517783,0.9317465249649812,0.6265581339685466,1.9833534673263995,1.5775641213150415,0.7215302702664179,-0.6341885444278939,14.750857109654062,11.857355825262628,0.8563271262905893,0.0010614967140418,2.028671031932811,1.8483991175998955,0.8443588980935984,-0.430531806014597
220000.0,1.0195825385741892,0.9127453526453966,1.4707359119606105,2.390304983262236,8.17879062541259,7.109987086772678,0.7915914033234279,-0.6223953378132965,36761.50909934425,31114.080323831608,1.2641006980913532,1.1819871293592534,3.215339012188287,2.729340832605404,1.269489922661424,1.5829736069086504,23.971082819635207,19.93821140133426,1.3798015680885105,2.1228326427678086,2.626480182448517,2.400139919998928,0.8760120527569005,-0.3064971335115007
220500.0,1.6435902019019373,1.4505527719051816,0.8732522627253738,-0.3196311971485173,10.239232581147414,10.600545702762732,1.1894844477893125,0.2897382432697841,50218.40090889697,35307.0616281143,0.664348890815429,0.138429180829652,4.3511149561426565,3.842389356236664,1.079672767483541,0.346186309480414,31.92748321185578,28.11959285893048,1.0632433300535575,0.2570988191897303,3.397742808856378,2.9797701175196774,0.9865984756702726,0.0189638654706851
221000.0,2.607237703026242,2.4247143836080456,0.8395843202241648,-0.688299457378704,8.365307563132342,8.650186788800191,1.935903599512618,4.028217909506992,72504.03862946757,54617.098313090726,0.9572020351406124,0.8141053210621441,6.6416863249467095,6.469409153530923,0.9677423381350752,-0.4471346326396297,49.878240758981015,45.87332236538686,0.9497105291742092,-0.3984301281777904,4.502595159685268,3.4216614980466344,0.6245132981274524,-0.5652895761671979
221500.0,2.9021891551286703,3.258386306639623,1.1469868555609446,-0.1342541879402419,10.278679023783967,12.637262034602562,1.7634085996819664,2.117866676709771,189689.11135558784,126744.92509766712,0.5533917185802179,-0.3195190377738681,8.716090089332296,9.334167696478286,1.0206670847415058,-0.4231048939247173,62.92569788643021,68.91276064906513,1.0238992163154703,-0.448932152877227,4.477360670218882,3.603289876395277,0.587618153598036,-0.9378772015855524
222000.0,2.9734509781553515,2.905911251106289,1.105592214770574,0.2504925598155232,13.698030996068832,14.89227466498498,1.4439470261008207,1.1886015922755595,228356.6849936241,165914.6563709201,0.4720669875752575,-0.9432633953435596,9.817063082391472,9.65038811050352,1.0362890331177417,0.0511479630279811,72.66044974891403,75.00984686164843,1.076962828616121,0.110980434711942,3.914633143685433,3.440150147135441,1.0112652486668992,0.2142010989149652
222500.0,5.254617907100908,4.337899606476697,0.2744100927505533,-1.3767957161146511,13.70292946451311,12.475421723101292,1.0350259094584189,0.5770820544472093,309554.320563213,259003.9010369146,0.5360420224788855,-0.8698404821107504,15.414080752307846,12.802215456364472,0.3364227139005586,-1.376841936348993,114.16655852885224,93.83823588636632,0.3164942613969024,-1.3971609722936436,4.551754323477771,4.265776513255572,0.9792216549479932,-0.2273886343890603
223000.0,4.696661533018887,3.8575938594110863,0.620257379301565,-0.8473873149182136,17.419606570261323,12.93248552755562,0.7647190387114922,0.0174338449892026,521211.3997470785,304910.38270211127,-0.3060093863497821,-1.204953126312181,17.67419310181084,13.20290416223393,0.250972123601648,-1.350503954946988,135.28947611824162,98.50838268198328,0.1646549676825777,-1.4553137710461657,3.628470415277522,3.6392264151207994,1.7673034359199573,2.876447098096919
223500.0,6.434604502687493,4.546294758845859,-0.0604904446095718,-1.6508697403504138,17.626601728121322,16.91608614488068,1.0659825266460563,-0.1358386504061743,273154.5946257279,243789.25972436604,1.67868027423784,3.0995378576052097,18.224257795454957,11.744949719162008,-0.2021744086344526,-1.487952350250659,136.0691835182729,93.4787052279289,-0.0882277977684843,-1.5333532253999045,6.796815420150085,5.667746040197814,0.8479856814013113,-0.5241845721234326
224000.0,3.773328317345747,2.8264022602404397,0.7414655832703337,-0.2995680624338912,19.2514100806665,13.066285525680644,0.5286994406818963,-0.5071693317437505,606215.3910560843,312078.33324014075,0.1043180696334957,-0.3732087094071019,12.365769468775898,8.752406780435532,0.4153263444644506,-0.932668165619734,96.1464129800016,68.1665530773676,0.3932992920254059,-1.0893059861436218,6.516137671188113,4.788672643783383,0.6631987851466571,-0.5063657046823224
224500.0,4.10743010685054,3.015453576899641,0.331061841723506,-1.3293294321697058,10.251923222485988,8.332941464497862,0.993815279601994,0.2640633419657194,594278.0679036286,357938.85524464847,-0.0495400642252755,-1.4992065327865811,14.8788166268662,10.416950720272965,0.2876688129064019,-1.304072187784766,106.37194269397104,71.0408984947406,0.2691132791130259,-1.280998293336561,5.383111014236197,3.505870329342588,0.3859964097742889,-0.8250675259519942
225000.0,4.230747165672649,3.4993643043760465,0.4652422267454215,-1.355457608000902,15.335917640077655,10.576217762344603,0.3916779622129639,-1.046942057649532,330583.291617057,231002.00029598235,0.7595161834458316,-0.2852468291886825,13.097855778616651,8.849772609754837,0.2520433987537528,-1.2731060788869644,102.22177965094728,68.95642799733479,0.2537335903527449,-1.261540728230813,7.657318126515159,4.5244972769099405,0.0560761825841961,-1.105966071093444
225500.0,1.3186040138773714,1.6264668966190936,2.0244353644233484,4.365346013677473,8.979246001974136,7.899605300711731,1.43948612283224,2.790458851134701,143506.46233045397,180272.4318367899,2.1468396372539806,4.489389854102841,3.645391951867353,4.381212113380779,2.0994550645811403,4.469078662335669,26.51443797909451,33.76502631706524,2.368737247127414,6.365483801784942,3.928968357236669,4.246076695130086,1.322174802322989,0.8121061137611107
226000.0,0.8992784882787156,0.7593477359710631,0.9212554108718184,0.105560366617829,7.935184771555558,6.5208008093912575,1.008579392026597,0.4959119847765816,92360.73167108798,76006.49281696818,0.7275606419090158,-0.5240364426592934,3.488763848412473,3.006714873217046,0.9699272589336037,0.1814758188787886,25.51107814068185,22.94506886978824,1.161821841631455,0.7167894073714751,1.0932840602492333,1.0439597817882915,2.089994351792903,6.662174186953399
226500.0,12.10963631549642,19.87927163145622,1.9746418641417407,3.184437038275976,12.580263115299092,15.59265458467342,1.885576524470116,3.108945489091278,381181.4213121355,471932.85252988106,1.9391589507526028,3.255801250096199,11.977938091255057,18.005799440837286,2.0585017598989004,3.652757579028142,96.89930577507393,147.34677664801913,2.0462732287312884,3.5647147728684203,11.040722337040624,17.320286762977332,2.0102732003233807,3.3580889471958546
