Time (cycle),Amplitude_Mean,Amplitude_Standard_deviation,Amplitude_Skewness,Amplitude_Kurtosis,Rise-Time_Mean,Rise-Time_Standard_deviation,Rise-Time_Skewness,Rise-Time_Kurtosis,Energy_Mean,Energy_Standard_deviation,Energy_Skewness,Energy_Kurtosis,Counts_Mean,Counts_Standard_deviation,Counts_Skewness,Counts_Kurtosis,Duration_Mean,Duration_Standard_deviation,Duration_Skewness,Duration_Kurtosis,RMS_Mean,RMS_Standard_deviation,RMS_Skewness,RMS_Kurtosis
500.0,5.740153077031447,3.4585420191266807,-0.5705362758497587,-1.3836927304582969,41.20153554916346,14.456794846895788,0.2831220385636928,-0.5297481127673564,694728.5821335637,411183.97833412094,-0.4657108495687947,-1.4737993113771533,20.045079259380163,10.232164705673584,-0.5172906122423174,-1.2415573172111098,159.75888145465225,66.76990530509971,-0.4524954778941716,-1.0792899507009517,11.364142388166863,7.490189305275908,0.2111460884170922,-1.367997321372385
1000.0,14.688808918053693,4.393163239827566,-0.7769357543439666,-0.7384006031488632,46.473211382509646,13.692781207970949,0.12139256846339413,-0.10551686013047701,834067.8297300988,378542.4464531713,-0.7349125006461672,-0.977092978086825,23.54341041420041,9.00849153234475,-0.767612630299058,-0.621038129374562,186.69163997991762,59.01106851878821,-0.8144328576681448,0.06313854325419155,15.473937311628077,9.580046457535557,0.018383072799175892,-1.4643229736196237
1500.0,23.63746475907594,5.327784460528451,-0.9833352328381744,-0.0931084758394296,51.74488721585583,12.928767569046109,-0.0403369016369045,0.3187143925064024,973407.077326634,345900.9145722217,-1.0041141517235397,-0.4803866447964968,27.04174156902065,7.784818359015918,-1.0179346483557987,-0.0005189415380142,213.62439850518297,51.2522317324767,-1.176370237442118,1.2055670372093346,19.58373223508929,11.669903609795208,-0.1743799428187404,-1.5606486258668626
2000.0,23.81362345342114,5.4436772606721355,-0.9896074993284422,-0.06950536930094837,51.74597563104591,13.02098853753038,-0.051362716185996776,0.3195607185588103,974742.765017514,347975.5615162711,-1.0082181622976676,-0.4728872564707549,27.077968089023884,7.838342048171373,-1.0242276156879986,0.008595010037801887,213.8475734225237,51.74349098327992,-1.1811680749443272,1.2026256822116548,19.672130585436264,11.695202210466674,-0.1708663176352147,-1.5583875350325014
2500.0,23.98978214776634,5.55957006081582,-0.99587976581871,-0.04590226276246715,51.747064046235984,13.113209506014652,-0.06238853073508904,0.32040704461121816,976078.4527083942,350050.2084603204,-1.0123221728717953,-0.4653878681450131,27.114194609027116,7.891865737326827,-1.0305205830201982,0.01770896161361797,214.07074833986442,52.23475023408313,-1.1859659124465365,1.199684327213975,19.760528935783235,11.720500811138141,-0.16735269245168902,-1.55612644419814
3000.0,24.165940842111542,5.675462860959504,-1.0021520323089779,-0.022299156223985928,51.74815246142605,13.205430474498923,-0.07341434528418131,0.3212533706636261,977414.1403992742,352124.8554043698,-1.0164261834459232,-0.4578884798192712,27.15042112903035,7.945389426482282,-1.036813550352398,0.02682291318943406,214.29392325720517,52.72600948488635,-1.1907637499487456,1.196742972216295,19.84892728613021,11.745799411809607,-0.16383906726816336,-1.5538653533637787
3500.0,24.342099536456743,5.7913556611031884,-1.0084242987992456,0.001303950314495303,51.74924087661613,13.297651442983195,-0.08444015983327358,0.32209969671603395,978749.8280901543,354199.5023484192,-1.020530194020051,-0.45038909149352935,27.18664764903358,7.998913115637737,-1.043106517684598,0.03593686476525015,214.5170981745459,53.21726873568956,-1.1955615874509546,1.1938016172186152,19.937325636477183,11.771098012481074,-0.16032544208463767,-1.5516042625294175
4000.0,24.518258230801944,5.907248461246873,-1.0146965652895135,0.024907056852976533,51.7503292918062,13.389872411467467,-0.09546597438236584,0.32294602276844186,980085.5157810344,356274.1492924686,-1.0246342045941788,-0.44288970316778753,27.222874169036814,8.05243680479319,-1.0493994850167976,0.04505081634106623,214.74027309188662,53.708527986492776,-1.2003594249531637,1.1908602622209354,20.025723986824154,11.79639661315254,-0.15681181690111198,-1.5493431716950563
4500.0,24.694416925147145,6.023141261390557,-1.0209688317797811,0.04851016339145775,51.75141770699628,13.482093379951738,-0.10649178893145814,0.32379234882084973,981421.2034719145,358348.79623651796,-1.0287382151683067,-0.43539031484204566,27.25910068904005,8.105960493948645,-1.0556924523489974,0.05416476791688232,214.96344800922736,54.199787237295986,-1.205157262455373,1.1879189072232557,20.11412233717113,11.821695213824007,-0.1532981917175863,-1.5470820808606949
5000.0,24.870575619492346,6.139034061534241,-1.027241098270049,0.072113269929939,51.752506122186354,13.574314348436008,-0.1175176034805504,0.32463867487325765,982756.8911627945,360423.44318056735,-1.0328422257424346,-0.4278909265163038,27.295327209043283,8.1594841831041,-1.0619854196811973,0.06327871949269841,215.1866229265681,54.691046488099204,-1.209955099957582,1.1849775522255757,20.202520687518103,11.846993814495473,-0.14978456653406064,-1.5448209900263337
5500.0,25.046734313837547,6.254926861677926,-1.0335133647603167,0.09571637646842021,51.75359453737642,13.66653531692028,-0.12854341802964267,0.3254850009256655,984092.5788536747,362498.09012461675,-1.0369462363165622,-0.42039153819056196,27.331553729046515,8.213007872259555,-1.068278387013397,0.07239267106851449,215.40979784390882,55.182305738902414,-1.2147529374597912,1.1820361972278959,20.290919037865073,11.87229241516694,-0.14627094135053495,-1.5425598991919725
6000.0,25.222893008182748,6.37081966182161,-1.0397856312505847,0.11931948300690143,51.7546829525665,13.758756285404552,-0.13956923257873494,0.32633132697807343,985428.2665445547,364572.73706866615,-1.0410502468906901,-0.4128921498648201,27.367780249049748,8.26653156141501,-1.0745713543455968,0.08150662264433058,215.63297276124956,55.67356498970563,-1.2195507749620003,1.179094842230216,20.379317388212048,11.897591015838406,-0.14275731616700926,-1.5402988083576112
6500.0,25.39905170252795,6.486712461965295,-1.0460578977408526,0.14292258954538267,51.75577136775657,13.850977253888823,-0.1505950471278272,0.3271776530304813,986763.9542354349,366647.3840127155,-1.045154257464818,-0.4053927615390782,27.40400676905298,8.320055250570464,-1.0808643216777967,0.09062057422014666,215.8561476785903,56.16482424050884,-1.2243486124642096,1.1761534872325363,20.467715738559022,11.922889616509874,-0.13924369098348358,-1.5380377175232498
7000.0,25.57521039687315,6.602605262108979,-1.0523301642311202,0.16652569608386392,51.75685978294665,13.943198222373095,-0.16162086167691947,0.3280239790828892,988099.6419263149,368722.0309567649,-1.0492582680389457,-0.3978933732133364,27.440233289056213,8.373578939725919,-1.0871572890099963,0.09973452579596274,216.07932259593102,56.65608349131206,-1.2291464499664186,1.1732121322348565,20.556114088905993,11.94818821718134,-0.1357300657999579,-1.5357766266888886
7500.0,25.75136909121835,6.718498062252664,-1.0586024307213882,0.1901288026223451,51.757948198136724,14.035419190857366,-0.17264667622601176,0.32887030513529714,989435.3296171951,370796.6779008143,-1.0533622786130736,-0.3903939848875945,27.476459809059445,8.427102628881373,-1.0934502563421962,0.10884847737177884,216.30249751327176,57.14734274211527,-1.2339442874686277,1.1702707772371765,20.644512439252967,11.973486817852807,-0.13221644061643223,-1.5335155358545274
8000.0,25.92752778556355,6.834390862396347,-1.0648746972116558,0.21373190916082635,51.7590366133268,14.127640159341638,-0.18367249077510403,0.329716631187705,990771.0173080751,372871.3248448637,-1.0574662891872015,-0.3828945965618527,27.512686329062678,8.480626318036828,-1.099743223674396,0.11796242894759493,216.5256724306125,57.63860199291849,-1.238742124970837,1.1673294222394968,20.73291078959994,11.998785418524273,-0.12870281543290654,-1.5312544450201662
8500.0,26.103686479908752,6.950283662540032,-1.0711469637019237,0.2373350156993076,51.76012502851687,14.21986112782591,-0.1946983053241963,0.3305629572401129,992106.7049989552,374945.971788913,-1.0615702997613292,-0.37539520823611083,27.54891284906591,8.534150007192283,-1.1060361910065957,0.127076380523411,216.74884734795322,58.1298612437217,-1.243539962473046,1.164388067241817,20.821309139946912,12.02408401919574,-0.12518919024938086,-1.5289933541858047
9000.0,26.279845174253953,7.066176462683717,-1.0774192301921914,0.2609381222377888,51.76121344370694,14.312082096310181,-0.20572411987328856,0.3314092832925208,993442.3926898353,377020.6187329624,-1.0656743103354571,-0.367895819910369,27.585139369069143,8.587673696347737,-1.1123291583387955,0.13619033209922707,216.97202226529396,58.62112049452492,-1.2483377999752552,1.1614467122441372,20.909707490293886,12.049382619867206,-0.12167556506585517,-1.5267322633514435
9500.0,26.456003868599154,7.182069262827401,-1.0836914966824593,0.28454122877627,51.76230185889702,14.404303064794453,-0.21674993442238083,0.3322556093449287,994778.0803807154,379095.2656770118,-1.069778320909585,-0.36039643158462714,27.621365889072376,8.641197385503192,-1.1186221256709952,0.14530428367504317,217.19519718263467,59.11237974532813,-1.2531356374774643,1.1585053572464572,20.99810584064086,12.074681220538674,-0.1181619398823295,-1.5244711725170823
10000.0,26.632162562944355,7.297962062971085,-1.089963763172727,0.30814433531475127,51.763390274087094,14.496524033278725,-0.2277757489714731,0.33310193539733657,996113.7680715955,381169.9126210612,-1.0738823314837127,-0.35289704325888527,27.65759240907561,8.694721074658645,-1.124915093003195,0.15441823525085926,217.41837209997541,59.603638996131345,-1.2579334749796736,1.1555640022487774,21.08650419098783,12.09997982121014,-0.11464831469880382,-1.522210081682721
10500.0,26.808321257289556,7.41385486311477,-1.096236029662995,0.33174744185323246,51.76447868927717,14.588745001762996,-0.23880156352056536,0.3339482614497445,997449.4557624756,383244.55956511054,-1.0779863420578406,-0.34539765493314345,27.693818929078844,8.7482447638141,-1.131208060335395,0.16353218682667534,217.64154701731616,60.094898246934555,-1.2627313124818826,1.1526226472510976,21.174902541334806,12.125278421881607,-0.11113468951527813,-1.5199489908483597
11000.0,26.984479951634757,7.529747663258454,-1.1025082961532626,0.3553505483917137,51.76556710446724,14.680965970247268,-0.24982737806965763,0.33479458750215235,998785.1434533556,385319.20650915994,-1.0820903526319685,-0.3378982666074016,27.730045449082077,8.801768452969554,-1.1375010276675948,0.17264613840249143,217.86472193465687,60.58615749773777,-1.2675291499840917,1.1496812922534179,21.26330089168178,12.150577022553072,-0.10762106433175245,-1.5176879000139984
11500.0,27.160638645979958,7.645640463402138,-1.1087805626435305,0.37895365493019495,51.76665551965731,14.77318693873154,-0.2608531926187499,0.33564091355456027,1000120.8311442358,387393.85345320933,-1.0861943632060962,-0.3303988782816597,27.76627196908531,8.855292142125009,-1.1437939949997944,0.1817600899783075,218.0878968519976,61.07741674854098,-1.272326987486301,1.146739937255738,21.35169924202875,12.17587562322454,-0.10410743914822677,-1.5154268091796372
12000.0,27.33679734032516,7.7615332635458225,-1.1150528291337984,0.40255676146867614,51.76774393484739,14.865407907215811,-0.2718790071678422,0.3364872396069682,1001456.5188351158,389468.50039725873,-1.090298373780224,-0.3228994899559179,27.802498489088542,8.908815831280464,-1.1500869623319943,0.1908740415541236,218.31107176933835,61.5686759993442,-1.27712482498851,1.143798582258058,21.440097592375725,12.201174223896006,-0.10059381396470109,-1.513165718345276
12500.0,27.51295603467036,7.877426063689507,-1.1213250956240661,0.42615986800715744,51.768832350037464,14.957628875700081,-0.28290482171693443,0.33733356565937606,1002792.206525996,391543.14734130807,-1.0944023843543518,-0.315400101630176,27.838725009091775,8.962339520435918,-1.156379929664194,0.19998799312993967,218.53424668667907,62.05993525014741,-1.2819226624907192,1.1408572272603783,21.5284959427227,12.226472824567473,-0.09708018878117541,-1.5109046275109146
13000.0,27.68911472901556,7.993318863833191,-1.127597362114334,0.4497629745456386,51.76992076522754,15.049849844184354,-0.2939306362660267,0.338179891711784,1004127.894216876,393617.79428535746,-1.0985063949284797,-0.30790071330443414,27.874951529095007,9.015863209591373,-1.1626728969963938,0.20910194470575577,218.7574216040198,62.55119450095063,-1.2867204999929283,1.1379158722626985,21.61689429306967,12.251771425238939,-0.09356656359764973,-1.5086435366765534
13500.0,27.86527342336076,8.109211663976875,-1.1338696286046017,0.4733660810841198,51.77100918041761,15.142070812668624,-0.304956450815119,0.33902621776419184,1005463.5819077562,395692.44122940686,-1.1026104055026076,-0.3004013249786923,27.91117804909824,9.069386898746828,-1.1689658643285936,0.21821589628157187,218.98059652136055,63.04245375175384,-1.2915183374951376,1.1349745172650187,21.705292643416644,12.277070025910406,-0.09005293841412404,-1.5063824458421922
14000.0,28.041432117705963,8.225104464120559,-1.1401418950948696,0.4969691876226011,51.77209759560768,15.234291781152896,-0.31598226536421126,0.33987254381659976,1006799.2695986362,397767.08817345626,-1.1067144160767353,-0.29290193665295045,27.947404569101472,9.122910587902282,-1.1752588316607933,0.22732984785738794,219.20377143870127,63.53371300255706,-1.2963161749973466,1.1320331622673387,21.79369099376362,12.302368626581872,-0.08653931323059837,-1.504121355007831
14500.0,28.217590812051164,8.340997264264244,-1.1464141615851373,0.5205722941610823,51.77318601079776,15.326512749637168,-0.32700807991330355,0.3407188698690076,1008134.9572895163,399841.7351175056,-1.1108184266508632,-0.28540254832720857,27.983631089104705,9.176434277057737,-1.1815517989929931,0.23644379943320404,219.426946356042,64.02497225336027,-1.3011140124995557,1.129091807269659,21.88208934411059,12.32766722725334,-0.08302568804707268,-1.5018602641734695
15000.0,28.393749506396365,8.45689006440793,-1.1526864280754052,0.5441754006995635,51.774274425987834,15.41873371812144,-0.3380338944623958,0.34156519592141554,1009470.6449803964,401916.382061555,-1.114922437224991,-0.27790316000146675,28.019857609107937,9.229957966213192,-1.187844766325193,0.2455577510090201,219.65012127338275,64.51623150416349,-1.305911850001765,1.1261504522719792,21.970487694457564,12.352965827924805,-0.079512062863547,-1.4995991733391083
15500.0,28.569908200741565,8.572782864551613,-1.158958694565673,0.5677785072380448,51.77536284117791,15.51095468660571,-0.3490597090114881,0.3424115219738234,1010806.3326712765,403991.0290056044,-1.1190264477991188,-0.2704037716757249,28.05608412911117,9.283481655368647,-1.1941377336573926,0.25467170258483623,219.87329619072347,65.0074907549667,-1.310709687503974,1.1232090972742994,22.058886044804538,12.378264428596271,-0.07599843768002132,-1.497338082504747
16000.0,28.746066895086766,8.688675664695298,-1.1652309610559408,0.591381613776526,51.77645125636798,15.603175655089982,-0.3600855235605803,0.3432578480262313,1012142.0203621566,406065.6759496537,-1.1231304583732467,-0.262904383349983,28.092310649114403,9.337005344524101,-1.2004307009895925,0.2637856541606523,220.0964711080642,65.49875000576992,-1.3155075250061832,1.1202677422766194,22.14728439515151,12.403563029267739,-0.07248481249649565,-1.4950769916703859
16500.0,28.922225589431967,8.804568464838981,-1.1715032275462085,0.6149847203150072,51.77753967155805,15.695396623574254,-0.3711113381096726,0.34410417407863925,1013477.7080530366,408140.3228937031,-1.1272344689473746,-0.2554049950242412,28.12853716911764,9.390529033679556,-1.2067236683217923,0.2728996057364684,220.31964602540495,65.99000925657313,-1.3203053625083923,1.1173263872789396,22.235682745498483,12.428861629939206,-0.06897118731296996,-1.4928159008360244
17000.0,29.09838428377717,8.920461264982666,-1.1777754940364764,0.6385878268534885,51.77862808674813,15.787617592058526,-0.38213715265876486,0.3449505001310471,1014813.3957439167,410214.9698377525,-1.1313384795215022,-0.24790560669849931,28.16476368912087,9.44405272283501,-1.213016635653992,0.2820135573122845,220.54282094274566,66.48126850737634,-1.3251032000106016,1.1143850322812598,22.324081095845457,12.454160230610672,-0.06545756212944429,-1.4905548100016632
17500.0,29.27454297812237,9.03635406512635,-1.1840477605267443,0.6621909333919697,51.7797165019382,15.879838560542797,-0.39316296720785715,0.34579682618345503,1016149.0834347968,412289.6167818019,-1.1354424900956301,-0.24040621837275747,28.200990209124104,9.497576411990465,-1.2193096029861918,0.2911275088881006,220.7659958600864,66.97252775817955,-1.3299010375128106,1.11144367728358,22.412479446192428,12.479458831282138,-0.0619439369459186,-1.488293719167302
18000.0,29.45070167246757,9.152246865270035,-1.190320027017012,0.6857940399304508,51.78080491712828,15.972059529027069,-0.40418878175694944,0.3466431522358629,1017484.7711256769,414364.2637258513,-1.139546500669758,-0.23290683004701562,28.237216729127336,9.55110010114592,-1.2256025703183917,0.30024146046391664,220.98917077742715,67.46378700898276,-1.3346988750150197,1.1085023222859003,22.500877796539402,12.504757431953605,-0.05843031176239291,-1.4860326283329406
18500.0,29.62686036681277,9.268139665413718,-1.19659229350728,0.7093971464689321,51.781893332318354,16.06428049751134,-0.4152145963060417,0.3474894782882708,1018820.458816557,416438.91066990065,-1.1436505112438857,-0.22540744172127375,28.27344324913057,9.604623790301375,-1.2318955376505913,0.30935541203973277,221.21234569476786,67.95504625978599,-1.3394967125172288,1.1055609672882203,22.589276146886377,12.53005603262507,-0.05491668657886724,-1.4837715374985794
19000.0,29.803019061157972,9.384032465557404,-1.2028645599975476,0.7330002530074133,51.78298174750842,16.15650146599561,-0.426240410855134,0.3483358043406787,1020156.1465074371,418513.55761395005,-1.1477545218180136,-0.21790805339553193,28.3096697691338,9.65814747945683,-1.2381885049827912,0.31846936361554884,221.4355206121086,68.4463055105892,-1.344294550019438,1.1026196122905405,22.677674497233347,12.555354633296538,-0.05140306139534155,-1.4815104466642182
19500.0,29.979177755503173,9.499925265701087,-1.2091368264878155,0.7566033595458945,51.7840701626985,16.248722434479884,-0.4372662254042262,0.3491821303930866,1021491.8341983171,420588.20455799944,-1.1518585323921415,-0.21040866506979006,28.345896289137034,9.711671168612282,-1.244481472314991,0.3275833151913649,221.65869552944935,68.93756476139241,-1.3490923875216472,1.0996782572928607,22.766072847580322,12.580653233968004,-0.04788943621181588,-1.479249355829857
20000.0,30.155336449848374,9.615818065844772,-1.2154090929780832,0.7802064660843758,51.78515857788857,16.340943402964154,-0.4482920399533185,0.35002845644549446,1022827.5218891973,422662.8515020488,-1.1559625429662692,-0.20290927674404818,28.382122809140267,9.765194857767737,-1.2507744396471907,0.336697266767181,221.88187044679006,69.42882401219563,-1.3538902250238563,1.096736902295181,22.854471197927296,12.605951834639471,-0.04437581102829019,-1.4769882649954955
20500.0,30.331495144193575,9.731710865988457,-1.221681359468351,0.803809572622857,51.78624699307865,16.433164371448427,-0.45931785450241075,0.3508747824979024,1024163.2095800773,424737.4984460982,-1.1600665535403971,-0.19540988841830637,28.4183493291435,9.818718546923192,-1.2570674069793906,0.3458112183429971,222.1050453641308,69.92008326299884,-1.3586880625260656,1.093795547297501,22.942869548274267,12.631250435310937,-0.040862185844764504,-1.4747271741611343
21000.0,30.507653838538776,9.84760366613214,-1.227953625958619,0.8274126791613382,51.787335408268724,16.525385339932697,-0.47034366905150304,0.35172110855031025,1025498.8972709575,426812.1453901476,-1.164170564114525,-0.1879105000925645,28.45457584914673,9.872242236078646,-1.2633603743115904,0.3549251699188132,222.32822028147154,70.41134251380205,-1.3634859000282746,1.0908541922998212,23.03126789862124,12.656549035982405,-0.037348560661238844,-1.472466083326773
21500.0,30.683812532883977,9.963496466275824,-1.2342258924488867,0.8510157856998195,51.78842382345879,16.61760630841697,-0.4813694836005953,0.35256743460271817,1026834.5849618375,428886.792334197,-1.1682745746886527,-0.18041111176682262,28.490802369149964,9.925765925234101,-1.26965334164379,0.36403912149462925,222.55139519881226,70.90260176460527,-1.3682837375304837,1.0879128373021414,23.119666248968215,12.68184763665387,-0.03383493547771316,-1.4702049924924119
22000.0,30.859971227229178,10.07938926641951,-1.2404981589391544,0.8746188922383007,51.78951223864887,16.70982727690124,-0.4923952981496876,0.3534137606551261,1028170.2726527177,430961.43927824637,-1.1723785852627806,-0.1729117234410808,28.5270288891532,9.979289614389556,-1.27594630897599,0.3731530730704454,222.774570116153,71.39386101540848,-1.3730815750326928,1.0849714823044616,23.208064599315186,12.707146237325338,-0.03032131029418747,-1.4679439016580504
22500.0,31.03612992157438,10.195282066563195,-1.2467704254294223,0.8982219987767819,51.79060065383894,16.802048245385514,-0.5034211126987799,0.35426008670753395,1029505.9603435977,433036.0862222957,-1.1764825958369083,-0.16541233511533893,28.563255409156433,10.03281330354501,-1.2822392763081898,0.38226702464626144,222.99774503349374,71.8851202662117,-1.377879412534902,1.0820301273067818,23.29646294966216,12.732444837996804,-0.026807685110661783,-1.4656828108236892
23000.0,31.21228861591958,10.311174866706878,-1.2530426919196902,0.9218251053152631,51.79168906902902,16.894269213869784,-0.5144469272478721,0.35510641275994187,1030841.6480344778,435110.7331663451,-1.1805866064110362,-0.15791294678959705,28.599481929159666,10.086336992700465,-1.2885322436403894,0.3913809762220775,223.22091995083446,72.37637951701491,-1.3826772500371112,1.0790887723091018,23.384861300009135,12.757743438668271,-0.023294059927136096,-1.463421719989328
23500.0,31.38844731026478,10.427067666850562,-1.2593149584099579,0.9454282118537445,51.792777484219094,16.986490182354054,-0.5254727417969643,0.35595273881234973,1032177.3357253579,437185.3801103945,-1.184690616985164,-0.15041355846385523,28.635708449162898,10.13986068185592,-1.2948252109725893,0.4004949277978936,223.4440948681752,72.86763876781812,-1.3874750875393203,1.076147417311422,23.473259650356106,12.783042039339737,-0.019780434743610437,-1.4611606291549668
24000.0,31.56460600460998,10.542960466994247,-1.2655872249002258,0.9690313183922257,51.79386589940916,17.078711150838327,-0.5364985563460566,0.35679906486475765,1033513.023416238,439260.02705444384,-1.1887946275592918,-0.14291417013811336,28.67193496916613,10.193384371011375,-1.301118178304789,0.4096088793737097,223.66726978551594,73.35889801862135,-1.3922729250415293,1.0732060623137423,23.56165800070308,12.808340640011204,-0.01626680956008475,-1.4588995383206054
24500.0,31.740764698955182,10.658853267137932,-1.2718594913904935,0.9926344249307069,51.79495431459924,17.1709321193226,-0.5475243708951489,0.3576453909171655,1034848.711107118,441334.67399849324,-1.1928986381334197,-0.13541478181237154,28.708161489169363,10.24690806016683,-1.3074111456369888,0.4187228309495258,223.89044470285666,73.85015726942456,-1.3970707625437386,1.0702647073160625,23.650056351050054,12.83363924068267,-0.012753184376559062,-1.4566384474862442
25000.0,31.916923393300383,10.774746067281615,-1.2781317578807614,1.016237531469188,51.79604272978931,17.26315308780687,-0.5585501854442412,0.35849171696957344,1036184.3987979982,443409.32094254263,-1.1970026487075476,-0.12791539348662967,28.744388009172596,10.300431749322284,-1.3137041129691887,0.42783678252534185,224.1136196201974,74.34141652022777,-1.4018686000459477,1.0673233523183825,23.738454701397025,12.858937841354138,-0.009239559193033375,-1.454377356651883
25500.0,32.093082087645584,10.890638867425299,-1.284404024371029,1.0398406380076692,51.79713114497939,17.35537405629114,-0.5695759999933335,0.35933804302198136,1037520.0864888782,445483.967886592,-1.2011066592816753,-0.1204160051608878,28.78061452917583,10.353955438477739,-1.3199970803013885,0.436950734101158,224.3367945375381,74.83267577103098,-1.4066664375481568,1.0643819973207027,23.826853051744,12.884236442025603,-0.005725934009507688,-1.4521162658175217
26000.0,32.26924078199079,11.006531667568984,-1.290676290861297,1.0634437445461504,51.798219560169464,17.447595024775413,-0.5806018145424258,0.3601843690743892,1038855.7741797584,447558.61483064137,-1.2052106698558032,-0.11291661683514598,28.81684104917906,10.407479127633193,-1.3262900476335882,0.44606468567697405,224.55996945487885,75.3239350218342,-1.411464275050366,1.061440642323023,23.915251402090973,12.90953504269707,-0.002212308825982029,-1.4498551749831603
26500.0,32.445399476335986,11.12242446771267,-1.296948557351565,1.0870468510846318,51.79930797535954,17.539815993259683,-0.591627629091518,0.3610306951267971,1040191.4618706384,449633.26177469076,-1.209314680429931,-0.1054172285094041,28.853067569182294,10.461002816788646,-1.332583014965788,0.4551786372527901,224.7831443722196,75.81519427263741,-1.4162621125525752,1.0584992873253432,24.003649752437944,12.934833643368536,0.0013013163575436582,-1.447594084148799
27000.0,32.62155817068118,11.238317267856353,-1.3032208238418326,1.110649957623113,51.80039639054961,17.632036961743957,-0.6026534436406102,0.361877021179205,1041527.1495615186,451707.90871874016,-1.2134186910040587,-0.09791784018366223,28.889294089185526,10.5145265059441,-1.3388759822979877,0.4642925888286062,225.0063192895603,76.30645352344062,-1.4210599500547842,1.0555579323276634,24.09204810278492,12.960132244040004,0.004814941541069345,-1.4453329933144379
27500.0,32.79771686502639,11.354210068000036,-1.3094930903321005,1.1342530641615942,51.80148480573968,17.724257930228227,-0.6136792581897026,0.3627233472316129,1042862.8372523986,453782.5556627895,-1.2175227015781867,-0.09041845185792041,28.92552060918876,10.568050195099556,-1.3451689496301875,0.4734065404044223,225.22949420690105,76.79771277424385,-1.4258577875569933,1.0526165773299834,24.180446453131893,12.98543084471147,0.008328566724595032,-1.4430719024800767
28000.0,32.97387555937159,11.470102868143721,-1.3157653568223682,1.1578561707000754,51.80257322092976,17.8164788987125,-0.6247050727387948,0.3635696732840208,1044198.5249432788,455857.2026068389,-1.2216267121523146,-0.08291906353217854,28.961747129191995,10.62157388425501,-1.3514619169623874,0.4825204919802384,225.4526691242418,77.28897202504706,-1.4306556250592026,1.0496752223323036,24.268844803478864,13.010729445382937,0.011842191908120692,-1.4408108116457152
28500.0,33.15003425371679,11.585995668287406,-1.322037623312636,1.1814592772385566,51.803661636119834,17.90869986719677,-0.6357308872878871,0.3644159993364287,1045534.2126341588,457931.8495508883,-1.2257307227264422,-0.07541967520643666,28.997973649195227,10.675097573410465,-1.3577548842945872,0.49163444355605446,225.6758440415825,77.78023127585027,-1.4354534625614117,1.0467338673346238,24.357243153825838,13.036028046054403,0.015355817091646379,-1.438549720811354
29000.0,33.32619294806199,11.70188846843109,-1.3283098898029038,1.2050623837770378,51.80475005130991,18.000920835681043,-0.6467567018369793,0.3652623253888366,1046869.9003250389,460006.4964949377,-1.2298347333005701,-0.06792028688069485,29.03420016919846,10.72862126256592,-1.3640478516267869,0.5007483951318705,225.89901895892325,78.27149052665348,-1.4402513000636208,1.043792512336944,24.445641504172812,13.06132664672587,0.018869442275172066,-1.4362886299769928
29500.0,33.50235164240719,11.817781268574775,-1.3345821562931717,1.2286654903155192,51.80583846649998,18.093141804165313,-0.6577825163860717,0.3661086514412445,1048205.588015919,462081.1434389871,-1.233938743874698,-0.06042089855495297,29.070426689201692,10.782144951721374,-1.3703408189589867,0.5098623467076866,226.122193876264,78.76274977745669,-1.4450491375658299,1.040851157339264,24.534039854519783,13.086625247397336,0.022383067458697753,-1.4340275391426314
30000.0,33.678510336752396,11.93367406871846,-1.3408544227834396,1.2522685968540004,51.80692688169005,18.185362772649583,-0.6688083309351639,0.36695497749365236,1049541.275706799,464155.7903830364,-1.2380427544488257,-0.0529215102292111,29.106653209204925,10.835668640876829,-1.3766337862911864,0.5189762982835027,226.3453687936047,79.25400902825992,-1.4498469750680392,1.0379098023415843,24.622438204866757,13.111923848068802,0.02589669264222344,-1.4317664483082702
30500.0,33.85466903109759,12.049566868862144,-1.3471266892737073,1.2758717033924816,51.80801529688013,18.277583741133856,-0.6798341454842561,0.3678013035460603,1050876.9633976792,466230.4373270858,-1.2421467650229536,-0.0454221219034693,29.142879729208158,10.889192330032284,-1.3829267536233862,0.5280902498593187,226.56854371094545,79.74526827906313,-1.4546448125702482,1.0349684473439045,24.71083655521373,13.13722244874027,0.0294103178257491,-1.429505357473909
31000.0,34.130089547942745,12.213294678671685,-1.3452263930146267,1.2373738371166245,51.65029935167267,18.46515111113574,-0.6625471711233332,0.31848587817690277,1056967.0574807161,461839.03794524306,-1.2551172685791103,0.01817452271661222,29.123237265687745,10.903617568277314,-1.3819985398170556,0.5261663888491003,226.24860846177995,79.96680453765003,-1.4460059603842002,1.0014776320216383,24.705930206691814,13.093313830487794,0.026610479457513877,-1.416238649994713
31500.0,34.40551006478789,12.377022488481227,-1.343326096755546,1.1988759708407675,51.49258340646522,18.652718481137626,-0.6452601967624102,0.26917045280774526,1063057.1515637531,457447.63856340025,-1.2680877721352668,0.08177116733669373,29.103594802167333,10.918042806522344,-1.3810703260107249,0.5242425278388818,225.92867321261446,80.18834079623693,-1.4373671081981518,0.9679868166993723,24.701023858169897,13.049405212235321,0.023810641089278654,-1.4029719425155174
32000.0,34.68093058163304,12.540750298290767,-1.3414258004964656,1.1603781045649102,51.334867461257765,18.84028585113951,-0.6279732224014872,0.21985502743858773,1069147.2456467901,453056.23918155744,-1.2810582756914235,0.14536781195677526,29.08395233864692,10.932468044767374,-1.3801421122043942,0.5223186668286633,225.60873796344896,80.40987705482382,-1.4287282560121037,0.9344960013771061,24.69611750964798,13.005496593982846,0.02101080272104343,-1.3897052350363215
32500.0,34.956351098478194,12.704478108100309,-1.339525504237385,1.1218802382890531,51.17715151605031,19.02785322114139,-0.6106862480405643,0.17053960206943022,1075237.3397298271,448664.8397997147,-1.2940287792475802,0.20896445657685678,29.064309875126508,10.946893283012404,-1.3792138983980637,0.5203948058184449,225.28880271428346,80.63141331341073,-1.4200894038260554,0.90100518605484,24.691211161126063,12.961587975730371,0.01821096435280821,-1.3764385275571258
33000.0,35.23177161532334,12.868205917909851,-1.3376252079783044,1.083382372013196,51.01943557084285,19.215420591143275,-0.5933992736796413,0.12122417670027272,1081327.4338128641,444273.4404178719,-1.3069992828037367,0.2725611011969383,29.044667411606095,10.961318521257434,-1.378285684591733,0.5184709448082264,224.96886746511797,80.85294957199764,-1.4114505516400073,0.8675143707325739,24.686304812604146,12.917679357477898,0.015411125984572985,-1.36317182007793
33500.0,35.50719213216849,13.031933727719393,-1.3357249117192238,1.044884505737339,50.8617196256354,19.40298796114516,-0.5761122993187183,0.07190875133111518,1087417.5278959011,439882.0410360291,-1.3199697863598934,0.33615774581701985,29.025024948085683,10.975743759502466,-1.3773574707854024,0.5165470837980078,224.64893221595247,81.07448583058454,-1.402811699453959,0.8340235554103077,24.68139846408223,12.873770739225423,0.012611287616337761,-1.3499051125987342
34000.0,35.782612649013636,13.195661537528935,-1.3338246154601434,1.006386639461482,50.704003680427945,19.590555331147044,-0.5588253249577954,0.022593325961957678,1093507.621978938,435490.6416541863,-1.3329402899160498,0.39975439043710137,29.00538248456527,10.990168997747496,-1.3764292569790717,0.5146232227877894,224.32899696678697,81.29602208917143,-1.394172847267911,0.8005327400880416,24.67649211556031,12.829862120972948,0.009811449248102538,-1.3366384051195384
34500.0,36.05803316585879,13.359389347338475,-1.3319243192010628,0.9678887731856248,50.54628773522049,19.778122701148927,-0.5415383505968724,-0.02672209940719983,1099597.716061975,431099.24227234354,-1.3459107934722065,0.4633510350571829,28.985740021044858,11.004594235992526,-1.375501043172741,0.5126993617775709,224.00906171762148,81.51755834775834,-1.3855339950818626,0.7670419247657756,24.671585767038394,12.785953502720474,0.007011610879867316,-1.3233716976403427
35000.0,36.33345368270394,13.523117157148016,-1.3300240229419822,0.9293909069097677,50.38857179001303,19.96569007115081,-0.5242513762359494,-0.07603752477635733,1105687.810145012,426707.8428905008,-1.3588812970283632,0.5269476796772644,28.966097557524446,11.019019474237556,-1.3745728293664103,0.5107755007673525,223.68912646845598,81.73909460634525,-1.3768951428958145,0.7335511094435094,24.666679418516477,12.742044884468,0.004211772511632093,-1.3101049901611468
35500.0,36.608874199549085,13.686844966957558,-1.3281237266829016,0.8908930406339106,50.23085584480558,20.153257441152697,-0.5069644018750264,-0.12535295014551484,1111777.904228049,422316.443508658,-1.3718518005845197,0.5905443242973459,28.946455094004033,11.033444712482586,-1.3736446155600797,0.508851639757134,223.36919121929049,81.96063086493214,-1.3682562907097662,0.7000602941212433,24.66177306999456,12.698136266215524,0.0014119341433968709,-1.296838282681951
36000.0,36.88429471639424,13.8505727767671,-1.3262234304238212,0.8523951743580536,50.073139899598125,20.34082481115458,-0.4896774275141035,-0.17466837551467235,1117867.998311086,417925.04412681516,-1.3848223041406764,0.6541409689174275,28.926812630483617,11.047869950727616,-1.372716401753749,0.5069277787469155,223.049255970125,82.18216712351904,-1.359617438523718,0.6665694787989772,24.656866721472646,12.654227647963049,-0.0013879042248383516,-1.2835715752027552
36500.0,37.15971523323939,14.014300586576642,-1.3243231341647406,0.8138973080821965,49.91542395439067,20.528392181156462,-0.4723904531531805,-0.2239838008838299,1123958.092394123,413533.6447449724,-1.3977928076968331,0.717737613537509,28.907170166963205,11.062295188972646,-1.3717881879474185,0.5050039177366971,222.7293207209595,82.40370338210595,-1.35097858633767,0.633078663476711,24.65196037295073,12.610319029710576,-0.004187742593073578,-1.2703048677235595
37000.0,37.435135750084534,14.178028396386182,-1.32242283790566,0.7753994418063394,49.75770800918322,20.71595955115835,-0.45510347879225754,-0.27329922625298736,1130048.18647716,409142.24536312965,-1.4107633112529896,0.7813342581575905,28.887527703442792,11.076720427217676,-1.3708599741410878,0.5030800567264786,222.409385471794,82.62523964069285,-1.3423397341516217,0.599587848154445,24.64705402442881,12.5664104114581,-0.006987580961308797,-1.2570381602443637
37500.0,37.710556266929686,14.341756206195726,-1.3205225416465793,0.7369015755304823,49.59999206397576,20.903526921160232,-0.4378165044313346,-0.3226146516221449,1136138.280560197,404750.84598128684,-1.4237338148091463,0.844930902777672,28.86788523992238,11.091145665462706,-1.3699317603347572,0.5011561957162601,222.0894502226285,82.84677589927975,-1.3337008819655736,0.5660970328321788,24.642147675906894,12.522501793205626,-0.009787419329544023,-1.2437714527651678
38000.0,37.98597678377483,14.505484016005266,-1.3186222453874987,0.6984037092546251,49.442276118768305,21.091094291162115,-0.4205295300704116,-0.37193007699130237,1142228.374643234,400359.446599444,-1.4367043183653028,0.9085275473977535,28.848242776401968,11.105570903707736,-1.3690035465284265,0.4992323347060416,221.769514973463,83.06831215786664,-1.3250620297795253,0.5326062175099128,24.637241327384977,12.478593174953152,-0.012587257697779242,-1.230504745285972
38500.0,38.26139730061998,14.669211825814807,-1.3167219491284183,0.6599058429787681,49.28456017356085,21.278661661163998,-0.40324255570948864,-0.42124550236045993,1148318.468726271,395968.04721760127,-1.4496748219214595,0.9721241920178351,28.828600312881555,11.119996141952766,-1.3680753327220958,0.49730847369582315,221.4495797242975,83.28984841645355,-1.3164231775934772,0.4991154021876466,24.63233497886306,12.434684556700677,-0.015387096066014468,-1.2172380378067762
39000.0,38.536817817465135,14.83293963562435,-1.3148216528693377,0.621407976702911,49.1268442283534,21.466229031165884,-0.38595558134856567,-0.4705609277296175,1154408.562809308,391576.6478357585,-1.4626453254776162,1.0357208366379165,28.808957849361143,11.134421380197798,-1.3671471189157651,0.4953846126856047,221.129644475132,83.51138467504046,-1.3077843254074288,0.46562458686538044,24.627428630341143,12.390775938448202,-0.018186934434249694,-1.2039713303275805
39500.0,38.81223833431028,14.99666744543389,-1.312921356610257,0.5829101104270539,48.96912828314594,21.653796401167767,-0.3686686069876427,-0.5198763530987749,1160498.656892345,387185.2484539157,-1.4756158290337726,1.099317481257998,28.78931538584073,11.148846618442828,-1.3662189051094344,0.4934607516753862,220.80970922596651,83.73292093362735,-1.2991454732213807,0.4321337715431144,24.622522281819226,12.346867320195729,-0.020986772802484913,-1.1907046228483846
40000.0,39.08765885115543,15.160395255243433,-1.3110210603511765,0.5444122441511968,48.811412337938485,21.84136377116965,-0.35138163262671973,-0.5691917784679326,1166588.750975382,382793.8490720729,-1.4885863325899293,1.1629141258780795,28.769672922320318,11.163271856687858,-1.365290691303104,0.4915368906651677,220.48977397680102,83.95445719221425,-1.2905066210353324,0.3986429562208482,24.61761593329731,12.302958701943254,-0.02378661117072014,-1.1774379153691887
40500.0,39.363079368000584,15.324123065052973,-1.309120764092096,0.5059143778753397,48.653696392731035,22.028931141171533,-0.33409465826579676,-0.61850720383709,1172678.845058419,378402.44969023013,-1.501556836146086,1.226510770498161,28.750030458799905,11.177697094932888,-1.3643624774967733,0.48961302965494924,220.16983872763552,84.17599345080116,-1.2818677688492843,0.36515214089858217,24.61270958477539,12.259050083690779,-0.026586449538955358,-1.164171207889993
41000.0,39.63849988484573,15.487850874862515,-1.3072204678330155,0.4674165115994826,48.49598044752358,22.21649851117342,-0.3168076839048738,-0.6678226292062475,1178768.939141456,374011.0503083874,-1.5145273397022425,1.2901074151182426,28.730387995279493,11.192122333177918,-1.3634342636904426,0.4876891686447308,219.84990347847003,84.39752970938807,-1.273228916663236,0.331661325576316,24.607803236253474,12.215141465438306,-0.029386287907190584,-1.1509045004107974
41500.0,39.91392040169088,15.651578684672057,-1.3053201715739349,0.4289186453236255,48.33826450231612,22.404065881175303,-0.2995207095439508,-0.7171380545754049,1184859.033224493,369619.65092654456,-1.5274978432583992,1.353704059738324,28.71074553175908,11.206547571422949,-1.362506049884112,0.4857653076345123,219.52996822930453,84.61906596797496,-1.264590064477188,0.2981705102540499,24.602896887731557,12.17123284718583,-0.0321861262754258,-1.1376377929316015
42000.0,39.95130109269035,15.768082019519987,-1.3012107763275396,0.4090456777712479,48.27416775849254,22.411840145701643,-0.29935548453418126,-0.7199958034291258,1179710.6460502604,371820.38955549785,-1.516241363010411,1.3075328753796192,28.591584944202836,11.221767155747688,-1.352295727836354,0.45772744707637497,218.70454681844112,84.73173515408425,-1.2515414985224869,0.27105910437114605,24.553473490195525,12.128081192228363,-0.03966304939146391,-1.1299668475327647
42500.0,39.98868178368983,15.884585354367916,-1.2971013810811443,0.38917271021887023,48.210071014668955,22.419614410227982,-0.2991902595244117,-0.7228535522828468,1174562.2588760275,374021.12818445114,-1.5049848827624228,1.2613616910209142,28.47242435664659,11.236986740072426,-1.342085405788596,0.42968958651823763,217.8791254075777,84.84440434019353,-1.238492932567786,0.24394769848824222,24.504050092659497,12.084929537270893,-0.047139972507502015,-1.1222959021339276
43000.0,40.0260624746893,16.001088689215845,-1.292991985834749,0.36929974266649257,48.14597427084537,22.427388674754322,-0.2990250345146421,-0.7257113011365676,1169413.871701795,376221.8668134044,-1.4937284025144348,1.2151905066622093,28.353263769090344,11.252206324397166,-1.3318750837408382,0.4016517259601003,217.0537039967143,84.95707352630282,-1.225444366613085,0.21683629260533838,24.454626695123466,12.041777882313426,-0.05461689562354012,-1.1146249567350908
43500.0,40.06344316568877,16.117592024063775,-1.2888825905883534,0.34942677511411496,48.08187752702179,22.435162939280666,-0.2988598095048725,-0.7285690499902885,1164265.484527562,378422.6054423577,-1.4824719222664466,1.1690193223035046,28.2341031815341,11.267425908721906,-1.3216647616930803,0.37361386540196295,216.22828258585088,85.06974271241211,-1.2123958006583841,0.18972488672243454,24.405203297587438,11.998626227355958,-0.06209381873957823,-1.106954011336254
44000.0,40.100823856688244,16.234095358911706,-1.284773195341958,0.32955380756173736,48.017780783198205,22.442937203807006,-0.29869458449510294,-0.7314267988440094,1159117.0973533294,380623.344071311,-1.4712154420184584,1.1228481379447997,28.114942593977855,11.282645493046646,-1.3114544396453225,0.3455760048438256,215.40286117498746,85.1824118985214,-1.199347234703683,0.1626134808395307,24.355779900051406,11.955474572398488,-0.06957074185561632,-1.0992830659374169
44500.0,40.138204547687714,16.350598693759636,-1.2806638000955628,0.3096808400093597,47.95368403937462,22.450711468333346,-0.2985293594853334,-0.7342845476977303,1153968.7101790968,382824.0827002643,-1.4599589617704702,1.0766769535860947,27.99578200642161,11.297865077371384,-1.3012441175975644,0.3175381442856883,214.57743976412405,85.29508108463067,-1.186298668748982,0.13550207495662686,24.306356502515378,11.91232291744102,-0.07704766497165444,-1.09161212053858
45000.0,40.175585238687184,16.467102028607563,-1.2765544048491675,0.28980787245698203,47.88958729555104,22.458485732859685,-0.29836413447556376,-0.7371422965514511,1148820.323004864,385024.8213292176,-1.4487024815224823,1.0305057692273898,27.876621418865366,11.313084661696124,-1.2910337955498066,0.28950028372755093,213.75201835326064,85.40775027073995,-1.1732501027942812,0.10839066907372302,24.256933104979346,11.869171262483551,-0.08452458808769253,-1.0839411751397432
45500.0,40.21296592968666,16.583605363455494,-1.2724450096027722,0.2699349049046044,47.825490551727455,22.466259997386025,-0.2981989094657942,-0.7400000454051721,1143671.9358306313,387225.55995817087,-1.437446001274494,0.9843345848686849,27.75746083130912,11.328304246020863,-1.2808234735020487,0.2614624231694136,212.92659694239723,85.52041945684924,-1.1602015368395802,0.08127926319081918,24.207509707443318,11.826019607526083,-0.09200151120373065,-1.0762702297409064
46000.0,40.25034662068613,16.700108698303424,-1.2683356143563769,0.2500619373522268,47.76139380790387,22.474034261912365,-0.29803368445602463,-0.742857794258893,1138523.5486563984,389426.2985871242,-1.4261895210265059,0.93816340050998,27.638300243752873,11.343523830345601,-1.2706131514542909,0.23342456261127625,212.1011755315338,85.63308864295853,-1.1471529708848793,0.054167857307915346,24.158086309907286,11.782867952568616,-0.09947843431976874,-1.0685992843420693
46500.0,40.2877273116856,16.816612033151355,-1.2642262191099816,0.23018896979984915,47.69729706408029,22.481808526438705,-0.29786845944625506,-0.7457155431126139,1133375.1614821658,391627.0372160775,-1.4149330407785177,0.8919922161512751,27.51913965619663,11.358743414670341,-1.2604028294065328,0.20538670205313891,211.2757541206704,85.74575782906781,-1.1341044049301783,0.027056451425011507,24.10866291237126,11.739716297611146,-0.10695535743580685,-1.0609283389432325
47000.0,40.32510800268507,16.93311536799928,-1.260116823863586,0.21031600224747152,47.633200320256705,22.48958279096505,-0.29770323443648544,-0.7485732919663347,1128226.774307933,393827.7758450308,-1.4036765605305295,0.8458210317925702,27.399979068640384,11.373962998995081,-1.250192507358775,0.17734884149500157,210.450332709807,85.8584270151771,-1.1210558389754772,-5.495445789233111e-05,24.059239514835227,11.696564642653678,-0.11443228055184496,-1.0532573935443956
47500.0,40.36248869368455,17.049618702847212,-1.2560074286171907,0.19044303469509388,47.56910357643312,22.49735705549139,-0.2975380094267159,-0.7514310408200556,1123078.3871337003,396028.5144739841,-1.3924200802825415,0.7996498474338654,27.28081848108414,11.38918258331982,-1.2399821853110171,0.14931098093686423,209.62491129894357,85.97109620128639,-1.1080072730207764,-0.02716636034079617,24.0098161172992,11.65341298769621,-0.12190920366788306,-1.0455864481455586
48000.0,40.39986938468402,17.166122037695143,-1.2518980333707954,0.17057006714271622,47.50500683260954,22.50513132001773,-0.2973727844169463,-0.7542887896737765,1117929.9999594677,398229.25310293736,-1.3811636000345533,0.7534786630751604,27.161657893527895,11.404402167644559,-1.2297718632632593,0.1212731203787269,208.79948988808016,86.08376538739567,-1.0949587070660753,-0.05427776622370001,23.960392719763167,11.610261332738741,-0.12938612678392117,-1.0379155027467217
48500.0,40.43725007568349,17.282625372543073,-1.2477886381244,0.1506970995903386,47.440910088785955,22.512905584544068,-0.29720755940717675,-0.7571465385274975,1112781.6127852348,400429.99173189065,-1.369907119786565,0.7073074787164555,27.04249730597165,11.419621751969299,-1.2195615412155012,0.09323525982058956,207.97406847721675,86.19643457350496,-1.0819101411113745,-0.08138917210660385,23.91096932222714,11.567109677781273,-0.1368630498999593,-1.030244557347885
49000.0,40.474630766682964,17.399128707391004,-1.2436792428780048,0.130824132037961,47.37681334496237,22.520679849070408,-0.2970423343974072,-0.7600042873812184,1107633.2256110022,402630.73036084394,-1.358650639538577,0.6611362943577507,26.923336718415403,11.434841336294038,-1.2093512191677434,0.06519739926245222,207.14864706635333,86.30910375961425,-1.0688615751566735,-0.10850057798950768,23.861545924691107,11.523958022823804,-0.14433997301599738,-1.0225736119490478
49500.0,40.51201145768243,17.51563204223893,-1.2395698476316095,0.11095116448558334,47.31271660113879,22.528454113596748,-0.29687710938763756,-0.7628620362349392,1102484.8384367693,404831.4689897972,-1.347394159290589,0.6149651099990457,26.804176130859158,11.450060920618776,-1.1991408971199855,0.037159538704314876,206.32322565548992,86.42177294572353,-1.0558130092019724,-0.13561198387241152,23.81212252715508,11.480806367866336,-0.15181689613203547,-1.014902666550211
50000.0,40.5493921486819,17.63213537708686,-1.2354604523852142,0.09107819693320568,47.248619857315205,22.536228378123088,-0.296711884377868,-0.7657197850886601,1097336.4512625367,407032.2076187505,-1.3361376790426007,0.5687939256403408,26.685015543302914,11.465280504943516,-1.1889305750722277,0.009121678146177536,205.4978042446265,86.53444213183282,-1.0427644432472716,-0.16272338975531536,23.762699129619048,11.437654712908868,-0.1592938192480736,-1.0072317211513742
50500.0,40.58677283968138,17.74863871193479,-1.2313510571388186,0.07120522938082807,47.18452311349163,22.54400264264943,-0.29654665936809843,-0.768577533942381,1092188.064088304,409232.9462477038,-1.3248811987946125,0.522622741281636,26.56585495574667,11.480500089268256,-1.1787202530244696,-0.018916182411959803,204.6723828337631,86.64711131794209,-1.0297158772925705,-0.1898347956382192,23.71327573208302,11.394503057951399,-0.16677074236411168,-0.9995607757525372
51000.0,40.62415353068085,17.865142046782722,-1.2272416618924233,0.051332261828450465,47.120426369668046,22.55177690717577,-0.29638143435832887,-0.771435282796102,1087039.6769140712,411433.6848766571,-1.3136247185466243,0.47645155692293106,26.446694368190425,11.495719673592996,-1.1685099309767117,-0.0469540429700972,203.84696142289965,86.75978050405138,-1.0166673113378697,-0.21694620152112304,23.663852334546988,11.35135140299393,-0.1742476654801498,-0.9918898303537003
51500.0,40.66153422168032,17.98164538163065,-1.223132266646028,0.0314592942760728,47.05632962584446,22.55955117170211,-0.29621620934855925,-0.7742930316498228,1081891.2897398386,413634.4235056104,-1.3023682382986363,0.43028037256422613,26.327533780634177,11.510939257917734,-1.158299608928954,-0.07499190352823448,203.02154001203627,86.87244969016066,-1.0036187453831686,-0.24405760740402688,23.61442893701096,11.308199748036463,-0.1817245885961879,-0.9842188849548634
52000.0,40.6989149126798,18.09814871647858,-1.2190228713996327,0.01158632672369514,46.99223288202088,22.56732543622845,-0.2960509843387897,-0.7771507805035437,1076742.9025656057,415835.16213456367,-1.2911117580506482,0.3841091882055213,26.208373193077932,11.526158842242474,-1.148089286881196,-0.10302976408637177,202.19611860117283,86.98511887626995,-0.9905701794284676,-0.2711690132869307,23.565005539474928,11.265048093078994,-0.18920151171222602,-0.9765479395560265
52500.0,40.73629560367927,18.21465205132651,-1.2149134761532374,-0.008286640828682468,46.928136138197296,22.57509970075479,-0.2958857593290201,-0.7800085293572646,1071594.515391373,418035.90076351695,-1.27985527780266,0.33793800384681627,26.089212605521688,11.541378426567213,-1.137878964833438,-0.13106762464450916,201.37069719030941,87.09778806237924,-0.9775216134737668,-0.29828041916983455,23.5155821419389,11.221896438121526,-0.1966784348282641,-0.9688769941571895
53000.0,40.77367629467874,18.33115538617444,-1.210804080906842,-0.028159608381060075,46.86403939437371,22.58287396528113,-0.29572053431925055,-0.7828662782109855,1066446.1282171402,420236.63939247024,-1.2685987975546718,0.29176681948811156,25.970052017965443,11.556598010891951,-1.1276686427856801,-0.15910548520264656,200.545275779446,87.21045724848852,-0.9644730475190657,-0.3253918250527384,23.46615874440287,11.178744783164056,-0.20415535794430223,-0.9612060487583527
53500.0,40.81105698567821,18.44765872102237,-1.2066946856604468,-0.04803257593343774,46.79994265055013,22.59064822980747,-0.295555309309481,-0.7857240270647063,1061297.7410429076,422437.37802142353,-1.2573423173066836,0.24559563512940663,25.8508914304092,11.571817595216691,-1.1174583207379223,-0.18714334576078384,199.7198543685826,87.32312643459781,-0.9514244815643648,-0.35250323093564223,23.41673534686684,11.135593128206589,-0.21163228106034032,-0.9535351033595157
54000.0,40.84843767667768,18.564162055870298,-1.2025852904140513,-0.0679055434858154,46.735845906726546,22.598422494333814,-0.29539008429971136,-0.7885817759184273,1056149.353868675,424638.1166503768,-1.2460858370586956,0.1994244507707017,25.731730842852954,11.587037179541431,-1.1072479986901644,-0.21518120631892113,198.89443295771918,87.4357956207071,-0.9383759156096638,-0.37961463681854607,23.36731194933081,11.09244147324912,-0.21910920417637844,-0.9458641579606788
54500.0,40.88581836767715,18.68066539071823,-1.198475895167656,-0.08777851103819306,46.67174916290296,22.606196758860154,-0.2952248592899418,-0.7914395247721482,1051000.966694442,426838.8552793301,-1.2348293568107074,0.15325326641199677,25.61257025529671,11.60225676386617,-1.0970376766424064,-0.24321906687705852,198.06901154685576,87.54846480681638,-0.9253273496549628,-0.4067260427014499,23.31788855179478,11.049289818291651,-0.22658612729241653,-0.938193212561842
55000.0,40.92319905867663,18.79716872556616,-1.1943664999212606,-0.10765147859057062,46.60765241907938,22.613971023386494,-0.29505963428017223,-0.7942972736258691,1045852.5795202095,429039.5939082834,-1.2235728765627192,0.10708208205329184,25.493409667740462,11.617476348190909,-1.0868273545946485,-0.2712569274351959,197.24359013599235,87.66113399292567,-0.9122787837002619,-0.43383744858435375,23.26846515425875,11.006138163334183,-0.23406305040845465,-0.930522267163005
55500.0,40.9605797496761,18.913672060414086,-1.1902571046748653,-0.12752444614294828,46.543555675255796,22.621745287912834,-0.29489440927040267,-0.79715502247959,1040704.1923459767,431240.33253723674,-1.212316396314731,0.06091089769458691,25.374249080184217,11.632695932515649,-1.0766170325468907,-0.2992947879933332,196.41816872512894,87.77380317903496,-0.8992302177455609,-0.4609488544672576,23.21904175672272,10.962986508376716,-0.24153997352449275,-0.9228513217641681
56000.0,40.99796044067557,19.030175395262017,-1.18614770942847,-0.14739741369532594,46.47945893143221,22.629519552439174,-0.29472918426063305,-0.8000127713333108,1035555.805171744,433441.07116619,-1.2010599160667428,0.014739713335882199,25.255088492627973,11.647915516840389,-1.0664067104991326,-0.3273326485514705,195.59274731426552,87.88647236514424,-0.88618165179086,-0.4880602603501614,23.16961835918669,10.919834853419246,-0.24901689664053087,-0.9151803763653312
56500.0,41.03534113167504,19.146678730109947,-1.1820383141820747,-0.1672703812477035,46.41536218760863,22.637293816965514,-0.2945639592508635,-0.8028705201870318,1030407.4179975112,435641.8097951433,-1.1898034358187548,-0.03143147102282273,25.13592790507173,11.663135101165127,-1.0561963884513748,-0.3553705091096079,194.7673259034021,87.99914155125352,-0.873133085836159,-0.5151716662330652,23.12019496165066,10.876683198461778,-0.25649381975656893,-0.9075094309664943
57000.0,41.07272182267452,19.263182064957878,-1.1779289189356792,-0.18714334880008116,46.351265443785046,22.645068081491853,-0.2943987342410939,-0.8057282690407527,1025259.0308232785,437842.5484240966,-1.1785469555707666,-0.07760265538152766,25.016767317515484,11.678354685489866,-1.045986066403617,-0.3834083696677453,193.9419044925387,88.1118107373628,-0.860084519881458,-0.542283072115969,23.07077156411463,10.83353154350431,-0.2639707428726071,-0.8998384855676573
57500.0,41.110102513673986,19.37968539980581,-1.1738195236892839,-0.20701631635245882,46.28716869996146,22.652842346018197,-0.29423350923132435,-0.8085860178944736,1020110.6436490458,440043.2870530499,-1.1672904753227784,-0.1237738397402326,24.897606729959236,11.693574269814606,-1.035775744355859,-0.41144623022588256,193.11648308167528,88.22447992347209,-0.8470359539267571,-0.5693944779988729,23.0213481665786,10.790379888546841,-0.27144766598864517,-0.8921675401688205
58000.0,41.147483204673456,19.496188734653735,-1.1697101284428886,-0.22688928390483648,46.22307195613788,22.660616610544537,-0.29406828422155473,-0.8114437667481944,1014962.2564748131,442244.0256820032,-1.1560339950747904,-0.16994502409893752,24.77844614240299,11.708793854139346,-1.0255654223081012,-0.43948409078401984,192.29106167081187,88.33714910958138,-0.8339873879720561,-0.5965058838817767,22.97192476904257,10.747228233589373,-0.27892458910468326,-0.8844965947699837
58500.0,41.18486389567293,19.612692069501666,-1.1656007331964933,-0.24676225145721414,46.158975212314296,22.668390875070877,-0.29390305921178517,-0.8143015156019153,1009813.8693005804,444444.76431095647,-1.1447775148268022,-0.21611620845764246,24.659285554846747,11.724013438464084,-1.0153551002603431,-0.46752195134215724,191.46564025994846,88.44981829569066,-0.8209388220173551,-0.6236172897646806,22.92250137150654,10.704076578631904,-0.2864015122207214,-0.8768256493711467
59000.0,41.2222445866724,19.729195404349596,-1.161491337950098,-0.2666352190095917,46.09487846849071,22.676165139597217,-0.2937378342020156,-0.8171592644556362,1004665.4821263476,446645.50293990975,-1.133521034578814,-0.2622873928163471,24.540124967290502,11.739233022788824,-1.0051447782125853,-0.4955598119002946,190.64021884908504,88.56248748179995,-0.8078902560626542,-0.6507286956475844,22.87307797397051,10.660924923674436,-0.2938784353367595,-0.8691547039723098
59500.0,41.19761732154335,19.82285082463634,-1.1439154226992239,-0.3017929809694585,45.815059582284995,22.725240490414997,-0.2847009875183631,-0.831015908297872,999418.7745022462,443745.2813269369,-1.1282688421848492,-0.27532085509872023,24.346508680994987,11.71130423303199,-0.9781816425898925,-0.5257270974996191,189.18900599958738,88.64036261807958,-0.7824341883042498,-0.6774276042633802,22.756187645880246,10.699188733242144,-0.29103191247613536,-0.8744563574454555
60000.0,41.172990056414285,19.916506244923085,-1.12633950744835,-0.33695074292932536,45.53524069607927,22.77431584123278,-0.2756641408347106,-0.8448725521401078,994172.0668781446,440845.05971396406,-1.1230166497908847,-0.28835431738109335,24.15289239469947,11.683375443275155,-0.9512185069671996,-0.5558943830989436,187.73779315008971,88.71823775435921,-0.7569781205458453,-0.7041265128791762,22.639297317789985,10.73745254280985,-0.2881853896155112,-0.8797580109186012
60500.0,41.14836279128523,20.010161665209832,-1.108763592197476,-0.3721085048891922,45.25542180987355,22.82339119205056,-0.26662729415105807,-0.8587291959823435,988925.3592540432,437944.8381009912,-1.1177644573969199,-0.30138777966346647,23.959276108403955,11.655446653518322,-0.9242553713445067,-0.586061668698268,186.28658030059205,88.79611289063884,-0.731522052787441,-0.730825421494972,22.52240698969972,10.775716352377557,-0.28533886675488707,-0.885059664391747
61000.0,41.123735526156175,20.103817085496576,-1.091187676946602,-0.40726626684905903,44.97560292366783,22.872466542868345,-0.25759044746740556,-0.8725858398245793,983678.6516299417,435044.6164880184,-1.112512265002955,-0.31442124194583954,23.76565982210844,11.627517863761486,-0.8972922357218138,-0.6162289542975925,184.83536745109438,88.87398802691845,-0.7060659850290365,-0.7575243301107678,22.40551666160946,10.813980161945265,-0.2824923438942629,-0.8903613178648927
61500.0,41.09910826102711,20.19747250578332,-1.073611761695728,-0.44242402880892584,44.69578403746211,22.921541893686125,-0.24855360078375305,-0.886442483666815,978431.9440058402,432144.3948750456,-1.1072600726089905,-0.32745470422821266,23.572043535812924,11.599589074004653,-0.870329100099121,-0.646396239896917,183.38415460159672,88.95186316319808,-0.6806099172706321,-0.7842232387265637,22.288626333519197,10.852243971512971,-0.2796458210336388,-0.8956629713380384
62000.0,41.07448099589806,20.291127926070065,-1.056035846444854,-0.4775817907687927,44.41596515125639,22.97061724450391,-0.23951675410010054,-0.9002991275090508,973185.2363817388,429244.1732620727,-1.1020078802150257,-0.3404881665105858,23.378427249517408,11.571660284247818,-0.8433659644764282,-0.6765635254962414,181.93294175209905,89.02973829947771,-0.6551538495122278,-0.8109221473423596,22.171736005428937,10.890507781080679,-0.27679929817301463,-0.9009646248111841
62500.0,41.049853730769,20.38478334635681,-1.03845993119398,-0.5127395527286596,44.13614626505067,23.01969259532169,-0.23047990741644803,-0.9141557713512866,967938.5287576373,426343.9516490999,-1.096755687821061,-0.3535216287929589,23.18481096322189,11.543731494490984,-0.8164028288537353,-0.7067308110955659,180.4817289026014,89.10761343575734,-0.6296977817538233,-0.8376210559581554,22.054845677338673,10.928771590648385,-0.2739527753123905,-0.9062662782843298
63000.0,41.02522646563994,20.478438766643556,-1.020884015943106,-0.5478973146885264,43.856327378844945,23.068767946139474,-0.22144306073279552,-0.9280124151935223,962691.8211335358,423443.73003612703,-1.0915034954270963,-0.366555091075332,22.991194676926373,11.51580270473415,-0.7894396932310425,-0.7368980966948905,179.03051605310372,89.18548857203697,-0.6042417139954188,-0.8643199645739512,21.937955349248412,10.967035400216092,-0.27110625245176634,-0.9115679317574756
63500.0,41.000599200510884,20.5720941869303,-1.003308100692232,-0.5830550766483933,43.57650849263923,23.117843296957254,-0.212406214049143,-0.9418690590357581,957445.1135094343,420543.5084231542,-1.0862513030331316,-0.37958855335770514,22.797578390630857,11.487873914977316,-0.7624765576083496,-0.767065382294215,177.57930320360606,89.2633637083166,-0.5787856462370145,-0.8910188731897472,21.821065021158148,11.0052992097838,-0.2682597295911422,-0.9168695852306213
64000.0,40.97597193538183,20.665749607217045,-0.9857321854413581,-0.61821283860826,43.2966896064335,23.166918647775034,-0.2033693673654905,-0.9557257028779939,952198.4058853328,417643.2868101814,-1.0809991106391668,-0.39262201564007826,22.60396210433534,11.45994512522048,-0.7355134219856567,-0.7972326678935394,176.1280903541084,89.34123884459622,-0.5533295784786101,-0.917717781805543,21.704174693067888,11.043563019351506,-0.26541320673051805,-0.922171238703767
64500.0,40.951344670252766,20.75940502750379,-0.9681562701904841,-0.6533706005681268,43.016870720227786,23.21599399859282,-0.19433252068183798,-0.9695823467202296,946951.6982612314,414743.06519720855,-1.0757469182452022,-0.4056554779224514,22.410345818039826,11.432016335463647,-0.7085502863629639,-0.8273999534928639,174.67687750461073,89.41911398087585,-0.5278735107202056,-0.9444166904213389,21.587284364977624,11.081826828919214,-0.2625666838698939,-0.9274728921769128
65000.0,40.92671740512371,20.853060447790533,-0.9505803549396101,-0.6885283625279937,42.73705183402206,23.2650693494106,-0.1852956739981855,-0.9834389905624654,941704.9906371299,411842.8435842357,-1.0704947258512374,-0.4186889402048245,22.21672953174431,11.404087545706812,-0.6815871507402711,-0.8575672390921885,173.22566465511306,89.49698911715548,-0.5024174429618012,-0.9711155990371347,21.470394036887363,11.120090638486921,-0.25972016100926976,-0.9327745456500585
65500.0,40.902090139994655,20.94671586807728,-0.933004439688736,-0.7236861244878605,42.457232947816344,23.314144700228383,-0.176258827314533,-0.9972956344047011,936458.2830130284,408942.62197126285,-1.0652425334572726,-0.4317224024871976,22.023113245448794,11.376158755949978,-0.6546240151175782,-0.8877345246915129,171.7744518056154,89.57486425343511,-0.4769613752033968,-0.9978145076529306,21.3535037087971,11.158354448054627,-0.2568736381486456,-0.9380761991232043
66000.0,40.8774628748656,21.040371288364025,-0.9154285244378622,-0.7588438864477274,42.17741406161062,23.363220051046163,-0.16722198063088048,-1.0111522782469369,931211.5753889269,406042.40035829,-1.0599903410633078,-0.4447558647695707,21.82949695915328,11.348229966193143,-0.6276608794948854,-0.9179018102908374,170.32323895611773,89.65273938971474,-0.4515053074449924,-1.0245134162687264,21.23661338070684,11.196618257622335,-0.25402711528802147,-0.94337785259635
66500.0,40.85283560973654,21.13402670865077,-0.8978526091869881,-0.7940016484075942,41.8975951754049,23.412295401863947,-0.15818513394722797,-1.0250089220891727,925964.8677648255,403142.17874531716,-1.0547381486693432,-0.4577893270519438,21.635880672857763,11.32030117643631,-0.6006977438721925,-0.9480690958901619,168.87202610662004,89.73061452599437,-0.426049239686588,-1.0512123248845222,21.119723052616575,11.234882067190043,-0.25118059242739726,-0.9486795060694957
67000.0,40.82820834460748,21.227682128937513,-0.8802766939361142,-0.8291594103674611,41.61777628919918,23.461370752681727,-0.14914828726357546,-1.0388655659314083,920718.160140724,400241.95713234437,-1.0494859562753784,-0.4708227893343169,21.442264386562247,11.292372386679475,-0.5737346082494996,-0.9782363814894863,167.42081325712238,89.80848966227398,-0.40059317192818356,-1.077911233500318,21.002832724526314,11.273145876757749,-0.24833406956677315,-0.9539811595426414
67500.0,40.80358107947843,21.321337549224257,-0.8627007786852401,-0.864317172327328,41.33795740299346,23.510446103499508,-0.14011144057992295,-1.0527222097736442,915471.4525166225,397341.7355193715,-1.0442337638814136,-0.48385625161669005,21.24864810026673,11.264443596922641,-0.5467714726268067,-1.0084036670888108,165.9696004076247,89.88636479855361,-0.37513710416977913,-1.104610142116114,20.88594239643605,11.311409686325456,-0.245487546706149,-0.9592828130157871
68000.0,40.778953814349364,21.414992969511005,-0.8451248634343662,-0.8994749342871948,41.058138516787736,23.55952145431729,-0.13107459389627044,-1.06657885361588,910224.7448925211,394441.5139063987,-1.038981571487449,-0.49688971389906317,21.055031813971215,11.236514807165806,-0.5198083370041139,-1.0385709526881353,164.51838755812705,89.96423993483324,-0.3496810364113747,-1.13130905073191,20.76905206834579,11.349673495893164,-0.24264102384552483,-0.9645844664889329
68500.0,40.75432654922031,21.50864838979775,-0.8275489481834921,-0.9346326962470615,40.77831963058202,23.608596805135072,-0.12203774721261793,-1.0804354974581156,904978.0372684195,391541.2922934258,-1.0337293790934843,-0.5099231761814362,20.861415527675696,11.208586017408972,-0.49284520138142107,-1.0687382382874597,163.06717470862938,90.04211507111287,-0.3242249686529703,-1.1580079593477057,20.652161740255526,11.38793730546087,-0.23979450098490068,-0.9698861199620786
69000.0,40.729699284091254,21.602303810084493,-0.8099730329326182,-0.9697904582069283,40.4985007443763,23.657672155952856,-0.11300090052896541,-1.0942921413003515,899731.3296443181,388641.070680453,-1.0284771866995195,-0.5229566384638094,20.66779924138018,11.180657227652137,-0.46588206575872815,-1.0989055238867842,161.61596185913172,90.1199902073925,-0.29876890089456587,-1.1847068679635016,20.535271412165265,11.426201115028578,-0.23694797812427654,-0.9751877734352243
69500.0,40.70507201896219,21.695959230371237,-0.7923971176817441,-1.0049482201667952,40.21868185817058,23.706747506770636,-0.1039640538453129,-1.1081487851425873,894484.6220202167,385740.8490674801,-1.023224994305555,-0.5359901007461825,20.474182955084665,11.152728437895304,-0.43891893013603533,-1.1290728094861087,160.16474900963405,90.19786534367213,-0.2733128331361615,-1.2114057765792974,20.418381084075,11.464464924596284,-0.2341014552636524,-0.98048942690837
70000.0,40.680444753833136,21.78961465065798,-0.7748212024308703,-1.040105982126662,39.93886297196485,23.75582285758842,-0.09492720716166039,-1.122005428984823,889237.9143961151,382840.6274545073,-1.0179728019115901,-0.5490235630285556,20.28056666878915,11.124799648138469,-0.4119557945133425,-1.1592400950854331,158.71353616013639,90.27574047995175,-0.24785676537775703,-1.2381046851950934,20.30149075598474,11.502728734163991,-0.23125493240302825,-0.9857910803815157
70500.0,40.65581748870408,21.88327007094473,-0.7572452871799962,-1.075263744086529,39.659044085759135,23.8048982084062,-0.08589036047800788,-1.1358620728270588,883991.2067720137,379940.4058415345,-1.0127206095176253,-0.5620570253109287,20.086950382493633,11.096870858381635,-0.3849926588906496,-1.1894073806847578,157.26232331063872,90.35361561623138,-0.22240069761935266,-1.264803593810889,20.184600427894477,11.540992543731699,-0.2284084095424041,-0.9910927338546616
71000.0,40.63119022357502,21.976925491231473,-0.7396693719291222,-1.1104215060463958,39.37922519955342,23.853973559223984,-0.0768535137943554,-1.1497187166692946,878744.4991479123,377040.18422856164,-1.0074684171236608,-0.5750904875933018,19.893334096198117,11.0689420686248,-0.3580295232679568,-1.2195746662840823,155.81111046114106,90.43149075251101,-0.1969446298609483,-1.291502502426685,20.067710099804216,11.579256353299405,-0.22556188668177996,-0.9963943873278073
71500.0,40.60656295844596,22.070580911518217,-0.7220934566782482,-1.1455792680062626,39.09940631334769,23.903048910041765,-0.0678166671107029,-1.1635753605115302,873497.7915238107,374139.9626155888,-1.002216224729696,-0.588123949875675,19.6997178099026,11.041013278867966,-0.3310663876452639,-1.2497419518834068,154.3598976116434,90.50936588879064,-0.1714885621025438,-1.318201411042481,19.950819771713952,11.617520162867113,-0.2227153638211558,-1.001696040800953
72000.0,40.50937743562373,22.16859625046478,-0.7052611140967663,-1.1660080615686967,38.78333059866075,23.74102776032514,-0.05320429913413538,-1.1650348102884924,862568.24069256,372151.3506182872,-0.9691374963887586,-0.6327765237060174,19.471761033617245,10.996232747449625,-0.3096867987797363,-1.256876068445377,152.88444912919715,90.14069554642306,-0.15581977429527832,-1.3242558123920243,19.922902048079113,11.676560523646634,-0.18236480030689942,-0.9671411252128813
72500.0,40.412191912801504,22.266611589411344,-0.6884287715152844,-1.186436855131131,38.46725488397381,23.579006610608513,-0.038591931157567864,-1.1664942600654546,851638.6898613091,370162.73862098565,-0.9360587680478212,-0.6774290975363599,19.243804257331888,10.951452216031281,-0.2883072099142088,-1.2640101850073475,151.40900064675094,89.77202520405547,-0.14015098648801289,-1.3303102137415679,19.894984324444273,11.735600884426155,-0.14201423679264302,-0.9325862096248096
73000.0,40.315006389979274,22.364626928357907,-0.6715964289338024,-1.2068656486935652,38.15117916928686,23.416985460891887,-0.02397956318100035,-1.1679537098424166,840709.1390300584,368174.1266236841,-0.9029800397068838,-0.7220816713667024,19.01584748104653,10.90667168461294,-0.2669276210486812,-1.2711443015693178,149.9335521643047,89.40335486168789,-0.12448219868074742,-1.3363646150911113,19.867066600809434,11.794641245205678,-0.10166367327838666,-0.898031294036738
73500.0,40.217820867157045,22.462642267304474,-0.6547640863523205,-1.2272944422559995,37.83510345459992,23.254964311175257,-0.009367195204432827,-1.1694131596193789,829779.5881988077,366185.5146263825,-0.8699013113659464,-0.766734245197045,18.787890704761175,10.861891153194597,-0.24554803218315358,-1.278278418131288,148.4581036818585,89.03468451932031,-0.10881341087348195,-1.3424190164406546,19.839148877174594,11.8536816059852,-0.061313109764130264,-0.8634763784486663
74000.0,40.120635344334815,22.560657606251038,-0.6379317437708386,-1.2477232358184336,37.51902773991297,23.09294316145863,0.005245172772134696,-1.170872609396341,818850.037367557,364196.9026290809,-0.836822583025009,-0.8113868190273875,18.559933928475818,10.817110621776255,-0.224168443317626,-1.2854125346932586,146.98265519941225,88.66601417695273,-0.09314462306621649,-1.3484734177901982,19.811231153539755,11.912721966764721,-0.02096254624987387,-0.8289214628605945
74500.0,40.02344982151258,22.6586729451976,-0.6210994011893567,-1.268152029380868,37.20295202522603,22.930922011742005,0.019857540748702204,-1.1723320591733033,807920.4865363061,362208.2906317793,-0.8037438546840716,-0.85603939285773,18.33197715219046,10.772330090357913,-0.20278885445209843,-1.2925466512552288,145.50720671696604,88.29734383458515,-0.07747583525895103,-1.3545278191397416,19.783313429904915,11.971762327544244,0.019388017264382496,-0.7943665472725229
75000.0,39.92626429869035,22.756688284144165,-0.6042670586078748,-1.288580822943302,36.88687631053909,22.76890086202538,0.03446990872526973,-1.1737915089502655,796990.9357050554,360219.6786344777,-0.7706651263431342,-0.9006919666880726,18.104020375905105,10.72754955893957,-0.18140926558657083,-1.299680767817199,144.0317582345198,87.92867349221756,-0.06180704745168558,-1.360582220489285,19.755395706270075,12.030802688323766,0.05973858077863892,-0.7598116316844512
75500.0,39.82907877586812,22.854703623090728,-0.5874347160263929,-1.3090096165057363,36.57080059585214,22.606879712308753,0.04908227670183725,-1.1752509587272275,786061.3848738046,358231.06663717615,-0.7375863980021968,-0.9453445405184151,17.876063599619748,10.682769027521228,-0.16002967672104326,-1.3068148843791694,142.55630975207356,87.56000314984998,-0.046138259644420115,-1.3666366218388286,19.727477982635236,12.089843049103287,0.10008914429289528,-0.7252567160963795
76000.0,39.73189325304589,22.95271896203729,-0.5706023734449109,-1.3294384100681704,36.2547248811652,22.444858562592128,0.06369464467840476,-1.1767104085041897,775131.8340425538,356242.4546398746,-0.7045076696612594,-0.9899971143487576,17.64810682333439,10.637988496102885,-0.1386500878555157,-1.3139490009411399,141.08086126962735,87.1913328074824,-0.03046947183715465,-1.372691023188372,19.699560259000396,12.148883409882808,0.14043970780715165,-0.6907018005083079
76500.0,39.63470773022366,23.050734300983855,-0.553770030863429,-1.3498672036306045,35.93864916647826,22.2828374128755,0.0783070126549723,-1.178169858281152,764202.2832113031,354253.842642573,-0.671428941320322,-1.0346496881791,17.420150047049034,10.593207964684543,-0.11727049898998809,-1.3210831175031101,139.6054127871811,86.8226624651148,-0.014800684029889183,-1.3787454245379154,19.671642535365557,12.20792377066233,0.18079027132140807,-0.6561468849202362
77000.0,39.53752220740143,23.148749639930422,-0.5369376882819471,-1.3702959971930389,35.62257345179131,22.120816263158872,0.0929193806315398,-1.1796293080581142,753272.7323800523,352265.2306452714,-0.6383502129793847,-1.0793022620094426,17.192193270763674,10.548427433266202,-0.09589091012446052,-1.3282172340650804,138.1299643047349,86.45399212274722,0.0008681037773762557,-1.384799825887459,19.64372481173072,12.266964131441853,0.22114083483566443,-0.6215919693321645
77500.0,39.4403366845792,23.246764978876985,-0.5201053457004652,-1.3907247907554732,35.30649773710437,21.958795113442246,0.10753174860810731,-1.1810887578350764,742343.1815488015,350276.61864796985,-0.6052714846384473,-1.123954835839785,16.96423649447832,10.503646901847858,-0.07451132125893295,-1.335351350627051,136.65451582228866,86.08532178037964,0.016536891584641722,-1.3908542272370024,19.61580708809588,12.326004492221374,0.2614913983499208,-0.5870370537440928
78000.0,39.34315116175697,23.34478031782355,-0.5032730031189832,-1.4111535843179073,34.99042202241743,21.79677396372562,0.12214411658467485,-1.1825482076120384,731413.6307175508,348288.0066506683,-0.5721927562975099,-1.1686074096701276,16.73627971819296,10.458866370429517,-0.05313173239340535,-1.3424854671890212,135.17906733984245,85.71665143801206,0.03220567939190719,-1.396908628586546,19.58788936446104,12.385044853000895,0.30184196186417717,-0.5524821381560212
78500.0,39.24596563893474,23.442795656770112,-0.4864406605375013,-1.4315823778803414,34.67434630773048,21.634752814008994,0.13675648456124234,-1.1840076573890006,720484.0798863,346299.3946533667,-0.5391140279565725,-1.2132599835004703,16.508322941907604,10.414085839011173,-0.03175214352787775,-1.3496195837509914,133.7036188573962,85.34798109564449,0.04787446719917263,-1.4029630299360893,19.559971640826202,12.444085213780419,0.34219252537843364,-0.5179272225679494
79000.0,39.148780116112505,23.540810995716676,-0.46960831795601937,-1.4520111714427757,34.35827059304354,21.47273166429237,0.1513688525378099,-1.1854671071659628,709554.5290550492,344310.7826560651,-0.5060352996156351,-1.2579125573308128,16.280366165622247,10.369305307592832,-0.010372554662350209,-1.3567537003129617,132.22817037494997,84.97931075327689,0.06354325500643809,-1.4090174312856327,19.532053917191362,12.50312557455994,0.38254308889269,-0.48337230697987776
79500.0,39.051594593290275,23.63882633466324,-0.45277597537453745,-1.4724399650052098,34.0421948783566,21.310710514575742,0.16598122051437741,-1.186926556942925,698624.9782237984,342322.1706587635,-0.4729565712746977,-1.3025651311611552,16.05240938933689,10.32452477617449,0.01100703420317739,-1.3638878168749322,130.75272189250376,84.61064041090931,0.07921204281370356,-1.4150718326351763,19.504136193556523,12.562165935339461,0.4228936524069464,-0.4488173913918061
80000.0,38.954409070468046,23.736841673609803,-0.43594363279305554,-1.4928687585676441,33.72611916366965,21.148689364859116,0.18059358849094492,-1.1883860067198873,687695.4273925477,340333.5586614619,-0.4398778429337603,-1.3472177049914977,15.824452613051534,10.279744244756147,0.03238662306870499,-1.3710219334369025,129.27727341005752,84.24197006854173,0.094880830620969,-1.4211262339847197,19.476218469921683,12.621206296118983,0.46324421592120274,-0.41426247580373443
80500.0,38.857223547645816,23.83485701255637,-0.4191112902115736,-1.5132975521300782,33.410043448982705,20.986668215142487,0.19520595646751243,-1.1898454564968493,676765.876561297,338344.94666416035,-0.4067991145928229,-1.3918702788218402,15.596495836766177,10.234963713337805,0.05376621193423253,-1.3781560499988728,127.80182492761129,83.87329972617414,0.11054961842823449,-1.427180635334263,19.448300746286844,12.680246656898504,0.5035947794354592,-0.37970756021566276
81000.0,38.76003802482359,23.932872351502933,-0.4022789476300917,-1.5337263456925125,33.09396773429577,20.82464706542586,0.20981832444408,-1.1913049062738115,665836.3257300461,336356.3346668588,-0.37372038625188553,-1.4365228526521827,15.36853906048082,10.190183181919462,0.07514580079976013,-1.3852901665608433,126.32637644516507,83.50462938380656,0.12621840623549993,-1.4332350366838067,19.420383022652004,12.739287017678027,0.5439453429497156,-0.3451526446275911
81500.0,38.66285250200136,24.030887690449497,-0.3854466050486098,-1.5541551392549466,32.77789201960882,20.662625915709235,0.2244306924206475,-1.1927643560507737,654906.7748987954,334367.7226695572,-0.3406416579109482,-1.4811754264825252,15.140582284195464,10.14540265050112,0.0965253896652877,-1.3924242831228135,124.85092796271884,83.13595904143898,0.1418871940427654,-1.43928943803335,19.392465299017164,12.798327378457548,0.584295906463972,-0.3105977290395194
82000.0,36.88044954540155,24.180061399890924,-0.1923502882476235,-1.587748429142306,26.89964026166728,16.94597482517113,0.06890259618942,-1.0934142866260284,543371.1740999598,258357.1820809437,-0.4165958779599116,-1.0768236181000217,13.557221329487907,8.230600191463333,-0.1911117593698561,-1.4959403853900295,111.80634103028608,69.91647739656698,-0.1760022395759867,-1.4909970490611002,18.989414323965438,15.920804449445964,0.585711490313882,-1.004812867907636
82500.0,34.34377813275137,24.28374772416138,-0.08807772757688,-1.5268076626934073,22.21028371988,10.886008164792816,0.0084141043793308,-1.2722760745226953,474269.0348547271,270462.17814342334,-0.0177907398525943,-0.858415825828093,12.84682629698191,8.159828702180638,0.2112617360231147,-0.75182389620345,105.38352155719916,63.59562294981264,-0.0923034580256108,-1.0451040503711464,19.941210367992543,17.35331595019219,0.5394250535566396,-1.0179513074790112
83000.0,31.97764644208462,23.368140095115027,0.027563416453202913,-1.4553735037262556,17.291736008516704,10.29123670936412,0.3414341240752717,-1.019576268342507,458944.19431138015,307974.86406069365,0.298596923397473,-0.8562282907773493,11.561801731387012,9.425002646661724,0.5522492616478597,-0.7282470480675309,92.35835575828344,70.69263217581306,0.4075179899760802,-0.8135730469766528,20.85784061595703,17.307996596894494,0.4834313889841215,-0.9820374499438784
83500.0,29.611514751417868,22.452532466068675,0.1432045604832858,-1.3839393447591042,12.373188297153408,9.696465253935424,0.6744541437712125,-0.7668764621623185,443619.3537680332,345487.549977964,0.6149845866475404,-0.8540407557266056,10.276777165792115,10.690176591142812,0.8932367872726047,-0.7046701999316118,79.33318995936772,77.78964140181347,0.9073394379777712,-0.5820420435821592,21.77447086392152,17.262677243596798,0.4274377244116035,-0.9461235924087456
84000.0,19.23449587028305,16.090371044530293,0.5479903129138606,-0.6343311436284949,28.86455283550158,24.221691156326926,0.704643806177416,-0.617826416086181,546609.1261295978,423351.1818623347,0.2467271060293054,-1.3403945810206688,14.820803501674542,10.973314325839286,0.2356768502204506,-1.139058591107848,105.53084935778614,82.26887716239304,0.3839988546851291,-0.9937327595699524,17.473452249771128,14.790292281817058,0.6106671505319853,-0.7444052806817263
84500.0,15.32938695074826,13.75034032519356,0.6326957633643859,-0.9709913016948089,36.1993318822288,32.964401310461184,0.3641082243780709,-1.5142731764014916,541521.73819422,398455.82779881865,-0.0326664618388242,-1.6139231236642275,18.262007899464518,14.29075547418163,0.1822495549248469,-1.589523762928276,139.88595863776234,111.6000538102904,0.1787174611956107,-1.5737908897884203,8.760482115912996,6.48967193119287,0.4946326358302381,-0.8533377635454134
85000.0,15.810379101680851,14.23185840615514,0.7134658456117228,-0.9211497589540496,36.353126269362285,31.633835521981418,0.3933248434527249,-1.512700932828472,522544.0471729446,378403.6060558288,-0.02725525307395,-1.5705443610263723,19.40760546846899,14.360764294822902,0.1853916317672595,-1.541634237748222,145.8597953484825,117.49271452970412,0.2085204270514573,-1.583290576052128,9.782444126555768,5.347886795648747,0.5078168545732454,-0.9260801794304588
85500.0,16.029606794500275,14.357985121063145,0.6927206184129029,-0.974122217523338,35.32859501572365,30.42606013901172,0.3942717312818019,-1.4985221344274902,517369.2604441078,379295.73416570807,0.01834213515344217,-1.5486000092330212,19.21591363306129,14.028375696265034,0.18182310801849572,-1.5238998420731804,144.1425501740797,115.5068075566595,0.2097521665270084,-1.5688110810453904,9.64015727144153,6.1890968698330395,0.5200949670828958,-0.9729072360147575
86000.0,16.248834487319698,14.484111835971149,0.6719753912140831,-1.0270946760926265,34.30406376208501,29.21828475604202,0.3952186191108788,-1.4843433360265081,512194.47371527104,380187.86227558734,0.06393952338083433,-1.5266556574396701,19.02422179765359,13.695987097707167,0.1782545842697319,-1.506165446398139,142.42530499967688,113.52090058361486,0.21098390600255948,-1.5543315860386528,9.497870416327288,7.030306944017333,0.5323730795925463,-1.0197342925990562
86500.0,16.46806218013912,14.610238550879153,0.6512301640152632,-1.0800671346619148,33.27953250844637,28.010509373072324,0.3961655069399558,-1.4701645376255263,507019.6869864343,381079.9903854666,0.1095369116082265,-1.504711305646319,18.83252996224589,13.3635984991493,0.1746860605209681,-1.4884310507230976,140.7080598252741,111.53499361057024,0.2122156454781106,-1.5398520910319151,9.355583561213049,7.871517018201626,0.5446511921021967,-1.0665613491833548
87000.0,16.481651835969327,14.580268596918598,0.6482893764529151,-1.0807434415556898,32.62677101588694,27.463097933380702,0.3862005566367157,-1.4796413917534192,500975.4808282656,380068.15021283395,0.1307854201253976,-1.4975016620036878,18.608889137280528,13.223754147146598,0.16829312205614178,-1.4903022486336635,139.62097119059024,110.10676855550291,0.2113924344206411,-1.5408608336697724,9.52701832437086,8.06451591504364,0.6257048795393166,-0.937660284348556
87500.0,16.495241491799533,14.550298642958044,0.6453485888905668,-1.081419748449465,31.974009523327503,26.91568649368908,0.3762356063334756,-1.489118245881312,494931.27467009693,379056.31004020135,0.15203392864256868,-1.4902920183610566,18.385248312315166,13.083909795143896,0.16190018359131542,-1.4921734465442293,138.53388255590636,108.67854350043557,0.21056922336317158,-1.54186957630763,9.698453087528673,8.25751481188565,0.7067585669764366,-0.8087592195137573
88000.0,16.50883114762974,14.52032868899749,0.6424078013282186,-1.08209605534324,31.321248030768068,26.368275053997458,0.3662706560302355,-1.4985951000092048,488887.06851192826,378044.4698675687,0.1732824371597398,-1.4830823747184254,18.161607487349805,12.944065443141195,0.15550724512648909,-1.4940446444547952,137.4467939212225,107.25031844536824,0.20974601230570208,-1.5428783189454873,9.869887850686485,8.450513708727664,0.7878122544135566,-0.6798581546789586
88500.0,16.52242080345994,14.490358735036935,0.6394670137658705,-1.0827723622370151,30.66848653820863,25.820863614305836,0.3563057057269954,-1.5080719541370975,482842.8623537595,377032.6296949361,0.19453094567691087,-1.4758727310757942,17.937966662384447,12.804221091138494,0.14911430666166273,-1.4959158423653613,136.35970528653866,105.8220933903009,0.2089228012482326,-1.5438870615833449,10.041322613844299,8.643512605569676,0.8688659418506766,-0.5509570898441598
89000.0,16.536010459290146,14.46038878107638,0.6365262262035223,-1.08344866913079,30.015725045649194,25.273452174614214,0.3463407554237553,-1.5175488082649904,476798.65619559085,376020.78952230344,0.21577945419408195,-1.468663087433163,17.714325837419086,12.664376739135793,0.1427213681968364,-1.4977870402759272,135.2726166518548,104.39386833523358,0.2080995901907631,-1.5448958042212022,10.212757377002111,8.836511502411689,0.9499196292877965,-0.422056025009361
89500.0,16.549600115120352,14.430418827115826,0.633585438641174,-1.0841249760245653,29.36296355308976,24.72604073492259,0.3363758051205152,-1.527025662392883,470754.4500374222,375008.94934967085,0.23702796271125304,-1.4614534437905318,17.490685012453724,12.52453238713309,0.13632842973201004,-1.4996582381864931,134.18552801717092,102.96564328016623,0.20727637913329358,-1.5459045468590598,10.384192140159923,9.029510399253702,1.0309733167249164,-0.29315496017456233
90000.0,16.563189770950558,14.400448873155272,0.6306446510788258,-1.0848012829183402,28.710202060530325,24.17862929523097,0.3264108548172751,-1.536502516520776,464710.2438792535,373997.1091770382,0.2582764712284241,-1.4542438001479006,17.267044187488363,12.38468803513039,0.1299354912671837,-1.501529436097059,133.09843938248707,101.5374182250989,0.2064531680758241,-1.546913289496917,10.555626903317735,9.222509296095714,1.1120270041620364,-0.1642538953397636
90500.0,16.55378366445232,14.414809336752276,0.6267690725093134,-1.090084689144612,28.425454515825535,23.97948657632251,0.3273075596401169,-1.5381469590739154,463082.3603870139,373303.4477924859,0.26137735374962706,-1.4514337697531206,17.167713189267378,12.32932839608257,0.13833702528544123,-1.4992212483432994,132.34378607999074,101.14997366557735,0.21193647817115946,-1.5419515209786943,10.660410342531533,9.27415353824997,1.0981969335376178,-0.17516987747361465
91000.0,16.544377557954082,14.42916980034928,0.622893493939801,-1.0953680953708842,28.140706971120746,23.78034385741405,0.32820426446295864,-1.539791401627055,461454.47689477424,372609.78640793357,0.26447823627083,-1.4486237393583403,17.06838219104639,12.273968757034751,0.14673855930369872,-1.49691306058954,131.5891327774944,100.7625291060558,0.2174197882664948,-1.5369897524604716,10.76519378174533,9.325797780404226,1.084366862913199,-0.1860858596074657
91500.0,16.534971451455846,14.443530263946286,0.6190179153702885,-1.100651501597156,27.855959426415957,23.58120113850559,0.3291009692858004,-1.5414358441801945,459826.59340253455,371916.12502338126,0.2675791187920329,-1.4458137089635603,16.969051192825404,12.218609117986931,0.15514009332195622,-1.4946048728357804,130.8344794749981,100.37508454653424,0.22290309836183017,-1.5320279839422488,10.869977220959127,9.377442022558482,1.0705367922887805,-0.19700184174131674
92000.0,16.525565344957606,14.45789072754329,0.6151423368007761,-1.1059349078234282,27.571211881711164,23.382058419597133,0.32999767410864217,-1.5430802867333342,458198.7099102949,371222.46363882895,0.27068000131323583,-1.4430036785687803,16.86972019460442,12.163249478939113,0.16354162734021374,-1.492296685082021,130.07982617250175,99.98763998701267,0.2283864084571655,-1.527066215424026,10.974760660172924,9.429086264712737,1.056706721664362,-0.20791782387516783
92500.0,16.51615923845937,14.472251191140295,0.6112667582312636,-1.1112183140497,27.286464337006375,23.18291570068867,0.33089437893148393,-1.5447247292864736,456570.8264180553,370528.80225427664,0.27378088383443877,-1.440193648174,16.77038919638343,12.107889839891293,0.17194316135847126,-1.4899884973282613,129.32517287000542,99.60019542749112,0.23386971855250088,-1.5221044469058032,11.079544099386721,9.480730506866994,1.0428766510399432,-0.21883380600901886
93000.0,16.50675313196113,14.486611654737299,0.6073911796617513,-1.1165017202759722,27.001716792301586,22.983772981780213,0.33179108375432564,-1.546369171839613,454942.94292581565,369835.14086972433,0.2768817663556417,-1.43738361777922,16.671058198162445,12.052530200843474,0.18034469537672876,-1.487680309574502,128.57051956750908,99.21275086796956,0.23935302864783625,-1.5171426783875805,11.18432753860052,9.53237474902125,1.0290465804155247,-0.22974978814286992
93500.0,16.497347025462894,14.500972118334303,0.6035156010922388,-1.121785126502244,26.716969247596797,22.784630262871755,0.3326877885771674,-1.5480136143927528,453315.059433576,369141.479485172,0.27998264887684465,-1.43457358738444,16.57172719994146,11.997170561795654,0.18874622939498625,-1.4853721218207423,127.81586626501276,98.825306308448,0.2448363387431716,-1.5121809098693577,11.289110977814317,9.584018991175505,1.0152165097911061,-0.24066577027672098
94000.0,16.487940918964657,14.515332581931307,0.5996400225227264,-1.127068532728516,26.432221702892008,22.585487543963296,0.3335844934000092,-1.5496580569458922,451687.1759413364,368447.8181006197,0.28308353139804754,-1.43176355698966,16.47239620172047,11.941810922747834,0.19714776341324378,-1.4830639340669827,127.06121296251642,98.43786174892645,0.25031964883850694,-1.5072191413511349,11.393894417028115,9.635663233329762,1.0013864391666873,-0.251581752410572
94500.0,16.478534812466417,14.529693045528314,0.5957644439532139,-1.132351938954788,26.147474158187215,22.386344825054834,0.33448119822285094,-1.5513024994990319,450059.2924490967,367754.1567160674,0.2861844139192505,-1.4289535265948798,16.373065203499486,11.886451283700016,0.2055492974315013,-1.4807557463132233,126.3065596600201,98.0504171894049,0.2558029589338423,-1.502257372832912,11.498677856241912,9.687307475484017,0.9875563685422688,-0.2624977345444231
95000.0,16.46912870596818,14.544053509125318,0.5918888653837016,-1.13763534518106,25.862726613482426,22.187202106146376,0.3353779030456927,-1.5529469420521713,448431.40895685705,367060.4953315151,0.2892852964404534,-1.4261434962000998,16.2737342052785,11.831091644652195,0.2139508314497588,-1.4784475585594636,125.55190635752376,97.66297262988334,0.2612862690291777,-1.4972956043146894,11.603461295455709,9.738951717638272,0.9737262979178503,-0.2734137166782742
95500.0,16.45972259946994,14.558413972722322,0.5880132868141891,-1.142918751407332,25.577979068777637,21.988059387237918,0.33627460786853447,-1.5545913846053108,446803.5254646174,366366.8339469628,0.29238617896165636,-1.4233334658053198,16.174403207057512,11.775732005604377,0.2223523654680163,-1.4761393708057042,124.79725305502743,97.27552807036179,0.26676957912451305,-1.4923338357964666,11.708244734669506,9.79059595979253,0.9598962272934316,-0.2843296988121252
96000.0,16.450316492971705,14.572774436319326,0.5841377082446767,-1.148202157633604,25.293231524072848,21.788916668329456,0.33717131269137623,-1.5562358271584504,445175.6419723778,365673.1725624105,0.29548706148285925,-1.4205234354105396,16.075072208836527,11.720372366556557,0.2307538994862738,-1.4738311830519446,124.0425997525311,96.88808351084022,0.27225288921984836,-1.4873720672782438,11.813028173883303,9.842240201946785,0.946066156669013,-0.29524568094597625
96500.0,16.440910386473465,14.58713489991633,0.5802621296751642,-1.153485563859876,25.00848397936806,21.589773949420998,0.338068017514218,-1.5578802697115899,443547.75848013815,364979.51117785816,0.2985879440040622,-1.4177134050157596,15.975741210615542,11.665012727508739,0.23915543350453133,-1.4715229952981852,123.28794645003477,96.50063895131866,0.27773619931518373,-1.482410298760021,11.9178116130971,9.89388444410104,0.9322360860445944,-0.3061616630798273
97000.0,16.43150427997523,14.601495363513335,0.5763865511056518,-1.1587689700861479,24.72373643466327,21.39063123051254,0.33896472233705977,-1.5595247122647293,441919.8749878985,364285.84979330585,0.30168882652526513,-1.4149033746209796,15.876410212394555,11.609653088460918,0.24755696752278883,-1.4692148075444256,122.53329314753844,96.11319439179711,0.2832195094105191,-1.4774485302417983,12.022595052310898,9.945528686255297,0.9184060154201757,-0.31707764521367837
97500.0,16.42209817347699,14.615855827110341,0.5725109725361394,-1.1640523763124198,24.43898888995848,21.191488511604078,0.33986142715990153,-1.561169154817869,440291.9914956588,363592.18840875354,0.30478970904646807,-1.4120933442261994,15.777079214173568,11.554293449413098,0.2559585015410464,-1.4669066197906662,121.77863984504211,95.72574983227555,0.28870281950585447,-1.4724867617235755,12.127378491524695,9.997172928409553,0.9045759447957571,-0.32799362734752946
98000.0,16.412692066978753,14.630216290707345,0.568635393966627,-1.1693357825386919,24.154241345253688,20.99234579269562,0.3407581319827433,-1.5628135973710084,438664.1080034192,362898.52702420123,0.30789059156767096,-1.4092833138314194,15.677748215952583,11.49893381036528,0.2643600355593039,-1.4645984320369065,121.02398654254577,95.338305272754,0.29418612960118984,-1.4675249932053527,12.232161930738492,10.04881717056381,0.8907458741713385,-0.3389096094813805
98500.0,16.403285960480517,14.64457675430435,0.5647598153971145,-1.1746191887649637,23.8694938005489,20.79320307378716,0.34165483680558506,-1.5644580399241481,437036.22451117955,362204.8656396489,0.3109914740888739,-1.4064732834366394,15.578417217731596,11.44357417131746,0.27276156957756137,-1.462290244283147,120.26933324004945,94.95086071323244,0.29966943969652515,-1.4625632246871298,12.33694536995229,10.100461412718065,0.8769158035469199,-0.3498255916152315
99000.0,16.393879853982277,14.658937217901354,0.5608842368276021,-1.1799025949912358,23.58474625584411,20.5940603548787,0.34255154162842677,-1.5661024824772876,435408.3410189399,361511.2042550966,0.31409235661007684,-1.4036632530418593,15.47908621951061,11.388214532269641,0.28116310359581886,-1.4599820565293875,119.51467993755311,94.56341615371089,0.3051527497918605,-1.4576014561689072,12.441728809166086,10.15210565487232,0.8630857329225012,-0.3607415737490826
99500.0,16.38447374748404,14.673297681498358,0.5570086582580897,-1.1851860012175077,23.29999871113932,20.39491763597024,0.34344824645126854,-1.567746925030427,433780.4575267003,360817.5428705443,0.3171932391312798,-1.4008532226470791,15.379755221289624,11.332854893221821,0.28956463761407636,-1.4576738687756279,118.76002663505678,94.17597159418933,0.3106360598871959,-1.4526396876506844,12.546512248379885,10.203749897026578,0.8492556622980827,-0.3716575558829337
100000.0,16.3750676409858,14.687658145095362,0.5531330796885772,-1.1904694074437798,23.01525116643453,20.195774917061783,0.3443449512741103,-1.5693913675835667,432152.5740344606,360123.881485992,0.3202941216524827,-1.3980431922522991,15.280424223068637,11.277495254174003,0.29796617163233385,-1.4553656810218685,118.00537333256045,93.78852703466777,0.3161193699825312,-1.4476779191324616,12.651295687593683,10.255394139180833,0.835425591673664,-0.38257353801678473
100500.0,16.365661534487565,14.702018608692368,0.5492575011190648,-1.1957528136700517,22.73050362172974,19.99663219815332,0.34524165609695207,-1.5710358101367061,430524.69054222095,359430.2201014397,0.3233950041736856,-1.395233161857519,15.18109322484765,11.222135615126183,0.30636770565059135,-1.4530574932681088,117.25072003006412,93.40108247514621,0.32160268007786663,-1.4427161506142387,12.75607912680748,10.307038381335088,0.8215955210492454,-0.39348952015063576
101000.0,16.356255427989325,14.716379072289373,0.5453819225495524,-1.2010362198963238,22.44575607702495,19.797489479244863,0.34613836091979383,-1.5726802526898458,428896.8070499813,358736.5587168874,0.32649588669488855,-1.3924231314627389,15.081762226626665,11.166775976078362,0.3147692396688489,-1.4507493055143494,116.49606672756778,93.01363791562466,0.32708599017320195,-1.4377543820960161,12.860862566021277,10.358682623489345,0.8077654504248268,-0.4044055022844868
101500.0,16.34684932149109,14.730739535886377,0.5415063439800399,-1.2063196261225957,22.16100853232016,19.598346760336405,0.3470350657426356,-1.5743246952429852,427268.9235577417,358042.89733233507,0.3295967692160915,-1.3896131010679589,14.982431228405678,11.111416337030544,0.3231707736871064,-1.4484411177605898,115.74141342507146,92.6261933561031,0.3325693002685373,-1.4327926135777933,12.965646005235074,10.4103268656436,0.7939353798004082,-0.4153214844183379
102000.0,16.35312948486536,14.701126052351004,0.5413466724710295,-1.2112826075902698,21.914054294130523,19.239410976467443,0.3310298643252594,-1.5709979287788833,426973.9205424755,357005.7990787427,0.3383544757414456,-1.3753372372279211,14.882342584891038,11.005355536788235,0.3285194410449315,-1.438319925601631,114.80459479967183,91.84683447489375,0.3399962414520714,-1.4308681607318288,13.11283277356513,10.368350273318066,0.7654153529473935,-0.43350400339184464
102500.0,16.35940964823963,14.671512568815633,0.541187000962019,-1.2162455890579438,21.66710005594088,18.880475192598478,0.3150246629078832,-1.5676711623147814,426678.91752720927,355968.70082515036,0.34711218226679974,-1.3610613733878836,14.782253941376396,10.899294736545928,0.3338681084027566,-1.428198733442672,113.86777617427221,91.0674755936844,0.3474231826356055,-1.4289437078858642,13.260019541895186,10.32637368099253,0.7368953260943787,-0.45168652236535145
103000.0,16.3656898116139,14.64189908528026,0.5410273294530086,-1.221208570525618,21.420145817751244,18.521539408729517,0.299019461490507,-1.5643443958506795,426383.91451194306,354931.602571558,0.35586988879215387,-1.3467855095478458,14.682165297861756,10.793233936303618,0.33921677576058173,-1.4180775412837132,112.93095754887258,90.28811671247504,0.3548501238191396,-1.4270192550399,13.407206310225241,10.284397088666996,0.708375299241364,-0.4698690413388582
103500.0,16.371969974988176,14.612285601744887,0.5408676579439982,-1.226171551993292,21.173191579561603,18.162603624860555,0.28301426007313085,-1.5610176293865774,426088.91149667685,353894.50431796565,0.364627595317508,-1.332509645707808,14.582076654347116,10.687173136061311,0.3445654431184068,-1.4079563491247542,111.99413892347295,89.5087578312657,0.3622770650026737,-1.4250948021939354,13.554393078555298,10.24242049634146,0.6798552723883492,-0.488051560312365
104000.0,16.378250138362446,14.582672118209514,0.5407079864349877,-1.231134533460966,20.926237341371966,17.80366784099159,0.26700905865575464,-1.5576908629224755,425793.90848141065,352857.40606437327,0.3733853018428621,-1.3182337818677703,14.481988010832474,10.581112335819002,0.34991411047623194,-1.3978351569657954,111.05732029807332,88.72939895005635,0.3697040061862078,-1.4231703493479708,13.701579846885354,10.200443904015925,0.6513352455353345,-0.5062340792858718
104500.0,16.384530301736717,14.553058634674143,0.5405483149259772,-1.2360975149286402,20.679283103182325,17.44473205712263,0.2510038572383785,-1.5543640964583736,425498.90546614444,351820.30781078094,0.38214300836821624,-1.3039579180277328,14.381899367317834,10.475051535576695,0.355262777834057,-1.3877139648068364,110.1205016726737,87.950040068847,0.3771309473697419,-1.4212458965020063,13.84876661521541,10.158467311690389,0.6228152186823197,-0.5244165982593786
105000.0,16.390810465110988,14.52344515113877,0.5403886434169668,-1.2410604963963143,20.432328864992687,17.085796273253663,0.23499865582100227,-1.5510373299942717,425203.90245087823,350783.20955718856,0.3909007148935703,-1.289682054187695,14.281810723803193,10.368990735334386,0.36061144519188215,-1.3775927726478776,109.18368304727407,87.17068118763765,0.384557888553276,-1.4193214436560417,13.995953383545466,10.116490719364855,0.594295191829305,-0.5425991172328853
105500.0,16.39709062848526,14.493831667603397,0.5402289719079564,-1.2460234778639883,20.185374626803046,16.726860489384702,0.21899345440362608,-1.5477105635301698,424908.899435612,349746.11130359623,0.39965842141892444,-1.2754061903476572,14.181722080288552,10.262929935092076,0.36596011254970723,-1.3674715804889188,108.24686442187445,86.3913223064283,0.3919848297368101,-1.4173969908100774,14.14314015187552,10.07451412703932,0.5657751649762903,-0.5607816362063921
106000.0,16.40337079185953,14.464218184068026,0.5400693003989459,-1.2509864593316624,19.93842038861341,16.36792470551574,0.2029882529862499,-1.5443837970660679,424613.8964203458,348709.01305000385,0.40841612794427856,-1.2611303265076197,14.081633436773911,10.156869134849769,0.37130877990753236,-1.3573503883299598,107.31004579647482,85.61196342521895,0.3994117709203442,-1.4154725379641129,14.290326920205578,10.032537534713784,0.5372551381232755,-0.578964155179899
106500.0,16.4096509552338,14.434604700532653,0.5399096288899354,-1.2559494407993366,19.691466150423768,16.008988921646775,0.1869830515688737,-1.541057030601966,424318.8934050796,347671.9147964115,0.4171738344696327,-1.246854462667582,13.981544793259271,10.05080833460746,0.37665744726535744,-1.347229196171001,106.3732271710752,84.8326045440096,0.40683871210387834,-1.4135480851181483,14.437513688535633,9.99056094238825,0.5087351112702607,-0.5971466741534057
107000.0,16.415931118608075,14.40499121699728,0.539749957380925,-1.2609124222670105,19.44451191223413,15.650053137777814,0.17097785015149752,-1.5377302641378638,424023.89038981334,346634.81654281914,0.4259315409949868,-1.2325785988275442,13.88145614974463,9.944747534365153,0.38200611462318257,-1.337108004012042,105.43640854567556,84.05324566280025,0.4142656532874124,-1.4116236322721838,14.58470045686569,9.948584350062713,0.48021508441724603,-0.6153291931269125
107500.0,16.422211281982346,14.375377733461907,0.5395902858719146,-1.2658754037346847,19.19755767404449,15.291117353908852,0.1549726487341213,-1.534403497673762,423728.88737454714,345597.7182892268,0.43468924752034094,-1.2183027349875064,13.781367506229989,9.838686734122843,0.3873547819810077,-1.3269868118530832,104.49958992027594,83.2738867815909,0.42169259447094654,-1.4096991794262193,14.731887225195745,9.906607757737179,0.45169505756423134,-0.6335117121004192
108000.0,16.428491445356617,14.345764249926535,0.5394306143629041,-1.2708383852023588,18.950603435854852,14.932181570039887,0.13896744731674512,-1.53107673120966,423433.8843592809,344560.62003563443,0.44344695404569506,-1.2040268711474689,13.681278862715349,9.732625933880536,0.3927034493388328,-1.3168656196941242,103.56277129487631,82.49452790038154,0.4291195356544806,-1.4077747265802547,14.8790739935258,9.864631165411643,0.4231750307112166,-0.651694231073926
108500.0,16.434771608730887,14.316150766391162,0.5392709428538937,-1.2758013666700327,18.70364919766521,14.573245786170926,0.12296224589936894,-1.5277499647455581,423138.8813440147,343523.5217820421,0.4522046605710492,-1.189751007307431,13.581190219200707,9.626565133638227,0.39805211669665785,-1.3067444275351654,102.62595266947669,81.7151690191722,0.43654647683801473,-1.4058502737342904,15.026260761855857,9.822654573086108,0.39465500385820185,-0.6698767500474327
109000.0,16.44105177210516,14.28653728285579,0.5391112713448832,-1.280764348137707,18.456694959475573,14.214310002301962,0.10695704448199275,-1.5244231982814562,422843.8783287485,342486.4235284497,0.46096236709640326,-1.1754751434673933,13.481101575686067,9.52050433339592,0.403400784054483,-1.2966232353762064,101.68913404407706,80.93581013796285,0.4439734180215488,-1.4039258208883258,15.173447530185912,9.780677980760574,0.3661349770051871,-0.6880592690209396
109500.0,16.44733193547943,14.256923799320418,0.5389515998358727,-1.285727329605381,18.209740721285932,13.855374218432999,0.09095184306461657,-1.5210964318173543,422548.8753134823,341449.3252748574,0.4697200736217574,-1.1611992796273558,13.381012932171426,9.41444353315361,0.4087494514123081,-1.2865020432172476,100.75231541867744,80.1564512567535,0.4514003592050829,-1.4020013680423613,15.32063429851597,9.738701388435038,0.33761495015217236,-0.7062417879944464
110000.0,16.4536120988537,14.227310315785045,0.5387919283268623,-1.290690311073055,17.962786483096295,13.496438434564038,0.07494664164724035,-1.5177696653532524,422253.8722982161,340412.227021265,0.4784777801471115,-1.146923415787318,13.280924288656784,9.308382732911301,0.4140981187701332,-1.2763808510582888,99.81549679327782,79.37709237554415,0.458827300388617,-1.4000769151963968,15.467821066846025,9.696724796109503,0.3090949232991576,-0.7244243069679531
110500.0,16.459892262227974,14.197696832249672,0.5386322568178519,-1.2956532925407291,17.715832244906657,13.137502650695074,0.058941440229864195,-1.5144428988891503,421958.8692829499,339375.1287676727,0.48723548667246563,-1.1326475519472803,13.180835645142144,9.202321932668994,0.41944678612795827,-1.2662596588993298,98.87867816787818,78.5977334943348,0.4662542415721511,-1.3981524623504322,15.61500783517608,9.654748203783967,0.28057489644614286,-0.74260682594146
111000.0,16.466172425602245,14.1680833487143,0.5384725853088415,-1.3006162740084033,17.468878006717016,12.778566866826111,0.04293623881248798,-1.5111161324250484,421663.8662676837,338338.0305140803,0.49599319319781976,-1.1183716881072425,13.080747001627504,9.096261132426685,0.4247954534857834,-1.256138466740371,97.94185954247855,77.81837461312546,0.4736811827556852,-1.396228009504468,15.762194603506137,9.612771611458433,0.2520548695931282,-0.7607893449149667
111500.0,16.472452588976516,14.138469865178928,0.5383129137998309,-1.3055792554760772,17.221923768527375,12.41963108295715,0.026931037395111823,-1.5077893659609465,421368.8632524175,337300.9322604879,0.5047508997231739,-1.104095824267205,12.980658358112862,8.990200332184376,0.43014412084360854,-1.246017274581412,97.00504091707893,77.0390157319161,0.4811081239392193,-1.3943035566585034,15.909381371836194,9.570795019132897,0.22353484274011337,-0.7789718638884735
112000.0,16.478732752350787,14.108856381643555,0.5381532422908205,-1.3105422369437514,16.974969530337738,12.060695299088186,0.0109258359777356,-1.5044625994968446,421073.86023715127,336263.8340068956,0.513508606248528,-1.0898199604271672,12.880569714598222,8.884139531942068,0.4354927882014336,-1.2358960824224532,96.0682222916793,76.25965685070675,0.4885350651227534,-1.3923791038125388,16.05656814016625,9.528818426807362,0.1950148158870987,-0.7971543828619803
112500.0,16.28472237226974,14.120296853562248,0.5492843698437767,-1.3019619662678836,16.071151384927962,11.389699463694884,0.08977025694573056,-1.3659231811564727,413998.4465873819,332732.6292261081,0.5166653323988945,-1.0901113338164061,12.340404126282536,8.654887224336802,0.4732746038507364,-1.176590647433552,92.64709546816238,74.01025321774918,0.5123315508244418,-1.3259860410649034,16.15809049448756,9.62388846329326,0.18787880579542604,-0.8440352119350609
113000.0,16.090711992188695,14.131737325480941,0.5604154973967328,-1.2933816955920159,15.16733323951819,10.71870362830158,0.16861467791372553,-1.2273837628161008,406923.0329376125,329201.4244453206,0.519822058549261,-1.0904027072056452,11.800238537966848,8.425634916731536,0.5110564195000391,-1.1172852124446504,89.22596864464546,71.76084958479161,0.5361280365261302,-1.259592978317268,16.25961284880887,9.718958499779161,0.18074279570375337,-0.8909160410081416
113500.0,15.896701612107647,14.143177797399634,0.571546624949689,-1.2848014249161481,14.263515094108413,10.047707792908277,0.2474590988817205,-1.0888443444757292,399847.6192878432,325670.2196645331,0.5229787846996274,-1.0906940805948842,11.260072949651162,8.19638260912627,0.5488382351493419,-1.0579797774557491,85.80484182112853,69.51144595183405,0.5599245222278186,-1.1931999155696325,16.361135203130182,9.81402853626506,0.1736067856120807,-0.9377968700812223
114000.0,15.7026912320266,14.154618269318327,0.5826777525026452,-1.2762211542402804,13.359696948698641,9.376711957514974,0.32630351984971545,-0.9503049261353572,392772.2056380738,322139.01488374564,0.526135510849994,-1.090985453984123,10.719907361335476,7.967130301521003,0.5866200507986447,-0.9986743424668477,82.3837149976116,67.26204231887648,0.583721007929507,-1.1268068528219968,16.462657557451493,9.90909857275096,0.16647077552040804,-0.9846776991543029
114500.0,15.508680851945552,14.16605874123702,0.5938088800556014,-1.2676408835644128,12.455878803288865,8.705716122121672,0.4051479408177104,-0.8117655077949854,385696.7919883044,318607.8101029581,0.5292922370003604,-1.091276827373362,10.17974177301979,7.7378779939157365,0.6244018664479475,-0.9393689074779463,78.96258817409468,65.01263868591892,0.6075174936311954,-1.0604137900743615,16.564179911772804,10.004168609236858,0.15933476542873537,-1.0315585282273836
115000.0,15.314670471864506,14.177499213155713,0.6049400076085575,-1.259060612888545,11.55206065787909,8.03472028672837,0.48399236178570537,-0.6732260894546136,378621.378338535,315076.6053221706,0.5324489631507269,-1.091568200762601,9.639576184704104,7.50862568631047,0.6621836820972502,-0.8800634724890449,75.54146135057775,62.763235052961356,0.6313139793328838,-0.9940207273267259,16.66570226609412,10.099238645722757,0.15219875533706267,-1.0784393573004643
115500.0,15.12066009178346,14.188939685074406,0.6160711351615137,-1.2504803422126773,10.648242512469317,7.363724451335065,0.5628367827537003,-0.5346866711142417,371545.96468876564,311545.40054138313,0.5356056893010934,-1.09185957415184,9.099410596388417,7.279373378705203,0.699965497746553,-0.8207580375001435,72.12033452706083,60.51383142000379,0.6551104650345723,-0.9276276645790904,16.76722462041543,10.194308682208657,0.14506274524539,-1.125320186373545
116000.0,14.926649711702414,14.200380156993099,0.6272022627144699,-1.2419000715368096,9.744424367059542,6.692728615941762,0.6416812037216952,-0.39614725277386986,364470.5510389963,308014.1957605956,0.5387624154514599,-1.0921509475410789,8.55924500807273,7.0501210710999365,0.7377473133958558,-0.7614526025112422,68.6992077035439,58.26442778704622,0.6789069507362606,-0.861234601831455,16.86874697473674,10.289378718694556,0.13792673515371734,-1.1722010154466256
116500.0,14.732639331621366,14.211820628911791,0.638333390267426,-1.2333198008609418,8.840606221649768,6.02173278054846,0.7205256246896902,-0.257607834433498,357395.13738922693,304482.99097980815,0.5419191416018264,-1.092442320930318,8.019079419757045,6.82086876349467,0.7755291290451585,-0.7021471675223409,65.27808088002698,56.01502415408866,0.702703436437949,-0.7948415390838195,16.970269329058052,10.384448755180456,0.13079072506204467,-1.2190818445197062
117000.0,14.53862895154032,14.223261100830484,0.6494645178203822,-1.224739530185074,7.936788076239994,5.350736945155156,0.7993700456576852,-0.1190684160931261,350319.72373945755,300951.78619902063,0.5450758677521929,-1.092733694319557,7.478913831441358,6.591616455889404,0.8133109446944613,-0.6428417325334395,61.856954056510055,53.76562052113109,0.7264999221396374,-0.728448476336184,17.071791683379363,10.479518791666354,0.123654714970372,-1.265962673592787
117500.0,14.273161278216135,14.109481032870288,0.6827564826555101,-1.1711776128041613,8.600077008402888,5.750309212388618,0.7334446494056783,-0.2676820110453916,342899.55998519255,293563.0390081441,0.5389625237010471,-1.1247013236039742,7.290961232526968,6.256719569234043,0.7480716673686246,-0.6992983921167323,59.453655487517985,51.26704546905498,0.68106098689963,-0.768122821384971,16.496360713312473,11.072643170822232,0.22930567706684452,-1.2232120752439328
118000.0,14.00769360489195,13.995700964910093,0.716048447490638,-1.1176156954232486,9.263365940565784,6.14988147962208,0.6675192531536714,-0.416295605997657,335479.39623092755,286174.29181726754,0.5328491796499013,-1.1566689528883916,7.103008633612578,5.921822682578684,0.6828323900427878,-0.7557550517000252,57.05035691852592,48.768470416978865,0.6356220516596227,-0.807797166433758,15.920929743245582,11.665767549978112,0.334956639163317,-1.1804614768950785
118500.0,13.742225931567766,13.881920896949897,0.749340412325766,-1.0640537780423356,9.92665487272868,6.5494537468555425,0.6015938569016646,-0.5649092009499226,328059.2324766626,278785.544626391,0.5267358355987556,-1.1886365821728089,6.915056034698188,5.5869257959233245,0.6175931127169512,-0.812211711283318,54.64705834953385,46.26989536490275,0.5901831164196153,-0.8474715114825451,15.345498773178692,12.25889192913399,0.44060760125978954,-1.1377108785462244
119000.0,13.476758258243581,13.768140828989702,0.782632377160894,-1.0104918606614228,10.589943804891574,6.9490260140890046,0.5356684606496578,-0.713522795902188,320639.0687223976,271396.7974355145,0.5206224915476099,-1.2206042114572264,6.727103435783798,5.252028909267964,0.5523538353911144,-0.8686683708666109,52.24375978054178,43.77132031282664,0.544744181179608,-0.887145856531332,14.770067803111802,12.852016308289867,0.546258563356262,-1.0949602801973704
119500.0,13.211290584919396,13.654360761029507,0.8159243419960218,-0.9569299432805101,11.253232737054468,7.348598281322467,0.46974306439765084,-0.8621363908544535,313218.9049681326,264008.050244638,0.514509147496464,-1.2525718407416437,6.539150836869409,4.917132022612604,0.4871145580652777,-0.9251250304499037,49.84046121154971,41.272745260750526,0.4993052459396006,-0.926820201580119,14.19463683304491,13.445140687445747,0.6519095254527345,-1.052209681848516
120000.0,12.945822911595211,13.54058069306931,0.8492163068311498,-0.9033680258995972,11.916521669217364,7.748170548555929,0.403817668145644,-1.010749985806719,305798.7412138676,256619.30305376145,0.5083958034453183,-1.284539470026061,6.3511982379550185,4.582235135957244,0.421875280739441,-0.9815816900331966,47.437162642557645,38.77417020867441,0.4538663106995932,-0.966494546628906,13.61920586297802,14.038265066601625,0.757560487549207,-1.009459083499662
120500.0,12.51129740725315,13.143916914845018,0.9079548447380696,-0.712888373272617,15.334191323870368,11.531967324331626,0.5058738311579423,-0.909225046165023,294851.09074307355,244658.057632999,0.5111359956150922,-1.1947736176963013,7.399479385364728,5.251731324446873,0.4060092353882334,-0.9911169635151941,54.88289188887735,42.91516313160683,0.4429190990850957,-0.961862184300402,14.837588371074187,14.118086925447532,0.6916622979597338,-1.043975330701352
121000.0,12.076771902911087,12.747253136620724,0.9666933826449894,-0.5224087206456369,18.751860978523375,15.315764100107323,0.6079299941702404,-0.8077001065233269,283903.44027227943,232696.81221223657,0.513876187784866,-1.1050077653665413,8.447760532774439,5.921227512936502,0.3901431900370258,-1.0006522369971915,62.328621135197054,47.05615605453925,0.4319718874705982,-0.957229821971898,16.055970879170353,14.197908784293439,0.6257641083702605,-1.078491577903042
121500.0,11.642246398569027,12.350589358396432,1.0254319205519091,-0.33192906801865674,22.16953063317638,19.09956087588302,0.7099861571825385,-0.7061751668816308,272955.78980148537,220735.56679147412,0.5166163799546398,-1.0152419130367816,9.496041680184149,6.590723701426132,0.37427714468581813,-1.0101875104791889,69.77435038151677,51.19714897747167,0.4210246758561007,-0.9525974596433939,17.274353387266522,14.277730643139348,0.5598659187807873,-1.1130078251047322
122000.0,11.207720894226965,11.95392558017214,1.084170458458829,-0.1414494153916767,25.587200287829383,22.88335765165872,0.8120423201948368,-0.6046502272399348,262008.1393306913,208774.32137071167,0.5193565721244137,-0.9254760607070218,10.544322827593858,7.260219889915761,0.3584110993346105,-1.0197227839611864,77.22007962783647,55.33814190040409,0.4100774642416032,-0.94796509731489,18.49273589536269,14.357552501985255,0.4939677291913141,-1.1475240723064222
122500.0,9.568089209513833,9.609004139539806,1.0472683942835124,-0.0845218813109802,35.90475236261536,29.243743472930515,0.3942634370895104,-1.3197582419943077,211069.4733866966,169996.4441688428,0.7561316577148208,-0.5057200919772176,15.583209825492366,9.882468467404536,0.0270603806896665,-1.327385509613822,118.0807519508669,79.91648402298335,0.1420952443176158,-1.3204914707703863,20.96961130760145,14.468333930042702,-0.149927279747992,-1.5553390729700776
123000.0,8.890185049086853,9.176226237819485,1.0026180985104391,-0.28974243424162277,36.409482783185894,27.93869192291104,0.2791767087609937,-1.3770608344499424,212369.2884748059,169684.86164956205,0.6770178303706399,-0.6723444658038671,16.824761183281552,10.3226671007998,-0.0069578486550168,-1.4116063702434323,130.74161818568507,83.84268852509206,-0.007971835949564104,-1.3683025174416352,20.577174301740364,13.641079798499621,-0.18144565388589784,-1.4357024972405403
123500.0,8.212280888659873,8.743448336099162,0.957967802737366,-0.4949629871722654,36.914213203756425,26.633640372891563,0.164089980432477,-1.4343634269055772,213669.1035629152,169373.2791302813,0.597904003026459,-0.8389688396305166,18.066312541070737,10.762865734195064,-0.0409760779997001,-1.4958272308730425,143.40248442050324,87.76889302720076,-0.158038916216744,-1.416113564112884,20.18473729587928,12.81382566695654,-0.2129640280238037,-1.316065921511003
124000.0,7.782522828785066,8.0745016127241,0.9232878626421172,-0.6530145247689996,34.62977293202813,23.57868497307785,-0.0385319974296288,-1.2840813063506298,238771.2679960746,165048.14537018005,0.4813950734389286,-0.9257560834203238,19.70290437841337,9.767693026900396,-0.2720119858592409,-0.9935233565035944,156.3166548769864,78.48700838131873,-0.393848666663654,-1.0041557062580766,18.18074879918058,11.466850382903226,-0.1044859592886583,-1.243656589951247
124500.0,7.02783764073048,7.388479274007655,0.91331947027093,-0.673513264012132,31.654711867404764,18.35273438944228,-0.269428494306193,-0.9322999125819238,271722.3028346526,156106.21758942376,0.5688986807606617,-0.8322737127373587,19.16780093515321,10.731795745017196,-0.3019357619992202,-1.0505631058322715,154.7831494082726,82.68538623400126,-0.4280351841088001,-1.0276126601597464,13.934653203256994,9.706795102448382,0.2555683495258996,-1.085489601020441
125000.0,5.621512096881682,5.409454225646209,1.0457951761888382,-0.0424920350983266,19.046787618090505,13.441629841876388,0.2536509045697154,-1.1337137655913485,236988.4283374668,206975.6096941639,1.073421244283162,0.1400351614706632,16.948599512503872,10.60700678083347,-0.0300561061698787,-1.3185743437684438,132.06262529307332,82.89395336825876,-0.12135053306466,-1.3003457692967373,7.810022292378073,6.3318026074234925,0.59922671368865,-0.7323314216044756
125500.0,4.287271460590321,4.420247826116142,1.0887318959890986,-0.0932467416509941,23.088332910111667,15.719452601173826,0.0966378937255708,-1.3240979950644145,203600.3893060109,201841.5960734868,1.2899755012353813,0.9502184756957712,7.280193539606818,6.285835377686558,1.542727596340915,1.286537833290378,51.98002046847657,46.54865222299288,1.5128528310150386,1.150621895526564,14.313844981215343,10.543921083507987,0.0034859906420329,-1.6378215545628176
126000.0,5.632745711395895,3.998069372554901,0.5230504525006785,-0.7310970713812024,36.27400812984023,19.37563270656263,-0.4914808963219071,-1.105431957092159,187788.00074969092,191101.143292687,1.398185994098354,1.2062492855168203,13.517119451466868,9.06676177982471,0.7269681737574349,0.0747114836696507,106.54703082171876,73.80241695581604,0.6504950465948725,0.0677488527285339,19.304741087563382,11.884042604610556,-0.0825112357164153,-1.3668468029881151
126500.0,6.142956022624269,3.6884914095780736,0.1856115021641608,-0.9704784826597864,38.9361624664679,19.616510754674245,-0.1870000481062218,-1.0126768054165314,124185.26993870515,136595.1949436288,2.04591614961821,3.9149913993022034,14.790328173214291,9.408156572787975,0.0526603688595142,-0.9070858334374092,119.39548394256114,76.89310700536109,0.0395434028808512,-1.0614827390614536,20.283470070945786,11.122715398693575,-0.2327775918961613,-1.2597559604141115
127000.0,5.4811417725594955,3.6739930142552173,0.40438978517522994,-0.9915934333010681,36.8788645606469,18.838120081410242,-0.11454290143043,-1.1535036551159186,118343.16990105921,113100.13917162703,1.8697478897591964,3.319629196602991,13.743688871209834,8.169701976111215,-0.1458806829510752,-1.128572526349212,113.39886536100977,68.5391394714755,-0.14710799397248145,-1.20579144529379,17.66129156800766,10.43927041593826,-0.1281175439971342,-1.4523274005506086
127500.0,4.819327522494722,3.659494618932361,0.623168068186299,-1.0127083839423496,34.8215666548259,18.05972940814624,-0.0420857547546382,-1.294330504815306,112501.06986341329,89605.08339962525,1.6935796299001826,2.724266993903779,12.697049569205378,6.931247379434455,-0.3444217347616646,-1.3500592192610144,107.4022467794584,60.18517193758991,-0.3337593908258141,-1.350100151526126,15.039113065069534,9.755825433182943,-0.0234574960981071,-1.6448988406871057
128000.0,4.818985800014996,3.5088149326324096,0.5544283310644971,-1.007500571309899,34.07729672970488,17.864061872208943,-0.13325083432896,-1.3029543395460905,112533.53523770583,82851.81327123815,1.3365026737243044,1.6754096898385507,13.62757273372035,6.822875012228758,-0.3018878625321956,-0.9389333659871331,113.58176615520462,58.76921128691196,-0.27583479414157996,-1.006954446501642,13.863527240409743,9.52883163835792,0.12141401376806485,-1.5141972609600245
128500.0,4.81864407753527,3.3581352463324583,0.48568859394269503,-1.0022927586774486,33.33302680458386,17.668394336271643,-0.2244159139032818,-1.311578174276875,112566.00061199837,76098.54314285105,0.9794257175484262,0.6265523857733224,14.55809589823532,6.71450264502306,-0.25935399030272666,-0.5278075127132518,119.76128553095086,57.35325063623401,-0.2179101974573459,-0.6638087414771582,12.68794141574995,9.301837843532896,0.2662855236342368,-1.3834956812329435
129000.0,4.818302355055544,3.207455560032507,0.4169488568208931,-0.997084946044998,32.588756879462835,17.472726800334346,-0.3155809934776036,-1.3202020090076596,112598.46598629092,69345.27301446395,0.6223487613725481,-0.4223049182919056,15.488619062750292,6.606130277817363,-0.2168201180732577,-0.1166816594393704,125.94080490669708,55.93728998555606,-0.1599856007731118,-0.3206630364526743,11.51235559109016,9.074844048707872,0.4111570335004088,-1.2527941015058623
129500.0,4.498967009351068,2.7836849136964057,0.2125183531358744,-1.0099243123108377,26.445723288105608,15.47146266071268,-0.0162343893490711,-1.1612779718794086,107655.87881960224,65589.98877037824,0.3860122773734465,-0.6351065208959548,15.43268150457058,7.232071254510183,-0.0201739260470312,-0.0318369246292338,119.66399863124006,61.898541361618605,-0.0252762860710021,-0.2976221116089879,9.77880167060952,7.25160171268212,1.0413368646137726,0.013597509076741
130000.0,2.862334780016541,2.017007312790449,0.4704600076282593,-0.4224678586312627,19.47185978334156,13.26371459614804,0.1770280096148498,-1.1884634970497678,100822.03420728388,108934.30061601735,2.200438748364709,5.5542076270885286,11.48318519616508,8.239142078769987,0.581933591733665,-0.3144559447307169,88.60860309254704,61.47944827266997,0.3985794233287862,-0.7113486999762273,10.763918703658854,9.430619646497597,0.6407876971864174,-0.8479785209317923
130500.0,1.7552590978371758,1.652472133145925,1.1400395795954086,0.4232351562839525,14.225835293006712,12.973413368324522,1.2623415405587168,0.9139879812686376,118736.4127907676,146614.3529445187,1.87491585205246,3.020767640589052,5.8491674174602695,5.43703082525538,1.639978569433822,3.4425898727694664,45.86705082691342,40.88882838951795,1.3600796339085044,2.0628849854246747,7.112201632758141,6.54060138069614,0.6924523635161048,-0.7623576417831761
131000.0,2.508674233035812,2.044558057253236,0.6320020247584952,-0.7738356903209591,11.72843893932055,9.670337874038797,0.9667619982803862,0.3269158504367078,155704.20982314288,184936.6447465384,1.5580143631679764,1.2510833426337695,9.047890756552263,7.568147750233377,1.1001780097577247,0.8218193957473154,62.70071888512888,52.72318771219828,1.0595091129104506,0.7269190617922772,3.6544617106709993,3.282568271295716,1.3285985029092768,1.3542693628426052
131500.0,2.708899085138358,2.522615687532356,1.030523216301165,-0.0312466162864009,9.58619141533886,8.485250880461104,1.0220071269875677,0.052311495742773,190733.8757674288,234149.80993258665,1.4099026025629438,0.6276642512180013,9.24052336690496,8.501532679906616,1.0665692312327169,0.1861234961624021,63.49412067093955,57.641372026409165,1.015611657637586,0.071995081291468,2.482969807838296,2.0530172978463583,1.2615072774823497,1.518986497700996
132000.0,2.41251655429208,2.735379485026252,1.5769080745481188,1.814322159130616,6.656418596959466,7.461459747439083,1.574703289964754,1.6894061556247824,339521.63036760234,299605.450924219,0.8175356156025,-0.5527397701381029,9.413256395141955,9.26014550308112,0.9808163933898302,-0.1079046841725803,64.40696163003385,62.52428405538993,0.9539030990180232,-0.1089877708433153,3.117522964372736,2.875954065160176,1.3837445121271736,2.4234645334784317
132500.0,5.220012930860174,6.494493726659726,1.5722196421653047,1.4218114015772896,11.191073901484668,11.14788101685864,1.247477531448793,0.6477769792310295,509627.8351360156,387860.3845082214,0.3882316458830533,-1.13080830644786,14.290639272833124,11.534352325804196,0.7530979065150207,-0.3273356547744916,100.58147774952468,83.75909884831327,0.8149571468888192,-0.2143590361292484,6.008057433028078,5.62431533343627,1.1980687847673923,0.8889689807271068
133000.0,13.804713587706472,15.843651047882345,1.0511645433318106,-0.2799024201227063,17.268441456818127,17.959737701940362,0.981155070015089,-0.2907837042995367,384478.0802877406,330861.7850955387,0.8201297959335199,-0.4302838403490518,14.075961173576715,13.872033628179596,1.0765765558744946,0.0101852477269424,104.60965702526612,108.61034369035156,1.0965254116622074,-0.0100112404939598,10.629500470334175,11.298221396744989,1.202512652065106,0.4209258903843751
133500.0,30.81813641622115,23.898262425451435,0.3730332068182472,-1.0926485116921234,26.04561526089864,23.131662179429924,0.7088693760363896,-0.8051436388418751,267157.4153222788,203681.7259761957,0.7196410462511946,-0.4681082264015384,17.97606343344516,15.980027212872937,0.756055360054328,-0.6580771392567355,143.5116318868464,128.19069137569926,0.7526734386206748,-0.6782785396432853,21.716813391630907,16.802163576436236,0.4228218250168292,-0.942007157958948
