Time (cycle),Amplitude_Mean,Amplitude_Standard_deviation,Amplitude_Skewness,Amplitude_Kurtosis,Rise-Time_Mean,Rise-Time_Standard_deviation,Rise-Time_Skewness,Rise-Time_Kurtosis,Energy_Mean,Energy_Standard_deviation,Energy_Skewness,Energy_Kurtosis,Counts_Mean,Counts_Standard_deviation,Counts_Skewness,Counts_Kurtosis,Duration_Mean,Duration_Standard_deviation,Duration_Skewness,Duration_Kurtosis,RMS_Mean,RMS_Standard_deviation,RMS_Skewness,RMS_Kurtosis
500.0,15.333349563440434,11.273564150880953,0.5221833633257013,-0.9560354262983068,11.183341058114024,7.362457266863021,0.2739349574023086,-1.0402564932047866,3133423.487627851,2888475.96116175,0.9528978659611108,-0.5973738556705497,10.809002834625094,7.194359091675842,0.2011120748299377,-0.9675363745412104,79.77009630549047,54.48257128238878,0.3204656919662417,-0.7900208473456654,18.14403309432153,11.65720043945732,0.2562774906899582,-1.256212736303152
1000.0,37.50792725448978,18.369019758234376,-0.6450865295386322,-0.681973311659728,13.51067116069563,8.258162986790316,0.3012666491397517,-0.9458445689433416,3151880.3811011333,2446676.0464628027,0.5224352213868277,-1.164266207650508,11.113298453108222,7.414865382705959,0.4646161046817205,-0.998993095597232,82.29421583847046,53.64689710654725,0.5258576749366659,-0.8276563333472091,41.472385221536925,21.736739489174244,-0.402243360786209,-1.0041968248500088
1500.0,41.59806907575509,29.428498935003983,-0.0544317118847649,-1.5953286390731185,24.533347400576904,17.540794471175545,0.1710989641252278,-1.2303368112700586,2349508.0149702253,1498145.5511579309,0.2493081700542508,-1.0344508360143312,22.37181416202932,14.266641916911723,0.0156079390389397,-1.3507737454319269,160.29756689842688,101.6224835062663,0.1132993358495289,-1.2578904814116187,44.26278989586633,33.30180029899313,-0.0309053352177436,-1.7015064937177065
2000.0,21.957869287164176,22.015144619751336,1.1968391984623894,0.6901746298180655,17.110985963221015,17.562864625268066,1.301853862423498,0.5905399891628367,4304220.959848479,3188307.94721122,0.5027047156018908,-1.0426746514647514,16.77826671881578,13.252513274554168,0.9122100864057252,-0.0031099731685015,118.89129938454388,95.65024573316288,0.9453872724010276,-0.0010972378670928,21.669835818082404,22.229985310734115,0.9765141271139656,0.0222314139779307
2500.0,13.246295992137512,15.751743101541695,1.4109788772920382,0.7501652546888096,11.823501554869887,12.308917932675897,1.3221346545577677,0.7706770523605257,4295220.986221585,2913362.382338053,0.1110180441954283,-1.2084558659536675,10.356354845257064,9.349280153273009,1.026236213867049,-0.0337690391936726,77.32909750869564,71.63767678683602,1.0138533517039978,-0.1021429888956362,15.293155936093743,18.31423964971376,1.3088417312664749,0.4533490712142485
3000.0,3.25075886083031,5.270903598750203,2.7253716317278127,7.068103884350297,6.201045148994595,6.452055357784534,1.5820855829865923,1.9591192056123123,2234087.3838268504,1704764.9409826645,0.7880566749599962,-0.0256475512879967,4.937256756089576,4.435548717828352,1.498023408523122,2.054449302846028,39.91210711030004,36.991448719467215,1.446325773003582,1.759529127715715,6.184272858253317,7.490911314891905,1.9601425829146604,3.937300555331144
3500.0,1.545495135357818,1.3884046545125843,1.4781508331969169,2.357384621681848,6.149714488166221,5.226520573910975,1.0041604211493542,0.195128970666222,1216268.184565455,992464.2027425284,0.7714936228157115,-0.1085834002553522,3.260596565253282,2.6032974787013905,0.8644795755203984,-0.0105567749199906,23.00157137221516,19.199265223247927,1.1150028343524734,0.551001428642174,3.7855593011348425,2.71203806365774,0.3490865348163656,-1.0199788985448544
4000.0,2.769854214786005,1.925437957173472,0.4016665658451582,-0.9461143391755792,10.76526546627152,7.753176579236367,0.7576517374839241,0.2133579229746591,1294760.338840019,1080205.5905570611,0.7914619567589464,-0.3168117605295015,6.261375197028617,5.746109729998704,1.3406014763324616,1.4920482183224966,42.86863786854607,39.72561682738864,1.3536276714193585,1.444923771430605,4.4156700310613,3.4164327913628614,0.55218146845309,-0.7739842142947344
4500.0,2.4803927088348523,1.7482125145530774,0.4896471635753287,-0.5977850149216843,11.840623703661144,9.485497108673734,0.8084253148111342,-0.0905976564845367,1776395.858021216,1260177.8961421791,0.4027055788492089,-0.7734215271746203,8.59692156157636,6.740890528939345,0.9217384919049516,0.2586261827984999,55.53068179908582,41.964027029324825,0.824879209782217,0.1536446463808847,4.543192622583577,3.812258296218856,0.5140549687774874,-1.14686803401921
5000.0,3.5016851714318635,3.071385360236266,0.9911892902809014,0.3546616445144281,14.94813998458834,11.815598537385686,0.7421983479009091,-0.3317644108930033,2477125.22534068,2252252.979643233,1.178971776613709,0.686510446370765,9.430902272202689,8.078569679113938,0.7877613159927298,-0.3126676846903624,65.14069248984184,54.93336556543801,0.8459055673920947,-0.1311686881618685,3.775566489581164,3.391662280610969,1.019109333273081,0.2693204059086453
5500.0,7.195817838518979,5.494244266470693,0.4188652618830728,-1.2592910543727496,13.56059035358565,9.72895880481062,0.5345748790825557,-0.5504445772325637,5154829.595536552,4243470.085385183,0.4580451051586139,-1.2952673867210696,18.858601372789813,13.579502414404027,0.3258998462680535,-1.1957493052066903,132.78959004944633,94.27819368489064,0.3417929242707339,-1.149390072835015,4.344009355383146,3.4777351953101703,0.56034720086944,-0.8706626875166656
6000.0,8.526435949580124,5.896399649795416,0.072432434106599,-1.350403861215293,20.416274141809534,16.72067294514117,0.6995575656878039,-0.720873192527804,4912345.694959681,3716122.024363509,0.5684672057447684,-0.7027029948524119,23.182789371835558,15.35875805812352,0.0223032742845114,-1.2440823013203268,159.68918204562718,106.78779994100712,0.0527664743399044,-1.218992992684689,5.290725252319312,4.388097893599489,0.7732583169817017,-0.4891101914982507
6500.0,5.053114595611424,3.89579426172756,0.578923306672575,-0.7757458567823394,18.663171845143385,14.107876139948235,0.502995113567833,-0.8079554391528716,3102002.694629781,2479719.589395312,0.6088981486239561,-0.7223422507527677,11.09299254469936,9.017205753677947,0.7378139183160584,-0.3235792175322443,73.91327764893869,61.48035385821181,0.980765550507613,0.3070445104883941,3.6755618141500177,2.586564689901697,0.3913949295957695,-0.7806357233924448
7000.0,5.372169644420128,4.870965648655487,0.7577991678863815,-0.6757145750448981,7.39438796054195,6.287040636882157,1.0015504398251058,0.5574302982188812,3405704.759151397,3389337.9368307022,0.8530536229182593,-0.7136147712235319,20.11206394979004,13.583417038177394,0.3225992706899831,-0.8954472057272302,145.52512589045145,94.61586791480627,0.2566725659701899,-0.8892959915481105,8.03666714412307,4.671299042768029,-0.2576330286839903,-0.9554861799564502
7500.0,7.687197858858869,5.228190453852207,-0.0017362207612423,-1.2090879620747796,15.590825096991187,9.392948172727586,0.2655682868877703,-0.8103387944307996,4327382.324759671,3314811.9015000663,0.4860696529471279,-0.9328153845744972,24.31798291409762,15.070143311132696,-0.3592067758181601,-1.2636952653176006,172.45774400149492,105.48963509150168,-0.4510740294735998,-1.2664839581077738,9.243364447409828,5.342982896887339,-0.3777038205325696,-1.1699230581869715
8000.0,8.273397677370372,6.143173786849546,-0.0990744370991275,-1.6456788631284094,23.26624637195153,16.4129186202776,0.4380002524107366,-0.8708857982084584,4309113.054273144,3129472.4542034483,-0.0623624388330474,-1.3658906431242184,23.423488253521967,17.084663034051815,0.0341140328711865,-1.464336070916202,162.26631377432074,118.8586188578578,-0.0404950110883225,-1.5025970713295576,5.743006405917869,4.017758135833721,0.2386531164512306,-1.0626999174885956
8500.0,6.164198761289656,5.6106416979180604,0.5257061350372032,-1.0674372004714454,25.78949947667968,16.890908548793483,0.1544032339968706,-1.0909440793807106,2868653.609302395,2432739.862768179,0.1841474858804485,-1.54787541388324,16.628512053702682,13.95434070533511,0.5652995568765781,-0.7947390626781452,110.10023592377507,90.8401891319158,0.5803060396885081,-0.6803317818675829,4.549804358583011,3.9936590054737056,0.7842272801039499,-0.7354960503384946
9000.0,4.341457186548634,3.440750890653484,0.3674829333258304,-1.088820776627898,13.70406874204727,9.161077748192245,0.2530770600308806,-1.0039920159292206,1898353.3294980584,1853722.7682387608,0.6723979660601637,-0.8081576339797971,11.012319409443927,7.160267539038747,0.1651193432735442,-1.1804479853132188,81.55624588385497,57.92776582934079,0.2301548164088439,-1.231866072866126,4.752441021958608,3.434297566688105,0.5434869555203046,-0.8766986816958351
9500.0,3.13262393028122,2.5541722678892205,0.6652632156287069,-0.8821500961478486,14.107122882879258,10.163834027217458,0.60369803476254,-0.4646954540108976,1660674.252451426,1775485.3727037602,0.834505949330851,-0.6754041672565041,9.592729805315985,7.225485435120698,0.6355431397925055,-0.459675505790813,69.49480526518833,54.72232630732713,0.5107039831672074,-0.8989079061877394,5.305169850150175,2.9316127711856788,-0.3015130842751735,-1.2046137952563325
10000.0,4.289516405580644,3.0686800356404675,0.5234823456595182,-1.1526836308709436,20.03993931805964,15.648342434389818,0.6058049445582887,-0.9501835137404018,1804443.0905218944,1819436.68944978,0.5109068830721157,-1.2983923597775255,14.528553118844773,11.846462783468056,0.692297021592341,-0.9912016807301134,101.5378534920411,81.15922158859438,0.6733017411107582,-0.9431463224203224,3.845704200967413,2.5337384545388675,0.1262580512946743,-1.3881277295466248
10500.0,4.416486912832706,4.077492891395783,0.7496543965566262,-1.011294912322127,22.637868482906065,17.675504346281087,0.4840938939961675,-1.2760507070396585,1721111.641289308,1857905.9221528536,0.61170424802478,-1.2844809547351417,14.156755876467829,15.03475551929956,0.8996957560580037,-0.7811031414522804,99.29255242019818,100.31844675862791,0.8783304984253633,-0.729161907018554,3.769535704579822,2.1979437336804644,0.0925044071581645,-0.7959481608717396
11000.0,4.379903226356143,4.440916882009269,1.057451389877514,-0.4506425305139259,25.38772376548196,14.612838493762188,-0.1511697315294416,-1.289579157799076,1471468.0006131243,1728081.0588311877,0.9035698298258495,-0.7393883096841374,14.316565254346626,14.677508967656433,1.0268882292675787,-0.4230116710519747,106.63189822011812,92.01725838868602,1.0259324489990895,-0.2459078703036965,3.265253664581313,2.101519306760156,0.3188434831223855,-0.8002074661171603
11500.0,4.269445294690027,4.359842819900113,1.1277867610618828,-0.24958022935097532,24.34028123793585,13.79734411742737,-0.17836114717682428,-1.1490821094335957,1390237.6013279029,1660892.376788532,0.9945143742297092,-0.48299443060410735,13.214109748489374,14.30518867647048,1.095886871163188,-0.2918050710827996,99.81205251290092,88.814077135953,1.0829302722518772,-0.1401068438163997,2.943483406089426,1.974883669333374,0.3913252466836124,-0.8615528954167323
12000.0,4.15898736302391,4.278768757790957,1.1981221322462516,-0.04851792818802475,23.29283871038974,12.981849741092551,-0.20555256282420692,-1.008585061068115,1309007.2020426812,1593703.6947458764,1.085458918633569,-0.22660055152407732,12.11165424263212,13.932868385284529,1.1648855130587974,-0.16059847111362452,92.99220680568374,85.61089588321997,1.1399280955046647,-0.03430581732910293,2.6217131475975393,1.848248031906592,0.4638070102448393,-0.9228983247163042
12500.0,4.048529431357794,4.1976946956818,1.2684575034306205,0.1525443729749258,22.24539618284363,12.166355364757733,-0.2327439784715896,-0.8680880127026347,1227776.8027574597,1526515.0127032206,1.1764034630374287,0.0297933275559527,11.009198736774868,13.560548094098577,1.2338841549544066,-0.0293918711444494,86.17236109846654,82.40771463048695,1.1969259187574524,0.0714952091581939,2.2999428891056524,1.7216123944798098,0.5362887738060662,-0.9842437540158762
13000.0,3.8569026159321504,3.863300384700128,1.3262938083221534,0.4244931035250205,18.470501491274053,11.142353888713588,0.5042003969656998,-0.2962504545430335,1094697.6003902154,1384570.7191099557,1.298574467250822,0.5108519284237247,10.44013035172005,11.5359436659283,1.306522472461741,0.2541538870610731,70.46149646225551,75.1757590031267,1.2368027202913436,0.2274988407199689,2.568359221553241,1.903749902632904,0.7095019430159779,-0.6118904629221791
13500.0,2.7870374476666786,3.528466582342189,1.6045458285432956,1.2390684685598554,10.435654869156998,9.046971073832523,1.2152642667857378,0.7403489843678965,903791.1730494564,1152422.3851982364,1.352194244758427,0.8273903823526076,9.47963097671074,8.488053327948016,1.4183493426350655,1.2003675008660712,56.79580312457588,55.87539705354829,1.5527843098828027,1.4115384360055847,2.2092536818787583,1.6591986843579454,0.3651469567408163,-1.0493132556132276
14000.0,2.0231857313687533,2.2397365786230683,1.9896784192221375,3.6790606488887807,11.94010093080592,10.72112125757812,1.0485076614836897,0.2176010252816751,666234.7554881291,835890.033403478,1.1915514677857644,0.3642195105591153,6.178287159723042,4.932657987654388,1.0507974054245568,1.377328715856482,47.63051370448292,37.434383330712656,0.5928827533728325,-0.5356851247911028,2.496224583167767,1.550483037274729,0.0873403840152322,-1.1509181020505748
14500.0,1.7525039329020988,1.4981755925158384,0.8627615980058938,0.0081434120156509,23.75968104298951,19.061723527291,0.2718928596651996,-1.4551167360690902,521359.82197303424,708567.10133301,1.2338858339044498,0.0150936962900805,7.178200714115052,7.028789676617508,1.282434747430741,0.6706845035437672,55.04977393865838,51.21181489331704,0.9315945055039562,-0.1483582580831992,2.270357720560368,1.3974464282261951,0.120011966429828,-1.11351372630975
15000.0,2.8105142701478374,2.367233862845852,0.7701510229248956,-0.5511538166605003,12.339487708335412,8.834658069737541,0.6570694646422536,-0.4127588851773662,490712.8822468782,731869.629007088,1.4727611610229656,0.5256890311297018,11.841842384528563,10.135370692289838,0.5719217221792094,-1.00606784756822,91.18936629975951,70.25749659167619,0.2688500419309704,-1.221011244269265,1.7022443919531705,1.1487149723493166,0.5309791748481627,-0.6235708881210984
15500.0,1.80591815110315,1.9246560514835267,1.5339233339919325,1.720743737665695,23.71584244051564,17.178460412864723,0.2105534234769415,-1.2294031643485752,282887.1423941849,470987.0495904671,2.4823135313869145,5.517139592616822,5.945600734060202,6.301372278740335,1.7003261654773338,2.5406421122905005,45.59523809065645,46.81257017413381,1.191288848310103,0.6716894726177336,2.2477798674393887,1.650237478154692,0.8489619036849619,-0.0853792346858619
16000.0,1.2631500318024091,1.138598928862648,1.1162659387714429,0.2747187529614261,14.126563222035724,11.868821270451049,0.7060725989962048,-0.5161738510929643,136486.43401968823,187906.6016408817,2.005854180831641,2.918406981755985,6.561958741709851,5.554432371361876,0.74474874457962,-0.5411944542400522,50.01392861427032,43.635479431516,0.5982658319297675,-0.998607737006998,2.3456232716993397,1.944083396131756,0.8798695425229051,-0.2477287367530314
16500.0,1.0579393862174664,0.789408505466657,0.4435154000330981,-0.8710643202488169,6.844453506479392,6.005872148690954,0.8449237625808521,-0.373259380401171,86650.2988316523,67445.57554394746,0.7262299087766285,-0.2059173295947665,3.387864590126084,3.097420269784915,1.0564014785101905,0.3977180778660405,25.933508098901655,22.24531746824413,0.9014604284132284,0.0281478354885091,2.411930513765791,1.840857845211108,0.6450069672286093,-0.374078329595171
17000.0,1.3382477165369964,1.060946666504447,0.5402016000209678,-0.8742299250742005,5.638208698122171,4.80152937091423,1.155535727877692,0.7888651586598443,120298.9386735634,98328.25489136674,0.6353143403531122,-0.7016319019365316,3.3912684187297515,2.58186961866472,0.5386715987289095,-0.7001821104363772,30.56710949462241,21.09110147013923,0.3504006856943728,-0.959761701720136,3.704322409572135,2.499832793529482,0.147050735069903,-1.2389884401254554
17500.0,1.419846509783344,1.0246337714647769,0.5492054408162806,-0.7786585559202259,6.740018724640675,5.066845753716263,0.6799237115256147,-0.2437866950072051,122403.72588628058,100529.815874369,0.6825527350259045,-0.7208961315985829,4.490314821425413,3.46167009092339,0.3851470745665644,-1.1764592006785026,35.1168745190761,27.11545632103288,0.5227521502511816,-0.9303434651255222,3.140702521596899,2.539453252295328,0.7528766671237231,-0.4654234195904307
18000.0,0.9358667032276324,0.7554255177080177,0.5628221734243377,-0.902756999483176,6.253545927409191,5.816745904367881,1.02242088877501,0.0706184668037295,71627.65943961623,70733.94937445092,1.039112055942954,-0.0523966804269737,3.425093386203853,3.0026185403224392,0.9337582322838704,-0.0206290185757915,27.045204893275383,24.900867114816005,0.9793179244777472,-0.005988554873467,3.1754352958342302,3.2101863776191,1.2131649995434006,0.3179342597016541
18500.0,0.655140275886239,0.4809596308986023,0.6830249618789979,-0.1813719368619692,10.28403126257738,9.748262089018082,0.7637496864100253,-0.6283515274896279,50953.38333375404,45683.53477704568,1.2254747046468304,1.07760490526526,3.825776836667388,3.42237025131516,1.009429664449692,0.1371512693791201,28.9375982579862,26.623668363939878,0.8431698516643804,-0.3276771692513631,4.049457671704415,3.2015538256583183,0.6724775263117933,-0.6756458381400297
19000.0,0.9688073428087306,0.7319901883731148,0.7772928881255563,0.022922864700416,17.689058734974722,11.764874586944904,0.1483799359042565,-1.1992878067635464,82997.76750456015,65301.2801234372,0.69881047996453,-0.527065700556069,4.541819056821989,3.698848915989239,0.96263081306135,0.2896953026442297,32.540808735737365,26.52098767565734,0.9988088160951316,0.2951840001951322,3.1144584250145906,2.6706310723843214,0.9608692700198064,0.078373692030488
19500.0,1.2564461520745265,1.1071429909742792,1.017149898266475,0.3470152332953891,8.32696616987442,7.989613020440883,0.8874406465119444,-0.3672979381589467,89075.00708534343,79803.13443192666,0.8071790285470514,-0.422809623936788,4.145058144543317,3.4715197485154614,0.924634847229047,0.0910644611937301,27.64349148481498,22.14146030491738,0.736257590252068,-0.380561689902589,2.389915094404196,2.043863148257873,1.2505748913797248,1.2733248884354855
20000.0,1.1937954489400109,1.0909808922506503,1.0750455306797335,0.3128935657723506,8.78437670106306,6.146655799807193,0.4121119058877831,-0.7503069131693714,106316.6380313927,88093.28412829865,0.4194314483690401,-1.203829220698347,3.7005671555956097,3.1248588144428435,0.96884293733384,0.2469400452463848,27.40294655841788,21.13419506676566,0.5311216708866072,-0.7816456667389509,1.464372683010348,1.4607163459424684,1.769118151328128,3.373389544499888
20500.0,0.8050070510184932,0.8212663072853118,1.3472997445230683,0.971790859423848,5.789692824948771,4.4433536703716525,0.7399403597268818,-0.3026309800008873,64204.5226827209,67394.37985669285,1.0729647436819654,-0.0523135645268255,2.191160173595078,1.9179122381664384,1.063414201346997,0.716300263143637,16.417915300487266,14.438408740556827,0.9671876679291072,0.0871752792471767,1.5509749788491214,1.2447664267054852,0.9491965765651028,0.3228695421489309
21000.0,1.1744286506394466,1.061023351344247,1.003634062749695,-0.001753473156925,3.1743316844235108,2.3084635955980017,0.6932447585793425,-0.0869263490291509,57970.3253668037,52592.18132519164,0.9465794994732838,-0.1456369647956901,3.258952767997928,3.0667582267552023,1.248721856795342,0.7752080683826406,18.18209725134904,13.879305141929214,0.695156280904038,-0.4325940949015368,1.5528608642765058,1.2977154169364866,0.8008105004530893,-0.3852365733086738
21500.0,1.612425138114583,1.7001482970527673,1.1957511896758282,0.1122951163852041,4.2721029504475485,3.002715935422102,0.3693416492569432,-0.9099735245291408,79087.72169866318,73390.93614547967,1.0230913329421851,0.046789451063848,4.932799292249263,4.776731402584439,1.137445713243199,0.2382232563946029,30.082231647125948,22.258049595378782,0.662152288401821,-0.3695665527702232,1.85278416123515,1.5932557329085542,0.7697299050956299,-0.4532601919668568
22000.0,2.509133114080705,2.0586097879587624,0.4536382250336342,-1.2296085483473844,5.581271784221554,4.608851150657209,0.4803589412027484,-1.2321693615970823,95954.06188875304,67197.92791684906,0.737443378207259,-0.1298179683645575,6.86993246752718,4.879412222445336,0.3459970961611578,-1.0517897396674665,29.53204802667231,21.79880433118698,0.5838017719127306,-0.6604983816735621,1.9394744268611828,1.6483538817340075,1.1151535596311657,0.5728212834647723
22500.0,1.7695169845431284,1.4358782913776211,0.6473883671643506,-0.822666637524859,6.974051975929249,5.87961281024629,0.7807417991255202,-0.502166324373917,58233.611807916,50330.50345719169,1.2264954384823197,1.5363753135222191,4.149209206406172,3.1213186857629154,0.4796925657537731,-0.9096692144019572,26.32192589218217,20.330733051706478,1.022438180014112,0.8587133058824916,2.28184390060392,2.012584654893017,0.8893116578079759,-0.2724025820101134
23000.0,1.225749976092818,0.9100029175641156,0.6309909281702701,-0.446668035609481,7.058463620931095,5.863634644044044,0.9744240240280008,0.2997767113022074,45444.45000415901,36645.79978447261,1.1285389715919223,1.193567299702603,2.592442702400165,1.9204892474123791,0.7586668075095798,0.2118182345049439,18.376899889941782,16.14307516241564,1.5789809748064,2.6398449493511995,2.6516832451992145,2.398023551913693,0.8189284981950791,-0.5783447972770173
23500.0,0.8749598481229239,0.6535631501809811,0.6317990886872968,-0.6581253723144189,5.219376973374867,4.75443074689343,1.4672548264141998,1.792055625037782,47035.75289661115,31799.40481857606,0.3781090536170836,-0.8489970467031829,1.7095812894074076,1.2571755641096958,0.6032357375419501,-0.5086410544998041,13.629300292029102,11.141728605857896,1.2803388758899132,1.6292086581593246,2.661687278486044,2.05261301958352,0.5669580694297046,-0.7911314875450106
24000.0,1.0404254638765766,0.7313137137981184,0.4948169413937805,-0.5648722983587962,4.896103197487316,4.303100568474738,1.5841428145263876,2.620171831710146,61344.7813838625,44210.19274903801,0.4992530200415575,-0.4177183463331091,2.401531876489906,1.6239264554356352,0.1446220050807041,-1.156819058736869,16.94290339357583,12.712617402167863,0.6889556528074893,-0.3348206572830965,2.4135273294648627,1.7419049169105063,0.3400555694935241,-1.163221560115156
24500.0,1.0219696233607602,0.7278924742731117,0.5337910195254,-0.6472351854340186,5.311018400385536,3.3028766076174967,0.1808747560479811,-0.9246909829034604,65020.17871469437,50893.17249576192,0.6898579101649758,-0.4971111504148182,2.753451183957416,1.7097961538398845,0.0342788798053046,-1.0876486682995274,19.9349268530681,16.011421292862803,0.6219892692471032,-0.9214171600354352,2.083602478116953,1.3680703006853705,0.2180232532356193,-1.0674459353340893
25000.0,1.3583993655578308,0.9727740568115288,0.5125397852218757,-0.7096640250935486,4.241044766440911,3.2695478831903304,0.781058786775003,0.0777209026625938,97788.01242493256,75240.77000666552,0.6246249349898884,-0.576914356286307,2.6223280648717795,1.9100589122797684,0.5080236210482028,-0.876169995278417,35.608197227837294,24.031698410216404,0.2888370393539777,-0.9188858385747668,2.306449139089929,1.4885401437601562,0.3610762449469266,-0.4901449886172484
25500.0,0.868585389731254,0.7005832316327306,0.7584340673248952,-0.2855569168302012,4.97859520500528,3.677851077079102,0.8089220584961806,0.3606263864476817,95014.73432413244,67075.66676774397,0.4417852920847725,-0.8684122542752126,2.530201411678628,2.0759184608159438,0.8496501964099041,-0.2876521328984598,47.00107807551544,27.54535569942404,-0.0163308776990098,-0.9183140609139032,1.978923559329796,1.8282804170228784,1.082253749954488,0.292554534047472
26000.0,1.3997264420079871,1.1192291825696197,0.5726172406551173,-0.9235975047086576,7.41592481848899,4.982393753493645,0.5886193701210578,-0.0948548794421282,109650.79741982777,72865.01100302115,0.2580399362052573,-0.9531942082921132,2.476086914067329,1.9691592518307788,0.7230995709591368,-0.5313718602508914,34.15369161071985,26.211366717067285,0.5344554471265626,-0.8369998835237866,2.2933253883526934,1.800616198321937,0.714326971247336,-0.4748989162070947
26500.0,1.4277316116801024,0.8600948257783896,0.050023841405731,-1.1202131509460138,7.593131518560473,4.369499864113351,0.1895868631116015,-0.4788100601326159,125469.90713941897,82510.54098115128,-0.0332755086387572,-1.4187501776093885,2.1761636705016243,1.5677288915383785,0.994401173851044,0.3921299019761179,45.17262705878253,31.05621183178792,0.1669564868066344,-1.208233459837974,2.8739181894343204,1.8684838084374416,0.5365996993423477,-0.2090733182231665
27000.0,1.0496661262428184,0.7136571028941804,0.3763951839035687,-0.7340494286650086,5.631169538027164,4.167585398137225,0.7584527066885607,-0.1454349639626149,63135.876518233286,50821.03696377423,0.8304556428178892,-0.2558800147973064,2.690159385659268,2.3197786566085443,0.8640598490014447,-0.1104281511139562,38.55148954228408,25.87840566173149,0.3036898273749046,-0.8992148408166618,2.0552270151952694,1.5626707075823123,0.7357512689827092,-0.3599396362418656
27500.0,1.901643150135198,0.8474300990046946,-0.7369400207691994,-0.4903989675161404,8.103279705633256,5.51240292785384,0.2861832941281475,-1.1928674133123542,83815.8653418089,57502.20808572866,0.1627254305772947,-1.4810176996989848,3.073919158630796,2.595221048104172,1.217746633809029,1.1028310941541228,27.535460076098182,21.247117998698197,0.8028834008257106,-0.2404121953722393,2.5096975255165783,1.815034723961947,0.6640881130737157,-0.4931321608042971
28000.0,1.041777908896531,0.7314035447002697,0.3131506072488029,-1.0223912342906898,4.423540535513971,3.8509439082736105,0.9602958263961772,0.0872262163616883,69141.41095079688,50404.5080814184,0.5708467667865288,-0.7257608996947247,2.7487147394999183,1.8202471281128252,0.2172169266052259,-0.9342617451317836,37.95156358328294,31.657444503696905,0.5126425952736328,-1.1800666126522334,2.584829700377429,1.748666783279659,0.3510812466602133,-0.9834293202558428
28500.0,0.8595958478774487,0.6529193663176295,0.5949204804231562,-0.6579081438257628,7.647910599392016,6.8521852865371855,0.741215008486501,-0.6813121098086139,40571.26498393504,32444.94893126992,0.546166989420257,-0.639562734473309,2.134321486873508,1.7506828014647453,1.1603220898960431,0.7683081135336867,31.708555725895103,22.95569500951834,0.348872903844066,-0.8938750328838427,1.5115123749139523,1.0473307696339942,0.4517076656531239,-0.7471730545263036
29000.0,0.9081715745047838,0.7295471811803821,0.5605442899000959,-0.8921406757429304,7.727569358708608,6.514457456419617,0.8245522028496653,-0.439438836878236,31691.31330706453,24338.33975244746,0.4980460724917367,-0.9480790146410416,2.82109224218764,1.917681788807377,0.3251332286703277,-1.1266191577805624,28.348410018222907,19.21948763729666,0.3946549413007459,-0.8482334972391086,2.6081459955540254,2.2541998736417304,0.5813667730756358,-1.147190780477923
29500.0,0.6766825883662457,0.545795988151787,0.8080400627927328,-0.4441084204701733,6.998176685428249,5.750724529529983,0.962811372618829,0.2455096673396157,28860.98721045702,21585.8309409504,0.6477928524973692,-0.5886588362178977,4.523623692565796,2.244834548248848,-0.1085717384049403,-0.784928572282948,51.31282513482139,21.950233554831552,-0.6993568013574981,-0.4760700186841045,3.0597594109337893,1.9730222551048415,0.1681960553595973,-1.156780198556257
30000.0,1.0456287348824984,0.7684604734738133,0.2900664889765114,-1.3340979162470756,13.086894722953872,8.341942516039143,0.1647763899433959,-1.0709714189336106,20211.58584205525,15148.938891162035,0.735812336793104,-0.4246372363425101,3.1344290202402254,2.4012065746293967,0.7745559317272716,-0.0971040424573255,29.594242787645477,19.99231506288136,0.2750660750514787,-1.0130276596623298,1.966015414811292,1.567012506445933,1.0418639674930108,0.6093708205421766
30500.0,0.774746477352032,0.5687182215356137,0.8345653412682505,-0.0445304082806123,6.511304543777954,4.590749360429452,0.5099895635626723,-0.6521270530594925,23985.99557898859,13112.149112420544,0.2400720097931116,-0.4302445286288701,3.540344898127492,2.4754067120116634,0.1780509169528938,-1.26500097809361,31.746115216729557,21.35571496520548,0.3690959106875434,-0.7999837302720758,3.0036942924314687,1.9962179619220304,0.4649215174913298,-0.7596763464044032
31000.0,1.3977463189632775,0.8556004748075327,-0.116043056174197,-1.3517922019904105,13.146744121028265,10.49690732673917,0.2482322253214263,-1.4582065298769151,15980.196667767355,11724.175910302632,0.7243870077893717,-0.2000947595996378,3.3353878907994168,2.3339408077291663,0.4146387236684993,-0.8429678546086921,18.88400739272806,16.558060650677447,1.140669316359331,0.5270050791864302,2.410109851059793,2.091076348351842,0.9847158064872198,-0.0045299611051916
31500.0,0.8408938970839301,0.5558118484499968,0.4229121131156392,-0.8564011047328219,6.613354720250515,6.441520901839,1.1147408735788535,0.0468330972631436,20354.78799694612,13347.117899569235,0.409353330804766,-0.7024229861101379,3.299161790058392,2.6809563572425463,1.0786269459342528,0.6332788827470703,23.91447605356599,21.22665326333779,1.1455336887079923,0.5012621096161523,2.600852633263917,1.8872441766384944,0.9671858505216582,0.5094908936213689
32000.0,1.1730436794939936,0.9514412038341272,0.3077287192522188,-1.49655579903474,10.151005623514596,9.271633485301336,0.6894234786674204,-0.8070697895288044,28447.316991164495,22032.23023653839,0.6024096789762093,-0.6441236552188658,3.850013200660394,3.1787407790935407,0.7909164644305107,-0.3018198134549172,25.26427920376675,18.393643416163005,0.6806316665115422,-0.127821815431568,3.339242242565573,2.667547650393922,0.5565043655449586,-0.9361866806746906
32500.0,0.7213581271002276,0.5190541908495311,0.6884894382504241,-0.1486847675774094,8.859314830212574,8.607885639948602,1.195430898831968,0.3144451477286254,43852.343860770765,35502.239619986045,0.8606251709747682,0.0317563499293167,5.047866118991323,4.768048071950487,1.0685393388698048,0.1017321006581783,35.11801882983592,34.04887835753489,1.002274411706693,-0.2149688706142134,3.616022209747792,3.358802499276493,0.733799843464312,-0.9358795171786176
33000.0,1.190107106851351,0.9843102188146322,0.7897912528984548,-0.5214908653598935,9.071443481269792,7.871270670666928,1.2484054165282834,1.032882493902347,79620.73295311272,49740.51626932547,0.1051906494960076,-1.1998655795251287,5.985176128934784,4.275923726958937,0.4658018548431955,-0.7151505483450378,39.634167088799,29.33324604753374,0.5266387082478957,-0.7298103430991536,3.606777428624472,3.266731979509718,0.841098914570001,-0.6569868328141357
33500.0,1.3913909572740295,0.7912449788297935,0.2007693168019338,-0.7580733771882957,11.938002898472911,9.88820317095266,1.157869072548388,0.5101831672789832,113562.80617804248,68919.16625251407,-0.158680507584057,-1.186057468600786,9.835459511943249,7.247222071699575,0.4626575249342076,-0.9561721049600388,67.8961555737728,45.20130105767439,0.415020196205923,-0.8347649506382364,3.0374975101618995,2.2332114539744805,1.0948041701610227,0.7283750528857698
34000.0,0.8809801982791305,0.5861970820303082,0.3451933471933734,-0.8015193414827171,17.898814714935238,13.70717573530242,0.4964233684263899,-1.0621993014711386,123905.99908330824,92819.1490078727,0.5786296766703856,-0.810555555691566,10.775900749257124,7.134659918705792,0.2224192943990651,-1.0799090709781172,75.68478714847235,53.25985248457639,0.3214194379976666,-1.094111935434485,5.700418208860234,4.679261930902668,0.3528617057052594,-1.393337206302945
34500.0,1.48563330049027,1.0595703756521764,0.2380206911070001,-1.2278866921189957,16.538244998705686,12.120926492372902,0.5415227792157862,-0.8617101823793796,145130.74621361855,95931.36994987055,0.3037051969200833,-0.9677583709949348,9.338955880327472,6.494542703786543,0.4109587193862423,-0.961273595194529,52.20506696063034,33.203939472273426,0.5169860394562146,-0.4839446679235974,5.474255018880572,4.23719009594503,0.5543333312651627,-1.164142162991573
35000.0,1.743932853334331,1.3490021189204373,0.3853183320334252,-1.291009882850283,22.888641449356975,17.93363721249328,0.3060622131997834,-1.3127217155516049,163019.34461663148,111905.17299039738,0.1459162686339463,-1.182702874759201,16.48152000724567,9.562023065242668,-0.0509447608331155,-1.2070067155331403,91.09363968166086,60.15593094444819,0.2221035019192949,-1.000775916660434,3.371109995054986,2.38579821754528,0.5441522042600099,-0.6935427364421543
35500.0,2.067286125764579,1.2491841970913076,-0.2542089838666386,-1.459838995513952,27.308534519638112,19.88662715018329,0.3412997273999369,-1.3024136903816903,236739.83688074016,137111.0944645397,0.0647652546493446,-1.1944083396794056,16.616577345541888,10.642960545469313,0.0408830142929079,-1.4168677701462593,119.19509758947392,67.9160548891069,0.0434797662107996,-1.2403945115382764,3.0111834934125903,1.6035251618981723,0.2558516878178793,-0.2314043200773761
36000.0,2.0291515722007105,1.468310065948983,0.1254970575660721,-1.4589431696285249,25.83480403013305,20.272995717831243,0.38707174953191,-1.2259411570034302,218130.19387644003,159103.25651894193,0.219072244133069,-1.3201429875725172,12.49787913107428,10.700645475348145,0.5873482953815773,-1.0158152904050697,80.55989965499089,61.0511780091765,0.4841613373508326,-0.815853843421734,4.568125585643457,3.4809128385545933,0.6712575118859487,-0.5530640573286569
36500.0,1.5777755533158098,1.097776271219105,0.2774030101475472,-1.1341890626789666,15.401887374021062,11.168042355047325,0.3849421556921416,-1.113053791443403,157427.1633728987,106235.55000327194,0.1870894663965656,-1.2256657828809188,8.267357293213887,6.455274848924366,0.7600047788780884,-0.2323822416290308,74.49609166585785,49.45997949288323,0.1715581564062478,-1.071622580882598,2.7780254675428973,2.1394712161167857,0.8041822673027467,-0.3171948828786277
37000.0,1.2217582632698845,1.064970292181239,0.6541625957658966,-1.0288057532415855,22.291269799516776,17.272579139887764,0.2431013642281023,-1.3590883146249018,163152.83416791563,129148.57663218076,0.5095967662526993,-1.127353129355489,8.805328213350947,7.386470438574524,0.5177532793778727,-1.1079258548468935,67.02821846405769,53.95193026006493,0.5928562359058055,-0.9784434493496308,4.168813921179003,2.9152384283799977,0.3113707968654246,-1.1294727727505287
37500.0,1.6339098510033498,1.2504743637882203,0.1937266040575037,-1.4245087553775324,25.12845599616958,21.27443375601652,0.2658055586336351,-1.5685185734013949,187928.0423361632,139154.64211373293,0.1418300750703621,-1.3877210554494657,11.44502513083667,10.046310032607272,0.4633240649372673,-1.3573788723612126,53.6199075246527,40.31328918114264,0.3382358489899986,-1.0401824994719564,3.363476648725693,2.7011830679246174,0.5181209688930054,-0.9857264060747126
38000.0,1.4825363498429085,1.2934255957412553,0.4021608641793005,-1.3949265188013376,16.232077887968362,16.114654941994026,0.7989916293081829,-0.8355265351657439,138552.51865113934,119776.2727899282,0.4523520915889891,-1.2876310652031044,8.785981754072411,8.721652333656044,0.7851505087263954,-1.007829566107065,46.22987167904034,31.33025749103748,0.218797967443079,-1.030210522362111,1.99218658166566,1.3754526212732674,0.2807765380687514,-1.0630142059892822
38500.0,0.7905070335589013,0.7481239675706104,1.232373701552839,0.8380370301704958,11.083337124456447,10.922726680679252,0.935483213250664,-0.3963083642346077,91047.77383083384,80531.02805327125,0.6923641625412267,-0.9661370221677288,5.392359318152933,5.122556323219617,1.1454465203906268,0.4093134687089681,35.48584623995704,28.16110701460782,0.74679045317206,-0.4739700390336785,2.535716178409489,2.1362544604918177,1.0132131515956235,0.159417439150717
39000.0,0.8224935040745205,0.7375405999423819,0.817832030092485,-0.459453454680268,10.335187843299936,11.46183915102982,1.1559969764747668,0.0541376446862571,70686.656831012,71896.60467823874,0.9279034412791888,-0.5824469783017223,5.298106044506285,5.141791089871263,1.2040615437420872,0.5064118207922119,19.7092684780459,16.753873947779685,0.9801524691032288,-0.0097614113517048,2.998652621862028,2.409234571449392,0.642148221163959,-0.7751811624886069
39500.0,0.7365852220540741,0.5048185225218368,0.1288435093481375,-1.3518179349208577,8.197157692036772,7.65903085145476,0.8589022941982735,-0.5527859316922568,46524.52957961218,49157.57341406886,1.2852336384682448,0.7191501643418641,5.343578596249051,3.877258276698383,0.4881025092357216,-0.6671241256442122,17.962502552825214,10.936163345998288,0.2478929189987175,-0.6770370891431376,4.7670219949572745,2.991534832733249,0.049828017792559,-1.2257363081234152
40000.0,1.042523330358872,0.5882136374566322,-0.1782538120305172,-1.2801702394354972,7.789095933693363,6.291550305002316,0.920258894602168,-0.2462226467920421,30003.47193072027,28769.876215822944,1.1774500944660278,0.182395486518001,7.576745407813122,3.925529584961976,-0.2786247315172611,-1.0691832046727516,18.82775147769421,11.531444693558228,0.2637483741569218,-0.9268169509080528,6.055330249890379,2.725536480953078,-0.4276011768938046,-0.5859741643682561
40500.0,0.7172664187864539,0.5573666398811362,0.6659821080717614,-0.5488364017324425,5.350162129026967,4.19081607812651,0.8058783093441161,-0.2788013854295275,25807.09110899769,22415.048990110998,1.118383153041716,0.2904713515612589,4.738351471552182,3.200416208280735,0.4388335355245134,-0.7372574399179612,18.313579205418765,14.598909250269944,0.7588224475915769,-0.4186930863874472,3.726366498156102,2.689891559599881,0.4876419056652914,-0.5900740656156018
41000.0,0.815460400986329,0.6441527989185607,0.2722193377088247,-1.2953089016531552,5.508852662662591,4.891680154109533,0.7620152600090621,-0.6086244975729618,18952.565489486733,19864.65231358575,1.3468348296328445,1.1167833245031922,6.2352373372614975,4.305978322143639,0.1267212073556058,-1.3449256970264076,15.15272818132732,14.241667223016533,1.3321685087033814,1.1223964769337869,5.266168706181063,3.451425481454806,-0.0813352478928445,-1.3863841639694257
41500.0,0.5366469390204677,0.4441663173750639,1.0705188935584242,0.3696849647949354,4.832339162843363,3.8445676894033634,0.3696205813184991,-1.239922197249926,10130.703895847597,8977.313211813334,1.5193255336340323,3.1651904585264647,3.699571037943277,3.101282951428386,0.9478506207310436,0.09905188648026,18.39819955713405,12.854551790906816,0.6894207063548042,-0.0588697473798269,2.556503938764079,1.9754122291189349,0.9770662243447272,0.5771527393140072
42000.0,0.6526486265228393,0.460349937650067,0.4736467274803834,-0.9009008117293468,2.8321725433815303,2.451598371443517,1.0755990638540456,0.4699459032393487,8757.898688705987,6619.678613867269,0.5998104905052638,-0.8111892339953943,4.5680946246643055,3.110689116618311,0.2822370788377189,-1.1231910897813586,16.409909235302692,11.444950728183594,0.5819435395282322,-0.5463856714086823,3.598437852327525,3.3407213689263355,0.8072365953946893,-0.6932908245829146
42500.0,0.4469730722957402,0.36812532351694,1.0071479186545782,0.174143322084503,4.200874271125786,3.5103993024470723,0.9333826136847162,0.1178392471656932,7339.530988723575,5729.164590407649,0.7956707890385795,-0.4133563270156579,2.811400496387724,2.2727038622690543,0.9363205444509024,0.0476363739462439,13.910884970556337,10.034037118556247,0.8402944330227569,0.2540607245022892,2.296386770955401,2.076768998689039,1.3097748710819348,1.3530938067835754
43000.0,0.6775961474680245,0.543188983390162,0.55084451294746,-1.0269593208561518,5.096244362173043,3.506297481398348,0.3439924481697163,-0.5351189153126827,7325.365517170344,5928.076211783004,0.7310029764903362,-0.5287331569026299,4.138627367520709,2.9984016572451777,0.2568900873722398,-1.318695423948435,17.519917753000513,16.461155285187655,0.9429043667465368,-0.2193247950370742,3.679003524940187,3.296477344520813,0.8080594624140565,-0.6490122385245027
43500.0,0.6024645561744951,0.5554813514228708,1.3561194107237995,1.1827820356300238,3.806166408619684,2.582489523328149,0.3205392237295226,-0.8795822854775643,10848.969837129038,9434.540623497596,0.9620140713217348,-0.1104025560784225,3.5756760857054832,2.840927313019011,0.8324888752949676,-0.0768331922626188,16.958935426167475,15.90973927366553,0.9403868956914097,-0.1924103269883113,3.4176629686183984,2.739153924836615,0.7031568916682817,-0.5263252644136909
44000.0,0.6314227349384751,0.6377349378594354,1.3051752543189954,0.8738770065796011,5.442785969888422,4.340974489016714,0.8440231216055828,-0.0410581454791945,11612.672067766292,11492.28132884156,1.2565790807924584,0.6933970994484908,3.320653198119362,2.815144223248376,1.1818512817650586,0.7456452884592295,29.86812314476905,25.27987783803214,0.7344659065685841,-0.8250232081604416,4.971870637523044,3.5280411284418296,0.2918592681715856,-1.134759702998459
44500.0,0.8780648444837743,0.8604625391608639,1.089108172903412,0.1947594685721063,3.242080556917095,3.0148069045679087,1.291205323001164,1.3477497153811877,12492.325117826616,11858.680343441314,1.3372451829130316,1.072738229933872,3.873847869240032,3.523405582595253,1.059986711679422,0.2561744402589059,25.23730033283032,24.70470051312763,1.022338987169828,0.0549882122632015,3.288972515529702,2.768489970845495,0.942600642538234,0.2504996943421607
45000.0,1.1200742433504864,0.9412440900252832,1.0959578956847509,0.3198665409241683,3.3664698993698763,3.577563457150007,1.7524219070976674,2.515426273817365,18308.26938478374,15338.810872616345,0.805012880196349,-0.3743170772818773,4.360739980491043,4.1022224914272485,1.1016242537990624,0.1936025312155278,34.92266364223838,31.502030381426405,0.9122200547180728,-0.2950816885282781,3.354334537236018,3.3233246110821137,1.199265667358305,0.3193909750815962
45500.0,1.043865205395688,1.0034462147100771,1.1837313222745842,0.6280303038763257,2.823064049402545,3.3806202949959303,2.131402074612201,4.309334554842197,19779.09035348965,13079.669422768084,0.6509872740610603,-0.2109875209485316,4.513723171359404,4.510922971555001,1.1651133454129672,0.5355461231195968,43.54590348920354,30.00086698688861,0.5996634602500324,-0.4567319741414146,3.157930681019248,3.2141261706802418,1.002581077835231,-0.2512977764024811
46000.0,1.0601573854433484,1.0373843378791558,1.3392126445933334,1.034975609461668,4.165298185142262,3.134845085893372,0.7273617575204743,-0.0479333478246135,15131.814946201222,12615.337196502102,0.570324260476056,-0.8819033856094953,4.71648322034588,4.872942573736139,1.3316588638704905,0.7835794786220935,37.22003404487596,30.02002114401697,0.4673293889113628,-1.0266041903220051,2.9618198928996,2.8174524783965955,0.9233222826682635,-0.4690685498919968
46500.0,1.0603498871620822,0.9659983352109586,1.0823132207448716,0.2250316209049963,4.847974397654999,3.100347658685172,0.2167493911896607,-0.7559209604367823,11246.829811237569,8419.74192616272,0.3599445692152708,-1.0850297309397898,5.024136190013366,4.004493237459789,1.0835277888962247,0.5294001491370599,27.871291742362484,20.99060162809228,0.4199710837422832,-0.9823787358743616,2.7932111306554708,2.265458442518691,1.03160367668336,0.3987756356108636
47000.0,0.984722631582026,0.8254630428832664,0.7990613776585559,-0.2605751741634514,3.9741580589742576,2.78907535029049,0.4786114358410351,-0.7204228204369096,6269.612694406006,5361.087002900753,0.5227546348011489,-1.083082034129913,3.460110376540864,3.206334979184979,0.9739895174832894,0.022018170279896,21.363270705234125,16.236240327425026,0.4316759049570864,-1.028733511152612,2.813899630849165,2.333542451938279,0.5073233232613413,-1.0000726691068218
47500.0,1.2600068800352755,1.05173888614057,0.6577901207788257,-0.4930102749825664,2.8351494629303438,2.651141524199385,0.9228575027660167,-0.2418785777839933,3627.6583564935,3186.5848569495784,1.0136989008952573,0.1290746936784237,4.146616363945157,3.4203672510839707,0.4023364953435413,-1.2164290618189018,12.6966773478968,12.2431939694022,1.165654156273045,0.5386284221018038,2.3316101696902463,2.1835100044526192,0.83179504314248,-0.4076236069320655
48000.0,2.308896231283702,1.5231082040006745,0.0046781221884798,-1.2746832734719549,5.004184733719427,3.4887054780290447,0.4047906565031058,-1.046789648397354,4730.122434899304,3327.236286582889,0.5139410576133815,-0.6414601972273482,5.878647704178417,4.242075995993573,0.2774995681781895,-1.254195622623676,22.21231804114712,18.96132263940841,0.4933782420271576,-1.27078286557618,4.175329427814145,3.2390775220762484,0.3999210239010565,-0.9579477651937224
48500.0,3.008410573157435,2.0778176210424664,0.1794972439030523,-1.3272742291014972,5.948649538021686,3.683897634023647,0.5735761476436188,-0.2224325483827054,4955.569138980224,3965.4123000320506,0.7527646448362804,-0.6064990115871143,8.965479140723868,4.585933849610993,-0.5716122860197808,-1.044898344298467,14.136194962887556,11.318415501987772,0.905908264582883,-0.0374221606512978,6.11033688979292,4.5212719588290815,0.6032565371318163,-0.5718251116049378
49000.0,1.9940273956542494,1.4161263848869357,0.5278671283647237,-0.7351058518917567,4.107072728012439,2.5075714876597663,0.3802796366976916,-0.629432590528573,6531.631038456651,4429.58706428752,0.295073531687767,-0.9476373784555228,6.313208380660871,3.607452128850242,-0.030762152641751084,-1.0739167548631254,20.06625553278715,14.072525625252997,0.5710182577270603,-0.611187494712081,5.741027095487894,4.001800083801977,0.1940885621779022,-1.0947451512331812
49500.0,0.9796442181510636,0.754435148731405,0.8762370128263952,-0.1429374746820162,2.2654959180031926,1.3312453412958856,0.1869831257517644,-1.0364326326744406,8107.692937933079,4893.761828542989,-0.1626175814607463,-1.2887757453239312,3.660937620597875,2.628970408089491,0.5100879807362786,-1.1029351654277837,25.996316102686745,16.82663574851822,0.2361282508712376,-1.1849528287728643,5.371717301182867,3.4823282087748733,-0.2150794127760118,-1.6176651908614248
50000.0,1.468473771984105,0.8683365645973091,0.27734803422202503,-0.5934400269882606,2.475646389971834,1.4720651370479134,0.1279972556884184,-0.9685853861205678,8037.363789638534,4960.013266419515,-0.03508720503062926,-1.3228393107783392,3.7999612042066113,2.474166447623846,0.2936950888574137,-1.1006539395864556,27.39674500886266,18.526594868000096,0.1822835867203882,-1.3217068899218312,6.829821108700109,3.351040983862659,-0.8353258942427634,-0.48432459906727154
50500.0,1.9573033258171464,0.9822379804632132,-0.3215409443823451,-1.043942579294505,2.6857968619404757,1.6128849327999413,0.0690113856250724,-0.9007381395666948,7967.03464134399,5026.264704296041,0.0924431713994878,-1.3569028762327473,3.938984787815348,2.3193624871582013,0.0773021969785488,-1.0983727137451278,28.797173915038574,20.22655398748197,0.1284389225695388,-1.4584609510707982,8.287924916217351,3.219753758950445,-1.455572375709515,0.6490159927268819
51000.0,2.32272930011063,1.1117305983476649,-0.24394870384199951,-0.8329259191202502,3.2118183372863,2.2040672674796213,0.3818790930514129,-0.6412151336549707,7926.842206172398,4723.318816032227,-0.044088356152717084,-1.2826356077214838,4.019663534376541,2.7963373844811588,0.3870869719994827,-0.8179212671248068,30.307956468168882,20.128681814844036,0.13180360794191356,-1.4530712825443595,8.967395333333766,3.579388605962266,-1.1992241718306431,0.3999934690215343
51500.0,2.6881552744041133,1.2412232162321164,-0.16635646330165396,-0.6219092589459954,3.7378398126321244,2.795249602159301,0.6947468004777533,-0.3816921277432467,7886.649771000806,4420.372927768412,-0.18061988370492196,-1.20836833921022,4.100342280937733,3.2733122818041163,0.6968717470204167,-0.5374698205044859,31.81873902129919,20.030809642206098,0.1351682933142883,-1.4476816140179205,9.646865750450182,3.939023452974087,-0.9428759679517715,0.1509709453161867
52000.0,3.0535812486975966,1.3707158341165682,-0.0887642227613084,-0.4108925987717406,4.2638612879779485,3.386431936838981,1.0076145079040937,-0.1221691218315226,7846.457335829214,4117.427039504599,-0.3171514112571268,-1.1341010706989565,4.181021027498926,3.7502871791270738,1.0066565220413506,-0.2570183738841649,33.3295215744295,19.932937469568163,0.1385329786866631,-1.4422919454914818,10.326336167566597,4.298658299985908,-0.6865277640728998,-0.0980515783891609
52500.0,3.3844374216197033,1.5398431126235401,-0.3600334441636832,-0.31150872734316554,4.747397350351564,3.952292727326575,0.909908391174695,-0.3704477627632492,7655.233750932506,4325.851596881215,-0.13142606813330465,-1.0625756822871963,4.958971078774283,3.780270460775963,0.8569844842631056,-0.3118787693421117,34.99609503721332,19.738755947943886,0.08559283031127604,-1.3760342423152498,10.471035945522221,4.745538705422392,-0.43358136430989436,-0.47870952484206897
53000.0,3.71529359454181,1.708970391130512,-0.631302665566058,-0.2121248559145905,5.230933412725179,4.518153517814168,0.8122022744452964,-0.6187264036949758,7464.010166035799,4534.276154257831,0.0542992749905175,-0.991050293875436,5.73692113004964,3.810253742424852,0.7073124464848607,-0.3667391648000584,36.662668499997146,19.54457442631961,0.032652681935889,-1.309776539139018,10.615735723477847,5.192419110858876,-0.1806349645468889,-0.859367471294977
53500.0,3.793667535859873,1.7802627093584042,-0.7349630954511696,-0.30633742273732534,5.545236899385933,4.565336476015057,0.6859009358335907,-0.743354723572378,6864.2494502886075,4346.496553058787,0.23980634318222008,-0.7171412158747297,6.076692261047711,3.718438324035156,0.41992102741167725,-0.4823928776103963,35.539946267101264,20.355677006453924,0.06496760800270918,-1.3830750754061607,10.163536274129859,5.295499563509168,-0.1340233598841265,-0.9233147119178104
54000.0,3.872041477177936,1.8515550275862962,-0.8386235253362813,-0.4005499895600602,5.859540386046688,4.612519434215946,0.559599597221885,-0.8679830434497802,6264.488734541415,4158.716951859742,0.42531341137392265,-0.4432321378740235,6.416463392045783,3.62662290564546,0.1325296083384938,-0.5980465904207342,34.417224034205375,21.166779586588238,0.09728253406952936,-1.4563736116733037,9.711336824781869,5.3985800161594595,-0.0874117552213641,-0.9872619525406439
54500.0,3.950415418495999,1.9228473458141884,-0.9422839552213929,-0.4947625563827951,6.173843872707442,4.659702392416834,0.4332982586101794,-0.9926113633271824,5664.728018794224,3970.9373506606976,0.6108204795656251,-0.1693230598733173,6.756234523043854,3.534807487255764,-0.1548618107346897,-0.713700303231072,33.294501801309494,21.97788216672255,0.1295974601363495,-1.5296721479404465,9.25913737543388,5.501660468809751,-0.0408001505586017,-1.0512091931634773
55000.0,3.8922528291456944,2.11717426527641,-0.7005198880585017,-1.2339363729743655,5.559232197715649,3.8772627187158144,0.3853593495880314,-1.1297891200573127,4699.271733997191,5166.225813916526,1.7262762856424805,2.8424522103677434,7.833130827461662,4.085304077285749,-0.5828357753500735,-1.2421027776778877,30.559163548198736,19.17725527352996,-0.0656045038520972,-1.2075926895028215,6.610707633034047,3.8609309691851657,0.4086752442554051,-0.4536705890455499
55500.0,3.502096535577742,2.1556561711643414,-0.4079614461391387,-1.3887197023532658,5.650720150447331,3.98569054140669,0.8718349439705139,-0.1273647925087351,5964.690091816511,4716.5921303917385,1.1992081255779126,1.5331890980857246,8.646718954548142,5.397288462855761,-0.3065777887971283,-1.533407406896746,21.768644093757807,12.139884439040353,0.069026966676071,-0.9553876321735472,3.458117188266906,2.7431354400028045,1.1153806923813667,0.71755677000455
56000.0,2.389734411942168,1.6366132834289469,0.0120914885264109,-1.2939443702857245,6.543731237763935,4.513018000668017,0.3686289289829796,-1.1413195232888012,8060.083414559508,6021.621565871681,0.3248462067265387,-1.125534264125628,7.609247631500262,5.613275074690936,0.0254837006238549,-1.5621927427238596,10.708265715644908,9.075937730698127,0.9410812637261354,0.2308314141131719,5.310287888046882,4.52007034060125,0.7603090129225627,-0.7483294186442779
56500.0,1.1280876623205311,1.0306440394590857,0.9532008663799988,-0.1323094980950445,5.17830790029313,3.6852436769983785,0.4158719826677862,-1.104729214493377,7431.885646964353,6245.843157801905,0.7552080835703235,-0.5655056707302282,4.489477392216994,3.697503478065432,0.5184277045644573,-1.093135566753614,21.519148492319196,18.388677307103904,0.712423261511917,-0.7558810725391378,6.786168586795936,4.661305725386403,0.1248222970683286,-1.1758661901832763
57000.0,1.3273789849898163,1.0853364546776263,0.5667115012363764,-0.9383082399639529,4.250983084593266,3.005365097901114,0.194473539306351,-1.2311711676627393,6424.201687875881,5933.351501174212,1.118626851859183,-0.0174366531808272,3.3797241126027204,2.3327008414787374,-0.1101196337604841,-1.4361512849809224,26.06825083513989,23.58569560303848,0.6785232789247202,-1.0000957463168756,6.4373236934765545,4.046998439240447,-0.1947912909078838,-1.2393855203273312
57500.0,1.8652382071421167,1.3215979773601698,0.1770548888817459,-1.1785722706158956,3.234926030011028,2.579507040491725,0.524097483471032,-1.0733184192363494,6537.366119279392,5329.894231352016,0.824243896289051,-0.2042876628478298,2.5605595115803808,2.1195426615262063,0.6945788862482544,-0.8095326161238039,27.0999427823627,25.003611471561825,0.5886323459603716,-1.1588642863957566,5.27334047762804,3.60068922622459,-0.2864451532885458,-1.481650999727497
58000.0,2.4280239633925813,1.9180569804724452,0.1404271664712853,-1.6643526640078743,2.094492563095717,1.9564607665771745,1.2518501073789026,1.3018091402366263,7846.745554664908,9289.518791937922,2.4697028530827843,8.64436060422988,3.932146101471664,3.108761613681416,0.3011752554557014,-1.4373481087826343,24.704446034052403,18.207639514755,0.7281471277395215,-0.5406048408883355,4.3778062974835485,3.133373943765565,0.3769424255527198,-0.8932117676533471
58500.0,2.262088250879545,2.198117265810771,0.4523412229612347,-1.6067862154342984,4.043290220836006,4.474313190476425,1.4066259958209812,0.9196713793811933,12740.912325695508,14315.541876555357,1.2895255732954995,0.4953064684102282,6.051468924820296,5.55137269301226,0.4990249792605444,-1.3068785426281324,9.88940276221639,7.660724496626253,1.0241318042433372,0.8346397542355355,4.094119712342388,3.7265152394223153,0.7081854707111546,-0.8273813732864213
59000.0,1.3368378502230724,1.5462459513538862,1.2437592821588737,0.2654132499628776,5.8390147391039,6.704667091194702,0.948093458352582,-0.772776337077345,16948.46906866672,19547.003322588946,1.1080009015054293,0.0293855834530574,5.358029857421742,5.802511710508363,0.8118458578468462,-1.0012069745479804,22.186758017114485,21.01961622875628,1.1327622843486609,0.191812916798975,3.338870158863815,2.915186093940591,0.7475409389782345,-0.6142475992770691
59500.0,0.9965388792886162,1.0684360241303117,0.8652338470732069,-0.6868525051763843,5.365127352578079,5.185963916668043,0.7712679175237468,-0.7501324737247637,18947.08436574959,23166.709667070256,1.3479471966193322,0.6692406621986993,2.270784238030194,2.547698880114844,1.543240578082758,1.617665753845988,20.636250423824816,22.11198520609664,1.075958638324266,-0.1201110901356905,2.035481518519894,1.634585179191086,0.7920177298825412,-0.5779543847824287
60000.0,1.2659537366663078,1.1276116437924604,0.5370689280265881,-1.2049327366765092,2.931068495372706,2.457613037570897,0.8730966109923392,-0.0365468491809437,24613.02802133588,28909.877375933,1.2758423241740071,0.3023172651346626,2.851934632174915,3.1550385232905027,1.3009924584351658,0.6548413039022267,9.773035967048692,9.283461359651485,1.1866671089863643,0.934610606733048,1.7300882925512602,1.7817522072121237,1.0731281455089905,0.0691895880970308
60500.0,1.14020295610688,1.355482061930932,0.9777424666463717,-0.7106547825859786,4.047670425078006,4.227018627419966,1.2718836817774144,0.4165117914612644,29944.15120358429,34292.02969823588,0.9574146902304328,-0.587429504528926,5.433998833560539,5.496114926647634,0.7148734893816315,-1.0949947476526172,21.07513978343085,20.455199043682665,1.0037655032761008,-0.1352943588342667,2.365606429561338,2.585125047981613,1.413992461692538,1.727052164944408
61000.0,1.187110388209855,1.41100116389903,1.391593848250494,0.6609528584724975,7.196344865915919,7.296113735768931,0.9108697010941084,-0.6630345383445411,38001.9869388757,45739.31636421889,1.0581320898290163,0.0925037029861894,6.131614235138045,6.639483499218191,0.8077288316753484,-0.9962109673198212,30.65375372813633,27.687905016211374,0.8117854078231144,-0.6625197859691903,2.7541944134896617,3.781528464054474,2.1298250243830448,4.451613833580824
61500.0,1.2435040531671224,1.2136428705238258,1.4247331781413717,1.4801911936811043,8.57345031107013,8.64100178812355,0.6861172847585026,-1.2648740646414105,52580.12205450603,58251.62850031766,0.8695317538056719,-0.4596911374659354,5.937848663232002,5.435712971593843,0.7794767327013513,-0.6713335198575305,27.63441663902332,21.407011040945758,0.726241529046412,-0.4639949833515078,3.173737309642316,5.111980949874317,2.252185196155052,4.030319985756663
62000.0,1.0483609889550285,1.0146959628271643,1.581679220231814,1.8289173932484173,9.332499865262124,7.457924585223163,0.4047864548468102,-1.3876255648269364,55671.46845661392,55790.65217070876,0.6320698495559558,-1.038778367926364,5.1279703180549765,3.9032083424888735,0.5726243394835903,-0.7476306278494915,19.79011503102025,16.41516099952611,1.038746141857929,-0.0402966763142638,3.480471407111553,5.758362603886576,1.978010517799524,2.6005345549429784
62500.0,0.8423813397502276,0.8485234178947703,1.7301276400995802,2.786351049627823,8.521783634143075,6.450673355695827,0.4101700787819998,-1.1365313410058744,59481.912317274604,61382.70139936663,0.7429222839991696,-0.8678167315130237,4.076941073540269,3.1612717409762014,0.6913775208007272,-0.37816482615427954,21.419405582508695,18.83401732786065,0.9667733302791767,-0.0270374585866748,3.957525908467751,5.86236693319519,1.6702765084784152,1.4777168133285312
63000.0,0.6364016905454266,0.6823508729623762,1.8785760599673464,3.743784706007229,7.711067403024026,5.443422126168492,0.4155537027171894,-0.8854371171848125,63292.35617793528,66974.75062802451,0.8537747184423833,-0.6968550950996835,3.02591182902556,2.419335139463529,0.8101307021178642,-0.0086990244590676,23.048696133997137,21.25287365619519,0.8948005187004244,-0.0137782408590858,4.434580409823949,5.966371262503803,1.3625424991573063,0.3548990717140841
63500.0,0.5583993425910275,0.4284272334077579,0.7139665284412172,-0.3552660813679651,5.86424808653174,4.62600141325508,0.5290289319764193,-0.9923550645193512,68116.8430260794,69760.45765886061,0.9634791648227397,-0.3647902988331388,4.096957666279535,3.058577521971939,0.5085918941114015,-0.7935486965905101,41.46106697808232,34.0536128806152,0.7190924099795006,-0.8109297639556541,5.097849629578085,5.075636898739619,0.7967377176219795,-1.002712586125594
64000.0,0.911468750840216,0.7826450836974395,0.803604172433154,-0.0572939802355696,11.393616130109931,8.584230315326783,0.3537831278739077,-1.272269455677572,95678.23595623432,84168.78469643345,0.6325263831695989,-0.6876333224542877,7.12959725576918,5.024549535697979,0.5677986111179454,-0.643914298306143,32.68464957958944,23.24595091194488,1.1357489787884003,1.0131327091189206,4.110336630207689,3.471523242365367,0.9269585776876068,0.0594775489043177
64500.0,1.0477365507452234,1.0088676755840194,1.2285511595188263,0.558184953604874,13.964300441920072,10.129065786617089,-0.1507017837504883,-1.6520345320294736,143467.34559168213,106592.0566572292,0.0762713491209091,-1.2319156496303632,5.101313929806524,5.630059393269375,1.2418144363545351,0.2441590360100907,41.4320736724608,36.07864960109026,0.996538442862099,0.0428157992695128,5.7715230518065175,6.461827365422055,1.6362300370298708,2.09136589926372
65000.0,1.378484155319702,0.9553766463489382,0.1135464019416133,-1.2053153219944388,10.552007861073502,8.102180809247452,0.2741848867772813,-1.1145146911695114,180882.5583318534,121797.80194932778,0.0114547912247188,-1.1224274236510736,4.674025119708944,3.849641792092535,0.5675032516562497,-0.8004956107225687,39.15288897999059,38.64289191803714,1.0409959708803402,-0.0133664057095752,9.31565855310967,9.833339840784314,1.004201096127763,-0.3919707743117988
65500.0,1.3274541519193628,0.8332067564024886,-0.0607505582793555,-1.3005239169199976,11.452215007508714,7.541546141313016,0.1980766338809296,-1.074802301201221,149250.41563583046,131395.78707949372,0.7343322701426426,-0.6300779009301576,2.554984019348559,1.8579417688139663,0.4702740333270106,-0.8442313496795313,25.339482747219403,26.38405213696976,1.4269480370895022,1.4800307852732022,11.397876099755225,9.58200769417053,0.4340988757036464,-1.242612230524134
66000.0,1.3770382524153175,1.053426181743343,0.3782606151276262,-1.3019285902695443,21.9908532992126,9.208975162136015,-1.1098596330626405,0.07172552616034,225976.91611678427,133332.05713426237,0.7443407209888468,0.6520566141766495,5.111757055395682,2.9981327636668,0.0141930237052654,-1.069317769225107,54.295889983618096,48.430189547697466,0.6256111272691404,-1.0592476400398494,10.037097739697709,5.562655996745341,-0.3007049039972077,-0.7310281409630215
66500.0,1.4160305523850312,1.033699090995774,0.35154293089493516,-1.2912042366578655,22.61184712845721,8.92088874310463,-1.1995380947348284,0.5948188162325054,255517.83049447602,128663.5854498767,0.5500411626953703,0.6874094586994952,5.557465132617245,3.049793784497749,-0.12598314073818487,-1.0552264125464357,55.88091817016022,46.56646746164821,0.49711573109043905,-1.110728948347109,8.952462475655114,4.7864932536490485,-0.3894458901798048,-0.5905069167560208
67000.0,1.4550228523547446,1.013972000248205,0.32482524666224416,-1.280479883046187,23.232840957701818,8.632802324073245,-1.2892165564070162,1.1179121063046709,285058.7448721678,123995.11376549103,0.35574160440189373,0.7227623032223409,6.003173209838808,3.1014548053286983,-0.2661593051816351,-1.0411350558677643,57.46594635670235,44.70274537559895,0.3686203349117378,-1.1622102566543686,7.867827211612521,4.010330510552755,-0.478186876362402,-0.4499856925490202
67500.0,1.494015152324458,0.9942449095006362,0.29810756242955316,-1.2697555294345082,23.85383478694643,8.34471590504186,-1.3788950180792041,1.6410053963768363,314599.6592498596,119326.64208110535,0.16144204610841717,0.7581151477451866,6.44888128706037,3.153115826159647,-0.4063354696250854,-1.0270436991890928,59.050974543244465,42.83902328954969,0.24012493873303653,-1.2136915649616282,6.783191947569928,3.2341677674564626,-0.5669278625449992,-0.30946446834201957
68000.0,1.5330074522941717,0.9745178187530672,0.2713898781968621,-1.2590311758228294,24.47482861619104,8.056629486010474,-1.468573479751392,2.1640986864490017,344140.5736275513,114658.17039671968,-0.0328575121850594,0.7934679922680323,6.894589364281933,3.204776846990596,-0.5465116340685356,-1.0129523425104214,60.63600272978659,40.97530120350043,0.1116295425543352,-1.2651728732688878,5.698556683527334,2.45800502436017,-0.6556688487275962,-0.1689432441350189
68500.0,1.5129883562559865,0.9327555958337266,0.24890579292981507,-1.2029042339449176,23.9798999901158,8.011417862763746,-1.4345031141174929,1.9675708581638771,351202.1175516049,115909.67982842158,-0.014996680757005453,0.6285945330211591,6.92273693539419,3.187378321795678,-0.5221847681108208,-0.9308730596246918,60.10134762159207,39.639971443381285,0.09279159651044937,-1.2455662795467524,5.400487506709491,2.397675840083597,-0.5593281993279242,-0.26157660492923607
69000.0,1.4929692602178015,0.890993372914386,0.22642170766276806,-1.146777292067006,23.484971364040558,7.966206239517018,-1.4004327484835934,1.7710430298787527,358263.6614756586,117161.18926012349,0.0028641506710484904,0.46372107377428584,6.950884506506446,3.16997979660076,-0.497857902153106,-0.8487937767389622,59.566692513397555,38.30464168326214,0.07395365046656352,-1.225959685824617,5.1024183298916475,2.337346655807024,-0.46298754992825225,-0.3542099657234532
69500.0,1.4729501641796163,0.8492311499950453,0.20393762239572102,-1.0906503501890943,22.990042737965318,7.92099461627029,-1.3663623828496942,1.5745152015936283,365325.2053997122,118412.69869182538,0.02072498209910243,0.2988476145274126,6.979032077618703,3.152581271405842,-0.47353103619539116,-0.7667144938532324,59.032037405203035,36.969311923142996,0.055115704422677686,-1.2063530921024812,4.8043491530738045,2.277017471530451,-0.3666469005285803,-0.44684332651767034
70000.0,1.4529310681414314,0.8074689270757048,0.18145353712867401,-1.0345234083111827,22.49511411189008,7.875782993023562,-1.3322920172157948,1.3779873733085037,372386.74932376586,119664.20812352728,0.03858581352715638,0.13397415528053935,7.007179648730959,3.135182746210924,-0.44920417023767634,-0.6846352109675029,58.49738229700852,35.63398216302385,0.03627775837879185,-1.1867464983803457,4.506279976255961,2.2166882872538776,-0.27030625112890827,-0.5394766873118875
70500.0,1.4329119721032462,0.7657067041563642,0.15896945186162698,-0.9783964664332709,22.00018548581484,7.830571369776834,-1.2982216515818956,1.1814595450233791,379448.29324781947,120915.71755522917,0.056446644955210325,-0.03089930396633389,7.035327219843216,3.117784221016006,-0.4248773042799615,-0.6025559280817732,57.962727188814,34.29865240290471,0.01743981233490602,-1.1671399046582103,4.208210799438118,2.1563591029773046,-0.17396560172923625,-0.6321100481061046
71000.0,1.4128928760650612,0.7239444812370236,0.13648536659457994,-0.9222695245553594,21.505256859739596,7.785359746530107,-1.2641512859479964,0.9849317167382547,386509.83717187314,122167.22698693108,0.07430747638326426,-0.19577276321320713,7.063474790955472,3.100385695821088,-0.4005504383222467,-0.5204766451960435,57.428072080619486,32.96332264278556,-0.001398133708979829,-1.1475333109360748,3.9101416226202743,2.0960299187007316,-0.07762495232956435,-0.7247434089003219
71500.0,1.392873780026876,0.6821822583176831,0.11400128132753293,-0.8661425826774476,21.010328233664357,7.740148123283379,-1.230080920314097,0.7884038884531304,393571.38109592674,123418.73641863298,0.09216830781131821,-0.3606462224600804,7.091622362067729,3.08298717062617,-0.37622357236453186,-0.4383973623103139,56.893416972424966,31.62799288266642,-0.020236079752865663,-1.1279267172139393,3.612072445802431,2.0357007344241587,0.018715697070107673,-0.817376769694539
72000.0,1.372854683988691,0.6404200353983425,0.09151719606048589,-0.810015640799536,20.515399607589117,7.6949365000366505,-1.1960105546801978,0.5918760601680058,400632.9250199804,124670.24585033488,0.11002913923937216,-0.5255196817069536,7.1197699331799855,3.065588645431252,-0.35189670640681703,-0.35631807942458427,56.35876186423045,30.292663122547275,-0.039074025796751496,-1.1083201234918039,3.3140032689845875,1.9753715501475857,0.11505634646977969,-0.9100101304887561
72500.0,1.3528355879505058,0.5986578124790018,0.06903311079343885,-0.7538886989216242,20.020470981513874,7.649724876789922,-1.1619401890462986,0.39534823188288115,407694.468944034,125921.75528203677,0.1278899706674261,-0.6903931409538269,7.147917504292242,3.0481901202363337,-0.3275698404491022,-0.27423879653885463,55.82410675603593,28.95733336242813,-0.05791197184063733,-1.0887135297696682,3.015934092166744,1.9150423658710127,0.2113969958694517,-1.0026434912829731
73000.0,1.3328164919123209,0.5568955895596612,0.04654902552639184,-0.6977617570437126,19.525542355438635,7.604513253543195,-1.1278698234123992,0.19882040359775677,414756.0128680876,127173.26471373868,0.14575080209548005,-0.8552666002007001,7.176065075404498,3.030791595041416,-0.3032429744913874,-0.192159513653125,55.28945164784142,27.622003602308986,-0.07674991788452316,-1.0691069360475327,2.7178649153489007,1.8547131815944395,0.3077376452691237,-1.0952768520771903
73500.0,1.3127973958741357,0.5151333666403206,0.0240649402593448,-0.6416348151658009,19.030613729363395,7.559301630296467,-1.0937994577785,0.0022925753126323,421817.5567921413,128424.77414544058,0.163611633523534,-1.0201400594475734,7.204212646516755,3.0133930698464977,-0.2789161085336726,-0.1100802307673953,54.7547965396469,26.28667384218984,-0.095587863928409,-1.0495003423253972,2.419795738531058,1.7943839973178666,0.4040782946687957,-1.1879102128714076
74000.0,1.2730131168748464,0.5276914217629474,0.03780058597330117,-0.753134687573687,18.10174457764875,7.805567906720376,-0.9453039402753556,-0.24330454050439615,421564.0144766509,127585.94085553788,0.16820457979611336,-1.012685515872912,7.008324080850333,3.048007695041871,-0.14545106155347576,-0.14245087789137603,51.30974882592261,24.6791767154794,-0.03596559546599265,-0.9733428086806202,2.4417447295291326,1.7951206826041768,0.39986738106671904,-1.179524635014057
74500.0,1.233228837875557,0.5402494768855742,0.051536231687257544,-0.8646345599815729,17.1728754259341,8.051834183144285,-0.7968084227722112,-0.48890165632142457,421310.4721611606,126747.10756563517,0.17279752606869273,-1.0052309722982506,6.812435515183911,3.0826223202372436,-0.011986014573278914,-0.17482152501535678,47.86470111219832,23.071679588768966,0.023656672996423697,-0.8971852750358431,2.463693720527208,1.7958573678904868,0.39565646746464245,-1.171139057156706
75000.0,1.1934445588762677,0.552807532008201,0.06527187740121392,-0.976134432389459,16.24400627421945,8.298100459568193,-0.6483129052690668,-0.734498772138453,421056.92984567024,125908.27427573247,0.1773904723412721,-0.9977764287235893,6.616546949517489,3.1172369454326168,0.12147903240691793,-0.2071921721393375,44.419653398474026,21.464182462058528,0.08327894145884003,-0.8210277413910659,2.4856427115252826,1.796594053176797,0.3914455538625658,-1.1627534792993552
75500.0,1.1536602798769784,0.5653655871308279,0.07900752311517029,-1.087634304797345,15.315137122504806,8.544366735992101,-0.49981738776592244,-0.9800958879554815,420803.38753017987,125069.44098582979,0.18198341861385142,-0.990321885148928,6.420658383851068,3.15185157062799,0.2549440793871148,-0.23956281926331824,40.97460568474974,19.85668533534809,0.14290120992125638,-0.7448702077462889,2.5075917025233574,1.797330738463107,0.3872346402604892,-1.1543679014420043
76000.0,1.1138760008776891,0.5779236422534546,0.09274316882912666,-1.1991341772052309,14.386267970790158,8.79063301241601,-0.35132187026277806,-1.2256930037725098,420549.8452146895,124230.60769592709,0.18657636488643078,-0.9828673415742667,6.224769818184646,3.186466195823363,0.38840912636731156,-0.271933466387299,37.529557971025454,18.249188208637655,0.20252347838367274,-0.6687126741015118,2.529540693521432,1.7980674237494172,0.38302372665841256,-1.1459823235846536
76500.0,1.0740917218783996,0.5904816973760814,0.10647881454308303,-1.310634049613117,13.457398819075511,9.036899288839919,-0.20282635275963368,-1.4712901195895383,420296.3028991992,123391.77440602439,0.19116931115901015,-0.9754127979996053,6.028881252518223,3.221080821018736,0.5218741733475085,-0.30430411351127973,34.08451025730116,16.641691081927217,0.26214574684608904,-0.5925551404567346,2.5514896845195074,1.7988041090357272,0.37881281305633596,-1.1375967457273026
77000.0,1.0343074428791104,0.6030397524987082,0.1202144602570394,-1.422133922021003,12.528529667360864,9.283165565263827,-0.0543308352564892,-1.7168872354065667,420042.7605837088,122552.94111612168,0.1957622574315895,-0.967958254424944,5.832992686851802,3.255695446214109,0.6553392203277053,-0.3366747606352605,30.639462543576872,15.03419395521678,0.3217680153085054,-0.5163976068119576,2.573438675517582,1.7995407943220374,0.3746018994542593,-1.129211167869952
77500.0,1.718771824339001,0.7352997973848929,-0.7169278942893891,-0.3879705435736653,14.46422619898317,8.678662865825368,0.2248882444547874,-0.2641147623812636,306074.194529899,124832.06370001854,0.1337991265332773,1.0741651658586102,4.645455025520169,3.838232726197016,0.8247873494385694,-0.5739842709056435,26.28462375238201,18.534532099947164,0.617486123510382,-0.4767641151425166,6.979570538132956,3.927161638076944,0.2178495336455219,-0.717184581079882
78000.0,2.1523393655901377,0.8643974389643057,-0.972230525344322,-0.1617738870753888,14.42197173609613,10.878454802610396,0.5854565565285142,-0.585111888147599,229888.91315397387,140703.0195254669,0.7627361261783004,0.3963082779520173,5.533095185810495,3.021200175503712,0.7142458740931608,0.2671390949561223,44.55861397956904,25.630387096643823,0.0756303141260286,-1.1403934171951715,9.91083362100962,5.764403965851837,0.0462416613222106,-0.8120081591424015
78500.0,2.233433533664686,1.1078902458012998,-0.7121256679715543,-0.7865838684773445,11.304253733274,8.25989607962718,0.4903149046180594,-0.9423709082145146,189960.1503709968,129288.27083209583,0.5842714448327018,-0.3003388739389878,5.803133071356876,3.14684773788852,0.0018317796498266,-0.4616622247408468,54.95460251240432,37.89571684814025,0.4769112346239212,-1.0233282027585493,10.993841307402477,8.696215679797358,0.3270221965077194,-1.2567753768867482
79000.0,1.8463882540027967,1.1028830468490354,-0.2177822501339163,-1.1990313011453633,11.682399541217826,7.405724020745751,0.2580885056371447,-1.138335625796757,169388.87084986808,132924.32832528502,0.6052137107804513,-0.7163850780239143,5.075823112609686,3.371753036914082,0.1860279884562371,-1.1413192131495926,54.193196636868656,41.9777771448238,0.5531910338947041,-0.9603175563501792,12.65301776335908,10.606610675426795,0.3910646713572128,-1.420029526906744
79500.0,1.2340870418256713,0.6530622416034557,-0.1394215945834321,-0.5289773072670227,12.513087190838544,7.999838425269598,0.0726212305417279,-1.3793026666794697,159063.57163026504,134505.28103544458,0.44136489607877,-1.2280865037648896,3.3190430785991456,2.784840439477465,0.6361522352921226,-0.8302905596134615,40.98587602243331,32.56853977993866,0.8128273219905048,-0.376743729059648,12.809970374961408,10.886739608415294,0.4498034862409005,-1.3579610501893726
80000.0,0.7159339305788035,0.5209151319079304,0.711169442944184,-0.5719981179678886,12.068744287469071,6.923035726480573,-0.1335802443769068,-1.1072686792143318,148395.52632954234,107255.54909103422,0.143478429372936,-1.1958649889672577,1.911424693590745,1.4949454636925168,0.6942602423451365,-0.557196638702981,26.25667034278077,18.420227294525457,0.6689309305645321,-0.5286408698501721,10.021102051102694,9.515057203314104,0.7099015569442594,-1.0046700467421747
80500.0,1.251736827515346,0.9718086230896236,0.3406316546900155,-1.3003812219191258,9.88466361803089,6.591939243411788,-0.034342275784489,-1.3707171330897896,138294.33478165383,94029.65309431875,-0.0432764967240142,-1.350796574358927,3.0597000441611137,2.114950118559997,0.1236630173831433,-1.1259880885668194,24.644746772480467,27.308314183002192,1.1126952832037604,-0.2349686089507785,6.006635181344147,6.3476677900762,1.125817786932113,0.0356191173724287
81000.0,1.572661494425113,1.1957626918040447,0.3187115388885768,-1.4513206814821442,8.069876657047482,6.084560422377799,0.4107808012188604,-1.0714364302596184,128301.10810961237,93538.14392202412,0.1602768801822681,-1.2378025035097304,3.877094755087302,2.8493785604034425,0.10358339009914,-1.420212308479383,29.80806712927554,32.73176261661077,1.0610763987418654,-0.3609002649422956,3.2915464835975734,3.3159414374699048,1.8171902461351936,3.158116587880412
81500.0,1.3721020694800297,1.2190686643175042,0.4091794532428957,-1.453452033577873,6.569285054251856,5.6294495020737525,0.9527142937068884,0.1515450380142433,122265.82773499044,102949.26578421614,0.3778924089635643,-1.1829197961842126,3.636665576545593,2.8571133682457908,0.2212983726627942,-1.330394049047467,30.674211405809316,31.82001320896997,1.0780464121491138,-0.2821265671021695,3.904296166489822,3.139158173645158,0.6677692720760326,-0.5997317763278525
82000.0,0.9700067515393282,0.7930276028496717,0.7144356241855868,-0.6798396623734284,6.157785538221758,5.049284652317464,0.8422901159898456,0.0119558451590111,98640.25566560237,92082.2532543197,0.7564361349675809,-0.3342225494009225,2.5777480086730424,1.8888642137583025,0.4472520206718245,-0.8095064615494305,23.756497197854557,22.61886182042456,1.0051503205959311,0.1207480110940104,6.49022395472568,6.074529837797835,0.4569298739390995,-1.4023246341350506
82500.0,0.5627949697637076,0.4381558188725899,0.6177351653748907,-0.8274200883018699,5.291915871936168,4.915439774198978,0.6871683837441797,-0.8989152849442141,72400.41842923862,68315.07814462166,0.6231652348184,-0.8944892215909079,1.4388284339048476,1.012745186841473,0.2938897359877341,-1.1740844264488273,15.471050457763052,12.04089985923756,0.5409565153385189,-1.0472627605431115,8.39196192997377,7.682890661249606,0.373481271002039,-1.5386667475642508
83000.0,0.7026970550086605,0.5832585806655848,0.9643096185701496,-0.2607693076568016,4.709186915089767,4.792636716190153,0.7574558789664274,-1.0296133631502506,57934.8816898199,50087.71491149487,0.4540680772808652,-1.255756382128819,1.64976238593732,1.4291567014716844,1.119613630302697,0.0853311203399918,14.582932031949849,14.202264277307137,1.301078688786389,0.6277954416940825,8.677832492893254,7.883701045648452,0.4737293677087124,-1.3865169435279034
83500.0,1.0875725244212937,0.7442698406689523,0.750633987541347,-0.6544547114039019,4.537445584792274,4.061685677374002,0.7602812958655191,-0.6433164878118358,48216.23632963602,43503.454242210704,0.4664335698957567,-1.4123359340528183,2.3113962020029386,2.104505664848382,0.9721141876418432,-0.2394973976827263,17.213114025718546,20.969467838861565,1.512968859666145,0.886186084470391,7.529106155768614,7.558648745135881,0.7291464011118737,-1.0769184976105115
84000.0,1.237279351806484,0.912157502248364,0.2595632743157423,-1.366583827742605,4.100750889993402,2.972706895492468,0.4992389819926727,-0.8314257700121384,41801.09135992536,40782.49284830133,0.76885932735656,-0.7770309243593108,2.815903599982477,2.189249788184132,0.4181406782161629,-1.0779295742289714,19.492293723906503,22.190938571952827,1.2569982948345422,0.2023572959926016,5.2932733798209375,6.021020825080078,1.1326935815217218,-0.2830344341188624
84500.0,1.14883630556276,0.898347220756888,0.3775108239346891,-1.3762552473606025,3.3524261563389794,2.3708793731503746,0.3693675988128938,-1.0405819478184777,42568.25122175735,36823.06665879566,0.4838979311348224,-1.2250461991873207,2.526436758407986,1.836670512657696,0.2336005079619313,-1.556269522527591,18.16391882717396,17.358385042110072,1.0398979184535462,-0.2370870894533725,4.395261177778859,4.315377704327787,1.2351074056462512,0.2946789618262948
85000.0,1.030828548559477,0.8451397107942896,0.4805475522427056,-1.1897990216734782,3.5581546904266457,2.86683555275529,0.8549554813950054,-0.134788004832103,48923.5775349598,46402.50927858075,0.9667871953760512,-0.2552045370495563,2.145613757122369,1.63780937168229,0.4286065057250317,-1.2770878771048586,16.45742575102898,11.931117104465764,0.7507610668071532,-0.4658045795395842,3.849537665488192,3.426998959450565,0.7135379606228791,-0.5746947710291566
85500.0,0.7929456890925871,0.6096942536350944,0.6613708698603425,-0.5889891319522911,5.165934127213598,3.647634430536462,0.5657804421906344,-0.4556968730665396,53024.147759083535,58190.77445400151,1.3634796808349938,0.6755251631438961,1.9333984073046095,1.2637370942191692,0.3282745530368354,-1.0161457698028389,14.224890372711045,9.908891375254116,0.4721258853242763,-0.6615729327048263,4.390749824112202,3.356596586977586,0.1141561329433131,-1.591055034639266
86000.0,0.6063453553725527,0.4703464968458089,0.6157330359937173,-0.7498467080631328,6.31138246907156,4.9542292337437885,0.7995786314250009,-0.2963081285745494,51583.97461852325,61207.92270912392,1.6783445115940845,1.8095142538356652,1.9241808275726813,1.522581773984928,1.0129951558819037,0.0888427618776783,16.110149099159216,14.49892326109391,1.2643199819521802,0.6746235427986886,5.080072697904222,3.878916996755043,0.2958718310811191,-1.205640616166017
86500.0,0.6634329802790117,0.4716958127301328,0.4072392173809621,-0.921647473971034,7.788374561697748,6.000238826361109,0.6366379178727227,-0.667668206932396,44640.13287477402,52179.57750714334,1.60094466868749,1.142807703935803,2.265893046839965,1.547508978865434,0.3663042907434369,-0.8430979242137999,19.205020109901945,15.442113084647866,0.871293733082065,-0.1630417182535968,5.071587360032818,4.865969636326498,0.7753703672119105,-0.8428101826647896
87000.0,0.8026392250731913,0.6234969062613136,0.3672535442903677,-1.1779261148875773,8.30940580545767,5.853265411418231,0.8343849851429694,0.535697114268499,30856.67038031605,43419.592851619534,2.07481090374662,3.4172326135844298,2.110779058474931,1.5780574759823789,0.7363279167649112,-0.2339237225570718,15.360065435595342,10.515188604159777,0.5966760459579243,-0.1420077156466281,5.984699750696599,4.944301875732681,0.4671848228295574,-1.193959246836367
87500.0,1.0413170171461386,0.9051317688458878,0.6704279899385437,-1.16483586931575,11.208228480421518,8.480019226143288,0.6557040972080559,-0.7850131280142554,24604.37238427587,19635.057498670358,1.2108736027253413,1.6685184654684813,2.6826220419869475,2.1980277176134217,0.7746905120633407,-0.825065845604807,15.127600953367091,11.130487111532172,0.3443799432626294,-1.2317850326663602,5.806480421942039,4.498620011040935,0.127545785094573,-1.5170140474920155
88000.0,1.0501312394909097,0.9563338774389366,0.7756892246396762,-1.020458710773751,10.49814959584676,7.322374723645781,0.4622177216609238,-0.9090364784245542,21674.53910472413,17516.34388232928,0.9840470784801526,0.3273303076137952,3.117270056940706,2.263758515479065,0.3631259305024109,-1.225215656621773,23.44372813186293,14.386969899314742,0.0164444984939983,-1.2524879517719807,3.1165501901425445,2.6786455247455714,0.9512988501133652,-0.1263656401677062
88500.0,0.6443991815998177,0.7047163420902868,1.0586354694496845,-0.4075318622593049,15.29785136414608,9.918287386919834,0.217317124270435,-0.784735269392391,30874.78597492589,36114.67239983865,1.4953809992374576,1.0930967019845983,1.904519914036148,1.6498278262824333,0.6809036333513627,-0.7476506018127207,17.586187724534916,11.15156116799038,0.1366624899101253,-0.955546162160632,6.204609189429626,4.6786552226900655,0.5188928942781769,-0.9021923290210428
89000.0,0.3924976555293777,0.2776650996530769,0.967287138333116,0.5678662380173711,11.831588081151322,7.949463438389998,0.295239795407557,-0.7169959098274648,43218.11486029376,43344.835227514064,0.996618454048236,-0.2911590809865698,1.3020784925732616,1.191361894677753,0.8741221963220819,-0.3988013627979057,11.586863773803536,9.143563679396967,0.615035899337827,-0.5835779088350588,6.517847179067057,4.210878904313829,-0.076492817085178,-1.3549314135388275
89500.0,0.5398290577570256,0.4564457602750817,1.0572316578068872,0.3908155648435469,15.465886824786956,9.585628234479664,0.315901793098319,-0.5204690125851363,46299.23428927902,40602.68057017969,0.5330256429449178,-1.0418042881522411,2.5232508864835386,2.119693298974816,0.3563589425446632,-1.370069085189024,21.8964047409304,15.785957654922438,0.656055156930777,-0.4950766324875375,8.661425804278755,4.123598501038426,-0.4121723173011273,-0.8965822632633924
90000.0,0.7581243167235828,0.8142499634710012,0.8063465414744702,-1.0981887175696012,15.308643282759054,11.58176955821672,0.4788782071996083,-1.0654969250987618,46395.84663368868,30404.289119514706,-0.2431239806485062,-1.3746565892532256,3.0837930765129613,2.744776085252932,0.5219552318770284,-1.2759374148314169,20.40953708769193,14.152261002249894,0.1797811715703781,-1.2196216534308355,7.200956036218375,3.605834774225393,-0.3189849540764512,-0.6322895198674359
90500.0,0.9514967339971132,0.8737304399853605,0.6836856430995195,-1.2703994795727818,14.312479736977023,11.818783888349069,0.9294269415074822,0.0480752056587889,38694.64005526475,26935.02383688102,0.0539175600589823,-1.4235417444813312,3.272475699908874,3.1852714449897794,0.5870552459312159,-1.4495288452201975,19.727133459135917,14.703965014574475,0.4191460286603069,-1.0128765440891931,5.16215071774935,3.1132948576341333,0.4698302943278249,-0.3375463561466034
91000.0,1.0515410420246152,0.8467565272385333,0.5467792962789794,-1.2505571401255229,17.92543691205333,13.334226215355342,0.9004482393531374,-0.2311874847816613,33047.66388140712,24437.05946295035,0.467741147704203,-1.0104527462199795,3.989410076725729,3.151267341037705,0.1689425298923178,-1.668419789073636,25.34711259123634,15.987433166702534,0.2319402518590983,-1.2541395953842551,2.84222986105529,2.860808710986661,1.2664702907343488,0.4327985693611351
91500.0,0.9944189418467289,0.8123416301182852,0.4560612663001784,-1.0345135188885692,22.942309357521744,13.559725226809274,0.0309415500874111,-1.0181686526446447,31952.229100496108,23360.972863203064,0.5434136635103549,-0.8611514248079617,4.436971648353534,2.890805949036156,-0.1096343814413791,-1.6274615831070591,30.70207470084822,17.49026336855365,0.1384717749014423,-1.3348354845238386,4.081630948890733,2.641443747441374,0.8316654028023003,-0.2851305080944946
92000.0,0.9140941232514646,0.7128433271953624,0.7597282395921178,0.047722498548492,24.818409347838237,13.791479204739494,-0.3832375123160904,-1.1839614485687189,38048.02248467454,27580.73230692061,0.6461971267447275,-0.2976992113215302,4.164571774985549,2.9232275255791973,0.1385584345542715,-1.4492929799551075,29.1466730594322,22.790800879384417,0.4204860387890066,-1.1920142316426694,5.587921271774968,2.76591907585078,0.0688856765141313,-0.6579271193522591
92500.0,0.738846208362962,0.6014000588677015,1.3773961119788791,2.290362908812908,22.746128145866543,14.005334722516254,-0.4779394847253599,-1.394794021612643,58240.67758439079,30658.41090233973,0.0807980191960203,-0.851918797556189,3.693463655326998,2.568352841611454,0.4617589466274909,-1.1190867794025792,26.486796872607968,22.945832955587267,0.7066284313275406,-0.9411393663734432,6.131638916757381,3.484241458089285,-0.5365647775193276,-1.2159183231674409
93000.0,0.6527713081525016,0.5568811488941904,1.891586605135192,3.745394757748019,19.958958363179036,12.50316134342276,-0.3179376194807182,-1.518893974725794,72032.4282296658,32164.66729748565,-0.3671714078421612,-0.2796480306608346,3.134775513926778,2.342633948224598,0.4295549406527049,-1.1637496462434236,24.05926376716126,20.67970800803174,0.7010565261820182,-0.8913442531885316,6.274817639400468,3.701630172970213,-0.4131148237090423,-1.495454743867165
93500.0,0.4616074640220191,0.5063391338119648,2.6725313630056347,7.105620711813966,15.26470049796405,9.682274320090375,0.0554661811443414,-1.3833764785428004,88694.05390703776,28907.120832455494,-0.1782259714303432,-0.2293732343198171,2.163866897676623,1.6511660168351778,0.7202945757551317,-0.5541286988971423,17.046308759957597,14.957076717683323,0.8754447682955324,-0.3770356867109394,6.140241544040432,4.157522061402128,0.0294266116814499,-1.464448700139006
94000.0,0.5654285973154605,0.4786206177758263,1.2295453866043806,1.1161113373562026,9.613271201298769,7.007548753687767,0.4337638139014087,-0.7796154684498675,71818.47778358523,37903.864802184304,-0.0012329471211554,-0.7583981599414118,2.263904141399064,1.7655607314611466,1.0494914690649042,0.1467703497303856,15.159814960819066,11.39498448622296,1.0516648813260288,0.1553669271904887,5.336541546065007,4.462156415601368,0.5329334763510805,-1.16177812313588
94500.0,0.8193295679435361,0.6253486592205271,0.6384183343250728,-0.6747361786872919,11.892391131798892,8.717036480869062,0.4404691029173877,-0.8116663870939105,53675.83224009331,32220.685692197363,0.1388613127665936,-0.862201221605595,3.999817114524656,3.5399045454249527,0.6355017328331186,-0.9309379396154168,28.514655733929725,23.483801310363894,0.6962213952546261,-0.6248321781563884,4.440494015370386,3.883888120853839,0.7866186062800603,-0.5627420216443961
95000.0,0.6790336194506437,0.5399322685492355,0.7931278538392921,-0.1437338510220591,20.30911282580523,17.204148427896925,0.7457181386990599,-0.5883562723343849,37271.71817280943,34663.85067158536,1.2465314628158597,1.1157418649371262,3.205999497329322,3.1027532850977444,1.1911422087308965,0.5017636600950683,26.371932997095705,23.01790552482799,1.1118739928192216,0.4166632487809401,2.4513713662775056,1.9463452533077237,0.9331186137480072,0.6614483992749687
95500.0,1.087326471247099,0.849090148552745,0.9735171591625748,0.2253961250373399,15.370508360594002,15.04418497330918,1.0492289171633282,0.0860289185338345,52567.02383827638,52931.23244518183,0.9261626508444564,-0.5507252242790415,4.886890368488145,3.9465189977430586,0.8725233488728305,-0.2176171783736515,37.58393688377645,30.11980987759193,0.8632610642199913,-0.1897514600923968,3.485059227167368,3.014473381307857,0.8934205217364206,-0.0848057105774064
96000.0,1.2837203404751023,1.1420776550541487,0.9396209410550084,-0.2002396427545498,9.264411789458974,8.94932720351094,1.228676418835117,0.8210716556119873,39541.58148836173,36908.11218985391,1.251309501850794,1.1811167893343892,4.968565296064264,4.277176997812177,0.8026928575080664,-0.6911117117082393,40.55657689569976,36.330608722446186,0.8309921582586237,-0.703927633286547,3.057899598973115,3.473567473234643,1.6521118490250088,1.8363224817572688
96500.0,1.7656303551666035,1.500333811890616,0.8325863735906509,-0.5518827006412446,16.13351524386061,16.76701906695015,0.8856126461359634,-0.737963525950089,76166.97591367227,71422.81419294578,0.7824469166191361,-0.8099161027475703,7.450768283719537,6.234657492520706,0.7309533007188709,-0.7093627621148357,59.07406533394124,52.56039061706793,0.7165605130408274,-0.8828739910654413,2.202891204737134,1.8220826111368789,1.245972210343415,1.463886101783599
97000.0,2.111941295827172,1.5874075787253152,0.7526145382291297,0.1911521980698873,9.117015425752276,10.112416222808488,1.7680427513999095,2.415450531281888,67656.82480639259,46238.03406134522,0.5192311838140252,-0.4553927259275516,7.747754444867205,5.270883070213968,0.6867850100574419,-0.0077873251489504,58.66358442020353,42.133051956134565,0.8351698670982,0.1092107834297784,2.101291660906687,2.2961141847856257,2.0066812077015745,4.435129284131432
97500.0,3.010504586103099,2.8319530489327587,0.803691200319633,-0.94675772503768,8.362495079343555,7.977906811810154,1.1500619359917097,0.2516080943128989,115409.51179985434,98099.73296119628,0.6010696812048082,-1.0450922261900355,11.666682204642296,9.823645421299275,0.5896301236484537,-1.1368360615328477,90.65908725158964,81.8330178633236,0.6673222387023501,-1.124865198395385,3.273092581863552,4.012467530097538,1.834674971237524,2.451589835060987
98000.0,2.955420172175053,2.5692319149681424,0.7145186364442317,-0.8251631815754066,12.398277637356031,11.852595714960648,0.9227626008512164,-0.4837951839784584,96527.26898200966,79737.74818093133,0.9451846881691648,-0.0820731002905441,10.170484972436585,8.602154197057258,0.7876372190229729,-0.5283365492564642,81.94914899471509,71.90684323122781,0.772572659730684,-0.6650773479067205,3.6670757608732254,3.3803986265420445,1.246091587773751,0.7571890387730438
98500.0,2.594065172035601,2.9026837979153486,1.3277619019032598,0.564480559283592,7.014326176412707,7.05515156264536,1.679858972603928,2.546615245235322,115429.13632195434,105508.73499602368,0.8383156701038208,-0.627215413085227,8.911191355549034,9.36974313260193,1.20519671783963,0.2406133128028318,68.66158848854582,74.56736798622619,1.2754762893754392,0.4123602328089411,3.626475782644824,2.712672181649848,0.6044134127939575,-0.1565044395233776
99000.0,5.200869219755341,4.382293669236071,0.2268393953648982,-1.658820498101445,8.671618532633872,6.667622563160916,0.7376156651505446,-0.136946239741925,180013.93636081164,128423.57021028084,0.0510074489513632,-1.480751197372452,17.055906520399226,13.915869035837472,0.2858139757247734,-1.5650163337018788,136.40347025718907,114.36561122079884,0.315436752621142,-1.5525924646988911,5.914626115177958,5.625610385271241,1.3010338856075898,0.971660985856348
99500.0,2.549658227343708,2.2665449380032108,1.077287012020513,0.115820081035241,11.540788073865082,10.545702114495413,1.0103811225532866,-0.1452372509087651,80632.69977698843,51354.32806505322,0.2070167853975095,-0.8760379193857366,8.280899545906948,7.094417212289739,1.2480105312276892,0.748193453668129,67.25365141734295,60.76641138946593,1.3725859606882054,0.9405870022391988,7.986263658287676,6.852718039043921,0.5842876118341797,-1.1978380503992914
100000.0,3.2048394447540214,2.4079322913082115,0.5432863671744605,-0.9105596465930348,12.911672789277644,9.89893059422594,0.4630396809922616,-0.9858776279969635,161407.8954706929,103299.43259892604,-0.0624516390163552,-1.2624841028823153,10.58230463577027,6.867906500496651,0.2951739592464152,-0.7276050787936574,77.37121809032321,52.98096113295493,0.3468867887204909,-0.8576359425502829,7.690889795234339,5.08936093222368,0.24323106847917,-1.211526872096229
100500.0,4.977464185708297,3.983023839097509,0.0007950392164126,-1.703144447427538,8.387720229662031,5.2047212393092765,0.5461861081473661,-0.340301215482242,185704.01803564173,128928.07882552264,-0.1961736744888413,-1.602925623202868,14.224404721689837,11.664933120115816,0.1712522450011442,-1.6583153860704145,109.6063513250032,91.2161507858736,0.2253304331323262,-1.6125866776206643,4.854085600531544,3.7431396963125647,0.5974447597253586,-0.8786080106933474
101000.0,5.003445929444864,4.432715529096531,0.2617775890685946,-1.6378390676977683,7.550433323726763,5.828751724866186,0.7492428660130198,-0.3297189382571162,144071.49932989723,128468.26881133726,0.2679270630842763,-1.6278949662394284,14.860046648384804,12.609376543665464,0.3998356994827973,-1.5280575815908917,110.7501834405987,107.39690011916092,0.5256030629928288,-1.4555227324078244,5.201853825399924,3.5107943166163795,0.6891815381108053,0.0541449768920081
101500.0,4.616211706763594,4.47492479414807,0.5100043106223985,-1.428250682322685,9.64422859067079,9.028737461834584,0.7837565314288392,-0.8163705018145149,118140.0287890166,112075.87564987811,0.6771508535563182,-1.1961493624519928,13.73538217414094,13.143389121937371,0.568109921771133,-1.3093945492949597,106.54780361772922,112.2632058124272,0.7128916785216636,-1.1990700709371482,6.7693185027457865,5.2778390236849,0.754791497900928,-0.7251577166478422
102000.0,4.082421742691112,4.280425013639876,0.6957635031811027,-1.2095884386478497,12.507131082467582,10.283167939231848,0.7249535765127975,-0.9012941752808352,105520.97729398547,96588.98321955484,0.8239013091628383,-0.7582660602821942,12.576884287199931,12.330819990927,0.7683013761126487,-1.0618957587826758,101.28206306961224,107.05082060461773,0.8529812398672579,-0.9630357120698876,8.181149356551035,6.259881303267626,0.5714261905307783,-1.116125360863178
102500.0,3.6161606452988138,3.9210420481735824,0.90583652577293,-0.8484849496236486,13.087178229374436,10.964149656372488,0.6433357759372884,-0.9361784699518744,101427.8441794791,77288.40928423304,0.8205201014159949,-0.3487689129023703,10.639134444282169,11.984807429798671,0.9620166987869126,-0.7243256113502805,90.5330861824535,104.42247540141722,0.9763426924018004,-0.6845678274551523,9.068751114127336,7.777915837902927,0.4731592432989724,-1.4282115052963564
103000.0,3.303484239721926,3.4201280934406517,1.1078582538781927,-0.3406522614248715,15.058606629532518,9.998753280769378,0.251884960581106,-1.081264618094248,96410.87623022868,70430.93742263864,0.3848632735069514,-0.9143034120159386,9.292621150873172,10.748282568118352,1.1840245151729538,-0.204725230072428,82.90106336729863,94.44417847878702,1.1416445929747967,-0.2791839966281348,10.578516172991703,8.730760737473954,0.25231446098382,-1.5991656337811118
103500.0,2.6326520185563487,2.7134078079675814,1.2855713382228364,0.4563013487178731,13.528980003458198,8.988298595797307,0.1853386273006388,-1.1629377693044485,105058.715659254,59546.13980350756,0.2542224072867228,-1.1394578228558176,7.784674771716266,8.560329566616893,1.455033409408698,0.8577463228147577,66.46043514386108,79.77916791666482,1.3604010830044764,0.4797143234632095,12.60928865326924,8.888184391057917,0.0657653047778562,-1.6833140693781252
104000.0,2.313122870300649,1.7302445661209374,0.7356780044818736,-0.1730084049655147,11.8458389860273,10.366365048508577,1.1096026063601885,0.1192898151407084,102620.22107848006,64642.75914543226,0.495007841647392,-1.008184810654145,6.289330295044701,5.791874416971749,1.2622106539436146,1.1091587117397168,47.907264657198375,54.45229744286034,1.5646374756506507,1.609157535249249,13.37753945964074,8.0707538084053,-0.1283462445597006,-1.587056641841252
104500.0,2.0450090962076155,1.789064621779603,0.591044976926566,-1.115428311389099,18.705055521458544,11.965651122716514,0.0867355707774594,-1.010906686656198,89762.45631909187,74831.15945312679,0.5649500187978784,-1.1300555838420243,5.5144527340762295,5.231606616045165,0.6876379625653474,-1.0417217966180017,37.2717937898054,35.0417361807822,0.9504422576565086,-0.0137872802955794,9.804971581180434,6.4783020564663385,0.0666709598139363,-1.37082164997138
105000.0,2.475100938358372,2.5141621377547363,0.6826909271788715,-1.1514244617414373,18.906614974748223,11.264496826089736,-0.2298850216340689,-1.0939334144618154,84929.9166832268,70805.09878261511,0.5430461838870979,-1.080732487743751,6.55805107984433,6.863750272234791,0.7557408804130245,-1.0289323995968174,47.66190206389268,53.70599929856971,0.9227150280304528,-0.6870572368815777,4.145709386813815,3.309762128040267,0.9004768229785088,-0.0404352037506479
105500.0,1.9260583911308968,2.428884306355865,1.4634666187892835,0.7511660730166971,11.16634926167594,8.371611938065223,0.3825224982600185,-1.0172934504601086,49494.229830404525,51192.4531774918,1.0366426968270073,0.1589132575009841,5.0111181527165325,6.2934692995823,1.4379947361468512,0.6638927017304748,42.6091378562876,61.18133376446314,1.43138839029512,0.4223210431608621,8.62938402459469,7.734099011225775,0.2395090670803858,-1.6266994553716234
106000.0,0.919746360462839,1.089200361811707,1.3348618722773822,0.6054102583195733,11.352351851986846,10.284392064541526,0.8803536054036271,0.0273432296243876,29123.92636161577,32489.535407023148,1.072664534853284,-0.1325377303980444,2.5636592784631915,2.896359623614944,1.2764268811978936,0.5109868489246194,20.095819785202625,25.72045479559757,1.6820045340891616,2.114155978941839,5.112464218539647,4.508881393172777,0.7147849102317511,-0.72378917020926
106500.0,0.8429051548471539,1.1885964236817963,1.8112002462686865,1.8343359873107772,6.778902012932147,6.860506060663051,1.84566618683872,4.129074843270483,15034.3970579245,15714.582189534114,1.80569717005476,2.963621556866207,1.6052073145041652,1.864338723094329,1.994545277669049,3.351197871019152,17.99211054592564,23.321863481813764,1.6431099156606543,1.4549445195833783,4.734866205232947,3.923411906780895,0.8133627269227017,-0.521274637426159
107000.0,0.5002675057555753,0.478837973251577,1.557861536531307,1.9934823234402657,5.599144663767153,7.318919623042422,2.228973137965725,5.436371418971394,18106.3537597214,19392.084042197777,1.2202057733703484,0.6946361221326462,1.5714093682038497,1.5567993727878515,1.0617615690685387,0.0081055427668537,17.736317765891567,16.8841495590758,0.9832242348107116,-0.3396665594933621,2.8550481638247724,2.246141765867968,0.7453273962443264,-0.4902797137899251
107500.0,0.4558322839179732,0.506771867643673,1.894898971638641,2.969573746987736,11.5545491768497,11.784492313245869,1.0436710986952469,-0.0362260403949439,25067.327997419736,24504.258855306696,0.7393497746240865,-0.6655886923639218,1.6364578249751016,1.5789713472026885,1.2646473560503413,1.036162948402966,17.587545566664456,14.629599365570815,0.7679974842653239,-0.2416868452700629,2.1146320195409856,1.5610810865186973,0.6660483613070868,-0.4348531172180157
108000.0,0.4272107763773781,0.3904014369672457,1.6729660920750304,2.5618155541927567,11.719712653720048,9.329579521560465,0.6663718369415944,-0.6610423431418373,43442.63541069936,36745.37555281063,0.6081183285281201,-0.7432351810976137,2.577054612072215,2.000915932624062,0.7252266421215798,-0.3454200285003255,30.957132821306665,21.605962005111813,0.2947078438820624,-1.047999320864181,1.8489023880070077,1.155988567296762,0.3853759320063945,-0.4136085033229588
108500.0,0.5814100910118073,0.4964358800784948,0.9610700129427444,-0.114261538778507,20.46332489215322,15.842169334166972,0.1908840119605972,-1.505301637829476,65709.855164455,43617.02589793589,0.3593492417235706,-0.6316961233599594,2.073267129866849,1.253977980308516,0.1461011914659161,-1.0167836580030385,23.765599386427724,15.448283013360438,0.188551905652378,-1.0472046508271196,2.339999091804734,1.4997550533813364,0.3818975254050424,-0.0956171483506049
109000.0,0.4353880524996985,0.2939612815983742,0.5586436971207009,-0.3364004696103451,20.838629054267265,13.93285295984952,0.0752465865336925,-1.3050694556960112,98168.83455558846,57066.20930233047,-0.0516091130832764,-1.2528672241786036,2.567631529951236,2.164971842945895,1.2853793449002222,1.609183815661032,27.00176002653719,20.9469474112493,1.0650724230655153,0.8536255858316668,2.1493603342303063,1.5423252556104206,0.7306445276400496,0.4368949832634783
109500.0,0.4777373256694633,0.4266411702360417,1.245912262004229,1.173557928387667,10.59694089695252,8.836457117513312,0.8715196322980743,-0.1454429526790241,58009.22414714031,47934.4841077923,0.8014605894596257,-0.317996044701788,3.0592912814082043,2.9885981108069672,1.496998567054728,1.353145561631666,33.04092506130789,30.65348122390258,1.2979953648998748,0.717756799086378,2.077517989030195,1.5297381387650546,0.7866602285476476,0.1244686423216654
110000.0,0.8632933151656789,0.6243682283731289,0.5249030868282594,-0.7072188906081163,15.285678997793308,12.367057572385873,0.3316164535676743,-1.452955301050156,60813.93343136227,56750.915613164514,0.9530605677064452,-0.1722458245461022,2.3499418528809346,2.0012909134317547,1.3277719837685018,2.0471332464151093,23.90504247997592,20.76866380316911,1.5141896532562695,2.39209782927679,1.8952021035084043,1.5181217725261968,0.6043498570951906,-0.9662429399688056
110500.0,0.608629036656033,0.4361463993418265,0.5778101289754106,-0.5401042169917583,11.2044954432942,9.831193664897736,0.8099673880342422,-0.2943946476862149,96322.41830285548,58828.11614879347,0.1574642752523979,-1.062322841335953,2.964358659870457,2.25067788215615,0.924759454129766,0.5049258685611746,25.39931024605889,20.78505239010602,1.2955558415233908,1.730687706165711,2.7112702235882784,2.0895789381368046,0.5191294508779836,-1.0540906630320528
111000.0,0.9286595615877822,0.5872680352219647,0.2395216893473206,-0.4844217057997451,5.964780895739714,4.651230719280084,0.7250927974018158,-0.3477980696012364,51894.480147405215,43201.02292208552,0.8532685327082372,-0.0615109517640091,4.390558528060289,3.589776651642177,0.5599907920059007,-1.0927792130055318,37.49965980406705,33.572821799515715,0.6690768752275521,-0.988048966784596,1.829369091222723,1.6676589556397736,1.186353357512402,0.5083512323282782
111500.0,1.003543724214583,0.6864294926474022,0.5942447199794506,-0.2543036875975226,6.732390741710381,5.690854501657571,0.9241874310465508,-0.0472651602133975,57770.18507831941,50627.101704094064,1.110106783367614,0.5551321268930405,3.846974288509756,3.166031580094378,0.7160897710476631,-0.6425171571296833,27.24347416301308,21.82546826232659,0.6384151453699441,-0.6851719775346297,3.2900102350713647,3.0867308303129457,0.6690641179106673,-1.09540915312724
112000.0,0.8119711790950668,0.6513324138744081,0.9783104635988334,0.3377439767529564,5.797183493860363,5.712904145874508,1.3452622202299849,1.1341858470199764,47369.29921276456,45131.71712510686,1.4867072125411014,1.667770419966338,4.635676193451751,4.037715634348399,1.05871496047638,0.3019910693280967,36.0348864430005,29.09938213195064,0.5928231481507902,-0.7504821490974263,2.860247380902969,2.2100195798222573,0.9293181610045044,0.1352929675976928
112500.0,0.8056224341967219,0.7193372133824479,1.0393560368176202,0.2485818418960104,4.665620472104781,3.4064670824829406,0.9090896040404594,0.51811462654402,46128.37445185846,43101.66930828639,1.176042243937668,0.4786878070039067,4.95911769889778,3.869987023132214,0.90959897789649,0.2109146399390677,35.49948690470132,26.48276523307656,0.5551426070063534,-0.6178439637751576,4.278410191805424,3.733678282053992,0.7030986132084794,-0.8569061908214866
113000.0,1.2218185040004947,0.9940424313473902,0.6107349962000568,-0.7920937091465912,4.528247040708435,4.062523695459172,1.04437991093424,0.1459712177545431,66789.39046642715,54855.11833895591,0.7378621461386254,-0.5961580477353663,6.170743322418834,5.607930223004442,0.9177861362139652,-0.3590489936099934,40.810031338601625,36.14237163338316,0.8343755398585541,-0.5439054697809049,3.45428708058068,3.190379300281652,1.0937757872362543,0.1532844964120125
113500.0,1.3626733185672184,1.0971751586266307,0.8335601696324043,-0.212815268352486,6.902584632170718,5.075499484398988,0.8785266847109776,0.2874863862547814,61165.30341248149,49538.98121242791,0.8596252263633288,-0.2311606760669633,5.738001266046308,5.657082920595151,1.1055077831192766,0.0395351722662753,34.63082441234419,35.210427746862294,1.215355303868286,0.3333528081863952,5.039191662708831,4.815707617122276,1.0909191162050502,0.0321680173992571
114000.0,1.4481914530265771,1.0702390291096842,0.8746954417103335,-0.0121305108092668,5.781407505117851,3.529253705615454,0.2651125358377652,-0.5748466301433512,44639.16216558316,38606.856077735225,0.978883662655385,-0.0494575566520998,4.519445102873425,3.912409731912997,1.4162180565731446,1.515349900130162,26.49618500167685,21.80201348704032,0.7463748973042443,-0.4108142279117177,5.456133565981445,4.710594398379924,0.7899780822120592,-0.5883601245203267
114500.0,1.6941284732253143,0.9232445271966864,0.1617997902443362,-0.1456894137660787,4.227118809907624,3.783979273466352,1.0789510063739782,0.5647212171147982,53174.54585904824,35566.17332583265,0.0719101141807176,-1.1589875878918343,6.692467093373032,4.328802143311995,0.6934887876781094,-0.0828486114211815,39.553014592941366,35.258318851591206,0.6978378685984551,-0.7655406465462407,2.798614539004121,2.3973694694772387,1.2228144638343823,1.3799241937806936
115000.0,1.153879359824141,0.9341276639888292,0.7191966953458755,-0.6047895386033546,8.213631090921,6.866277316427642,0.8884141423107403,0.2327796353932401,30649.07681206401,27052.21322200563,0.7940683252419531,-0.503607623119966,4.189912883057125,3.362069569038232,0.7267282258134459,-0.58286225780083,26.586328013376857,25.22689185957715,1.2854185048105646,0.8700811150133454,6.590090677445746,6.273437768603879,0.7704698776430329,-0.940637878718476
115500.0,1.1852022921154932,0.6434667574453067,0.146174942303286,-0.5212394954016828,7.058957796855935,6.662604722921902,1.4664990359016967,1.6017020010094862,29911.103887851757,24318.676577312024,0.9033622451628264,0.088274182596705,4.371975976425454,2.4310753368157254,0.173233602821102,-0.7002557079208582,29.274605294949435,25.64001821008809,0.9726660332036472,-0.069847412369322,6.444161955099161,4.393051654144887,0.6815441769660721,-0.2149639950826549
116000.0,1.112154140367175,0.7337405131765457,0.3654932197753149,-0.8749306269469397,5.840387682764668,4.826756253815534,0.8047002422824462,-0.3825892704562137,33436.910523783285,31467.76878861619,0.9394291450032922,-0.4072102320656698,3.695012451598129,2.3523589431434506,0.3433571624250526,-0.7931096834856635,24.137414630516563,22.72633709973354,1.3010274544035771,0.6364976964748439,3.436628164880581,2.6891586558090848,1.0698671785915068,0.7760572758939519
116500.0,0.85808386064101,0.718510764791586,0.8462740349096125,-0.2938574687949722,6.100091743335836,5.250121550322536,1.165029260466236,1.6311467527334689,20514.194246912157,15294.633125974908,0.5199955542777716,-0.8277719876914347,2.344456923817095,1.8258151866397208,0.8358479052802638,0.1818863775077832,22.270989181690517,17.290782945339295,0.7825391847109382,-0.1165436462953595,7.0908581924732985,5.136768580143374,0.1421716817232982,-1.571955976830535
117000.0,1.326606050074033,0.9264513765431188,0.2729728413601474,-1.0274380695476053,9.676333250721331,9.0760192833743,1.3611269567003164,1.5597099264636336,40245.00185830792,34906.08600570466,0.5910539619396457,-0.8770590386708426,3.6900836651831015,2.551339410099587,0.065179159282545,-1.3394701256506891,25.40438404470549,23.31861079224683,1.0027533859166322,-0.2126284689497239,4.938593300217672,4.206906458023508,0.6384578646807112,-0.8727486921497674
117500.0,1.366744864495761,1.029378778585779,0.7225001149265565,-0.3571585986930303,10.76937679153798,10.36664224189636,1.3538187438655145,1.0755950998784138,44511.2283810007,33978.5571331796,0.2838532836278614,-1.3134809465217936,3.346822942851909,2.443117523083725,0.5505225536893685,-0.637167530390796,28.61026440172964,16.239728241961934,0.5961313604323718,-0.0814681073242242,4.160599235119978,3.158279018354345,0.4672602429365397,-0.9226227326467328
118000.0,1.276140906878511,0.9891759521273378,0.9479820277371676,0.3417150150064394,11.2349697604486,7.014315000815946,0.0804348562042149,-1.1310474837212885,41254.7675015168,29411.67966353934,0.4839015143749494,-0.7399061122697841,4.0896811554109975,2.5922962690992746,0.3737938565120026,-0.6927537539004662,31.02391994764856,22.81574994915061,0.864621471416291,-0.0506612533329819,4.609128742821028,3.295479927093364,0.4881880559698271,-0.8616311396090688
118500.0,1.9814250235580697,1.1797944739955573,0.1196401171752752,-1.0684322288303003,9.5558036161488,8.891110680960375,1.5547447087200907,2.709610162588251,61884.47969072976,36120.52462569725,-0.1331204822128898,-1.2528707779206567,5.499294180927063,3.063141118728981,-0.1864365815937789,-1.1802698059151489,26.477314406918254,22.033160407406363,0.8936269306326796,-0.2620028816562429,3.3980288311007865,2.426794463932417,0.6801026968394003,-0.3540661580781679
119000.0,1.1293218481861715,0.947010716740394,0.9093558285750198,-0.0086746914061413,18.35427510540993,14.270356847947852,0.684062541945632,-0.478476737878057,36502.04534845153,28529.883484530783,0.4559066899388759,-1.0414644440079626,2.959574474509102,2.558917768621357,0.9439917759743242,-0.064436847953996,26.84887264144069,19.566968061728872,0.2590886497918461,-1.1638996869443454,3.754487593587368,2.923591017107229,0.5425949863127659,-0.8240608793389916
119500.0,1.5737310327826024,1.2928069501306982,0.718655800992817,-0.6026043188223289,12.000683629542062,10.437594163482569,1.0246207604977775,0.3168622536964074,42215.56259109255,32526.506221855765,0.2738210472469641,-1.3491108549498934,5.012113851354499,3.602648949735881,0.0772834872934099,-1.1997183594154968,23.109952127804405,21.615357304275133,0.9980329836665528,0.0136605274759924,2.7473426660218507,2.261329190201105,0.6905472776996404,-0.601292131580569
120000.0,1.38324744022766,1.2649248711131733,1.015262672857594,-0.068141242445638,11.331439503774432,9.266460723582874,1.237020402800508,1.2364666721678903,28164.922152491326,20521.44462892713,0.5828235252661162,-0.7059660622410382,3.62565608357735,3.0180710515485054,0.8192796912425818,-0.3151801081015053,38.07120108853981,28.906364224901825,0.4028097998470793,-0.9293428512639216,4.063485720632172,3.137253468417257,0.5151879649547311,-0.9213925912480424
120500.0,1.9247942086313172,1.456578319085732,0.4208853769815017,-1.1335694083773429,15.32583171404883,15.066423205631107,1.118776661543184,-0.0657130972614501,23568.393548554828,16338.078568911844,0.5127144179958341,-0.813052732249198,5.45598833442838,3.7801927652536977,0.0775671339317808,-1.378210066607039,34.00214840309621,28.317161249985173,0.770593498381049,-0.5471513970042041,2.490379176009353,1.8291339917567748,0.6312801107660816,-0.3562771729944289
121000.0,1.8196658515858188,1.468548450028583,0.6757104340828444,-0.7364112312186686,8.249242729753552,10.15600944840188,1.9548732173758687,3.2938901603767308,23525.21284639416,17344.919930549717,0.262469602258498,-1.3596777461275034,3.6703906963709434,3.5113070678775324,0.924422644979967,-0.3453616211646011,55.87182021290024,33.50576047547537,-0.1498743704360241,-0.9687531879841238,5.38745837007314,3.7607671521687815,0.388466161789265,-1.0831500100090747
121500.0,1.477347816332986,0.9964386561108473,0.31043360661162,-0.8798790662869087,6.73432954347109,6.187538202802454,1.5371378268371436,2.3858284174252877,13384.397750490503,10223.5234164647,0.8217825354692544,-0.1695076386425515,3.6521958391511262,2.5063019540639986,0.2932817406280465,-0.853756992314481,34.55127114510201,25.517755814165383,0.6054752275161975,-0.3484145264530491,3.5864497799364257,3.0354010636468525,0.935641522705434,-0.1171501457275816
122000.0,1.3642938068615045,1.2150745545482595,1.1084070639940546,0.1653070490445984,11.339568211930668,11.867166926472262,1.2815166686541375,0.4155029816650248,24906.563815283476,14607.81445537343,0.5346852227517188,-0.4044619445856905,3.1780134624769856,2.8503369276330304,1.1484067118954349,0.4133522617088432,39.59787935857315,30.937506190693316,0.6132508442270123,-0.6466448057867682,2.795632253944008,2.074635007887021,0.8879428671648653,-0.058072090946823
122500.0,1.3754354237908113,1.1043623402711074,0.3299345388480528,-1.3522037366304311,9.179823821204566,10.77124429363727,1.428216550552114,1.1204212454285258,17980.789782764234,13118.443824145292,0.7039692749748511,0.2671198698224444,3.2717825970820478,2.454720278394781,0.3995236816487283,-0.91894586171283,42.86466016636236,37.92414875149186,0.381513926632913,-1.4634378704055762,5.015122974732856,4.097780021555009,0.5158320567785618,-1.1175781734383052
123000.0,1.1015630218374224,0.9510849065979788,0.7920290322784564,-0.4377087835073356,5.547171599248308,4.671739987625289,0.9263286906036898,0.1709767004291147,19233.2092112366,17101.976776296047,1.0463906821447158,0.1790711392076756,3.1270126955699045,2.2244372894174296,0.5874309508663845,-0.4113569484727866,25.519589424361538,24.797710498952974,1.0622375286025547,-0.0357243521884709,3.705013565804665,3.291021379284524,0.9527983453604658,0.0073480118463096
123500.0,1.1930735290436283,0.9695660273177904,0.7314954707498388,-0.474428940118683,12.318302123311332,9.398063608895578,0.4953491780305765,-0.7611991229221617,28443.71463352213,17074.361825065324,0.2836564510137279,-0.7179085034262029,3.756528167367911,2.689931216296418,0.5183231062383091,-0.6808638709990964,37.40610732261929,28.84933688671691,0.6139210758985686,-0.7801414407126002,3.0032275349224595,2.057158010215385,0.4599893450548606,-0.7198851281556089
124000.0,1.6560063159013945,1.1282628562083787,0.0943731539914082,-1.439211575856533,14.072253458676412,10.088577989780523,0.2203805195186698,-1.1426847395920017,23046.269929543723,14680.74714824274,0.3543231797424294,-0.6875195893468029,5.237927513855492,3.020000363060945,-0.0803506552381201,-1.066580454284799,51.63278650814874,38.50098572975982,0.2620412561748918,-1.318817316778365,3.7308121738437863,3.039066540155474,0.5364668133112739,-0.816917040549463
124500.0,1.0115010679781609,0.8791305654924326,0.8655606128761847,-0.2582415896826395,8.730657164585056,7.079373784533139,0.8783441392153282,0.004665807908347,17612.131963794567,12168.488168875305,0.5349739600486993,-0.2325397211591573,2.998220298826132,2.574059342702486,0.7894124960328046,-0.366322409823105,28.99972786802088,24.651493724606254,0.896722374280294,-0.0200486154936507,3.2202583109727634,2.6295814826278465,0.9820859191620092,0.1784210939144817
125000.0,1.3871743224201898,1.0551031749374682,0.1429042268957222,-1.2985533595517482,14.359677881826972,10.069861629709898,-0.1027584087006196,-1.58269389216786,15531.442239144752,12843.552394120225,0.5295829207150338,-0.8019881050847282,3.582012875626354,3.020970410287799,0.4802438811322652,-0.9186396107373764,48.63665333333265,35.17462717634492,0.1969023280488155,-1.2128072335373377,2.13699733819702,1.86778417176691,1.244157309540596,0.957763216349766
125500.0,1.0608815018934763,0.9662119948746988,1.0265662556076782,0.277688728322421,8.869389269788298,6.996603490652319,0.5501016123673391,-0.8269870518434961,14993.069064045058,11308.77147956642,0.5975616828157979,-0.5283213158376134,3.1091232662980444,2.765377152837602,0.718437833948625,-0.7549619838500634,33.02309566113938,29.357249753353987,0.8284511092241542,-0.2904961851706598,3.01299333777991,2.230183374783377,0.6374697984395785,-0.5162490467971783
126000.0,0.5845384031159548,0.5219102341168683,1.3217348018458808,1.7281706725371038,8.360344100193492,5.280985473497978,0.1232807695907286,-1.2356367206480976,18797.627396390417,11308.204483583046,0.1972842986712273,-0.8708470598403415,2.143650341926259,1.7690784745859425,0.6204341484290545,-0.9592303500644808,27.065643541047184,24.621744820576534,1.1179919314765996,0.7197661303205174,2.683516489706546,1.6784642474498903,0.3253593137546516,-0.5749942509475683
126500.0,1.1755477028232275,1.1834346516308285,1.2714133026733254,1.1159706155202436,6.060253153769734,4.809568282843949,0.8583319278613711,-0.1540933810935412,13189.661309227527,10179.019605663956,0.9747534522271448,0.6641467042110736,2.8502317517981903,2.4313578553569104,0.7224913161969004,-0.6890958963595515,32.55059379873978,35.355744943063634,1.1562411349465265,0.0157276311601646,1.8140245499714291,1.4397525159887414,0.6249215128201765,-0.7824374342071998
127000.0,1.3008189388487148,1.1275238194143198,0.7945670551485787,-0.0086486183367302,5.392028619470183,3.7126986065220686,0.5634367951726489,-0.3990632217049317,16366.92852059023,12056.51008494277,0.4464827864004284,-0.8917360639442435,2.278319539377684,1.7983942736813392,0.8779647682528237,-0.1959556494752319,20.34885154932781,18.445570266126943,0.9400011324919948,0.0384467379319373,3.0677639002846275,2.2313194647742387,0.3474952056921639,-1.1209332449948977
127500.0,1.1921980797264315,0.8749078732393382,0.3850291358889016,-1.019034111310858,5.159226478626192,3.8538876626991376,0.5723780892122796,-0.8736682974625687,16220.381431251595,11121.038348736767,0.7867516900501262,0.0172166055541551,2.20199861736124,1.7245405862252834,0.7580505663792051,-0.1221049934996227,28.02240754734089,26.5287462053011,0.9681987378672716,-0.1039409403513662,2.0148045815658,1.9998909483947025,1.5540533715957,1.9988850538789107
128000.0,1.2663413831750772,1.2308878750331245,1.1159915225592636,0.4505692833556605,4.843472708336695,4.480237578491114,0.685794517099441,-0.906954972182132,14937.926826525108,12767.746480587088,0.9298137331217629,-0.3301241549703739,3.4575592563820883,2.1503602248618714,0.0194654689904109,-1.027795274424046,43.86472937130555,34.28804854863449,0.4834906985930176,-0.7645710475083498,3.4281784700621136,2.8168087439514817,0.5809418129614434,-1.1149396918564352
128500.0,2.0209185946225623,1.6987475531218428,0.5788452313102794,-0.7924510846028867,3.508458201042324,3.38288282888973,1.4765439685836237,2.1583560090042813,15568.111701540924,11022.555976982334,0.47862990360693,-0.6549115539734585,2.490423349489654,1.904945132924064,0.7807250866347241,-0.1572473152851623,26.29808369805517,22.207708086095565,1.3268845432294694,1.7682288106612942,2.426586751395009,1.7657190692361715,0.6711182253198353,-0.2570011727535144
129000.0,1.598296613442359,1.1761994754492788,0.64043848572584,-0.6139873689687234,5.67353689651718,4.746836264997908,0.9151151941610428,-0.1058277658198734,15645.319017501166,11006.371648791735,0.6093014586969029,-0.4537439766798776,2.730492057445338,2.4035202452434645,1.0158787976969426,0.0345507856947304,29.53291121478765,20.424925360445634,0.6086627805388447,-0.5886960218817867,4.412169521631773,3.5327369316325385,0.3499778274710269,-1.380983199012077
129500.0,1.320414774695347,1.074907488838445,0.7631007497575398,-0.3829180514543857,9.263484791712632,6.509839053070018,0.4965889380576888,-0.6716599912588954,13251.323720769578,8241.173307861374,0.2970092723322369,-1.0076864848483886,2.54356481129078,2.628571892882252,1.2317727627042991,0.4898529818448267,34.6179956190924,28.659341625502066,0.8824006968923523,-0.264730072762747,4.197614638199561,4.138190111284889,1.186158549917566,0.4661622427073904
130000.0,2.2054761948774235,1.4904395967850237,0.1873091527407258,-1.0889990392152495,11.894850450584558,9.197204261205966,0.8142713400144551,-0.182282695831248,16079.867396132217,10783.033998637004,0.2064428725612863,-1.264733462659045,3.00710415676702,2.381535786436677,0.9702768299539386,0.2492347883661114,35.88681916515825,25.047403616435385,0.5744629546734551,-0.5121122256591235,6.234432641021113,4.425960527369656,0.2670811333900006,-1.2278742171537325
130500.0,1.3380193374384026,0.9152314998114344,0.4793906181075391,-0.4945114753049364,20.816117755638647,13.59850423669443,0.4149335769032249,-0.7408237958962611,15733.229361355065,9871.040097934689,0.0555044931609899,-1.1378960550174628,3.845227209821565,2.8830851839507035,0.7808156314172642,-0.2928750925044201,47.803250037542384,31.96264416203011,0.2947388623012571,-0.9249900260339864,6.520390407108971,5.692347136875968,0.9115856549262276,-0.4104162647419889
131000.0,1.2332350513401695,0.8766089820710987,0.4261498117518672,-0.8447602857728502,15.43951800452006,11.569434250852408,0.5975428720783562,-0.584661385429984,12589.469549004843,9531.912431984989,0.5030146112265406,-0.8895668780080186,3.334816317102694,2.908133460072559,1.2845815129427514,0.8859490504614778,40.37307946178522,27.858275144201205,0.275786346273106,-1.0494611441756845,4.653909201978526,4.351263675733378,1.290970221839792,0.851799012721651
131500.0,1.0759105452789075,0.7898165440146487,0.564708424673779,-0.3755882288696539,14.906716729671276,10.513149220854183,0.4722076174198571,-0.5272046205009109,12897.015573084853,10513.972928645508,0.8683827545987209,0.4368451245434008,2.8863699262764784,2.558817708983529,1.0535699587331795,0.2237870133818793,31.55645839233262,22.118986404174898,0.191361135692496,-1.1037194050816346,6.439027922338103,5.129308048545355,0.5616025019506637,-0.9524262180485183
132000.0,0.8357505800610558,0.606785968364853,0.6078057960800212,-0.7068014053905718,11.55546850720545,7.390740806139031,0.2269969398328696,-1.090603168737594,14604.790082825642,15097.840761854672,1.497171446556604,1.9224301586324968,2.322442316918868,2.140428126369771,1.01274223895735,-0.0156123161153702,22.986072431782613,15.792594942284436,0.0738710842353903,-1.3676532498553282,6.378234683725563,5.62116919746207,0.5742866595842985,-1.2178237886922592
132500.0,0.7845850589324712,0.5941827380836926,0.7633429627061528,-0.0496672079762654,8.352553539064978,6.53693323098081,0.8552396864755805,0.0366080195740061,16073.820765267646,19105.06865242937,1.263914459111834,0.1222413216394944,1.5917648454509667,1.2824335705460637,1.2781358867481898,1.49000706563844,14.019754403236483,10.67983528839295,0.6210153427455638,-0.7103043539805438,2.93515319355218,2.717218260898524,1.0325428990886958,0.1452394167977888
133000.0,1.1192064603102414,0.7973426925307884,0.5045810534882178,-0.7104592290307488,5.086163382054588,3.9700589235151194,0.6539414025125745,-0.509349275730322,20214.453426273023,20778.65406538758,0.795858159129809,-1.0150665217903223,1.6298099002192616,1.7148433381289203,2.0685108460104598,4.730489434440789,14.56544952686654,12.06174182165203,0.7202070935407969,-0.6932777901534388,4.768212425393993,4.283729515421627,0.6524760670579406,-1.0452391498353204
133500.0,1.0565323592933324,1.121933275765553,1.4489913802780534,1.2231820272563896,4.400409546676499,3.918317640038293,0.925186577671816,0.2494933119224924,22069.205022624377,27659.2345107563,2.288160235212977,5.631380613312153,2.5674380863083983,3.2467312053335475,1.8224721406181548,2.338121478893023,9.253586036908413,7.780149874577842,0.8118181689753097,-0.3222842018773364,3.4525972006988823,3.2899748783652374,1.025325302137691,-0.0374217524967033
134000.0,1.722715914512033,1.4837486486863347,0.3638149364012862,-1.593714589025524,4.365048469368135,3.5947028586277097,0.9594894206606394,0.2920820461267714,40848.40510217407,48870.77293274584,1.355356532955813,0.5062472454443463,3.330004552537927,3.3942614231847994,1.1017691284540925,0.0338916677684175,15.459012998589564,11.563782447899362,0.4176586832274804,-1.1241324778139803,2.3407593976672327,2.1463743934889785,1.367687287974216,1.4124485846032346
134500.0,1.2983903256724574,1.0330557863187704,0.575531128580904,-0.7996320506170429,4.546741796653023,4.003553780116882,0.7701509076792215,-0.6647349416414632,51075.59643161308,45471.69245247283,0.6838238072092643,-0.7641370081342815,2.6848820763922694,1.920449527224892,0.511716768640968,-0.5409615734941529,16.979854591449413,12.160340949944876,0.5262779703488389,-0.7748542817131443,3.8001154225992506,3.223097667362897,0.8123451279739994,-0.6870767592634519
135000.0,1.5638253100407826,1.4239265595377688,0.923712018750036,-0.0975025690046562,5.975290594728964,4.363343771552074,1.169710454215955,1.1172857875642226,36934.71939858042,37649.2472695156,2.394929724017561,7.996782932117764,3.363939767469048,3.386421457803193,1.9135852914059104,3.7138902425484632,13.821694037966031,10.774302037256785,1.4021112081812206,3.2506740790024526,2.2755238374262734,1.8224890399124416,0.7066524522635197,-0.2919937851657854
135500.0,2.1403718675928496,1.7022338491263378,0.5449312889268493,-0.8441164143410509,6.137320025604912,6.300250315170918,1.3368480115802706,0.8922380324052712,81795.36079550396,90924.29524584267,1.236178207854373,0.1443564752589834,5.7410929427134425,4.675072270644109,0.9937936625588232,0.0549713780830782,29.114593510712776,22.74119340253561,0.8695574524014501,-0.2547688901757334,3.665460762351371,3.1038690264948743,0.4625627357884063,-1.2202663216419565
136000.0,1.6565615791061672,1.0910864146361507,0.243550602425478,-1.110730081641099,8.810224339555301,5.946138400590727,0.6697720022410621,-0.1149908444874463,73493.28128161158,65172.55906287286,0.7208241131605461,-0.6824821236928083,2.857249747892243,1.9785098150960945,0.8156682278189124,0.534873458583975,24.013001760128933,15.318966609076318,0.3553915096686544,-0.6183448583940745,2.2152895171544307,1.8981023765006664,1.1115496603555053,0.5891009265406497
136500.0,1.7498321467930888,1.709052680293636,1.0596198060655864,-0.0021359319927953,8.462846712514319,6.667365905186282,1.1036626545878083,0.8963311776505796,91910.29414862071,91415.22987713137,1.338515193199006,1.3271349365812355,4.746063138277988,5.39899336256009,1.2567001906736712,0.244680653886308,25.75557558818904,18.405943563759664,0.7531565393574016,0.0950645420004772,4.854492972200811,3.355006439335482,-0.0451299662091046,-1.4794909280194266
137000.0,1.997893239009204,1.898336543321208,0.8181817906321752,-0.4785092558998056,7.441792213092093,7.372876206066637,1.4022653929735645,1.0683740854253143,175634.72400194424,153494.7824778834,0.462128610446529,-1.172589136253966,6.380360086703538,6.326592708292638,0.9122397563062308,-0.6754032935666232,37.329505122262816,31.300572345386698,0.6918058717061992,-0.913188432334778,2.6251012645018976,1.879101833224929,0.4738473593241014,-0.9401826159364624
137500.0,1.0732991188941583,1.0535974009969469,1.372150123535378,1.151962866278133,6.338032315836333,5.769354054847976,1.299426545324965,1.5378510094491151,203243.59431998295,134962.26738485112,-0.0889033889869482,-1.4679792062851218,4.007088057459293,3.3449562889418205,0.9495164387028726,0.4612899338125924,40.04767475950413,27.609336481725144,0.0605365572989758,-1.4362257719532836,3.512024261526786,2.656895773668668,0.4418763613921889,-1.1051183903571753
138000.0,1.55018820903245,1.203858204003007,0.752743200525382,-0.1367884585432168,10.890382241692432,7.912535948599528,0.7634640307053969,-0.0867597850176729,219922.79699906733,171644.02584732324,0.5141456841576904,-0.8003265664325352,5.754436529278157,4.155656230470309,0.5326988132322096,-0.576477073947169,29.74101708508108,20.98007983462543,0.3450953434990877,-1.093591129757483,3.1256560142310605,1.925766720419664,-0.0309339359960258,-1.2457242089726617
138500.0,2.633016110998505,1.4835047500263443,0.3156939943087271,-0.3175447094762553,9.266376079778675,8.67379168517406,1.2688827235733993,1.0614110155450112,413970.80122049735,174535.32469412286,-0.7233308233485214,-0.0773549334781931,9.496695955899751,4.872564225042702,-0.1197031604570298,-0.4809218787313249,62.76812344394131,27.64527718875822,-1.0093416588892654,-0.2624865066835737,3.2929638855656487,1.9628631585986949,0.1142130881392725,-1.0632982311406811
139000.0,1.7425742399018411,1.106015777036465,0.5083910590415132,0.1364150426164236,12.031278126946845,9.673255244140297,0.9023050238002696,0.18125828164565,262993.51112114603,163312.04177046614,0.2185665036357393,-0.8292291707433801,4.9503655609064365,3.603793167804726,0.8456547052468094,0.579199081588611,35.46728714000125,23.13385930194889,0.1775294046953842,-1.0488480070144963,1.8629962580494897,1.5688475391480656,1.0560826141420014,0.2603059896278683
139500.0,1.0103818011243737,0.8428671401402601,0.8501932612945713,0.0431807952671494,14.577619277417504,12.776223814745697,0.7059163836783706,-0.7127528022871195,212662.35485583043,159426.90060912783,0.2772437319633699,-1.1378773447154475,5.374781835659766,3.4856104741059486,-0.019586220437865,-1.3552692423227426,35.30976389104574,25.93300223580151,0.361128364145936,-0.9989739903428504,2.7789366935952367,1.771725454289831,0.3561766923185765,-0.8208310813002515
140000.0,1.799777406807957,1.4027151614104716,0.24855391208427,-1.1457773522096086,15.553577786084643,12.666888849223282,0.8773962844493672,-0.22449494934704,210826.00196985027,147639.1332568692,-0.1559812507719568,-1.4833946101006992,5.572365663638822,4.071767417688313,0.5747785501505216,-0.4934193643003652,35.705422311101294,24.262193634956937,0.2819645402598754,-0.9354253922119562,2.5008134783347007,1.7187399014734488,0.2165223066122706,-1.2930541452199589
140500.0,1.610112524483705,1.4630609820924,1.0037879063978516,-0.0081284688782319,18.432712919551857,12.828301424058246,0.4052329934780378,-0.9066120036555714,140397.91993864128,131707.5877053203,0.7562866370436042,-0.5562196481037827,4.571957920592513,4.836791545228953,1.6706022502361533,2.085785521516141,26.894199907603525,23.959982260055316,1.0885636624746708,0.2867732269147014,3.052167500193077,1.7137830357454302,0.4306806978686939,-0.3193066882807178
141000.0,1.2223349503871677,1.0142335802611424,0.7357809639649469,-0.3469266421628716,20.98044258996225,15.72474452802727,0.4352639396472287,-1.0317757703541686,95599.23215826487,90183.28822652108,0.6933354052795463,-0.7988117042263991,4.285520220134016,3.5002607329273405,0.8917814274144594,0.5370966124559633,27.8620024608552,22.504969044997424,0.6861818933147181,-0.549254204301671,2.205766486674056,1.801720556637878,0.8562510621134344,-0.1718494089481739
141500.0,1.6752827001985986,1.143742060816678,0.4805657785747518,-0.4728123986269921,21.545152593348465,16.054141578101987,0.3620501281898929,-0.9370843705482992,71898.82892682258,63025.99391629889,0.8075370151068302,-0.340809486965417,4.049695693327722,3.1543409497652446,0.8965459875517225,0.3306289914198275,24.95443988640761,20.8608143287106,0.9820434259301856,0.5029958721425327,3.547478298026981,2.1074253430621197,-0.1198059681368868,-1.1976462734094873
142000.0,2.1050574587442568,1.4212608395654256,0.2923571131400387,-0.9576075774458226,21.14354193778609,15.643792189521369,0.565338299842401,-0.7055976090334397,88683.4758700005,67752.8433642251,0.938055116805554,0.4703154305700501,6.967700991662956,5.051393376980532,0.532460673922474,-0.5378575090091329,37.82473489465546,26.35513493915912,0.3517750298964299,-1.000594843399553,2.885833924555506,2.1250925325827668,0.8637564455081607,0.3395458963242013
142500.0,1.2856488585948307,0.96084877814928,0.7988870636109083,-0.0189610058202234,17.23135043288159,12.9146045796802,0.4229156684695628,-1.082062087958581,61776.53873132228,47603.79296885632,0.836251132564459,0.6210475961416808,8.224507939816853,5.204965275707129,-0.0131551024425165,-1.2823676486805395,43.83264845989167,29.740273924790493,0.0493939391632979,-1.2149584863731715,4.156415390289957,2.280444905261831,-0.0868665109225336,-1.091960954018927
143000.0,1.6935705089203898,1.4634655306439508,0.9880012447840896,0.1051543866964905,29.895908186437,19.00251655915017,-0.2141070746822479,-1.4245486766183364,64069.15531604872,47317.61964645411,0.4749133655093168,-0.9731120280182708,6.448248208563748,5.147790163300435,0.5980777393923583,-0.8532349427020915,32.404065652225576,28.886701527096424,0.8983297236256922,-0.3395777403064826,4.127499199436002,3.0528514307266184,0.4276356790291365,-0.9142581914069328
143500.0,1.4982092202246544,1.177159283776588,0.647767148945325,-0.1699480509661057,17.275949400621858,14.679185991339445,0.700005335479715,-0.7640338388982801,56522.62942187996,45425.03352123881,0.7787959588176497,-0.405027828899585,6.729714224929169,4.64922649833478,0.2760909568581042,-1.0408924014328411,37.92246894415076,27.80753005041507,0.3073357927626177,-1.0893757402158557,2.8320601238658245,2.306170948470481,1.0446674311617736,0.3701872991145092
144000.0,1.7980305401812904,1.3543094716562143,0.4799122388253672,-0.6006552176361764,14.753274441836735,11.068134401305528,0.2423048661756061,-1.3321368617773222,74213.28220878162,57044.67834409516,0.2188335220123881,-1.102340630277863,9.2253121431228,6.532940243295877,-0.292838474866991,-1.7187237004736833,51.80862224532898,34.381781085665615,-0.307935099037202,-1.6054346144821636,5.99232625002449,4.341778046473027,0.1739159064588032,-1.3599300804631835
144500.0,1.429135875813138,1.0361469944324395,0.4546812622844775,-0.7134703873509918,16.69362290772431,15.234397821502606,0.8089947542915806,-0.5986691124772054,43832.40625586438,37464.82430298917,0.6470702547100904,-0.7015320274480854,5.3362035099243,4.178226930443642,0.5140623238847764,-0.872674616760849,31.718659157889647,22.77442915661912,0.3923474232387494,-0.9600987538051742,5.712980774358389,3.987889699785482,0.3677977544269715,-0.9386662738565494
145000.0,1.405390585827344,1.0326955355908771,0.5929745185103555,-0.5943136271723763,8.42349858005885,8.46799991299682,2.131156272618857,5.4445730718711705,63296.67939529554,64465.88595201033,1.177198638745686,0.1692411167931635,6.087571613119205,3.8783609471285945,0.0850838286193729,-1.2920897854607307,40.06655828679593,25.57726971023159,0.1539899723720654,-1.152576736463112,7.07465987395895,4.671352301012281,0.1922187630221213,-1.1037263650768383
145500.0,2.024314484502385,1.0661213368768747,0.0874900659313221,-0.9445572992674736,12.01560067595101,9.479100758184227,1.1148126786473227,0.710855785004608,51776.751823754654,44402.04628719799,1.0849107496486117,0.5762268405204405,5.129123799806939,4.135331313641421,1.1267090467571073,0.6619120840573349,29.2103857455276,26.36806645869244,0.9481238477861692,-0.0111772237184255,5.917507271036159,4.187916965028758,0.5156527315815509,-0.7912057293509038
146000.0,1.2820780875697018,1.0199870530251212,0.6692020302051825,-0.607797847130668,10.934200845824773,7.807753894709543,0.8131243633819621,0.4084727918436481,115840.48865027528,97162.23848293404,0.7067140441826988,-0.5837642890934753,4.641898339332902,3.658152244905233,1.0542409774536636,0.763552773863585,33.40421358883345,25.23449521442703,0.6540820979203714,-0.4930065205055682,5.270328316656846,3.709800585249316,0.3696607252382941,-0.7642634055405124
146500.0,1.6840336958990296,1.0910981886497149,0.2914114644038585,-1.1217170675662167,12.318966818350574,9.326782147062184,0.270611384248816,-1.2284361669601416,159860.0492550423,120955.23936297148,0.7910292767159255,0.4734558272171476,4.887520657785736,3.3059826728788053,0.3107108770819671,-1.0418197419430906,39.81814339817703,27.17663349559404,0.4409077210028227,-0.8967181113205918,3.5768054875596302,3.3360180083705644,1.0362458842837,0.3446436891065212
147000.0,1.347497296773406,1.0416409078319946,0.5129170314256688,-0.7665354659493313,8.231260355462519,7.5170461715759584,1.1018742966691697,0.6124076616879544,312751.64198389323,178137.04014536444,0.3704966837193946,-0.2086685657351856,5.319879373446766,4.230357491200949,0.7335559481583952,-0.4488637472408006,37.52759304228428,29.642741252961045,0.608674465287405,-0.7841014346946893,3.740344985504129,3.1059244113251983,0.7749821606536267,-0.4277268392298565
147500.0,1.4535893945886218,1.2026076290960408,0.5879975524808103,-0.8423282703386077,13.843202203917487,10.638640791706967,0.6964923698839329,-0.4735080005659324,211574.66967282444,154865.98241695747,0.5429286579231873,-0.4912951288474576,5.670499376554228,5.105803649920263,0.8238458406690228,-0.3935714282486127,41.37931987994013,35.83764048696677,0.5982375152184386,-0.9806107540457858,4.185646174958537,2.987078770399102,0.5142700367844434,-0.5443654193917924
148000.0,1.4098837939517943,0.9844523014447724,0.5569234228574046,-0.4931152960439444,17.926989061294165,14.568865700417316,0.6813815367786231,-0.5713017191254615,125725.24098018232,99504.9330082002,0.8145610132150422,-0.1134047392654475,6.511438916127824,5.009200390443396,0.3523169591598018,-1.177563229019723,44.69500727971767,34.43334391799361,0.2178214795294596,-1.387096058928134,5.883022527808228,3.724183342842145,0.1198466436561462,-1.15435602069673
148500.0,0.8995596261619623,0.6750144948494756,0.5456692243842227,-0.7487754261312793,13.96516400164132,12.683503362160366,0.956657752157119,0.2014271441785573,91070.37421689954,83400.9124443518,1.1805463578857769,0.6680048503092211,5.530913250281937,4.294993439970399,0.4139369774175143,-1.1684449802622303,34.69444739105981,30.28546419841283,0.7676257261953292,-0.6448712321436338,4.748037260957336,3.594040401930022,0.5945082564396635,-0.7446135956100348
149000.0,0.7796425352325111,0.6098974640427787,0.6594352705189706,-0.4804525723518713,14.532341489436476,18.40038506681307,1.361770890256842,0.5270602334102157,161545.0837331387,111381.94136514516,0.4306726115907555,-0.6821491644469337,4.97371732020056,3.661648369514236,0.6125678270114513,-0.5193193295966245,35.262698748665976,26.05067287906642,0.4466053633362938,-0.9101341880536528,5.875683655901254,4.220250536690419,0.4111390106563919,-0.7709425632985356
149500.0,1.2399514121862665,0.8545568830832402,0.3556190552315011,-0.8400459922680095,14.28451230814714,19.454149821121984,1.642994740849863,1.439398762591904,222217.3201822393,141006.76122868786,0.0728358987871932,-1.150519115754464,5.724985809387536,4.601866980222312,0.6394968585088002,-0.765322889568548,46.213036738729926,35.295190955999594,0.4451360387428432,-1.1025697522425553,5.666427394018485,3.414274252662448,0.0851976477403631,-1.0655050646751072
150000.0,1.6876763227943476,1.0391315415100122,0.1234949742494226,-1.070220044637834,18.18061975128391,20.61690779500427,1.2334500877597798,0.2970114024642072,180139.23967764017,131099.17158791708,0.4211374371752884,-0.8569269759096758,7.329221611323466,4.938860903427957,0.0904119831163866,-1.3553446270011311,53.52178147422319,37.76749620011246,0.2325803625094843,-1.2909396805364262,5.031207510479549,3.893576997955592,1.1685287522091998,1.552063262948197
150500.0,2.405063486325345,1.6168753000040192,0.3607344493637087,-0.7158095971161909,18.3681182230156,20.62155829266983,1.4587823970361562,1.0001243848244794,120719.18558840745,103826.24957995258,1.1089128384763138,0.5182481045171135,6.452217812449575,4.561434112406299,0.3036241721123879,-1.0892665365179588,46.85327457744783,31.48574717658232,0.1444884932307223,-1.2805695504636152,4.882938369302222,3.9319077846753294,0.9130248152040094,0.4904150615095166
151000.0,1.5703027706697974,1.2839743221791755,1.0465098849741796,1.1217447153587612,18.107485416923804,17.346937372079257,1.3813042309337962,1.3508838683239457,120874.31081126149,91112.30865165916,0.6951503001017508,-0.1829068194371865,4.9674510597570425,4.00678709258765,0.9428953476068328,0.271003706511645,33.70324526722732,28.56290765174028,1.0600298011622389,0.4509443788050449,5.9647409858368645,5.393381237519038,1.259587267193066,1.259945775762711
151500.0,2.3317474755116545,2.270714872352079,1.0644326243331388,0.0749463950032378,22.57946194188744,21.53911266277424,0.6697680227076003,-1.0474373491296711,117459.52073373976,87664.59807525526,0.7387084665275448,-0.1558182339077705,7.568715908144735,6.670729419590445,0.6934192594395093,-0.9399827243165132,53.65105278414064,49.46889490666058,0.7281106305252294,-0.907667156627157,10.921335961160995,7.543131114496893,0.0947954269088117,-1.3242298810990225
152000.0,1.6706426419653195,1.8687932528551516,1.8278180247250169,3.2319161739087416,8.650649427269286,9.843001142165932,1.8231995641901664,3.109060972887104,293346.2373593778,253945.67098633485,1.203050645341028,1.2156617534462963,4.523972344315357,3.9403731402070834,1.119666694496889,0.8179131477147177,34.37982551098739,30.97069180463725,1.269984138747019,1.3322328874432623,7.658367599061655,7.108694929004648,0.9027299731538893,-0.2991318546977997
152500.0,15.390840579093812,19.8928897747872,1.3995700078591435,1.0461073539915686,16.291316324446083,19.028195401820614,1.4681119791297266,1.3096599230546575,457864.7355311987,382409.0741005412,0.6620706633746166,-0.5505472234253808,10.935786239085568,11.917511286768168,1.3453218299020553,0.9335055245018128,90.97714602929258,100.67624935648776,1.3466544101549067,0.909316762763436,21.124509940954045,25.612750309350982,1.3822243993350003,0.9997616927610816
