Time (cycle),Amplitude_Mean,Amplitude_Standard_deviation,Amplitude_Skewness,Amplitude_Kurtosis,Rise-Time_Mean,Rise-Time_Standard_deviation,Rise-Time_Skewness,Rise-Time_Kurtosis,Energy_Mean,Energy_Standard_deviation,Energy_Skewness,Energy_Kurtosis,Counts_Mean,Counts_Standard_deviation,Counts_Skewness,Counts_Kurtosis,Duration_Mean,Duration_Standard_deviation,Duration_Skewness,Duration_Kurtosis,RMS_Mean,RMS_Standard_deviation,RMS_Skewness,RMS_Kurtosis
500.0,16.91609044023804,13.033461160946922,0.179941695005995,-1.4191834340946636,27.90511337246117,15.356989881561796,-0.2373049846128449,-1.1316590697936295,782930.5167120582,298687.9650297437,-1.0247391142945357,0.1853850900909472,10.893676660531868,7.607573628573243,0.6585675900938653,-0.3995241063706962,67.88094322136013,41.82625454428219,0.3007715483354841,-1.200242778714603,18.31478178194552,7.27996462672978,-0.0873516572264074,-1.013683139546627
1000.0,27.98734195794227,13.989055940147201,-0.6858210343171024,-0.31273215711694013,35.09531883074366,16.32476493646296,-0.7062888910168472,-0.5229157498445762,851761.3860423493,293683.48170851613,-1.3330728155787788,0.7063702915725297,17.8696366422758,10.016524733182996,0.06344588171005261,-0.7311480300970166,116.16605772725033,54.15328859263474,-0.5170944592355262,-0.3874000037378983,21.462511390078028,8.16344386264536,-0.707701990545681,-0.27143007189582913
1500.0,39.0585934756465,14.94465071934748,-1.5515837636401997,0.7937191198607834,42.28552428902614,17.29253999136412,-1.1752727974208494,0.085827570104477,920592.2553726402,288678.9983872886,-1.641406516863022,1.2273554930541124,24.84559662401973,12.425475837792748,-0.5316758266737602,-1.062771953823337,164.45117223314054,66.48032264098728,-1.3349604668065365,0.4254427712388064,24.61024099821054,9.046923098560942,-1.3280523238649546,0.4708229957549688
2000.0,45.844570821200485,27.938763593833343,-0.415889427900758,-1.3348169791719988,38.05740409118175,23.25067697771287,-0.4121628106594382,-1.4304767999772667,674527.0357387362,330173.601349065,-0.4958391502905079,-1.0063495645786389,36.01126690882888,23.0991187707858,-0.3912651797617445,-1.43645383748653,227.2610197223335,141.8417066287993,-0.4004824600987158,-1.343735185327666,22.24814301864576,12.719709026685551,-0.4578018256103217,-1.276134022934627
2500.0,35.579074299480894,30.94717597879749,0.4185617802639667,-1.355139061845782,20.49177245651361,15.838959491095636,0.5181624490742465,-0.7015847096438383,382095.9332648829,266103.0800088987,0.2860222419494755,-1.157930798098254,28.732365854360687,24.99978101405117,0.3235124360561041,-1.5395770020811472,189.18350766433173,169.00096684036066,0.3981451227391277,-1.4525766596077716,14.81515092806519,11.941334998788136,0.4529437110500885,-0.9642641112079452
3000.0,23.729768075320194,21.660023689407524,0.7067958966564705,-0.6635897353237534,11.772380454875348,11.57001311551302,0.985757240915342,-0.4136436788643984,362771.2517390031,295693.4739396332,0.4171312898562084,-1.2637297171247523,18.81824221274528,16.299189012349174,0.524937174784254,-0.9748047840125778,136.97307920455827,124.6125772572947,0.655148526307804,-0.8103916374088689,10.67202529431599,8.484095894767378,0.2913693115693946,-1.406238482626262
3500.0,20.88450702138316,18.81485786082137,0.6118345790327827,-0.7897965453271056,14.554805012844811,13.157595549500956,0.815618277530893,-0.6508639873261419,361646.59633053816,275770.5280425718,0.2596523299671562,-1.3559231178092044,17.967514529731435,13.545991961862804,0.3389044471238955,-1.232690397632919,126.04335094332328,106.70840187351403,0.5994882596147978,-0.8490804833107974,9.961411035530755,7.912521009242374,0.3063099917088237,-1.3754186336612322
4000.0,20.008742092745123,18.016353841394906,0.5927648310117986,-0.8821820682202814,15.981686008982798,13.861058479671543,0.6462334267452279,-0.870917839601915,371495.1934307165,281471.5530044321,0.21313837318162207,-1.3783237346163866,17.450728422311286,13.254448883700906,0.37114448117293464,-1.2339572452909295,118.43785114313226,101.39191536107559,0.5681982896064429,-0.9206448710171269,9.62628385086801,7.79273376450854,0.35925560517108446,-1.2981853577916458
4500.0,19.13297716410709,17.217849821968443,0.5736950829908143,-0.9745675911134573,17.408567005120787,14.56452140984213,0.47684857595956265,-1.0909716918776882,381343.79053089494,287172.5779662925,0.16662441639608794,-1.4007243514235688,16.93394231489114,12.96290580553901,0.4033845152219738,-1.2352240929489398,110.83235134294127,96.07542884863713,0.536908319598088,-0.9922092587234564,9.291156666205262,7.672946519774706,0.41220121863334513,-1.2209520819220594
5000.0,18.25721223546905,16.419345802541983,0.5546253349698301,-1.066953114006633,18.835448001258776,15.267984340012717,0.30746372517389753,-1.3110255441534615,391192.38763107336,292873.6029281529,0.12011045961055383,-1.4231249682307512,16.417156207470992,12.671362727377115,0.43562454927101296,-1.2364909406069502,103.22685154275027,90.75894233619869,0.5056183495897332,-1.063773646429786,8.956029481542515,7.553159275040874,0.46514683209560587,-1.1437188060524732
5500.0,17.381447306831014,15.62084178311552,0.535555586948846,-1.1593386368998089,20.26232899739676,15.971447270183305,0.1380788743882323,-1.5310793964292346,401040.9847312517,298574.6278900132,0.0735965028250197,-1.4455255850379334,15.900370100050845,12.379819649215218,0.4678645833200521,-1.2377577882649606,95.62135174255926,85.44245582376024,0.4743283795813783,-1.1353380341361154,8.62090229687977,7.43337203030704,0.5180924455578666,-1.0664855301828868
6000.0,18.48336566861497,18.447071562384828,0.6309618026264845,-1.1740867503641943,21.70070025247361,21.938599934635945,0.5204622551204943,-1.3627954335051815,370315.1985606342,329221.3670662412,0.3609050129043199,-1.42089797867734,17.505346189940845,15.532230583866324,0.4598569692239883,-1.3487026312143908,93.13115990302144,83.88595791040768,0.5993012456843784,-1.1613247334567631,8.862159492775135,7.502487063510094,0.4453429650120152,-1.300514718080434
6500.0,20.08454130204056,21.582748085422818,0.6079279778553306,-1.3326479614419584,18.490018148748472,17.45657775870536,0.6686886011276519,-0.8686053743868976,257623.1406595759,271062.0944994863,0.8772153690494252,-0.4803785529384834,19.38472866892557,18.179136135742368,0.495385980365348,-1.3798063979002566,116.1263115694122,108.90100014563043,0.5972163220794813,-1.2469220835882284,8.987521281751064,8.801136075902113,0.7984508809846791,-0.8269496323933745
7000.0,14.979379670801688,19.02798350048312,1.1925167831083736,-0.0387676516259758,8.767936626529508,6.741377208836427,0.6563155678442002,-0.4591231368273258,157463.71617584766,164160.01908720538,0.8935172393524747,-0.2797632019016327,14.098563416967956,15.44233498258816,1.125048301653759,-0.1194576951876293,95.18400402624628,107.86474360025323,1.1394463519663378,-0.2375821525368144,7.114377279587449,8.18202666360799,1.3847179382719028,0.7522857696336276
7500.0,9.478603550528156,12.12796183629384,1.3949329765470686,1.2779589901941335,16.810092318456107,14.684096955632691,0.803902641080111,-0.4337522096042394,141281.78095837063,163025.47993781837,1.0112423188874755,-0.4866928166222766,8.226654872302761,8.909942904761996,1.2911918619369909,1.104156498993648,51.70218743169792,65.82800926270504,1.9279818521389025,3.081357972978469,3.837171702167561,4.742772385364983,2.182279243093679,4.745437266783239
8000.0,6.843203584513375,8.76551726885156,1.1235439591439171,-0.3426466877450438,18.78316059536729,15.45607351812598,0.8484612817643344,-0.3219068878891451,131387.92132166852,163185.96629720848,1.1885558537027072,-0.199689918424736,7.422255803530541,8.217901449837257,1.0945025619369109,-0.3046916172177165,40.17164935713118,44.59039874858638,1.1938956335031414,0.1210535684925835,3.1135215992725715,2.5674460557284617,0.7631716362604724,-0.3654531123069695
8500.0,6.376904803223201,8.641168447688116,1.207507526456904,-0.1835721716135068,14.022231986949365,9.5462459084237,0.221156432794081,-1.1923610615212723,87446.68052542357,128981.48140623684,1.875261875083496,2.437571521016441,6.984743855916698,8.834798794547988,1.1393150454611751,-0.4234033222828199,47.38491242382764,57.9269259565291,1.061534058314526,-0.5723813599139098,3.72185048569093,3.9184521273267543,1.339192572921971,0.4498455660031757
9000.0,5.4438644643580005,7.251809878583813,1.6315698890567087,1.3708028108958343,17.494459815781894,12.875808401923312,0.7738851259959559,-0.104285579315746,72678.76603488013,88336.39364670463,1.7126530095992027,2.770023526300367,5.288792744459967,6.789039368044129,1.7658569671494877,1.7611743577081844,41.50971861972975,51.175400906463736,1.4771827159924555,0.7449792796039278,3.8422758668228494,4.124863242304513,1.6283829328556385,1.6109730838531222
9500.0,3.5125809162360477,4.5887933068256,1.810150167694745,3.159257960248389,29.847250730269327,17.542537056845358,0.0183483202568104,-0.9825038432991132,48386.159588333336,51732.09133279862,1.2039078250048074,0.3867977560834745,4.318269079869932,3.8694366270610736,1.2491669152476026,1.4555377247386645,30.26654161672622,28.33253644144582,1.6995525483373606,3.640670990514497,3.5246213567267297,2.8277265070002,1.5314100641243884,2.8463040217142392
10000.0,2.148281933360893,2.51133969612803,1.388811447260126,0.6990143583081574,16.54576463903749,12.299989919248834,0.6442176586747349,-0.5057809636850052,44820.96016970824,49885.51294523652,1.5498224509017555,1.7607716958567874,4.035810307161317,3.0686097502071874,0.5624736376499506,-0.6913474642157222,33.95741515501916,21.620298725174305,-0.1247280853012799,-1.426073890497567,1.800891353225777,1.4291872525823408,1.0699548639093943,1.2974518614297583
10500.0,2.335889143334024,2.08441820841763,1.051013893243277,0.3453774684268711,18.463955824778427,13.83850746905676,0.7736929534670489,-0.3204730204294792,65144.02929529177,61747.9323140194,1.04165585608933,0.5138584754364341,3.22579239041816,2.8944072946821504,0.8556892314333736,-0.4220674605376642,32.47003896738927,24.749381767254537,0.4418056769569515,-0.932665857226172,3.308683294515226,1.8777053492703797,-0.0244788643564349,-0.9968034687675064
11000.0,1.960233653516087,1.7321249623100308,1.3050950158591668,1.5292982730428255,29.62112389342763,22.32161044046727,0.2405286881165537,-1.541518612958484,59417.20042072363,55044.34132933513,0.90354105301335,0.0181469964928284,3.937931228479608,2.626655271981607,0.0867110143127985,-1.2504697717403364,30.5684261554935,22.947634665482536,0.472333185486148,-0.6838567779827733,2.483304415443068,1.946833851395728,0.797787082477597,-0.1466130783824937
11500.0,1.3679869814347765,1.2399822226073336,1.0145027954863794,0.067956203578539,19.77896623521552,16.148998313841602,0.5926499987500919,-0.8599864189927398,65969.86963693304,52259.14752477265,0.3519261305023035,-1.14410495144947,2.3650367476627205,1.990825596477722,0.812008460925343,-0.4267664991046205,22.82659965804136,19.268372551374547,0.6260755867721362,-0.8793784702516234,2.90377986890455,2.1702975377593745,0.365935433981818,-1.1246791163689571
12000.0,1.288746489453383,0.97591229265275,0.7150397533665068,-0.6006750063087454,11.767823198047894,8.163686061888423,0.4655996574781938,-0.7596588009534857,96384.37871923632,73596.05071840978,0.2903397041746958,-1.2679669931247697,2.2928428032766,1.6937941062024635,0.599714850790421,-0.6179381279078751,15.32761549803632,10.487408221539242,0.4356821739437935,-0.940156920717322,1.7720999702394813,1.4312068989531272,0.7427985146439934,-0.5001248824379667
12500.0,2.166217063837088,1.4327023057479864,-0.114650780899812,-1.370875246467082,22.734652710985177,14.392626012507998,0.2278508943201815,-0.974970295134698,108549.42766258116,72248.58721946392,0.1177280981463705,-1.149954130072231,3.9882387956925465,2.1549323916280447,0.0839178616663148,-1.21943327760962,31.475846792669927,16.94842047719072,0.1424878168097892,-0.9074998010627549,1.8832163939311928,1.618623190610631,0.672790306104757,-0.8451900913952892
13000.0,1.361461594408521,1.0983060405209368,0.6845032328145015,-0.6943057702168423,28.76138711981286,17.483851328161343,0.050033056196328,-1.323211866582582,111505.854841708,68959.74277181918,0.1733578508948947,-0.8460331908086745,2.9485953665319697,2.044569970931067,0.4403028723303169,-0.90608555170395,30.347410000864137,22.68557004362694,0.5118422214426377,-0.9710902793399518,1.4989342495163591,1.396069613434547,1.0862993912993926,0.325562009068356
13500.0,1.8702588175198944,1.0163453437774856,0.0041088518829069,-0.6342771729494867,18.068637276433847,15.180046261334562,0.7890686903592745,-0.6963145753120532,207327.69807041672,56758.33266115587,-1.0738009033134164,1.1416863960841956,2.606073609302261,1.5946114220886731,0.3867943826803042,-0.1307791783943712,25.180081622066464,20.70600979987118,0.7209280107945942,-0.7833970187913817,1.1846965739346862,1.065796065416016,0.9269831296468892,-0.1318258115113249
14000.0,1.915562445848157,1.4048647757448878,0.3624879172648548,-1.220462453259152,12.233205626681071,9.155356347543476,0.4208812267169762,-0.9336428555661432,117835.3792452368,74586.53138739412,0.1233100021540834,-1.1399791961569707,3.415082784576837,2.5879687566020264,0.5167299490041185,-0.882640427916713,32.504936499546055,23.0224597384848,0.3685147275090051,-0.9271854093122704,1.8119945585136843,1.6156991973885324,0.9123201450086776,-0.2001300754811961
14500.0,1.1870831925309495,0.8378571482928961,0.6448114848316456,-0.2370464191827417,14.618495978635336,12.655620840310169,0.5772932925246438,-1.2100976555349334,85507.06125406359,59071.34146859757,0.0942222426114298,-1.274875243505058,2.739862067063372,2.2257264866015123,0.6984002310575516,-0.3964496951968588,31.48562321346788,20.64918937103078,0.4876163962322427,-0.4754299253736986,1.4194144612162585,1.609940210185056,1.93177783436668,3.169165124509456
15000.0,2.2039875472655344,1.1864843452540563,-0.3491222943805751,-1.1993213669042562,13.858079324891628,12.269818095848,0.7009339301257699,-1.0447538461242565,118509.05526087875,87509.10590491396,0.2948483489995658,-0.9690274068060702,2.6454669560198454,2.261161013908511,0.6755907844210957,-0.9638110310370204,28.394294100394585,26.733024391960992,0.9829381137194636,-0.3955902133448794,2.280431385740919,1.652070345952944,0.420078660489327,-0.9307258892988236
15500.0,2.0608347384914545,1.4228387357477672,0.1434568850881132,-1.3119429700180572,8.666609674974126,8.144040706940194,1.25497677462417,0.5799373429565065,94905.31183840951,96267.99020331164,1.1475515533984315,0.1028277876606043,4.205901021008874,3.762547292381965,0.6342355393350093,-0.9801168128454764,48.3672843000459,37.47905706279023,0.4046300997354934,-1.334107991641032,1.6870194927868862,1.190413433251037,0.3085911487287124,-1.1468253258986432
16000.0,1.1175730382843954,0.7244095651800738,0.4389719376892203,-0.5525689346029172,7.897317601931036,6.428370685660176,0.7572305265928087,-0.7433125631854094,67254.81999653921,72119.56232712867,1.8123507557272676,2.998111843268312,3.026928238750836,2.8910331177933264,1.3153277899378373,0.8652424545419657,31.56005755678427,29.235880136177823,1.229864563479344,0.6110268683761486,2.2421888786547663,1.8237829015036937,0.7989839017955905,0.0146777211312496
16500.0,1.825713445114008,1.292539570780882,0.3632259711818474,-1.128807929633944,8.066299953951074,7.530865252715516,0.9209468069115198,-0.4576338383019624,115307.86005689803,141901.20394316423,1.5416431962053612,1.0816858252714834,4.332929520308015,3.5168437252327154,0.9456040790455849,0.0077310876155429,38.883579333507576,34.86074051827604,0.9779772542505318,-0.2004840274226516,2.8661113519008072,2.886329518971089,1.4171099709330246,1.6632468753068397
17000.0,1.691035617577911,1.0247505529636036,0.4699993725775819,-0.4854340442683749,8.146405301487933,6.074564401228581,0.6523225425583209,-0.4372917299517209,147442.41635469298,168842.79878162922,1.308864984107383,0.4235247164877251,6.207275236416152,5.0543944619764485,0.493593818966853,-1.2905212654381408,61.13334368034469,48.67682126542894,0.3855850980857359,-1.3857590809902351,4.416574215167955,3.3240153727593915,0.5548519864401787,-0.5132315003028123
17500.0,1.3491422396211248,1.0120696657053567,0.6093661859237439,-0.6154572522975474,6.622613281898824,5.283546585895598,0.9166681977697344,-0.1167393301108883,188409.87170960213,254465.2047273401,2.1315789831717376,3.901506236590089,4.6741475326223,3.241976930764436,0.5258474476479864,-0.6172538488927661,36.53897508441506,26.62163905959673,0.5627209535158385,-0.6556943805737001,2.965487597864244,2.414197365603635,0.8011908040945823,-0.2945703362333973
18000.0,1.82136937898544,1.1912837491249553,0.1416847117976204,-1.3997573055817356,7.981744504222576,5.0840484901351735,0.207639976842078,-0.7358855674999889,248500.276788726,347037.6562505393,1.6143825079505134,0.9958688641276572,5.546248368509081,4.144838550771935,0.3084197812134995,-1.4132615329168452,39.08721326536392,29.927617705202792,0.4265966366449954,-1.179039098601233,1.6173558878349834,1.4787435483682363,1.2923531802929762,0.8319772285308815
18500.0,2.2333036810960194,1.3937014098460578,-0.0607958355577987,-1.4884894100890458,10.498611131424108,7.722981654285395,0.3411417677350185,-1.2080054226564343,285112.72438218776,410225.4301390744,1.4566257538051648,0.5225309878549851,8.703453381336557,5.42573746874915,0.0788634628486816,-1.562710939037443,67.21032665961606,44.05254244620849,0.1471048526301587,-1.5285960174662745,3.2175291736278213,2.7661741582387163,0.9090628640458414,-0.3514793895922992
19000.0,1.9185681188284127,1.5101296397388742,0.6761466693996838,-0.4843698938082199,11.983767677789173,9.857075087201148,0.498960146247983,-1.1495345566318858,304213.6923092001,426487.00479535887,1.3262556165170225,0.2051761150548161,7.686409497151932,5.849358158417695,0.3410690889079408,-1.3359687105597926,67.58277625144456,52.60750603184884,0.2710599111437853,-1.4158461439933148,4.770770504048135,4.960827996443658,1.5302608845160388,2.205939046004765
19500.0,2.320878160398652,2.116629483708568,0.8639884996592753,-0.4536120570437885,14.143174969049188,8.006710890541545,0.1234794974607533,-0.8274615449659675,429587.51923967846,566731.8123151958,1.7786636115500742,3.0137900663211914,6.273602712985572,5.862696679555369,0.8418800793121761,-0.5709684035104736,35.803472164747426,34.986687082942595,0.9743927364631556,-0.1971388955753945,5.669084542391574,6.96137618743063,1.705437902584598,1.81998080421541
20000.0,2.9300274785501363,2.255100966144525,0.5195440919225054,-1.0845540230770263,10.488994858335154,7.631478122800145,0.6846138410586097,-0.3780222502633443,707517.3283294411,935429.1272920918,1.4328901782995451,0.5546143265180405,10.349824219917048,7.506769466066614,0.2741611952509316,-1.308251320059476,75.71984133855607,59.63195174589356,0.4047475359804354,-1.0605602469331066,7.15200000636781,6.801787006794729,0.5417255036723443,-1.2177634969960776
20500.0,3.5926111759106685,2.5667043335203363,0.4137059498900751,-0.8609637992406332,17.278442642592466,11.044579264005646,0.4734178641190688,-0.4629712914667441,956078.183558444,1079401.4114613156,0.9920976150576696,-0.6960578697302413,8.927282057543001,7.321634071701958,0.5615327712380219,-0.9852055000048868,72.5122740783461,66.66191295800719,0.629464828280133,-0.9986497570663913,6.2209699697498655,5.4200437454910535,0.5454683627337565,-1.020684185597361
21000.0,2.568026416165284,2.14328175241623,0.947886836908324,0.4878331661207471,17.153694702392553,13.012013793690544,0.7299140949550554,-0.5920912820459927,892699.8651459373,946391.8235404582,0.9284378954135416,-0.6402270101714786,7.468677148036243,7.181982679541744,1.3179681633303,1.238139092120388,52.66417236747597,45.08114811568583,0.8413035183119854,0.0409223592751648,10.82345896821301,10.643033173231002,0.7565381789986159,-0.647020168619036
21500.0,5.277808127767206,4.140910232835673,0.3183614659859907,-1.202551981304891,15.40343424875947,10.610422461710964,0.2505726488332774,-1.095271016754369,1313948.9059268923,1427599.3443564398,1.1666774263727224,0.3809581203302863,15.75626815879199,12.810473670836124,0.2993117804751973,-1.3036138345272632,110.95810196011598,91.61340894355736,0.4019964664921916,-1.1783445356942228,15.129667882126917,13.350053650182312,0.6862164220416733,-0.8056584445593016
22000.0,5.271768155023254,4.557127020965068,0.5192056413247254,-1.227396265916742,9.80069911193633,7.931226224829785,0.623009537317097,-0.6533146893871451,2133633.6998380776,2035394.6449509384,0.5624429865641494,-1.3204548848032192,15.368841930461482,12.5661027900734,0.3568356561544019,-1.3593167244211264,127.3125896473889,104.41678779081164,0.3392980788615699,-1.4545535564136136,18.452685161565032,14.61003189371366,0.1123165373794827,-1.6731266569673582
22500.0,6.307577471367287,3.75596919947923,-0.2099945609285792,-1.231961908776095,22.84673163407562,14.909438119157937,0.10428662547958,-1.2823031780373175,2431943.2858408703,1728671.6702491003,0.1997851003480263,-1.4226084429235903,14.866779594975633,9.69891248236402,0.1584163562683479,-1.096690126671875,122.67232173731756,75.81137618297883,-0.0645663590127358,-1.26077089999569,16.877348098957512,12.353039835999787,0.464459487189768,-0.8986743129059032
23000.0,5.476143219675652,3.4003704662724723,0.06316226140371184,-1.1382594247517681,24.40564278607197,14.965363919320385,0.077472272977176,-1.2126871068687297,2304327.3493134147,1655028.4496121937,0.21159565260320956,-1.4226412806002835,14.113694828426754,8.906597346580684,0.10158552309113361,-1.1692235324725042,109.80834087525184,68.54997749382174,0.08240071807895966,-1.1430529492195234,14.249437029405726,10.37937023553406,0.5289090858339167,-0.7832177626802465
23500.0,4.644708967984017,3.0447717330657147,0.3363190837360029,-1.0445569407274413,25.96455393806832,15.021289719482832,0.050657920474772,-1.1430710357001421,2176711.412785959,1581385.228975287,0.22340620485839283,-1.4226741182769764,13.360610061877876,8.114282210797347,0.0447546899139193,-1.2417569382731333,96.94436001318614,61.28857880466466,0.22936779517065511,-1.0253349984433568,11.62152595985394,8.40570063506833,0.5933586844780655,-0.6677612124545896
24000.0,3.813274716292382,2.689172999858957,0.6094759060682939,-0.9508544567031144,27.52346509006467,15.07721551964528,0.023843567972368,-1.0734549645315543,2049095.476258503,1507742.0083383804,0.2352167571135761,-1.4227069559536696,12.607525295328998,7.32196707501401,-0.012076143263295,-1.3142903440737626,84.08037915112043,54.027180115507576,0.3763348722623506,-0.9076170476671904,8.993614890302155,6.432031034602602,0.6578082831222143,-0.5523046622289329
24500.0,3.667147697871033,2.4690106321389607,0.5172739027527984,-0.9930851223758802,26.4802076261394,15.65009633232486,0.08601503677347241,-1.1481067075417064,2007738.11724146,1492175.231409262,0.28266404960661223,-1.387461468233586,12.359745004881699,7.506950446881147,0.12139679090839232,-1.1593273942035027,81.08143755348127,51.2139674140745,0.2904225763535043,-0.9653054389881606,9.35916360083821,7.011077102693653,0.7167766027150934,-0.5118454818624624
25000.0,3.5210206794496837,2.248848264418964,0.42507189943730295,-1.035315788048646,25.43695016221413,16.22297714500444,0.1481865055745768,-1.2227584505518583,1966380.7582244168,1476608.4544801433,0.3301113420996483,-1.3522159805135021,12.1119647144344,7.691933818748283,0.25486972508007966,-1.004364444333243,78.08249595584209,48.40075471264144,0.20451028044465808,-1.0229938303091306,9.724712311374265,7.590123170784705,0.7757449223079724,-0.4713863014959918
25500.0,3.3748936610283344,2.028685896698967,0.3328698961218074,-1.077546453721412,24.393692698288863,16.79585795768402,0.2103579743756812,-1.2974101935620104,1925023.3992073736,1461041.6775510246,0.37755863459268446,-1.3169704927934185,11.8641844239871,7.876917190615419,0.388342659251767,-0.8494014944629831,75.08355435820293,45.58754201120837,0.11859798453581183,-1.0806822216301009,10.090261021910319,8.169169238875757,0.8347132419008516,-0.43092712112952125
26000.0,3.228766642606985,1.8085235289789705,0.2406678928063119,-1.1197771193941777,23.350435234363594,17.3687387703636,0.2725294431767856,-1.3720619365721625,1883666.0401903305,1445474.9006219062,0.4250059270857206,-1.2817250050733349,11.6164041335398,8.061900562482556,0.5218155934234543,-0.6944385445927233,72.08461276056377,42.7743293097753,0.0326856886269656,-1.138370612951071,10.455809732446374,8.748215306966808,0.8936815614937307,-0.3904679407630507
26500.0,3.2843116131037657,2.265846790200529,0.491499758775963,-0.849092228261124,24.00381780146781,15.818515663220769,0.3783441253818242,-1.072897511505716,1915247.5415324904,1426624.4180264259,0.42897423705847537,-1.201706154089893,12.637950445346172,9.68945660337118,0.46021542773390267,-0.9919180393397485,79.9634570846452,54.61321559990762,0.14424486097538533,-1.2974978874903764,13.346732297165747,9.551469540526096,0.6159940854488976,-0.7039823383257516
27000.0,3.339856583600546,2.7231700514220867,0.7423316247456142,-0.5784073371280702,24.65720036857203,14.268292556077938,0.4841588075868628,-0.7737330864392695,1946829.04287465,1407773.9354309458,0.4329425470312302,-1.1216873031064512,13.659496757152544,11.317012644259806,0.398615262044351,-1.2893975340867738,87.84230140872661,66.45210189003994,0.2558040333238051,-1.456625162029682,16.237654861885122,10.354723774085384,0.3383066094040645,-1.0174967358884526
27500.0,3.9554974708578254,2.913964876378167,0.6272728594443905,-0.7086097246581322,26.254879558326614,14.252735983505216,0.10067678784472095,-0.7171184833835021,2059972.2834284864,1405912.5992549753,0.2819405585922299,-1.1624318017038506,16.246534162719474,11.766058528496574,0.28920629298175404,-1.276626263249714,108.32594641365138,71.83534733425122,0.14438105982561733,-1.3743621507400432,18.442269753667656,11.7579669463795,0.19955161221602888,-1.165515063823131
28000.0,4.571138358115105,3.1047597013342476,0.5122140941431668,-0.8388121121881942,27.8525587480812,14.237179410932496,-0.2828052318974209,-0.6605038803277347,2173115.523982323,1404051.2630790048,0.13093857015322952,-1.2031763003012503,18.833571568286406,12.215104412733343,0.17979732391915706,-1.263854992412654,128.80959141857616,77.21859277846252,0.03295808632742961,-1.2920991394504047,20.646884645450186,13.161210118673615,0.06079661502799327,-1.3135333917578096
28500.0,5.186779245372384,3.295554526290328,0.397155328841943,-0.9690144997182562,29.450237937835784,14.221622838359774,-0.6662872516395628,-0.6038892772719673,2286258.764536159,1402189.9269030343,-0.0200634182857708,-1.2439207988986498,21.420608973853337,12.66415029697011,0.0703883548565601,-1.2510837215755943,149.29323642350093,82.6018382226738,-0.0784648871707581,-1.209836128160766,22.85149953723272,14.564453290967732,-0.0779583821600423,-1.461551719692488
29000.0,7.658060771608061,4.269286351368274,-0.2460483971518022,-1.0453296371649752,33.64644843893855,14.335381445267048,-0.4502127664380373,-0.2637497401294482,3275225.4678060366,1883882.978886876,-0.2633232065981207,-1.134278974727959,26.4118077709529,15.247335932672824,-0.3563886945289811,-1.2335427903007667,192.1146500733009,108.46091036247788,-0.4442982049017599,-1.186615112348697,29.47892522632521,18.48099896141585,-0.3941689958798233,-1.5514971865071752
29500.0,9.851633233002698,4.875749741492943,-0.7241827700404763,-0.773663834755288,26.756329429324055,8.799689475155073,0.1579894303563021,-1.135535282075812,4058778.3780830177,2096296.603247295,-0.5738410491359481,-1.1111605022493007,30.832725967151188,14.684227285111126,-0.809229906831483,-0.733777432578302,227.01579005865776,108.71857157084176,-0.8475446106626158,-0.6656203043550519,31.61100635419773,18.496797264085032,-0.4721269381384767,-1.408676929803362
30000.0,10.313510282344028,4.659316896055319,-0.5463538839667456,-0.8124053786643057,14.531860183609462,8.678104835578369,0.1963734288201782,-0.9815573175351032,4517801.1872630585,2025352.9556552607,-0.7079493284354469,-0.9669756854705596,31.12395690462932,13.254656606132686,-0.8357523393002826,-0.4741331304797107,234.140075691903,99.17998231601588,-0.7995060940806873,-0.583197039713641,29.068986136472937,18.693779141614744,-0.3035506290065909,-1.6415606393213913
30500.0,10.07324320739121,4.838784605177168,-0.49247016497628415,-0.9189093482015451,14.321409937652204,8.492633728306803,0.18008366375839266,-0.9890475530987572,4543420.681834016,2031640.0137785359,-0.7355462319638829,-0.8999847627277902,30.33272669091896,13.452909398854885,-0.7710168860802488,-0.5922490628476693,228.81526078207605,101.18681132077967,-0.7349527064421267,-0.6924169726605586,28.606763111251514,18.60020323976496,-0.2864315687713926,-1.652640211408565
31000.0,9.83297613243839,5.018252314299017,-0.4385864459858227,-1.0254133177387845,14.110959691694948,8.307162621035236,0.16379389869660713,-0.9965377886624114,4569040.1764049735,2037927.0719018108,-0.7631431354923189,-0.8329938399850206,29.5414964772086,13.651162191577086,-0.7062814328602149,-0.7103649952156279,223.49044587224907,103.19364032554344,-0.6703993188035663,-0.8016369056074761,28.14454008603009,18.50662733791517,-0.2693125085361943,-1.6637197834957387
31500.0,9.592709057485571,5.197720023420866,-0.38470272699536123,-1.131917287276024,13.90050944573769,8.12169151376367,0.14750413363482157,-1.0040280242260655,4594659.670975931,2044214.130025086,-0.790740039020755,-0.7660029172422511,28.75026626349824,13.849414984299285,-0.641545979640181,-0.8284809275835865,218.1656309624221,105.20046933030721,-0.6058459311650057,-0.9108568385543937,27.682317060808668,18.41305143606538,-0.252193448300996,-1.6747993555829124
32000.0,9.352441982532753,5.377187732542715,-0.33081900800489983,-1.2384212568132633,13.690059199780432,7.9362204064921045,0.13121436857303603,-1.0115182597897194,4620279.1655468885,2050501.1881483612,-0.8183369425491911,-0.6990119944994817,27.95903604978788,14.047667777021484,-0.5768105264201472,-0.9465968599515451,212.84081605259513,107.207298335071,-0.5412925435264453,-1.0200767715013113,27.220094035587245,18.319475534215595,-0.23507438806579772,-1.685878927670086
32500.0,9.112174907579934,5.556655441664564,-0.2769352890144384,-1.3449252263505027,13.479608953823176,7.750749299220539,0.11492460351125051,-1.0190084953533736,4645898.660117847,2056788.2462716363,-0.8459338460776271,-0.6320210717567123,27.16780583607752,14.245920569743683,-0.5120750732001134,-1.0647127923195037,207.51600114276818,109.21412733983479,-0.47673915588788474,-1.1292967044482287,26.757871010365825,18.22589963236581,-0.2179553278305994,-1.6969584997572598
33000.0,8.871907832627116,5.736123150786412,-0.22305157002397696,-1.4514291958877423,13.269158707865918,7.565278191948972,0.09863483844946497,-1.0264987309170277,4671518.154688804,2063075.3043949115,-0.8735307496060631,-0.5650301490139428,26.37657562236716,14.444173362465882,-0.4473396199800795,-1.1828287246874625,202.19118623294122,111.22095634459856,-0.4121857682493242,-1.2385166373951464,26.295647985144402,18.13232373051602,-0.2008362675954011,-1.7080380718444335
33500.0,8.631640757674296,5.915590859908261,-0.1691678510335155,-1.5579331654249817,13.058708461908662,7.379807084677406,0.08234507338767943,-1.0339889664806816,4697137.649259762,2069362.3625181864,-0.9011276531344992,-0.4980392262711733,25.5853454086568,14.642426155188083,-0.3826041667600456,-1.300944657055421,196.86637132311427,113.22778534936234,-0.3476323806107637,-1.347736570342064,25.83342495992298,18.03874782866623,-0.1837172073602028,-1.7191176439316072
34000.0,8.391373682721477,6.09505856903011,-0.1152841320430541,-1.6644371349622211,12.848258215951404,7.19433597740584,0.0660553083258939,-1.0414792020443358,4722757.143830719,2075649.4206414616,-0.9287245566629352,-0.4310483035284038,24.79411519494644,14.840678947910282,-0.3178687135400118,-1.4190605894233796,191.54155641328728,115.23461435412612,-0.2830789929722032,-1.4569565032889815,25.371201934701556,17.945171926816446,-0.1665981471250045,-1.7301972160187808
34500.0,8.61625365514612,5.7634962236981195,-0.16724556486934927,-1.5585974511021268,12.808412138509865,8.569867757550336,0.2922662366375438,-0.9260218559440058,4940428.75117739,1992466.635291907,-1.2622580470278844,0.5733336098180659,24.524315318450554,13.828060835716064,-0.32954732262668596,-1.3577255522196165,188.93809437399514,109.06129245096619,-0.267270721700185,-1.420952614098768,24.89708577542386,16.91095249288396,-0.13410456621780992,-1.663137102814291
35000.0,8.841133627570763,5.431933878366129,-0.21920699769564445,-1.4527577672420322,12.768566061068327,9.945399537694833,0.5184771649491937,-0.8105645098436758,5158100.358524062,1909283.8499423526,-1.5957915373928333,1.5777155231645357,24.254515441954673,12.815442723521848,-0.3412259317133602,-1.2963905150158537,186.33463233470303,102.88797054780626,-0.25146245042816684,-1.3849487249085548,24.422969616146162,15.87673305895148,-0.10161098531061535,-1.596076989609801
35500.0,9.066013599995404,5.100371533034138,-0.2711684305219396,-1.3469180833819379,12.728719983626789,11.320931317839328,0.7446880932608437,-0.6951071637433458,5375771.965870732,1826101.0645927982,-1.9293250277577823,2.582097436511005,23.984715565458792,11.80282461132763,-0.3529045408000344,-1.2350554778120908,183.7311702954109,96.71464864464633,-0.23565417915614867,-1.3489448357183416,23.948853456868463,14.842513625018995,-0.06911740440342078,-1.5290168764053111
36000.0,9.290893572420048,4.768809187702147,-0.3231298633482348,-1.2410783995218435,12.68887390618525,12.696463097983823,0.9708990215724936,-0.5796498176430158,5593443.573217403,1742918.2792432436,-2.2628585181227314,3.586479349857475,23.714915688962908,10.790206499133411,-0.3645831498867086,-1.1737204406083277,181.12770825611875,90.5413267414864,-0.2198459078841305,-1.312940946528128,23.474737297590767,13.808294191086512,-0.0366238234962262,-1.4619567632008212
36500.0,9.266330227788863,4.753628193855202,-0.369385443982973,-1.255652281932966,13.843870357367368,13.153814359847713,1.054308247128872,-0.3303810614909026,5734548.503681066,1731325.9163807048,-2.1708779848091284,3.8959310950310773,23.285022282884366,11.125652801070947,-0.2663101614162612,-1.1118335199206848,177.92868917813925,91.92463062536476,-0.23695882437641286,-1.3088613348916098,22.01771689525574,13.223902198262016,-0.016938266813834996,-1.424755766286618
37000.0,9.24176688315768,4.738447200008257,-0.4156410246177112,-1.2702261643440886,14.998866808549487,13.611165621711601,1.1377174726852506,-0.08111230533878944,5875653.434144731,1719733.553518166,-2.078897451495525,4.205382840204679,22.85512887680582,11.46109910300848,-0.16803717294581375,-1.0499465992330421,174.72967010015972,93.30793450924313,-0.2540717408686952,-1.3047817232550916,20.56069649292072,12.639510205437517,0.002747289868556206,-1.3875547693724148
37500.0,9.217203538526496,4.723266206161312,-0.4618966052524494,-1.2848000467552112,16.153863259731605,14.06851688357549,1.2211266982416291,0.1681564508133237,6016758.364608394,1708141.1906556273,-1.986916918181922,4.514834585378281,22.42523547072728,11.796545404946016,-0.0697641844753663,-0.9880596785453992,171.53065102218022,94.69123839312148,-0.2711846573609776,-1.3007021116185733,19.103676090585694,12.05511821261302,0.0224328465509474,-1.3503537724582115
38000.0,8.783673279147392,4.721450007488007,-0.39199039497198834,-1.3148456275197145,16.90170276784736,13.906208564320666,1.1453747577709752,0.11145491150931161,5777382.772268729,1687807.695813298,-1.9806629612099083,4.095782700971185,20.961820249671728,11.460604758051144,-0.03975383718307918,-1.058026700189199,161.85382356767667,92.30879172925131,-0.2055555261352529,-1.338362568320263,17.92662267849103,11.69968609107996,0.12733823443936548,-1.2813369056786983
38500.0,8.350143019768288,4.719633808814701,-0.3220841846915272,-1.3448912082842177,17.649542275963114,13.74390024506584,1.069622817300321,0.054753372205299536,5538007.179929065,1667474.2009709687,-1.9744090042378946,3.6767308165640875,19.498405028616176,11.12466411115627,-0.009743489890792052,-1.1279937218329987,152.1769961131731,89.92634506538114,-0.13992639490952827,-1.3760230250219527,16.749569266396367,11.344253969546898,0.23224362232778356,-1.2123200388991853
39000.0,7.9166127603891825,4.717817610141395,-0.25217797441106615,-1.3749367890487212,18.39738178407887,13.581591925811015,0.9938708768296671,-0.0019481670987125388,5298631.5875894,1647140.7061286394,-1.968155047265881,3.257678932156991,18.034989807560624,10.788723464261397,0.020266857401495073,-1.1979607434767985,142.50016865866954,87.54389840151096,-0.07429726368380363,-1.4136834817236423,15.572515854301704,10.988821848013835,0.33714901021620164,-1.143303172119672
39500.0,7.483082501010077,4.71600141146809,-0.18227176413060509,-1.4049823698132244,19.145221292194623,13.419283606556188,0.9181189363590132,-0.05864970640272463,5059255.995249734,1626807.21128631,-1.9619010902938674,2.838627047749894,16.571574586505072,10.452782817366522,0.05027720469378219,-1.2679277651205982,132.82334120416598,85.16145173764079,-0.008668132458078959,-1.4513439384253322,14.395462442207041,10.633389726480774,0.4420543981046197,-1.0742863053401588
40000.0,7.049552241630973,4.714185212794785,-0.112365553850144,-1.4350279505777277,19.89306080031038,13.256975287301364,0.8423669958883592,-0.1153512457067367,4819880.40291007,1606473.7164439808,-1.9556471333218537,2.419575163342797,15.10815936544952,10.11684217047165,0.0802875519860693,-1.337894786764398,123.14651374966242,82.77900507377062,0.0569609987676457,-1.4890043951270218,13.218409030112378,10.277957604947712,0.5469597859930377,-1.0052694385606458
40500.0,5.703838568981592,3.9552426189478394,0.3356059098914919,-1.2541918891310346,22.200298001383388,11.50624925248679,-0.0679337506773485,-0.5229123531512925,3690253.1786427824,1259589.837148184,-0.7787233242272571,-0.0085970843514679,11.009122256221328,6.897892966456075,0.5363725689722619,-0.55674875060802,91.39483506031452,61.52478265120517,0.5017271346807455,-0.7164030590046173,10.220877547989357,7.520705082825034,0.7569796984040124,-0.3773558631314175
41000.0,4.238917772881477,2.814197833797977,0.3563465623603615,-0.6262724031085694,24.23391114788053,13.47659064651183,-0.6084296100208264,-1.2128118381977977,2451372.842771976,1813955.356394437,0.62634315374822,-0.5212232811033739,13.648893315555044,9.04608952585898,0.173622441274642,-1.0272824382532688,97.2951142238204,64.68278033449434,0.1871813272523162,-1.0355287284993082,14.58531583390112,10.300136279169015,0.4165727726995377,-0.7448924399407479
41500.0,4.395287787595451,3.0599936832633845,0.1968436535616761,-1.269379014510102,18.83066935569984,13.609679492988136,-0.0223454812520484,-1.5522516114442193,2776514.6767676272,1851086.2167139489,-0.06386184391928,-1.378587687668003,17.986337156014947,11.930206821634895,-0.094433074841517,-1.4842554731339124,121.03452272050428,83.818148686901,0.0021982528715546,-1.4553375898023522,18.442161364045184,14.038063999747502,0.1091633848432974,-1.5245937712913291
42000.0,5.094145975801786,4.685328559259289,0.5096438723224462,-1.3669264321525392,11.21620984468949,8.950549209312099,0.5659182507460269,-0.669438785379358,2710092.9349463265,2021876.521509032,0.0126179672449645,-1.5132007734453492,15.240512922786106,13.811885136772874,0.6455631185201098,-1.059262331387862,109.79533019457044,99.80651380897864,0.5797703717837699,-1.2101010386462183,15.152757249867152,13.823296302395828,0.5888538836833203,-1.1307040593050888
42500.0,3.2241925215514624,3.714451398314455,1.3045065539371383,0.5018658222923564,11.070549253022978,9.0560083141207,0.6137278300652842,-1.0465798838300036,1706573.1278900043,1616052.244480003,0.6785051060833743,-0.6907993121894411,8.687397382243887,8.626254052065466,1.152476826257042,0.7202241935559517,63.53938772971327,65.61852330287114,1.196945116243677,0.6967482336038158,9.921182238225857,9.986335052572809,0.8577539724910814,-0.313162563734835
43000.0,1.768203598463787,1.8080758942716333,1.1039867388070177,0.1146368036245157,8.03367963665005,6.2098893456327175,0.6751339721646316,-0.4932150296454782,1044567.4625856396,1055164.9416833303,0.6848398628356476,-0.948986095706069,6.135144134394846,6.259715542060269,0.8566541940854663,-0.7097733794993197,42.55329337111434,43.86573971228307,0.9245512774466526,-0.570021444694758,6.238996820652649,6.103544019750581,0.8590575883876155,-0.614758161989934
43500.0,2.3345066017961424,2.699622299676665,0.918262832635606,-0.825198970322623,6.47080755675699,5.234309458299523,0.7510848498573783,-0.3962597959986027,1014141.6867971076,1123768.5605347657,0.7734760879412753,-0.9377383972679691,7.000729348576492,8.442849690442644,1.0371239762402378,-0.5107338712415039,49.078288914789255,59.137280695910206,0.9780898186216704,-0.6807290568363671,6.562689689353478,6.554610076881971,0.7381497643860996,-0.8815505825847247
44000.0,1.996819785118795,2.69568427701867,1.444248965251063,0.4847716465624399,6.819296235409413,5.222500756438295,0.8122084403022182,-0.1145088694342342,769285.2405610748,1028103.2086305014,1.3274620102244643,0.372685042875291,5.070955773183044,7.480911997451825,1.8677397714066029,2.1566079113485754,34.21258247266716,52.56612060910573,1.774671848905745,1.711403196888483,4.992671484112989,6.0818496334243415,1.6688477620454558,1.6922788968454985
44500.0,1.12299220391283,1.1421102133605994,2.131279139789512,5.2061964681823,5.060186966981529,3.905855474813055,0.7930232640370832,-0.1874657425711854,385927.1011461882,525909.6185729938,1.7031194674985413,2.5408451861381147,2.4850533721219,2.767598850161062,2.5888687378942805,8.50626328392126,17.667742295299686,21.084749089633068,2.0706124259505985,4.839084614867723,3.2583838003016554,2.778354654331763,2.108142869276044,6.336989536322438
45000.0,1.3466435725257724,1.3335693317894324,1.201453546945081,0.1375463038506241,6.937299810284895,3.840815039754136,0.1532993606736573,-0.7043072853453376,283130.8013611578,424256.3926130584,1.45278038273467,0.4840672142987219,3.26502612211066,3.8695770955621382,1.6790658845438533,1.8509943352711584,23.52420013631025,26.57562498069153,1.4875860895631727,1.045644436402443,2.378539879812387,1.8221117226080328,1.015308610732394,0.5744853542458337
45500.0,0.8639365893972575,1.0156477278753118,2.319783464360732,4.886114302516693,4.984615039432514,3.742507201066504,0.678521191353077,-0.306992984169534,159714.38884176945,293076.120297864,2.5189265525795794,5.587628683558734,2.962829456590948,3.35876281843036,2.1799097359007824,4.568843949469979,17.791352404040968,20.96395046088024,2.3673911557726752,5.4987382656855335,2.224845701818918,1.9571447212807749,1.390325060661706,1.6596853454640297
46000.0,0.6029650467160524,0.6707814786863271,1.6604873965441127,2.046731736518085,4.783504578742808,4.214659772129361,1.159431107369758,0.4909604832192462,81729.39671129434,122700.95049663704,1.715071338468566,1.478066752064529,2.3420950932118814,1.9139788747645516,0.9415609839859028,0.6332770646281731,15.136158612221516,11.989724981153024,0.9808249739605231,0.7959738893554995,1.3262013537650323,1.0510425046196246,0.8119742945030377,-0.1780041442185878
46500.0,0.5667160064430294,0.551057579570554,1.8746359089394429,3.6117309538006808,6.038904229698793,4.48451325210599,0.5979368498136847,-0.7220026863993967,50595.32155312311,76320.33269007893,3.077520339055617,9.951047073435069,3.3766223324724702,2.528151066641876,0.7785737874582673,0.0705741908730837,20.461960028966885,16.136772375668553,0.8072251556516865,-0.0192567443826381,1.2952032214834237,0.9776226222861768,0.5833467650675227,-0.7091238777814608
47000.0,0.6899776060455157,0.5588766208675047,1.1844179927640426,0.9929032667992904,7.446692948303218,5.702856742370673,0.90245962753744,0.1855017375190248,48021.81769617274,41332.370807784726,1.174107276860238,0.7279060369460661,2.685808684591939,1.972196991049451,0.7419821978720241,-0.0965234473231602,18.31720625214537,14.067355484695971,0.7513730186709062,-0.1845320077357013,1.0753489491194108,0.9277447708015264,1.142211755423976,0.6347631554215756
47500.0,0.8633682986320859,0.5849737828241359,0.4638067240677228,-0.5080236584580486,12.02621148982169,8.224227415490605,0.0379387903945621,-1.415897462401019,39736.99463101865,29729.930177133825,0.8197588221967886,0.1484539787205014,4.100620361086286,2.0325130108548746,-0.2374854527696983,-0.530290599627409,27.649855125432502,15.141174870849015,-0.1899772100792528,-1.021266696694827,1.5180596220875189,0.9258340288733398,0.1093958371477013,-1.0039865678849376
48000.0,1.0196439620328337,1.0326880929932605,1.643755835939512,2.478099041169795,6.321051414028098,4.945923068239047,0.7869661484525571,-0.2687221471549121,58745.57057238527,51415.37121537123,1.314383024183334,1.3953798228013763,2.72622721077337,2.286199983928592,0.9313583392007176,-0.0041716843608257,22.128694557176757,16.032450094039984,0.4505743958089165,-0.6838310535229164,1.8784102930399789,1.4329389477503949,0.4676931216365267,-1.0340162666086183
48500.0,1.599602495178509,1.4945689338873152,1.031440705299396,-0.168176646801986,12.16261781309606,7.719869693835722,0.59678654802407,0.095870602298298,77160.78320120275,66350.21973525785,0.975282745104526,-0.2090602156972356,4.045638333093823,2.394565322836069,0.6254070619869972,-0.2278641123408089,25.58370947275853,20.61328977110372,0.4294598041007588,-1.1369954686674464,1.3896777710794703,0.971877175323422,0.5825123607466316,-0.7654642699577505
49000.0,1.703893572110042,1.3592969436893574,0.937908916063228,-0.3018107617361929,13.391278069495458,11.52283959972556,0.7700127862345649,-0.7311930939492184,81520.54897470455,58911.63225986668,0.4086284550200404,-1.0021165782320822,3.0486754437007044,2.166579137953632,0.4954220343111483,-0.7683360949781406,28.034037959794578,20.115452881615777,0.7411427379784895,-0.5716724041274532,2.127651859313662,1.4438888839296582,0.181194079188267,-1.37054771958785
49500.0,1.674014575650156,1.1718020456136844,0.3477129664971845,-1.0129687713129951,13.513498728062627,11.27982971636406,0.6908784233114471,-0.8033215861832783,70354.42997300091,51677.67861307525,0.3518454221383568,-1.0187994506886762,3.8916196032356782,2.7537624559646594,0.4920297861974871,-0.6105466321178468,32.175670898759215,23.056384757750727,0.4046899032937744,-1.0338410174883816,3.015158156329849,1.833131317267628,-0.0341394139192677,-1.294102033760102
50000.0,1.6824620689917098,1.096872304156031,0.7764880741423774,0.5003659655806452,12.898545312503584,8.192754824458444,0.2112721130377778,-1.332660466768836,75490.27495674342,64637.16414085685,1.076726599492057,1.1552125436647709,4.212561880327288,2.7890050251900584,0.9705899892109144,1.4235744337490592,31.567335388763997,23.090177117207645,0.9629854873776534,0.6390733552462757,2.6911036869152416,1.6629245080399393,0.3283970630474294,-1.0263823540869668
50500.0,2.094465719360522,1.71994903969906,1.424888039798186,2.688865313583314,9.313240099539414,6.376650414077036,0.325974067886034,-1.15084110571017,105984.98898668191,95650.35585960254,1.2772174818280069,1.5402342213059086,4.462798218709533,4.091087126095844,1.185853572640947,0.9439892984308772,36.09234973706063,30.4617304508954,1.4088509979481325,2.35246396068694,1.6888653223483403,1.2739140421614068,0.8624046766024165,-0.2048560068654499
51000.0,2.892391036620668,3.0006812094572397,1.4782022995917232,1.544147674394562,7.034824761425756,6.018573921425014,1.0233709721214344,0.3282292889474369,149257.3228315395,144069.29192167454,1.033326864633647,0.1833819230162934,5.637090463260573,5.527220514110767,1.4190556506739636,1.2043546326159058,48.84854495194048,48.521427270515126,1.3405056338568635,0.9332253228398026,1.7484512117057136,1.0605675434129094,0.1933901711893359,-1.0386161822617577
51500.0,3.9995628911197287,3.641033907674157,1.0004144199611495,-0.2602889458022548,14.342162991215751,10.402199269123628,0.625670724430688,-0.3842540065207194,178828.13548156802,159556.91516849102,0.7091439413834815,-0.8832342383143246,7.69777017975496,5.847711505468265,0.68885544576701,-0.6023448082978708,64.53983348728997,57.94468460583892,0.8419060385206856,-0.7240194826640622,2.965269007542619,2.144808530658222,0.1183117869854244,-1.5700321008071103
52000.0,4.088288094673974,3.392181527527602,0.5654642620557553,-1.1482880620934368,16.199571108824674,13.661132579167887,0.8681382959768819,-0.3006186184689472,209165.37143453964,125310.32760690032,-0.196190987260826,-1.3700943778780443,6.6370469090537,4.8696796978639085,0.8330760964252715,-0.3541844197460757,66.67876037570981,54.49991844972581,0.5690437319120762,-1.1719835125718618,3.255478185390687,2.175666758071646,0.0166591257312817,-1.5556229201952283
52500.0,3.9736227846589487,2.654369014560804,-0.0874078630918737,-1.4367954142259036,18.921557229616624,13.053286744095391,0.4716790458580629,-0.7955510540357023,181510.4569567462,91287.96939289404,-0.3242176850496982,-1.0924030809509957,6.621579271479382,4.0992602107941,0.0068015488294211,-1.3849830806644878,62.1005341257732,48.34341888808585,0.2313209580669416,-1.5976829316195007,2.1363361144208497,1.3789637779846535,0.2528561995052697,-1.033800839175132
53000.0,2.9578227686015777,2.200042475052439,0.493330791262262,-0.38753096753504,10.564120172052183,10.439796834106575,1.0255766807429616,-0.1220468635269527,111527.45754570149,98766.26862707052,1.355313947527976,1.9740017683970708,7.263137278553128,5.862317716320704,1.3353921352397564,2.491230297846963,58.67462894888027,49.650456665607294,1.060256438335651,1.0988377110244256,1.2790539067901154,0.8241197501043526,0.3248589951083181,-1.1435671797109823
53500.0,2.8654387151625738,4.04514291717295,1.9594573456044129,2.8570480045441435,8.767536306961714,7.252270293036634,0.9223050166917244,0.1433404762919989,219946.2201030932,170742.07551801106,1.2665261327870092,1.126125681706191,7.339137634661669,10.42726225504136,1.9494056435538387,2.757806623800441,66.93499756506122,85.57476064631662,1.7087601556712615,1.8343738451746023,2.199678646832233,1.4493062421246892,0.3254567318949353,-0.903327690554562
54000.0,6.133543460330938,6.093413870405056,1.0095054693057677,-0.0877425819305637,10.022668754455768,8.904052745427167,0.892588393741877,-0.3550202574055148,302429.9255395292,243411.90534143368,0.6707201457401701,-0.669055665994676,12.614628109416117,13.955474833527123,1.2482123074130405,0.2950993453806352,121.16725877857012,116.01835125428642,0.8153192480969662,-0.566238301045602,3.151866268095273,2.051667544894764,-0.2004919994092312,-1.601614234112242
54500.0,7.0760390188582845,6.525614518753397,0.7207812890728803,-0.9196891935249408,12.72643955989801,13.163872245323416,1.2234896888949305,0.329055742535024,243120.47002070388,247305.05775520275,0.7786658562187329,-0.8811868706659785,15.08000438017211,13.410607057427825,0.7673588042740699,-0.8029268288255738,135.3761930917882,107.03968206276636,0.4862107926477591,-1.0774358112211,2.3625042600410526,2.090122420080238,0.5754035571856526,-1.1619465237256952
55000.0,4.844686950701087,5.0115395453654745,0.73603682051861,-0.9961953471389692,18.842094597623014,15.389786915668944,0.6601309733174281,-0.6305112973000013,144101.36544751475,137637.11462822845,0.9985224230189452,-0.100987947913619,10.483179735757536,9.794636994234809,0.6497802325015859,-1.081351032277573,76.68269871852941,70.87448369243222,0.756148643718544,-0.792792786167468,1.9812387737625,1.5771082031460353,0.4894123964947283,-1.0706670278433943
55500.0,3.267688849472431,2.4477803835752026,0.2531012532021624,-1.336974341921234,15.693214232773268,14.368561880969866,1.0063751663269256,-0.2183773624232485,76572.41995989058,60274.6782157824,0.4831152691112747,-0.8795914184880522,7.006756505951378,5.44766121781687,0.3761446989152877,-1.2643119452478615,46.45283996658074,40.42525242474814,0.9706501588498774,-0.0239168738789885,2.0861497024683646,1.8508175119601604,0.8393958389224059,-0.6021413184743287
56000.0,2.8901536344452934,2.747964363904414,1.3615013011611514,1.508790991397408,13.850747309479251,10.154346997590569,0.6695746890794239,-0.0870092661087569,138502.8053524597,129564.85307795148,1.312931367495805,1.052712956423683,8.039449229809371,7.970790324375306,1.617426292662093,2.372576672608087,81.75559792110008,68.22295996660242,1.1042636438044895,0.7034866289482853,1.926527001122811,1.5159993640636875,0.6606743415188309,-0.3783812926375294
56500.0,5.232115872709884,5.47671346250067,1.0280643757956829,-0.3403966821286737,11.758055196547444,7.528185227178184,0.047210311270954,-1.2468808719818338,210477.1550597431,236735.59687631376,0.9009289985701056,-0.7709610525248456,13.648691054531904,14.43843098671045,1.1591099146498878,0.017556363986138,115.20164846613082,121.53898745267728,0.9397836631816092,-0.6014235417589338,2.2518226530467653,1.4420419780703158,0.0619137856990726,-1.4398037401335844
57000.0,7.089184492293796,6.530773674427675,0.837028707070468,-0.6966251396653527,7.846302320622852,7.653245625659356,0.9690855980781176,-0.4302696284799623,249277.3543433514,263579.5373739383,0.9289400538680648,-0.7292106582294662,18.142946273406544,16.621786561954465,0.8852867171214591,-0.5159052126370427,144.8731307992501,134.48816142375725,0.8215165908469572,-0.7768640846107528,3.0417206744970744,1.8309326307296745,-0.1945697156022798,-1.3757047874232138
57500.0,8.452628850121185,7.513799482808353,0.7123803399450883,-0.8369614244914301,9.74774075088532,6.864003248529708,0.5857452598844465,-0.4935967590173002,255712.67692672796,282857.14080602577,0.9946736865063606,-0.5461842582364858,21.40651065472112,18.530426287902937,0.6675386128442495,-0.8671994874399025,165.05958806191464,142.61344666252208,0.6364318418040226,-0.9350041260213624,3.8216316271486495,2.230765874620881,-0.1150210768375217,-1.3105672912650457
58000.0,8.649522976143173,7.533546757484139,0.7399117668121362,-0.7919077575705011,12.977324517326394,11.617735062757484,0.8989466711877522,-0.4042013670595694,227714.1296650176,265693.73549331084,1.1418692235830543,-0.1742814416592661,22.250332003664955,17.929200109864734,0.5407374808053592,-0.9793960538422556,158.9459182821788,130.614579093602,0.6295695829752759,-0.8103774620273501,3.523585649214948,2.138762872351475,-0.0712416832860704,-1.3061366659190998
58500.0,7.518508025254281,5.619620190101252,0.7906179577493438,-0.1340645514938261,18.26719330648147,14.915554355599271,0.6021298908050067,-0.928273084626539,170654.4533660387,184901.56754566383,1.504102302274808,1.3613886796309511,19.54551185747332,12.73464632383615,0.3868921211292715,-0.5001133509613305,120.94778141811608,89.28942286397019,0.8553254719305222,0.1405046304125776,2.821227442821661,2.1056929251916494,0.5962014797444894,-0.6068913049721392
59000.0,5.912205973455439,3.5703974028333323,-0.0155652802891191,-1.231298196213379,20.133550022957188,14.602297726774443,0.2836674995241804,-1.305092724439615,105552.74216842938,87178.49396902401,0.8311788062649104,0.3811968665714569,15.114384283826906,9.384332016786637,0.1438711253380919,-1.1446253441618326,94.94140343988092,76.71882721849192,0.450081271625268,-1.1998790617792094,3.125308423661893,2.4947160196074694,0.5029447859174286,-1.2345611591224326
59500.0,3.841531852099052,2.9687172401009776,0.5067606006133618,-0.8069959141359209,12.405559211146192,10.112142763587377,0.8949045826665136,-0.0886740560756376,110650.25045375362,98349.70441930942,1.007451166924436,0.2277737578540062,11.372917865944826,8.675322147807698,0.4802352997901347,-0.9203766418568078,89.30666995124488,66.6001667548923,0.4954828175075542,-0.7426560346768785,1.8890793273796085,1.644254113631924,0.8532518903181832,-0.3821010060509162
60000.0,6.68970441968832,5.42407637111164,0.3895443382968127,-1.0933981625679496,12.230671545940227,11.012296595995018,0.9365577228860688,-0.1182194115511472,180859.24560917343,170701.29832281312,0.968849647437484,-0.2152094188642017,18.241873293095825,14.077057825279324,0.2266264176606006,-1.322533978271506,124.30126629314807,99.0706373273817,0.3900073296977198,-1.1235535517215618,2.520458041251567,1.6089085774508736,0.3398149861001391,-0.7621507971579624
60500.0,3.174782100473827,2.883170839939676,0.8394672040577489,0.0908165009871351,9.501556521011816,9.282794120584732,1.5601360776754507,2.0127931565184403,87124.34239047811,80011.32056307736,1.1998842880199927,1.3242835368900885,9.262146747008057,7.977533006599966,0.5789406714925651,-0.9303692375707184,65.04144643984954,53.69040773015866,0.5324146645347209,-0.9575064838806692,1.3234129173547025,0.9615736229988784,0.7070387044191576,-0.0366965981716242
61000.0,1.8596913254858545,1.917905953404051,1.5024588714663654,1.727250312781906,11.12665449663559,9.770010401417968,1.0338386498762404,0.0657268749954114,57800.8314101509,63150.99039597994,1.8643857595996476,3.2625560285872446,5.93925598452015,4.908601447790464,0.8191729612433178,-0.3272581441790478,44.00535553300204,33.48684620310314,0.6231625697389406,-0.5997938475017941,1.5283530043339797,1.3013506530088332,0.9377556915996076,-0.0849385341907642
61500.0,0.9683614518028554,0.8077332905984865,0.9378859644419753,0.0719868705774593,10.307786003990566,8.86893579420114,0.9368829220208844,-0.0603761004035421,49123.12662405366,31999.545561370167,0.3011911245746586,-0.9158446963892516,4.140610218125136,3.358551406085918,0.8395379193984553,-0.0828261765563889,34.264951934054935,26.948446045199407,0.6886371496033985,-0.4473675496155875,1.315083517533916,0.9997848288159524,0.6950085443598553,-0.3941493287675803
62000.0,1.0473406214173846,0.806267385540852,0.488539573134136,-1.0366568570320889,9.632709494770973,8.056680874523733,0.8495264187971486,-0.4099173826981319,36396.28388480597,24821.6938398929,0.2545615417102475,-1.058482349060918,3.864106858569889,3.368538698597946,0.7325458657440422,-0.7558038813251309,32.64108163320134,28.197001087086868,0.7578326895495399,-0.6816019039172159,0.8575601450936453,0.6517279663508524,0.7164483885617678,-0.3754065536370161
62500.0,0.9099574157558512,0.658862172758761,0.6805357870886403,0.178199488725995,5.892949104954411,5.614265019767009,1.1229238886590829,0.1789873455912412,33456.651357440125,23606.53487740428,0.387797652467257,-0.936175875267022,3.1902174904165035,2.393393188884978,0.819510977260136,0.4167906742163971,24.994092865255503,20.395282306496306,1.1517620430722515,1.100553251576854,0.6153593435260177,0.470853584970964,0.7195771460522457,-0.158455034935379
63000.0,0.7035820152595519,0.6254207258628252,1.5021589397124957,2.7864734274964302,4.168529730844218,3.1079279660909105,0.6556497535865522,-0.5613678983010386,39307.22205286302,29626.78840234236,0.6760155869555798,-0.531596068373859,2.2211004732123167,1.96992672629101,1.6366127642097452,3.463577244605534,16.10400088002768,16.287322245244564,2.1509278628073965,5.457568690399205,0.8343100844886642,0.7000985128529194,0.8225620750580163,-0.2842997362407264
63500.0,1.0038617168494453,0.7701134648755315,0.7835433713627143,-0.0990389781533038,4.699859072030345,3.235002275042462,0.4694581592002936,-0.8541513729801915,61234.40871235254,41305.57527331539,0.1492063897856893,-1.2622915968010582,3.0051863471394946,2.154558388251992,0.9604299556595216,1.12026587134274,22.579747417702176,17.998956568614755,1.1511742166959076,1.3465764622485388,1.5607312610854975,1.3322730134982412,0.9030248676686504,-0.1297174985165803
64000.0,0.8165985483514074,0.7536768079965077,1.2432247987050913,0.9994925011122068,5.396281424469172,3.645199553347826,0.2858450362204585,-1.062598167409882,46298.404619746776,33330.5912524135,0.4832583022763452,-0.8985016474090917,2.353866173529122,2.4187158170719334,1.766144915706772,2.947011884841816,21.21719669038053,18.608451024780457,1.4933859906903686,2.089997820129895,1.9595020958798888,1.5496802296370251,0.8915209347343935,-0.0044676151497879
64500.0,0.5366708984480796,0.556668439231145,2.1956574675298084,5.054667372439765,5.196215019876271,4.161038003315192,1.1219470800063376,0.7804371097319676,26878.35240049284,23922.584100682387,1.1574376228537946,1.080667561852593,2.0448873468796487,2.511902424638759,2.1195041391011906,4.040108308195055,16.048874838585643,17.5963660552173,1.894964110921359,3.328178438039183,1.8589651718169784,1.663848396552141,0.920438577290422,-0.229901805265666
65000.0,0.5709267338856227,0.4799772183132077,1.310777715190538,1.6729394693626087,6.473746942751283,6.416183466312317,1.327842597405862,0.8493118445498942,33028.55075030078,29219.67585341737,1.2890835991757026,1.65524425837895,2.8675679442146054,2.8187997407296463,1.454600438650435,1.546526049872833,21.856773241743078,15.90458608613217,0.7603120478934168,0.0821306363923493,1.901884559013889,1.4477086832783328,0.8725832756351011,0.0697208952591577
65500.0,0.7688179923200084,0.6575713127543155,0.7810289280809232,-0.5226546245397099,6.9878170511486495,7.091186550196357,1.5828045813390228,2.0466698642925607,73284.82086650663,64054.07593946851,0.8461569850770244,-0.4862020999593808,2.983679479460524,2.722431785477963,1.2118425258447525,1.3810769435508234,21.053202986967644,19.20886823012049,0.993648172571714,-0.0747972234993028,1.941284279978935,1.6616957253481055,1.0360227638479402,0.2442755752830807
66000.0,1.3071905308417535,0.988341624156586,0.4830193192326025,-1.034759131026134,10.612259142634228,8.584823010494551,0.5458618507892193,-0.8222040380531181,142216.23392188374,117998.50123078984,0.6037522741311583,-0.8118171410480262,4.637166401032703,3.950044046904904,0.6164941019389547,-0.9877325653182284,29.996731438507226,25.001748256711764,0.7383457120609049,-0.3717901259776113,2.429382974981268,1.8521576886171829,0.3946595218708351,-1.0233785589718143
66500.0,1.8989808764478653,1.2777643150816584,0.3799144142148903,-0.9612329673799422,13.544319961456068,10.876496731363265,0.2849914918143937,-1.430942521945814,235005.33922454625,143349.34378166628,0.095249136098025,-1.0962391062615804,6.533765317134809,4.600843446622749,0.18642252291135,-1.3983163469497948,43.04122715568823,31.33370504310294,0.4265075083346269,-0.9480316931877616,2.6340216062748163,1.7311654417968194,0.0319434303505711,-1.3722408411416267
67000.0,1.6847910612143029,1.3943842082724724,0.4537446892587808,-1.1756913402932725,11.065137887152495,8.673649790113263,0.4991763599954807,-1.0386569753938493,245630.1580657928,181821.2350198769,0.3823059743306373,-1.1070628795130757,4.394245258212935,3.5470279221773,0.5532768740391245,-0.9406046185811738,34.63685981730896,27.554226498332,0.5610548839479866,-0.7458439532156875,1.7503531529959326,1.3921648275900265,0.698777105793814,-0.371330586878777
67500.0,0.7879755155692246,0.6997325069025749,1.3352996485680733,1.4301884308184958,5.357768571834515,4.673333311494591,1.071888128817384,0.4873589054527234,157131.0824414725,123032.69126850476,0.6203928445826676,-0.672519247636552,1.652527554297178,1.3945048719358928,1.191107148578901,1.4857072192728342,12.937856749339153,10.8824944644359,1.1866648098731272,1.2036020314175522,1.1685306464313556,1.031865884757578,1.077937999835647,0.7496275615351666
68000.0,0.3218631966122093,0.2205057576404775,0.6758539534866259,0.005661264286791,3.3530524437406437,2.4210039047445284,0.6244309860513829,-0.4320068657047531,132454.43075908153,98775.0124064932,0.4736038081064818,-0.92274761614585,1.1452910607920617,0.8676570410789121,0.7625302701010923,-0.235469456087435,8.676586207036467,6.984037245867256,0.9779775086815012,0.3059424356142113,0.9200438388526262,0.7834570303945951,0.7102971925780127,-0.7648629849678814
68500.0,0.4205646282680181,0.3039503993971028,0.9042291409658584,0.5621699005594389,2.566327367992853,2.016379502620758,0.939616224979303,0.2576102809986951,112884.53642417156,83846.26235431626,0.7337764354134381,-0.170265574644751,1.4777050778742675,1.0895736524344797,0.7464099691340536,-0.2446685594373581,10.23458980466896,6.7824599679779904,0.4250746243221635,-0.7513950594174781,0.8848261707075464,0.8256312545747622,1.1748057908455272,0.4363968264708728
69000.0,0.5014957780395622,0.3782726248491233,0.677478143958319,-0.4580824103918233,2.757300844390788,2.158938363335248,1.0363348386371325,0.5539820185989996,143438.01546117564,100893.4385630365,0.441601583902208,-0.8972743771859384,1.0905726773411208,1.0518386000523956,1.5495874901316151,2.11800569320153,8.880623514482481,6.763160964034882,0.8824235284971875,0.0770765349496218,1.332196742730544,1.151319063834759,1.0985469981204146,0.571178217999857
69500.0,0.5144403691905302,0.3549284735667591,0.5678610125823909,-0.3757326134383896,2.755982218559387,2.315876305016206,1.1567101288696109,0.7380433905162271,138012.4831296251,99714.4907810382,0.5607182361268356,-0.6067711484791043,1.1345603253329406,0.7425930835727584,0.2974044168124736,-0.9409045863338584,6.164900254051052,4.475732328758974,0.8650683608369544,0.5398639138826997,1.1716451866176896,1.1928810476887215,1.4594626705543512,1.388309479369708
70000.0,0.7258153997809988,0.5601028642393852,0.6878332076531327,-0.5725534899844464,3.598027477166304,2.6743028391619155,0.6907644135884067,-0.5268171431994406,188347.7992312622,163108.83352961534,0.9956911744961104,0.157975704458225,1.576424696640477,1.2327415602664191,0.7328847926537432,-0.3588476704646726,13.097037071742418,10.73619209651485,0.8400822145336179,-0.1324463611555977,1.076207312942964,0.9777172131031618,1.0979292819409123,0.1018624902147529
70500.0,1.018076960821243,0.8821369764351974,0.8956484446185624,-0.3145731389283157,5.249765714279406,4.062252223297103,0.9315779643894662,0.3512799505091943,367610.99529758014,338776.94818639924,0.8907233075803035,-0.3910646664575221,2.173610138375451,1.675870657092413,0.6768648117955525,-0.5773444631368756,20.280467873239168,15.125977357060185,0.5838981025726071,-0.7309837748070316,1.21133494496139,0.9234698523089316,0.7074936327748789,-0.3053107757286155
71000.0,1.303694731349324,1.0511969160920995,0.5648141265910701,-0.883921566145113,10.360150024877097,6.847385450164425,0.2839722758120871,-1.0750737151655714,455902.62538809975,410604.5225519526,0.8096092573102776,-0.3993258938962349,2.089340724153893,1.7108652281012835,0.6888362923984613,-0.8027071640426104,17.079143848201117,14.44423086459106,0.7699603835585223,-0.6352449147818966,1.4834855593162375,1.1715664702012667,0.7339599377126145,-0.5459258007079604
71500.0,0.8153740152194374,0.6800410547490867,1.0948067733495306,0.8616474602013717,7.59887551798493,5.688364285593743,0.7556236417944162,-0.1077350096741973,302791.4091746781,281079.7330379378,1.5290955032886475,2.4966003897952334,1.6914845395098046,1.1825371285123905,0.6200261777040693,-0.4151978561241938,16.411329969749936,10.666085204026512,0.3423917377798298,-0.859979677107066,1.45504634423272,1.1419600719889351,0.7409085277015106,-0.311574403517858
72000.0,0.6149569618798651,0.4499399933245943,0.6841570075474999,-0.2740371639206338,6.284970732155261,4.891078263713805,0.6443791046133307,-0.6030361398010178,245230.34590918443,192932.47195597607,0.8325330150541591,0.2844800123799929,1.3495168671702078,0.8870685265960103,0.5149762847815181,-0.3391783533406074,12.621282746722772,10.303547891642545,1.038000098005422,0.471480065178568,1.307573566676583,1.1931876657038676,1.0988385003142138,0.1511695076509713
72500.0,0.4975234042359361,0.4378747024377153,1.0702339074775,0.1622700559188441,6.665961439101665,5.0709906432377565,0.7301528392894493,-0.4913253532450974,214640.1105165857,178015.07691024302,0.8445815910797948,-0.1426776531843989,1.4608189969699008,1.1241875443755798,0.9504269497668192,0.4158969900466021,17.413847067259564,13.370120437687376,0.631404959835925,-0.6171254976374789,1.1671696482522496,1.02632403820733,1.0644489391732586,0.1567838640036498
73000.0,0.3394271356237281,0.2804112014698997,1.065385029202578,0.7113658276440482,4.651551533118674,3.4278032716034383,0.8744775921562086,0.2547289207725263,206860.44248476427,167668.9708317684,0.7308175254043714,-0.4979973102999251,1.7138708096404334,1.2142736190907926,0.5905253140050996,-0.4375967142859549,17.708742514915645,13.4450339073584,0.8060439340563491,0.02440448348871,1.0215694065820533,0.7594260916354897,0.6869908286894824,-0.2584168439922387
73500.0,0.4021999702329735,0.2841305090818081,0.4867162050072161,-0.7750019804977804,3.167092379965452,2.387969459672004,0.8134987383512633,-0.1574599517668273,105066.42061364868,73791.91792678957,0.5007396184326648,-0.6939278762130314,1.498016639033121,1.0360180372061438,0.7134874436948245,0.1098153259493628,12.187126539408776,8.7062174016788,0.5780303814290033,-0.5201176940389871,0.821433376498573,0.686215724507856,0.948408078132714,0.0090750352666231
74000.0,0.4244319568932214,0.3340729342977542,0.6630803677996429,-0.6623097317886604,2.4839066400513388,1.695758050759,0.642734996788665,-0.0662768599747982,100177.36620183746,72953.05881940748,0.7755264124553749,0.0931396574545821,1.762561624716256,1.241203618497977,0.5222879437408575,-0.672468281733841,14.490033963754785,10.1781813736289,0.4797618041381322,-0.8203109993533388,1.0808033533907129,0.9687802351224988,0.9556324743772672,-0.2629647481738963
74500.0,0.2333284390512754,0.1858697796896574,0.8884840741874181,0.2076962179478307,2.5012097927715806,1.8246613592190128,0.6511758768310079,-0.3417886893277893,124554.16703909896,76330.84589092943,0.2543078236316249,-0.782928282126012,1.211981977676344,0.9598842396764156,1.0610226816930797,0.7375208262220001,8.751236069885856,6.464166813848272,0.8200659073581016,0.0849332289424458,1.0460418794005957,0.8359712463493777,0.9016842249309815,0.031298935610784
75000.0,0.1999713221334471,0.1481826484795218,0.9371913848885268,0.6500286422569834,2.955821664123534,1.946562545412664,0.3955277962727731,-0.6812175791381008,92567.1601336721,63701.37107552985,0.6986158074217302,0.08901976884556,0.8609422686028151,0.5841670843020269,0.5264866051769135,-0.3277599323673095,8.283772399959703,5.687882139860883,0.5689395545845467,-0.2989286694388364,0.8821662299793542,0.6633511681890345,0.5665116771229763,-0.6878214368529139
75500.0,0.2997410583832189,0.223750787328532,0.7998607243829369,0.0740812083114001,2.6683025693808817,2.0527309140883814,1.1109089095479108,1.1168059538476038,180431.25431115364,138615.3883818796,0.8338233696961755,-0.1118780087316433,0.999738749412576,0.7382053169905007,0.7888111884882624,-0.0986100923445878,7.979984069909993,6.154452235040174,1.0424437706448777,0.6445693321033952,0.6429346363402436,0.5394457236440243,0.9407166087281936,0.0139315244713285
76000.0,0.4336622427100443,0.3017928294635471,0.5111994895532507,-0.653492162504608,2.6606292355351444,2.225301355545871,1.1230634165577085,0.6426093719213557,192282.0161940693,133853.21494656042,0.4526330840463919,-0.8275320848287762,1.4336988591092557,0.9908758328337536,0.5210208397710956,-0.6044262278134909,8.899951568740635,7.70403252595928,1.0053558720226616,0.0456210888126125,0.8398372733296986,0.7974712110272624,1.3328688973913128,1.024743957670072
76500.0,0.4394695003831927,0.3105354722049405,0.672689501441829,-0.287436406817724,2.7865346974276304,2.002439531674816,0.6479167974141178,-0.4002732250732355,147132.55940759147,129318.0356602121,1.6142214258285374,3.43342862836323,1.0128567938215316,0.8366549648602472,1.4463705455309646,2.7259427127371847,10.054504077113435,7.889593392634723,1.2139921093447232,1.5755367245499237,1.0780805719531137,0.9706902808354066,1.0340862097565773,0.0487034692340868
77000.0,0.2786004862202808,0.233916744084534,1.0895479004311264,0.4252412991914136,2.06736472801283,1.7164624197441063,1.1614413404207486,1.1104813233835813,134858.41700313182,109440.80334545264,1.122299871697038,0.9364754064666908,1.1887025925120034,0.8663905404078708,0.764712873228798,-0.0183940118701748,9.331770132038994,7.068526740076289,0.7649777446120034,-0.2743303686995872,0.8535989901773869,0.7813162321488525,1.2428065300862954,0.7631225123962571
77500.0,0.3952224871713707,0.280090975851577,0.5982419450918713,-0.4204908446772282,1.7751319355349144,1.3737760337989957,1.276514614275545,2.434264477074901,285098.10234348977,210444.57405415355,0.7667619995058101,-0.0630322371725786,1.6379601071758765,1.184846034355721,0.5619922562183114,-0.6852922371791332,12.029740047649335,9.119320326431057,0.7117805289273286,-0.4505798953495272,0.7605433882867173,0.6431023501540956,1.0337120412989842,0.2925375768003833
78000.0,0.4131745459153018,0.3017833605919597,0.5806515844953689,-0.5892535443478115,3.854039592006456,2.4106324950554483,0.3349104263204622,-0.589598848386049,324415.5863646369,241406.78182346307,0.6125971478025887,-0.6505204817973551,1.7448759182375069,1.203347877199665,0.3596592805856138,-1.014177452619803,13.341135974544418,9.230406065753543,0.393323017588803,-0.9357121104303312,0.9091009448497794,0.6276990042360592,0.4434832971568739,-0.7466915436125436
78500.0,0.3380596422862915,0.2389024614864522,0.5811631170612666,-0.6007008152902502,3.701401276836718,2.536974871494305,0.4724096436162724,-0.8393108480915208,240389.1454282895,166673.8922116497,0.5566335657195364,-0.4125558322522731,1.3792674357103962,1.1470016490859292,0.8682278405779982,-0.1049355766724455,12.709841279508987,9.326020809210902,0.746874687974982,-0.1964916601164472,0.9064657082683758,0.8109069429173335,1.11836990829014,0.4059197788325179
79000.0,0.4076630970307025,0.2639938313376296,0.4639574690678856,-0.4046027893564736,3.647638597802578,2.7955244485036093,0.8531503585686179,0.1821904824833806,205925.6497815263,140173.84518452245,0.3675360379356839,-0.9170690108081988,1.467390083413335,1.3663683524295978,1.1292655941585126,0.1525134557857144,11.76306790270464,10.65477631908857,1.1213999947038824,0.2465212164292953,1.134912449815045,1.1711558792018302,1.233548729562692,0.4883646408179611
79500.0,0.4355067767125361,0.3618539905358599,0.8696782677844479,-0.1607095951127464,4.554205477630023,3.508447406413848,1.052136785243028,0.4868270697647654,202099.41120835295,142359.063947774,0.5097319655953857,-0.7802019128541682,1.4325133518984214,1.0726164208572886,0.8609607755988934,0.14014257041784,13.497140330132687,9.399630992927634,0.6228475681195519,-0.1627187388560598,1.5305048607664988,1.3924143746833717,0.9107985665603184,-0.3693143961461582
80000.0,0.5516505543953835,0.3964863299786759,0.4793819472000212,-0.7945958557261239,3.741305313404882,2.582949163519618,0.640212580930868,-0.1376453798371812,197599.5819460336,150862.5414765511,0.9383199629251788,0.3056568346683797,1.436311677934091,1.3781660501037891,1.316278022939226,0.9142079391989784,13.2355095199823,12.844337716140112,1.4193520637522845,1.16959028822649,0.9742305541283814,0.8898287178316124,1.2758229555429734,1.0812418057360291
80500.0,0.4940181001001152,0.3412444664371774,0.6679322749683958,-0.1176242494157762,3.610720288134498,2.3302268794321783,0.4165727543092806,-0.6377921373975055,187721.69173055413,153279.44852763403,1.4386021675566905,2.257288532058465,2.1367576255095253,1.553929905324969,0.8142229051476709,-0.0519895554080855,18.313084109818323,13.844560475815666,0.843027865665876,-0.0466194636470125,0.874929966077021,0.6504986903570237,0.8129055776070384,-0.0482815282293551
81000.0,0.4618555101833171,0.3081968248670384,0.8801250334955784,1.9286393802055375,5.856371671664117,4.070159041094439,0.5177677371045473,-0.6971805313997113,199445.5584221975,157158.13191667438,1.2530586104031165,1.5174429446209468,1.8554231488429187,1.2375222620431634,0.6455779666734508,0.0378537093127087,15.70447651813969,10.247707807501394,0.5626426165144198,-0.1735044354363464,1.5738180528329,1.1244009267185238,0.6023228144404229,-0.4830460942909136
81500.0,0.5591130541538278,0.5037354752390241,1.7951214786490404,3.422870923518576,7.424852109489716,5.173351188604666,0.4683730573975566,-0.8030101094384818,344510.0045358509,247538.98945476985,1.1658588054854462,1.5581155894052383,1.9032306008158049,1.8306118607072224,1.6572405335230902,3.0137560069422253,18.36627916078668,16.767871056814105,1.71715997497389,3.7024408481740254,1.821457661342254,1.3601698440274763,0.6562824862183155,-0.6186245347929806
82000.0,0.4607604705218534,0.424545861192802,1.9564376671471724,4.996792147201832,7.460628974440596,4.987278190097027,0.7538597008451082,0.3156532457429652,234380.2768762779,185299.36369839843,1.3916675594198271,2.962735478030188,2.1361197002046524,1.9240594576895225,1.7334868449014915,3.625414258576747,22.224842394550308,19.29114696325006,1.818523743116827,4.05257166775576,1.6575040746431842,1.1848828819825632,0.6800847520333133,-0.392919798327922
82500.0,0.6635535731345159,0.4769860928807444,0.9827643341664974,0.8480249529239949,7.368497143092445,5.2515892682049365,0.3761495941953736,-0.9691468373735436,211412.1117820262,135725.16759784688,0.7803529456495967,0.6702667200494012,2.127030826068469,1.549776883120705,1.0280098321741544,1.5110985360766698,18.354774825305995,14.711141529849964,1.591648343102498,3.4034388348459546,1.5584806289013589,1.278688876721074,0.9022099814252922,-0.1921540403467507
83000.0,0.7659570875571396,0.5065204936649013,0.5077116843079902,-0.5988579109587047,8.092582115856098,5.39622395329016,0.3696330934507933,-0.9850557249838294,187901.3679534504,121602.95189817122,0.4212543381299967,-0.6806312081414827,2.81036038195321,1.976222863301756,0.3109893094983462,-1.2323976300035246,21.17996255486937,15.398549371080096,0.3214529388843132,-1.2004769963754032,2.1344503943344693,1.4950892373160498,0.4912036553069807,-0.7093494175981823
83500.0,0.8394596761322348,0.5808125304295132,0.4763371330343169,-0.4521444926182743,6.033549602278278,4.793932983211069,0.7247762952648678,-0.4826077708526375,175580.0335503929,142650.99347198615,0.8858441103057484,-0.0655512939588516,2.5781106982948754,2.039585589355482,0.8151044661086191,-0.2394794711069487,17.71355058544271,15.674127273068695,1.176143544621726,0.5205560273280145,1.5300971507177803,1.2525567561021342,0.7697879829025701,-0.458998592307501
84000.0,0.9001542895277006,0.6557937546026653,0.4670792921696839,-0.9613082455170175,10.12582903840844,7.240325208787315,0.5832895788102743,-0.6976123188641266,243793.9891978448,150421.10981272772,0.1601575879550935,-0.967670493947988,3.982949191324538,2.743616194710904,0.3297183323612793,-1.1355246210887229,29.88007295913932,20.0813425877414,0.3534842333120155,-0.9927263760156464,2.672997213188027,2.1359086410556656,0.7254670468419546,-0.409457266179217
84500.0,1.0461529937983591,0.6389077135974559,0.2049354097354742,-0.9764942052707122,8.343274241210237,5.5506002056828505,0.5522415323109691,-0.4854643717306275,321858.3684566608,188590.870904566,0.006981541946907,-1.0192186975848383,4.0808836817332725,2.8880198641092605,0.4138200185984717,-1.0154185961100597,31.357636564438103,21.23004058612491,0.3710929902146885,-0.8690896460540305,2.1473038335488703,1.500463206339519,0.3723572169611476,-0.7991190175159741
85000.0,0.8444591870794186,0.5987898926300723,0.5322767079753767,-0.7527698892874888,8.612509910079927,7.344310125551246,0.9886417592121184,0.0787771080693109,217860.5468130542,141011.69853516013,0.2234240911779674,-0.9123562643279262,3.000550550004557,2.150073918480869,0.5165758572012673,-0.7412070752718267,23.00068819301596,15.756571739600917,0.6851594492638714,0.0588930814007251,2.791650364377928,2.3004544701463385,0.7244940958203723,-0.4277679904192828
85500.0,0.8733896158182216,0.5940879391516917,0.5599845313170874,-0.562428910272402,8.583634222045477,5.067347230291384,0.1433504194372449,-1.065349213267632,228654.13422909347,169658.28971200445,0.7624273819021146,-0.2230199960082028,2.79106512123024,1.8972093796014693,0.5948487364464128,-0.4262743458660134,23.41502332782269,17.393299560602316,0.5745486084598636,-0.7452205704772403,1.954053004604815,1.4450759961399868,0.7531149904184808,-0.0909910867651913
86000.0,0.8103454111637126,0.6365293127884867,1.1363443432585698,0.8492951852283963,6.873142758883758,4.655901480328482,0.6306304378494033,-0.2172071866254765,183934.1585393412,129530.08037588722,0.7592265199599914,0.2499748316897965,2.2856220994083567,1.5388627765497327,0.3088951695871759,-1.0061785622191135,22.15408689792161,13.789556172778022,0.1621318814676948,-1.1254565666234049,1.895770145419264,1.694802511757827,1.419743621423874,1.7056354123941553
86500.0,0.6847816711117208,0.7598000810466434,1.7733845386650209,2.465892777035931,6.09659230293071,5.397087194724332,1.5617825256579905,2.446414402220965,181578.30962487805,155261.69051900468,1.0411541234243709,0.7032995367370862,2.260506669713223,1.578237467109156,0.4355178362060758,-0.8785481346720423,21.544498649546306,14.640061340981095,0.4482820580085216,-0.7746083531518195,1.9797750606480973,1.3886887713088505,0.3903018777052676,-0.916843008864776
87000.0,0.816465280863648,0.9245214819448748,1.4982489291589058,1.216300586327378,6.710871092412348,5.819872232645526,1.4990339637767458,2.5311027822110708,229253.17063983745,185716.9195814273,1.358950617942843,2.227169709725647,2.4244374439306933,1.8908107745181493,0.6851720384741239,-0.640285565345613,23.15029334155564,18.766613297309,0.9672006049081278,0.0648886577354446,2.4433441122653363,1.6047589716306434,0.0172493138964446,-1.3193336088442496
87500.0,1.1081154557844088,0.933273405658144,0.9303088726322092,0.0074745139052736,7.204600666471938,5.142036772535222,1.0884620921774022,1.579508943707034,382575.3537114192,298950.6725229367,0.8592555520016192,-0.0739984534123525,2.720587568355859,2.4280031698938496,0.8519458937657195,-0.5570785374530391,26.782235715348516,23.76635524033108,0.938140547768834,-0.3117666317908609,1.879650577509412,1.4029153034942834,0.6733911267217837,-0.4942535652618334
88000.0,1.2206245113530136,0.887359377043651,0.6870512831951938,-0.2607854599926797,4.98987722945596,3.7166609891259768,0.945955420838724,0.7418853116495461,380945.6165552192,263715.3107325828,0.6743780375919995,0.0695908702467411,3.396573695153255,2.7351935152048306,0.6181839848473625,-0.7863801636107248,25.76046335023159,24.10636223468091,1.0281471081159823,-0.0161026198463645,1.5002556710871726,1.0816957532659857,0.7269563961739577,-0.0113701962090329
88500.0,1.3624690316469046,1.0516106199963908,0.4487487612073318,-1.2104815745332616,3.880599254456171,2.820474250342732,0.6769573468529173,-0.440949266296633,629698.6093318416,488104.0763930276,0.4563478905675675,-0.9296124359464506,3.3758446830591597,2.670347956552154,0.4673269204356081,-1.1654901067536108,29.467140784850624,22.582215027515986,0.4680957485589058,-1.0050673146849398,1.3837815354793723,1.0052050645777,0.9191148172363484,0.4906921292796848
89000.0,0.9808882130711571,0.694359782725223,0.4445227659530206,-0.7546449864806086,3.977273632632526,2.874932276055343,0.7311355820013454,0.0052218542455708,506911.72910146735,349844.4941998203,0.4532550811471921,-0.6423767477593607,2.747118229901449,1.8714090017386804,0.4324495060969626,-0.8127982970199401,23.624689254169688,16.14048386742735,0.4377247353698014,-0.7104858370492328,1.2435219724523,1.0955670490103846,1.2685399124154408,1.056620956667163
89500.0,1.231741572220253,1.0662664714828456,1.0608937191856718,0.1903876511713247,4.342096442085214,2.6570837945978205,0.2222127087644607,-0.9796183504317452,547400.7670265527,467932.98397282616,1.171889067139162,0.7548976482917924,3.329966547237883,2.436391307497127,0.7114116121253574,-0.3019642908237401,28.561192062680338,21.36297416141052,0.7980763735675909,-0.119276405184967,1.652803832169263,1.2240958780791684,0.7142372459827487,-0.3280266352422001
90000.0,0.6821320934094134,0.6812187247308605,1.688122632718764,2.7341836987664623,3.787969131367929,2.521025945637713,0.6258313628975664,-0.1876560091382444,318014.6283471577,307286.2297445374,1.6391659407669128,2.9560290905689444,1.9738490277644027,1.7120746767824646,1.4504287411259655,2.1326457304690223,16.991066069881548,14.45425621587205,1.4159930698703969,2.1785511123350787,1.609384290884706,1.245532555624384,0.6608623519540618,-0.4705867373506143
90500.0,0.9426825077201454,0.8844907941139624,1.240690961724968,0.8098047270481681,3.328058401243552,2.3076760906626985,0.6906179930404072,0.0469862442873467,466097.22342177713,369416.2145907373,1.037647819913425,0.9282032202584092,2.602459430726614,2.201566418849562,1.0432900185421474,0.3417783955384399,23.6957138277994,19.43709162316432,1.0584505107364628,0.5219003780741542,1.3258992948084427,1.093366236840449,1.006713074480061,0.100455737523053
91000.0,1.0472767704605157,0.7178521103468972,0.343370633602523,-1.035833423335225,3.2622236203954,2.298851778188869,0.5850908896435157,-0.4325629367587789,506515.75802927767,327144.36967137654,0.0797317373678084,-1.0740317639996917,3.0363307014062397,1.970746951943523,0.2354049900800841,-1.1424651744486227,24.26404529087061,16.42747297025479,0.2777407439522547,-1.0595068388542015,0.983961430498294,0.9472603218569317,1.260317097876078,0.6197040826139331
91500.0,0.6605000381970068,0.5125546078842822,0.6753337797556009,-0.3583965245587279,3.6013800641415097,2.31666753898944,0.4138554506823533,-0.4361343238319142,311756.49958474166,249234.70007043972,0.7892062845019086,0.1204418547214243,2.007834305325447,1.46883203062709,0.5299855672872519,-0.8420314004990286,15.83246805739388,12.03263956419678,0.8467654058766195,0.2313508601179115,0.9242427373530572,0.7665198968162322,1.062065807822717,0.4396354565574811
92000.0,0.5663751748874621,0.440201913288925,0.8478542662741451,-0.0933552223039209,4.300183242756931,2.96511463747355,0.4149387922672277,-0.9314429988519924,256087.8390148922,213282.04037034983,0.8777466166241353,-0.0789516335970779,1.9139302518800296,1.4165288996950618,0.6223715563157628,-0.5553273760906636,15.37868798679476,10.501522846010433,0.4883125290344716,-0.6457902175347723,0.8923836014633054,0.7159024734858478,0.9864273812809604,0.328293700092229
92500.0,0.5664026008915084,0.3992871445404239,0.5118195218619693,-0.7195840952790262,3.8665450690935375,3.319094333808698,0.9918898925580908,0.104353456668996,215307.69060140755,164011.87919481244,0.8257625007609145,-0.041151016092249,2.14420447573708,1.4884959660642394,0.4696413129252187,-0.7313130684668487,15.343192810375688,11.068956715561464,0.4881945656335253,-0.8647457930838591,1.1497470960225291,0.7824855795708552,0.4484629495535718,-0.7845054260716018
93000.0,0.7867513445162282,0.4742751130786557,0.1030472946125159,-1.0731130786745957,5.005601117203982,3.413284462626003,0.6878897224855772,-0.0590514036934757,285446.6611945299,171859.61822433156,0.0048234547730266,-1.1285651404790944,2.786121531443852,1.6784274487173976,0.0621930670575766,-1.0973155290364291,20.84791243133896,12.54490816669179,0.0896641792990154,-1.0304074088263226,1.375046988703353,0.98091503177225,0.5170434917478833,-0.8357066363503094
93500.0,0.7339244013210039,0.4868543520096615,0.3024223436348771,-0.904281043012552,5.426770978377117,4.585879262342882,0.8320887924461957,-0.3931071299459296,289193.5019764076,188919.50852667543,0.1808704868110273,-1.2574745626592476,2.5579564262520065,1.7289751740190014,0.3135423140882405,-1.0149335300379354,19.965894264284067,13.127500142828929,0.1795349242036487,-1.1028006361577996,1.3730765342234912,1.0684930906307497,0.5025760987316814,-1.0337789566986284
94000.0,0.3972642658428608,0.2972311894431984,0.5708219735967993,-0.7308719689592378,6.535268604531719,4.429497620802064,0.4236679074943223,-0.7317390571129714,175696.25896603634,131248.59888807364,0.7033041948503916,-0.4619917995953444,1.3846488617454855,0.9935416174005988,0.4643745979125612,-0.8619563507447912,11.836215308726764,8.618750413363536,0.5555974651212551,-0.7158585154216222,1.2531303453070082,0.9506833647009858,0.618237754007336,-0.5210108778637621
94500.0,0.3417287221956143,0.240875423631426,0.7259956259653374,-0.0974918632792469,5.3751409352355255,3.7002485210421816,0.6558351513011114,-0.2667313655230097,111400.13755254936,86743.0398018459,0.693459647398205,-0.4243904302930388,1.193303718324903,0.8822406419299462,0.7873061832789862,0.221386787147896,11.324722597613563,8.6058914136593,0.7884359040295214,-0.1249299813798145,0.9504080958640744,0.7787331223498231,0.7976639848210546,-0.2938483186935814
95000.0,0.4566416429183465,0.3151715359368051,0.4520746638737606,-0.9094950716977848,3.984510659899992,2.746044220422942,0.7043387322577924,-0.0722156734826482,92660.05215628442,72175.87049337137,0.94615317754315,0.242079785351855,1.8281505960795328,1.2407037651984425,0.6165151963683159,-0.2393198554154278,13.82915161508592,10.462414804547604,0.6683726992957746,-0.5584132971700835,0.9033234838892108,0.6445341488567441,0.7597443456169395,0.0846496454057494
95500.0,0.4013085987200422,0.2669356567889925,0.5129842865766945,-0.5150392679640778,3.041141844240877,2.065685052131098,0.5703714901432294,-0.5319792308924955,138048.3977861032,91718.13756465688,0.5094357160831506,-0.3670649156148795,1.9487635676454749,1.2318470116555709,0.2850961183317405,-0.6675609912899194,14.889687874930848,10.050357473505004,0.5133193317509944,-0.4773044479282804,0.8867101873408186,0.6635493637727107,0.8796242719066658,0.0802576964699324
96000.0,0.3508693882283846,0.2334408687331245,0.51549954512932,-0.5727016338278372,4.018016484245914,2.5114496725238924,0.3036023623645201,-0.9887688146948252,174645.61669528374,115630.5074892876,0.3504710712455653,-1.009073195403157,1.7889793533332634,1.1685055938962317,0.3736991220720963,-0.9805894463055562,14.995076061331396,9.776353075058903,0.2849117706928206,-1.0624361753539238,1.2473567075102694,0.8250064987828252,0.2113648901888462,-1.1218348891666718
96500.0,0.2913801646327322,0.1995704512063,0.6047595640109299,-0.3715100694484858,5.450504457980578,3.849204998607642,0.3967614980600435,-0.9759053676322544,157799.59590401806,113918.65273368447,0.3595590643524562,-1.158235272255295,1.682608261695891,1.112934146214761,0.4972585215471497,-0.6254449420553017,15.049457293917682,10.002165236119064,0.466745623952774,-0.4810769978500615,1.3443595853532286,0.845987775484129,0.0601896585733531,-1.2046954764578406
97000.0,0.2429000545636478,0.1995990358908481,1.0460667575925735,0.4031005666619527,7.996816562859408,6.203602287472159,0.6655317533443742,-0.6866802437466721,163462.82144695258,109013.75999785036,0.4498124989118379,-0.6758607901446743,1.3074400160124418,1.0680993883670522,1.2183342833606472,1.0261169422444425,10.989083561276829,9.069777546508185,1.222291927058411,1.198756331036864,1.033386489115307,0.6584894111393315,0.2457073192171149,-0.9352530006103552
97500.0,0.2252940318655131,0.1678071209848756,0.9858264800158384,0.2712739612059223,11.144081816026452,8.991272009993205,0.5682667927768937,-0.9702082976374916,144605.55379391316,119581.2277698244,0.7939988265626154,-0.4567149242674486,1.1743481137243776,0.7370072951754297,0.5077976233568617,-0.4736096656695951,10.602784966864808,7.614147050853604,0.8300974215987158,0.0438315929888286,1.040726533715411,0.8285764611074612,0.7036580374125113,-0.4102917166128401
98000.0,0.3357340951044569,0.2077049723292523,0.3637716215860848,-0.5909847875111511,10.01609349420899,8.751552272102478,0.7912865968289916,-0.7028935491080834,179064.30094386192,128783.04179271954,0.4415388139350177,-1.0115492856530324,1.2017089280396192,0.8033958488999171,0.4831126765464471,-0.7312063351080953,10.998522620943843,7.696024527530635,0.6172949509860904,-0.3340099147259159,1.2979373787219148,1.058998585645219,0.914366790951365,0.086546434305144
98500.0,0.5106150257414906,0.3171332378505133,0.1113715022230636,-1.106707992553316,8.439411712808392,6.119855605254539,0.5032082945461627,-0.8077864975839515,204491.7306641456,143419.05755040146,0.6948926981330525,0.1034907559929703,1.269512609774555,1.0164083158239958,0.9267800582763668,0.3578444348643108,13.803894169681213,10.296955916369084,0.6108950591543686,-0.6461398211574463,1.4966936915262623,1.0966711492946604,0.5507520429223358,-0.691799826458749
99000.0,0.5502114926728544,0.3752075546573721,0.3885368600701569,-0.9815329647103596,6.437934525360828,4.988302122603472,0.7628600695964188,-0.2324113468040369,174750.23301056385,142999.59901763592,1.2772490870029047,1.6698998197670225,1.4589141300893935,1.1247414884717315,0.8493172766864545,0.1371670140144965,14.265139391493635,10.001387237622316,0.3984334662563157,-0.9446708681603244,1.2589247759982878,0.981919977082776,0.6806122170753454,-0.4580185556645038
99500.0,0.5650654779945397,0.4315578235106763,0.5612396890461189,-0.8755875779549211,5.775715358178297,3.959519977168773,0.5125752833375422,-0.6378615930105975,197764.9066811764,146968.69347628296,0.6309286212091348,-0.5706228569098966,1.7640040066136315,1.1091310072163048,0.4628659703130064,-0.1143206694845919,14.828165462260694,9.876847896793436,0.3113496789913378,-1.0855993393923185,1.12680225374456,0.7908403574715023,0.7543020238507011,-0.0086754471372545
100000.0,0.4628987398469389,0.3878977362038017,1.1537456166507334,0.6909006824608106,6.38539726829598,4.568098732573052,0.8036740449683132,-0.0799468820590756,188410.84004614505,135413.64518791993,0.7854740447773074,-0.1141499180897995,1.5091529993226565,1.1501882016468936,0.7207901854375531,-0.3403012623976646,12.279222921330671,8.873508669972503,0.6586575974689016,-0.386942188597775,0.7346371972267579,0.6078027296418889,1.0222015306950356,0.3918425814779032
100500.0,0.4845422367116967,0.3530440132782428,0.6061900903566704,-0.5380748946715399,9.289956959292894,6.366889424286225,0.5441394032254894,-0.4074416943609007,205288.42253306255,138095.40190425346,0.3995648948839238,-0.6976786054791395,1.9815198309293085,1.4048676504464648,0.6804924817170123,-0.2561934228781939,15.66960162598974,11.3579080005015,0.7216829801748,-0.1758240377936122,0.7760268349403424,0.688912092209292,1.1269394609153751,0.3204297841747272
101000.0,0.4846556794664957,0.3247407788170288,0.580332245677279,-0.3609416877241642,10.59426004927178,6.752765807157185,0.3542026685106821,-0.6436578015819965,199180.63029943677,140726.4624133545,0.5794015541021762,-0.5352774115547061,2.223314285574429,1.692372551348842,0.6945000628792913,-0.4126445498406919,17.322879149448262,13.910167510432592,0.7461165539040879,-0.4358524809200621,0.7356877008931203,0.5450507759640566,0.8669765480604845,0.0493213930284728
101500.0,0.3183553163398807,0.2706797298511944,1.1413880101312464,0.5937096549517982,6.591908365417398,5.338367693418095,1.1413614935078642,0.9956158484255444,165433.6242689834,116791.67576257812,0.536234033568519,-0.6259367111705285,1.9131544558993887,1.32296654977005,0.7927972008027043,0.196009239675563,14.758457583036812,9.61441179127797,0.5549791343013325,-0.3421178173063741,0.5247005487764492,0.4049429095459505,0.961287403476996,0.6721871765858309
102000.0,0.3840712343292451,0.2611103658598825,0.5442057660429859,-0.3642044608186516,9.16677954272094,7.357665282989773,0.8232630618258022,-0.2683352206261937,174894.8135747065,114747.27014713192,0.3843244720470312,-0.7728585826834684,2.7691293146871128,2.212285944038267,0.7282369166156288,-0.6069005236447862,20.51698759336322,16.128369026802396,0.669306494360601,-0.745798925760051,0.5271754034061436,0.3751439159796758,0.7098093402410093,-0.1818746248615683
102500.0,0.4599465597376962,0.2886751599042,0.1918781174437128,-1.059852139482838,9.877191786557766,6.842346745090464,0.5469739355432492,-0.4288985139758026,228562.86732985915,148356.51931669077,0.2711025011008639,-0.9696529556303016,2.923820827105112,2.360002273014256,0.8248076431648181,-0.3540975994816868,22.373512030330023,17.174037314132722,0.6767413792150413,-0.600290128207662,0.5378352042264894,0.352155628476186,0.4774448321325537,-0.3434152282516254
103000.0,0.3949696206999906,0.2919125322150352,0.6258993702572425,-0.6060557911201001,6.9246866229802615,5.766108851477121,1.097304368573366,0.8243846085752824,209001.98512168817,148560.53161292136,0.5647075104224825,-0.7175644068303901,2.4607352556874225,1.913608183626868,0.6046852508063005,-0.7857752777843059,19.398762452272106,14.399806068668353,0.5257476374877313,-0.8521651402795101,0.7024111276692271,0.4402197889127298,0.3564399115495954,-0.4402278705138904
103500.0,0.4547887159377504,0.3218533381766107,0.8098863665706474,0.1873192529996061,5.439521079854504,4.809820824773481,1.2765757646248186,1.1582837806290982,151412.4837255421,100236.24927605204,0.4586756501378008,-0.7082908581174734,1.7615526909504138,1.2817085374401302,0.7488705840056117,-0.02148748060385,12.785189329033022,9.58382386005309,0.690141185474057,-0.2807612484319848,0.6490835630869489,0.4945722346613001,0.7552946522935255,-0.2440508693643934
104000.0,0.7578524218759274,0.5236855352094288,0.4364673524653069,-0.742222458503679,6.890806476974093,5.292294317075736,0.8368443567918944,-0.2764133511886628,232472.924038576,199311.08349271663,1.1339521972375015,0.6173460343601,2.4074262818890007,1.7184873124421502,0.7846534072946364,-0.1213023403237407,18.6866233253806,13.364458245553882,0.7580634358637234,-0.1791572110198265,0.7460052532776457,0.5212623134968839,0.5165645956764068,-0.7382805220851734
104500.0,0.8336406853812569,0.6848031384780262,1.0488944820563122,0.5298385971006496,10.65940095650486,7.534009908323468,0.503938397913469,-0.7013304774655151,367186.6703033512,300570.88302052504,1.16064780043213,0.9805858388159364,2.995575814350201,2.5327870073318386,1.194501065651631,1.0109967805298528,23.817396389187586,20.6963989550949,1.242484059691022,1.0526696078898723,0.8280143794367516,0.5498216422641041,0.5091198003424211,-0.453459498516477
105000.0,1.0429780068569254,0.7924310085023444,0.6639724523022991,-0.2960210936677661,11.982431109537416,8.361917955781195,0.582632571711316,-0.3710781679616297,456973.80765830266,352081.6887957145,0.8423444812755351,0.0636837891103994,3.991496262503749,3.1547902232566023,0.9783193004594704,0.4511389924699811,31.926116494497865,25.05692713945562,1.0171014472286728,0.5410995052901422,0.995901037742128,0.6216280697692698,0.1600767268873874,-0.997979247540882
105500.0,0.9538446126680488,0.7208199588496728,0.67586378573557,-0.3014446361918881,10.38201347528377,8.442716440445903,0.8447624279736178,-0.2005452685522852,419119.9977445461,305695.8119219088,0.8449697741087105,0.3136882768971083,3.5390355490273206,2.981826115090328,1.1681226551458168,0.8016076123141476,27.612987795960937,23.345586726687568,1.2452336724418949,1.020844765038257,0.8097185632683213,0.5088855137977595,0.2310620520224516,-0.8916059836786512
106000.0,0.6377712438300479,0.4747816907480578,0.7087495441236163,-0.2941470027638857,11.58774132501482,8.748876299290284,0.7067942834023626,-0.4733078885372017,211839.56863561572,158110.53840199922,1.0660999189839828,0.9342188273502224,2.47942305342098,2.13268775426435,1.2060872678941368,0.921092575325252,18.956699853074863,17.129068354233816,1.196768188194684,0.7593680786158958,0.5918674603542942,0.4715275027222248,0.9477342639926344,0.4862487551217676
106500.0,0.5333906993779484,0.3862720724649813,0.5749075348552328,-0.6503654227558009,11.936253581334928,8.574679779610772,0.4322824906797533,-0.8149240486302665,147899.65132773647,120382.84212947208,1.0516653149207598,0.349804124335856,1.8131929215501303,1.727937274019176,1.2138647917412226,0.6022316946793933,12.818385794562332,12.620062122171262,1.28727695385804,0.9142393240994612,0.9477725099412256,0.610705574575416,0.5112590054227864,-0.2168488814814186
107000.0,0.3895548445493544,0.330214456216271,0.9222823276287824,0.0699270710358699,11.98226405552169,7.895682308291854,0.3646413446709556,-0.7098896618787411,129041.93242442186,94800.37016545862,1.1195378370822295,1.807119975793168,1.3995291520916395,1.0819863316912384,1.0024752973215012,0.3560364000185645,10.334310001869392,8.017442287078653,1.0433248523178078,0.493906350481978,1.0617165556448815,0.6312094971875811,0.3625008649547312,-0.3669145604950494
107500.0,0.2589994385443095,0.203740238789461,0.8591963024755581,-0.0161324304202103,6.370132900302584,4.628199921619227,0.5706555458728504,-0.4685916817469273,127318.79233445272,74039.3877005623,0.1213313010497394,-0.8927766924072604,1.0272247931080325,0.7612305696781195,0.6634746043088151,-0.3693977786283855,8.121894202242697,6.046936468686351,0.8138179436202234,0.2101384163170179,0.5734954866026292,0.4105543871379805,0.8455458346426625,0.7846551104513257
108000.0,0.323707300971625,0.2087777479113623,0.4522719889575664,-0.6015639095393874,4.858927646576581,3.332009584115386,0.4528835374714908,-0.8652838106259697,123156.64965313586,97900.0832361517,0.9888822025422936,0.4412422433444916,1.6273487097039203,1.1784832163116958,0.8256610209345684,0.2912913082244617,11.072369188862602,9.66355330100372,1.205055875958943,0.9479307107302146,0.8096551721693774,0.615252693196989,1.0552782527289402,0.9475717706819796
108500.0,0.3781115455087092,0.3182584457996709,1.1355318407865944,0.7743400963851652,4.998216906222992,3.53142844288228,0.5104397238187282,-0.8272995446110056,184741.8219308929,160873.77889772184,1.191772206010105,0.7765668972873994,1.6200808733271144,1.478414767403741,1.3711775247836997,1.1933359734768991,13.412936997670828,13.453846459977273,1.4836542388551304,1.4601464072763308,0.9467113744780808,0.6152884570702071,0.4893680569432747,-0.480831079142201
109000.0,0.4093210058333247,0.3831177642881266,1.1570623058707734,0.4311119465183894,5.513219866487907,3.486537898850508,0.272023372727078,-0.874877241691042,242260.71275031916,205561.59315784837,1.0204497267418624,0.1430178988330421,1.7665315761263565,1.5644416856301375,1.1958955951899009,0.667336927074532,14.919837996163311,14.52380946859994,1.334356462076857,1.0685481216786563,1.1866434215244903,0.7886138578215819,0.3806167280607338,-0.8481208320157911
109500.0,0.6113498512497132,0.3759679682926511,0.2795438956268055,-0.7383372825817855,7.11757578535864,5.077386790525104,0.7269379993540215,-0.0231710492128658,260831.5319506873,223408.4878811999,0.761049483879028,-0.5687577321014912,1.9194139319033363,1.514571479820218,0.8983905330214003,-0.0371391214020571,16.35745168325534,14.789380866531449,1.0447967801476552,0.1140961523601422,1.311259571562227,0.8638388146182019,0.4928329006882347,-0.6341297797121266
110000.0,0.55870314580396,0.4419874233429761,0.8232937980855198,-0.2590720047522228,8.714443325704641,7.094897079835143,0.9953002913982796,0.3528801597143021,166460.09870471465,138051.44454891328,0.9357341695777952,0.1770713240748582,1.191044377067625,0.8928938065013287,0.861290044501798,0.2770556632659704,10.885249306640269,8.879575359669856,1.02834628204273,0.4046075274860081,1.2773232196491435,0.892539376421483,0.5967849021886339,-0.537695675667202
110500.0,0.7541984975630943,0.5938781095358681,0.7611760364376543,-0.2939855396352602,12.403801990566883,8.219679610105517,0.4368617863574084,-0.7790108413275081,226053.34956125237,186707.8350692005,1.1875493145220302,1.4307660766135388,2.1295514395569413,2.0203266412835745,1.649081298804451,2.900906418470324,15.837652543683998,15.479327686033676,1.6191913784577416,2.799081671901871,1.13284075042175,0.9757674081720842,1.0307237509381766,0.0406558342649367
111000.0,0.9775563000643016,0.7156418016687695,1.0652831719099758,1.1955184275368946,12.834858037769475,9.884878873201236,0.6262743765041711,-0.73279091259894,257311.57688447757,227257.7428872591,1.4637656672002746,2.1366501554356025,2.8193683247613035,2.8188271526289386,1.7017161818573605,2.716162237373485,22.131813324906958,21.144890073959136,1.6068292502762878,2.6206356765921277,1.3498836534624057,1.012059762863495,0.7485764290699773,-0.3182624311648929
111500.0,1.0279399756005698,0.6601247180942099,0.4224212499741699,-0.2860991315903405,9.854418904052778,8.358884907997105,0.9862798654466634,0.0980007889810039,300315.6735993346,201889.3266943346,0.6141975223788123,-0.2697059116503144,2.93352416952557,2.496964576335302,1.1448750389419329,0.9569600879876616,24.408296986370843,18.80960679013116,0.8324842641680485,0.240388767267027,1.291762649165359,1.1134468517511644,1.1123980094911738,0.3290722125614125
112000.0,0.6921487287211352,0.4891069752834659,0.4930851930487422,-0.6970096186467654,7.697668800110334,5.738907257349796,0.585885045903517,-0.731309398216661,246076.26845910863,173485.27251947395,0.5041320748037803,-0.4893080120589057,2.312097813235226,1.689007744916437,0.9645458587418214,1.0826262653730696,18.990078378621547,13.280260780868174,0.6066085980052489,-0.2462969058827444,1.1631589720996038,1.0240013522561928,1.0876265706440102,0.3816600971535773
112500.0,0.6608639483521864,0.4394013973833836,0.3631063694568648,-0.8108574578717196,6.060438115876319,4.196910072274878,0.6713821561818624,-0.2922306960636902,257595.82663488097,181109.2697504234,0.405633710224864,-0.8802682707766873,2.4428317972990694,1.558167577159577,0.3587443129745704,-0.8495071569798505,18.23036758358541,13.135195271119157,0.6238246150184792,-0.4557675927337508,1.0123752103929913,0.964758688152078,1.3111122773296238,1.142648242134288
113000.0,0.9276369182037684,0.6155424658760104,0.388062189918103,-0.6720531982893494,5.125559226083975,3.905257870489294,0.8433485668707112,-0.0200974289852946,324969.5943475193,218083.04201753635,0.4556446424215385,-0.8251166258132931,3.689565376544989,2.381160664575209,0.2351976493224056,-1.1843544892914368,26.490725433296628,17.968187186085622,0.3836011232122595,-0.9910943895496588,0.8826954448438695,0.80050891638658,1.3374414863267938,1.2481928173945305
113500.0,1.313504435630661,0.7942305304814172,0.0931419596791425,-0.987633311644359,6.257864061429141,4.082713788757169,0.4746276472085831,-0.4414411916629963,409462.8145084329,266608.9796400396,0.3222615057464136,-0.9512749513183127,5.000441827398653,3.069419418816073,-0.0162896194302837,-1.243560068658319,34.88833867584636,21.6703526063146,-0.0319249646986179,-1.269733355049515,1.1987272778747688,0.849029382781683,0.8917310488307993,0.5054632712304254
114000.0,1.2121811091350403,0.7395785668703462,0.1016639498174939,-1.0368439119231083,7.097875659190136,4.931193967556959,0.5103416771636239,-0.7194394406960991,335470.1595121409,218481.9802385333,0.3261513197569907,-0.7537167976292514,4.655075837023698,2.8183896411306373,0.0675599151688143,-1.1297253544095698,31.396386741321937,19.526438471386456,0.1100416685549888,-1.0158866528938024,1.6153865616566674,1.0306002659595337,0.4333925279163937,-0.6595313874334168
114500.0,0.6868336309453035,0.4625005668889131,0.6206217022674012,-0.0974476463908122,8.633057997081462,5.496715115969038,0.2752545125751957,-0.8342103874318667,251657.45699174175,202081.837581964,1.0847204530536898,0.4987399223569269,2.6330909227778734,1.87816582080154,0.7850621390977117,-0.0106810088700131,19.39084113241528,14.098131004459168,0.7260662644743138,-0.1726395647888803,1.5713660524245314,1.0829249077701173,0.4677823463086833,-0.7830800036520578
115000.0,0.4871608540490966,0.3951207533382491,1.7995791954150633,5.135879196062513,8.576149184882436,5.551686667047959,0.4506982232852009,-0.5395330622097507,207898.7944833272,157086.0534738309,1.1011447500953204,1.2821436413749971,1.9640220746378745,1.626481276454721,1.5135353999286052,3.2661525969008194,15.841760789141254,12.90956453779635,1.7118758182453888,4.173518165243951,1.7381157974568344,1.1077729612511835,0.1956684474321126,-1.1203990948382632
115500.0,0.5606969171465037,0.3495345706874234,0.3731466157284934,-0.477481665437796,6.980599189230813,4.6576069692900095,0.4555064823154716,-0.8347923748141071,180013.94650960626,114363.16075564158,0.5214070452092588,0.0077060396567585,1.9284559343330032,1.2747180317717737,0.4855434411239837,-0.6016958414805882,15.291048408078112,10.0887011443949,0.3934385134387661,-0.7703949569272748,1.3700294099616046,0.9246510949900708,0.5026051094235988,-0.4363072425937333
116000.0,0.6636129123881516,0.4996328591939901,0.8188937793328024,-0.0640982748937499,7.556118302712693,4.263796207438018,0.1367479607314651,-0.6936398227805336,240928.03405830663,163616.18380603904,0.3713706162608162,-0.8596670608270665,2.25191142375853,1.9551301758547723,1.0647452610611845,0.1438730475634342,18.19523458590523,15.455875833351463,1.0408941773812028,0.2639062854526441,1.0978212282125308,0.8201773512954209,0.8158763592671039,0.227338053084654
116500.0,0.6469023249648883,0.5566564509408417,1.278854716405604,1.1621508098324238,4.825249146417572,4.021264139575738,1.0059821203799504,0.1535475941689732,260617.216013696,184277.13605311728,0.6308947809243491,-0.4858874757730524,2.582432285679227,2.1965870553601845,1.277672715697236,1.289714588037354,19.797085578007643,15.964462909292571,1.200580428695228,1.2782261867545532,1.1937060003388091,0.9440603455639852,0.962037535918202,0.0438860908060267
117000.0,0.8075400863339182,0.5826633869493106,0.9315398315083958,0.2699687087872267,3.609265597040901,3.273008908718152,1.3912981060289324,1.6407797013386984,288912.2633493925,232245.98367672032,0.7028682276730835,-0.513257116003075,3.627806049756134,2.398539932671652,0.5796004847364801,-0.2561262819578709,25.91709568631605,18.74194465365716,0.7920351817175868,-0.1429857176751068,1.2934040708098653,0.8200551501902793,0.4576561251445783,-0.3765793368424357
117500.0,0.858379506381639,0.658914195899351,0.7389918557302428,-0.4982242439746014,4.056394757025257,4.102845656446251,1.3397122148314793,0.9265442541262884,306048.4931285428,217273.05292536927,0.5417797835128074,-0.5918766775068582,3.87583005631686,3.0023899026408967,0.6661187722980079,-0.6921592604614695,28.004471168811808,22.125761525081288,0.7297061232534845,-0.6067020294723853,1.006497154644672,0.7113010677215276,0.7818827179884253,-0.0294273392266015
118000.0,0.7889071718666802,0.5973492634348644,0.6074430831252834,-0.6187235214728823,5.726824198162679,4.295242611316104,0.6711104790685977,-0.6610663560580337,288905.28234702745,182168.9678087106,0.4893201102305448,-0.2797432793972936,3.752011760846067,2.7465257659649778,0.6834833786437349,-0.451468424203528,27.37479876407442,20.468333874450853,0.6888841910376989,-0.489931476256531,1.1564631070445128,0.7988401377833186,0.7746323442434734,0.2670329754778477
118500.0,0.96701851663302,0.686560520206109,0.7137758227374659,0.0127228042034541,5.78122602084028,4.6513842487469175,0.7290775214308499,-0.4773131916771715,270581.4971801506,184678.81966402705,0.602836561149234,-0.2339974257777957,4.139886780204382,2.9449999874420163,0.5006886581935924,-0.7392568691794192,30.048084839088368,22.493760250715678,0.5424153313267391,-0.8425526762354938,1.38396351432496,0.9128436436321362,0.8901921758776401,1.400285142525845
119000.0,0.993722246407312,0.7154028695753707,0.6013529688397913,-0.2345016373713511,7.1977776698951255,4.3310828317325845,0.1889997376999972,-0.973096290459579,338727.3389718108,237148.43152763604,0.5276490018214265,-0.6316605417946475,3.9894947003345393,2.816709388169666,0.498895409875605,-0.513869936080459,28.22125921878785,20.82980153577617,0.5306954717144547,-0.7792138190844269,1.2975161418782444,0.9152228544977604,0.8004727685207018,0.162744699314103
119500.0,1.1339623716881708,0.8716966014573041,0.6811401110106332,-0.5543887615340459,6.104868203693438,4.0801082160226905,0.3163959219266785,-1.0455429572628607,402064.4147489831,329848.68755723105,0.8143918295941021,-0.3030715774770991,3.766372639888688,2.676995153393596,0.4851020005004214,-0.7697627554265036,27.5644770181449,19.48515563949768,0.4862206601528192,-0.8113003765668858,1.3220529963540129,1.184682314250891,1.2012740266170687,0.61805943733741
120000.0,1.4018642673827504,1.1369557476861023,0.9315782737697984,0.0083001078207427,4.479378442908517,3.1231048824424743,0.5213251645744069,-0.7016192730819921,394199.1969561965,370336.2731958419,1.2645039760261998,0.8316718907966969,4.11028887951666,3.192768740432327,0.9219386867427346,0.1136313503814312,28.59744473958052,21.67472328470011,0.8246444772055778,-0.0821088581015367,1.292196924270739,1.1362411511814146,1.181470680137929,0.5556249401839093
120500.0,1.5590695505069412,1.1912020693746228,0.7854142452056128,-0.2700515792449698,4.621810640492445,3.084927540363609,0.2235691843143575,-1.1585434580819216,486389.108391796,409693.4379137896,0.8996178063358369,-0.1945766129172486,4.533149321978248,3.708090249870394,0.7883344657525811,-0.4235863970723894,31.35812558724931,24.769017844924896,0.6833015410184545,-0.642913197760715,1.395478477094815,0.8615877762344032,0.1883499403460752,-0.7413575761135047
121000.0,1.2677114921371746,0.9218720447288242,0.6040693106971731,-0.4438588241899412,5.099764963790872,3.560375514366255,0.6901364710899422,-0.096764507337284,546798.873086641,362052.4370352572,0.3010216272373716,-0.919323717373878,4.280495329726348,2.8279428768898205,0.5682802858824523,-0.3603512511534683,29.278748993188785,19.84947433493094,0.5135009399721367,-0.623998051685692,1.5952803113300118,1.2155486158242617,0.6508901766286362,-0.5916294888558045
121500.0,0.974324949326848,0.7355574780832925,0.7210149637174225,-0.3875224773924253,5.074620965868542,3.59203680697048,0.6262084731975189,-0.430330944445132,365733.7512448772,280391.9078393327,0.7287409286910654,-0.4168918165401396,3.6764781816889927,2.628702753457223,0.476452834569404,-0.840959100024051,22.100446995643924,16.43889869037442,0.5341031533382394,-0.7657362672191708,1.6202183370536811,1.3283429535138198,0.9712378144107106,0.3228193289801053
122000.0,1.0116763647180742,0.7398705540121259,0.4374927469313934,-1.0115915866297518,6.931849577184484,4.367707418804436,0.2821339445314769,-0.9766839008693756,408296.6780201599,256725.20852658164,0.3316852529317907,-0.8493571705627301,3.7853297212332513,2.770595326219565,0.4059685009878341,-1.030079492243282,23.9828242489918,16.786896612816317,0.3519848058669712,-1.0704893644127285,1.9183096231601215,1.5427687806707209,0.9395445636491302,0.0965785521939182
122500.0,1.2987128945761328,0.8591497147478688,0.1269045805463778,-1.3682983304325038,5.195366424765834,3.990629136687988,0.9895600352336524,0.4383788426490187,399166.11689610354,264616.41854554886,0.259939858845396,-1.1548592459376836,5.000771799768096,3.503517279855158,0.2243108178368729,-1.2803130855204117,31.195263309281675,21.3459492479014,0.229745854506711,-1.3094993738415752,2.395482843249654,1.6791100335416018,0.5008039537825274,-0.8880190534641126
123000.0,1.0715619729776158,0.8236366635755087,0.662541344876491,-0.7976164632209586,6.449589939952663,4.292547655457931,0.5885569427081294,-0.4450919388866214,351731.7227200356,251274.62142093576,0.4425230264248882,-0.8680173603873258,4.338923044765296,3.615161240116508,0.7319006638402599,-0.7155756832933764,28.08742355730297,22.8463200456254,0.5919607618566496,-0.9461003439918652,1.501660985835216,1.2804241040529052,0.8906199308913877,-0.2361362316036515
123500.0,0.7028121132555947,0.6187209853741605,1.1648273632759223,0.7373996842407631,6.07524529386845,3.986651294942769,0.3717033211588765,-0.7200222119941428,270573.70997571707,227140.95741402003,1.015082914906038,0.297941373094833,2.957826578871664,2.57880130430602,1.1152385059214591,0.5237727766952021,19.81938942763055,16.40645759261894,0.985061500631866,0.3211515053205556,1.5774784205915735,1.057672381979057,0.699373960816566,0.1576300806055557
124000.0,0.6636113257587831,0.772240715308045,1.655561523401806,1.5643914903292462,4.106549774764464,3.127382357306341,0.8103168869967464,-0.112575023839855,439314.7680065549,302837.6590628021,0.4093662101368453,-0.883624250772368,2.9090331397329767,3.076533401158978,1.6960354698311522,1.953775880204847,20.790927816702773,20.36646765604994,1.5936774033118708,1.8441945274439224,1.3072130401486108,0.8654563838911987,0.4714145712882455,-0.7778046508533865
124500.0,0.5999212518230121,0.6404169120659572,1.9194228516271377,3.108876822775512,4.892878375278888,3.5847583364663933,0.7603860294645863,-0.2577282390549826,480416.1693013669,320092.4093288863,0.1062587485181054,-1.3322768176587674,2.3351575619885283,2.568815652089899,2.0284851048320194,3.6180726272434502,19.29028221059876,18.687839346363614,1.851663265405773,3.085648748277854,0.8246723560255906,0.6748671383977417,0.9822365071217578,0.2373134833035513
125000.0,0.5517201622419732,0.5180045794518285,1.600069096689935,2.412537811893264,4.684972650334601,3.8448256651151,0.8643513544783764,-0.2577764673548266,340632.4192630543,225214.5940579044,0.3783562597793501,-0.818363557017113,2.083828870941384,2.098543004098077,1.6248095732916925,2.605671599506408,17.861515853949147,15.881752135849515,1.4311449241585423,1.805504072548332,1.310271896296826,0.8612064397839658,0.3648337394969671,-0.8419458216330731
125500.0,0.6409285052960839,0.5890689584785673,1.3345386795596172,1.282873249168989,4.562965969704744,3.544043730446509,0.8663845057521554,-0.0798407509830423,241460.88052081523,205188.26283707088,1.0403499395044116,0.376116642718955,2.501007582540602,2.4093337453096697,1.4382236980519223,1.574747123623009,18.77390310319369,18.469101262360624,1.3760034071424307,1.3155283663831945,1.673759383830167,1.1183446299807516,0.2656948587851421,-1.085426448461961
126000.0,0.8552328452796587,0.5525091511909869,0.2556875619846692,-1.0348224337590408,6.363435049813491,4.0604035839668535,0.372503975362033,-0.7781353363889991,352359.39835728134,220772.5496085716,0.3474590545970182,-0.76745453746656,3.115754190179128,2.224600666938392,0.6397229773917271,-0.524351084715807,23.7092580808435,16.73789896902258,0.6498028268952757,-0.4827986112761739,1.592219983307969,1.10504051530675,0.7045893558007723,-0.0540954618540299
126500.0,0.7979072323338335,0.5571462584430619,0.3116736869206216,-1.1184390634607952,6.587701408836468,4.455884676521289,0.3298708313980419,-0.9970740188963014,342691.972933244,257526.6899124681,0.8754288681177131,0.1835005542302927,2.865655390424417,2.105908655803314,0.5688458452281491,-0.591924563728885,22.45820751527501,16.186168125710413,0.5103188178834382,-0.6898395233926014,1.192614144583487,0.907936780621708,0.9116778879703056,0.1339258618871097
127000.0,0.6919028889692984,0.5077409409073537,0.8486880779846322,-0.0981993943990735,8.562472135095932,6.2667287630075,0.844563016570907,0.6614545647043362,285719.0266302501,244404.1657673412,1.2553703033409185,1.4793344938153616,2.8155743121593777,2.0560474100155552,0.6003939791762113,-0.5180995308021434,22.55477283273474,15.865206858981368,0.5992385698757675,-0.4726043393909029,0.9082331524486348,0.719177688849433,0.8720285604735439,-0.0266094680193451
127500.0,0.6270154877094091,0.5403054450090734,1.1140767783624834,0.3883969997311083,11.960028841588557,9.06261755503362,0.9723257963070904,0.4143003829019545,315446.2224195817,276816.0377330126,1.1292421413068263,0.4475585335334506,3.7135542339648944,2.454679379559146,0.3011787468887657,-1.0727150301103183,28.113383275585612,18.388514106800347,0.3744252107667866,-0.9298052107061928,0.9653317798451668,0.6469198042231556,0.7204480892607188,0.3448807009488237
128000.0,0.6957571815440357,0.6246420290079739,1.0467947583005888,0.2657478470194374,11.80739608610965,9.87713479043329,1.0777298701536842,0.5014718693967115,297664.7801770519,291444.158008276,1.2001260553091146,0.3673620489568692,3.357339602733504,2.550050157684029,0.5129569609439492,-0.863268305951562,28.24032728784084,19.4052711249218,0.4260014176163278,-0.8511365405686298,1.1330398746083346,0.7224825520809653,0.2352199692222732,-0.961040658808261
128500.0,0.8015196367114037,0.7772562022220697,1.2477839658321317,0.5845268277131388,9.935188459585186,7.732918678755204,0.8527127626967079,0.0898039376012445,297852.36925305973,310049.7036398781,1.483853472547041,1.3742388035058948,3.2171284405172877,3.1445709677498286,1.2213273991428253,0.5287166831585597,28.79197886133662,25.48028699276397,1.1717384491549514,0.606962044850123,1.0572791682630158,0.7411417235402236,0.6478101510435336,-0.2187605357483115
129000.0,1.245936290986164,1.0101476977636337,0.6186089747705524,-0.9536208857637418,8.639962578427058,6.754278755521283,0.7158474998949396,-0.5712712948131635,399262.8236011232,312121.10444706405,1.145401120141999,0.8654294676485281,4.4307330228500375,4.056127028622364,0.8358190675976873,-0.5496422979873756,32.56400764439427,30.09914687990341,1.052989137410684,0.080849066261226,1.092883122894469,0.7390584009141621,0.453977383419035,-0.6951881117482159
129500.0,0.923138544969484,0.7290579145950508,0.6088541744642351,-0.6962346452005996,11.59963955108189,8.149204832860212,0.3778132076792184,-0.9653043415489688,424393.23834171216,321539.0941678241,0.8485903819762616,0.1808905570279573,3.644405793445483,2.871641040460384,0.7423934207576243,-0.4721471198380818,27.08428202222185,20.57610803587957,0.9166184324748052,0.3614262950258697,0.8907759383820495,0.6469956981550921,0.5925865783948923,-0.4067054208383269
130000.0,0.6073562629640261,0.4386117792730142,0.694459788117992,-0.3502448560508551,11.860359782123163,8.691070235227633,0.6112190548775476,-0.6633809206438057,390157.886333438,284880.0321041521,0.5593845359808256,-0.7073091481985307,3.0590346422244266,2.234074899831003,0.7368335770491414,-0.2183094860591161,22.9283834926768,15.296641590730266,0.4109334372111838,-0.7267675632944481,1.1254004503905852,0.6734004403670928,0.1709847587597106,-0.8980843626803536
130500.0,0.528300311107304,0.3785374338736555,0.6673299262515876,-0.4278204975738422,11.804144783954987,8.490905573875363,1.0087123831168512,1.6418030615999424,326474.1401164875,215547.17497587297,0.529598107524333,-0.4025957521828851,3.030988936265325,2.0013271647177167,0.4160698620870555,-0.7781306530834327,20.59893277437485,12.878991719089242,0.2675151107656978,-0.7304448676824875,0.8896560438912879,0.678611469933898,0.7522512563342318,-0.2282621659138608
131000.0,0.6590870840248975,0.4395634464960562,0.4010403598602861,-0.7855168426069707,10.14337835878821,7.563316330668112,1.2235878740549715,2.007778867433287,264808.97552222613,205956.3398513933,1.0395650460658954,0.8784193686299155,2.740499920853557,1.848712058199499,0.4984213761171389,-0.5490775256393912,16.182808044543115,12.670692737412944,1.101439762087744,0.961791971821356,1.0670436907461007,0.7080101233580539,0.4621679045048469,-0.4971203465325549
131500.0,0.8018121433909724,0.545115733549706,0.3914717209412221,-0.8995800135074541,14.638177526238488,11.04247827324158,0.7035922668286911,-0.5108667120929313,268877.6908756524,177323.40632343857,0.4198947240875164,-0.752322254066434,2.899045352958423,2.0548972510050025,0.4649549554459355,-0.8079867488792467,21.19807529955912,14.486240653769729,0.4617094030426706,-0.691885342943781,1.1547146363420568,0.8918089254189409,0.8307051246156393,-0.0614982298663435
132000.0,0.984919898185579,0.8077282277209787,0.5994158817565232,-0.8842805629236774,20.826107683405606,14.555212126665516,0.6481278845054083,-0.4538741082285131,216820.38853014965,170883.97071952978,0.9108609084178112,0.1844853366848906,3.3281219021315245,2.3463982462176327,0.6022488548675857,-0.4486982771053216,28.33962449444337,20.32918864225297,0.5492498346841782,-0.6377813449746172,1.0736371577144306,0.8928316878500558,1.2374886314468527,1.123611863871246
132500.0,1.146829082933908,0.8449875014574043,0.4879452671287069,-0.956477680297557,17.407072943068858,14.379366091650324,0.7396066714801426,-0.5466779262389125,259326.72383129864,186116.4355998425,0.931139021221474,0.5029285339373053,3.318368326208412,2.336123392131797,0.5953224785450261,-0.3517012396179626,28.74026481450213,19.42630951976767,0.4021963472556094,-0.6989306126551358,1.0326821270679432,0.8992705446214122,1.0752581612893055,0.3589261901971117
133000.0,0.8226270791704475,0.7066671997848121,0.8689304299572171,-0.2520055022702556,8.450388934355935,8.814928095082266,1.2305980963324776,0.235763802319088,256767.0784733372,227208.93463040865,1.1651624637503473,0.6253860989912323,2.315662136464081,1.978297920989972,1.0026921281468733,0.2320470527803553,20.44919339179799,17.646639613949034,1.01806237129752,0.2046162233779149,1.0318026685549404,0.7502938221587475,0.7183322470265403,-0.1586470965728734
133500.0,0.5787490126002677,0.5448098150451154,1.0595485244936296,0.1117247475457237,3.6383793059020624,3.5644853818227142,1.3078840245185437,0.9285548793429405,227026.574810317,187982.06632833183,1.0312022136739278,0.2547815904467789,1.6360906289320776,1.466261103109999,1.0658915096440382,0.1737056465153976,16.85029715880471,13.83811099006627,0.953836863020112,0.101500686230775,0.903830497604968,0.620902676391812,0.6066159143980155,-0.2646087809685968
134000.0,0.6282823909274782,0.4311708987053357,0.704737495198908,-0.0624032736527371,5.339513668606282,3.887477957035146,0.614741995358904,-0.3646396179749507,227862.5848495793,160360.02012886087,0.6206912132817264,-0.4241969435388855,2.159384611773349,1.6292675520644473,1.047664369854791,0.8595535913937677,17.600441519086726,13.61351031994202,1.1021186669260197,0.9288084515974946,1.248893503819075,0.8314175443040711,0.3702257583085213,-0.9145703648190348
134500.0,0.8637519760299673,0.6390629320385448,0.7467564504468743,-0.1306230263009906,9.07593839873987,5.930517404081273,0.2491786874534263,-1.0004296505021568,297902.0851217204,191020.21385728676,0.3366729479164986,-0.7760591582306486,3.3809745864759355,2.48017262871706,0.5636452579425101,-0.6723766588154407,24.462380278021595,17.37575843893633,0.5813475545554138,-0.634841035333308,1.2510862990586045,0.7994122117226277,0.2536717381684775,-1.1200131042115429
135000.0,1.183182869878507,0.9182374752005612,0.6850606216253005,-0.5531214767056851,9.889707304638948,7.005472341909897,0.2799513654403582,-1.1970075539292957,404725.9663641277,284266.28633513226,0.5620918155513953,-0.612003638242228,4.303528093871633,3.170217924185673,0.5639359240824512,-0.7088697442471394,30.710806146851045,21.660175444836486,0.4556844845384633,-0.7288021900258754,0.9688693124853336,0.7224402750500478,0.9385403923068564,0.6348714975917193
135500.0,1.0242871960287694,0.8346342635323056,1.0906680342912618,0.6186530111036075,7.875488997738941,6.409624958380388,0.7400903023438594,-0.5669555723132755,305334.8145339393,287905.11533279164,1.2593823902017731,0.818652998280883,3.051143477180842,2.5671766437144683,1.2734522825441306,1.29269758718982,23.78339547840418,20.3058186784073,1.086867024252046,0.5817571738441396,1.1191207607613844,0.8800900955714654,1.144692218386913,0.9534511354548788
136000.0,1.1310114442239236,0.863374015921062,0.5301055132508978,-0.8989178448515918,8.027793957931031,7.277881161227301,1.5798979205982413,2.3445768889023384,353907.1885402323,274689.2282226908,0.7437729036063925,-0.3705730410277437,3.101423229472849,2.625424291632388,0.8201232197372708,-0.4134761915319194,34.0276586216575,24.808055122958084,0.5478029397111872,-0.6544072570468868,1.1425686199792997,0.7727076992667203,0.5641649190391311,-0.3330961088427018
136500.0,0.8340541283877195,0.6334064274641332,0.7802720679210702,-0.0765167132489614,9.38816206791657,8.372317179361298,1.301690388229105,1.2085843751625598,257658.32668829104,193138.55906903345,0.7964963287358908,-0.0459223714890315,2.717453127601541,2.034547251465024,0.5562358931709566,-0.7203896465278685,32.8325015443343,21.34581239860458,0.2635904159170216,-1.0114028523648502,0.9493601440468228,0.7067555063989991,0.6965773484515739,-0.4523899249153151
137000.0,0.7889518834839149,0.5641474713720591,0.5587657726220947,-0.502481666187744,8.704437268843764,7.3025802526071955,0.8035967812027659,-0.2496381808218504,215963.95208431757,183749.69071860515,0.943439233506434,-0.1677398343768179,2.424708567545312,1.7776695673493934,0.6332946544804264,-0.4819509847755503,26.56328244217034,16.36731406338068,0.231071676812877,-0.8912194701042435,1.0270254146547375,0.728259368034048,0.875022233161994,0.7617030828041154
137500.0,1.1086664892284346,0.8778748968706884,0.9491909575156304,0.2341258188119801,5.418900684679341,4.547653782413781,0.8842522481698353,-0.1328310356330724,250044.6507930805,166780.78987483698,0.5380649582316102,-0.4406308503419374,3.392970841451889,2.5324718364096688,0.8548737240771346,0.2541295849655345,24.44067361617212,17.355287758133827,0.4838564314644901,-0.7902822295231298,0.9078268132071644,0.5679824846209146,0.2719803948400949,-0.9063686137229654
138000.0,1.5515571975335742,1.0785581784191796,0.4878235040300412,-0.6403282762504423,5.603681318450972,4.614464600095543,1.0742474299686249,0.5827940522149047,339907.4923177638,223759.34979762437,0.5741676242878574,-0.339932871470149,4.445093804465721,3.2092422511999743,0.4649582596410158,-0.6936570497276326,29.29018217070312,19.52406518539448,0.5361741364068486,-0.5048895475381636,0.973829671930691,0.6223568051428208,0.3208731577424382,-0.8990475729948986
138500.0,1.3096504922752483,0.8872613022921926,0.4772497504855848,-0.4823844592254289,8.545805427697475,6.4232197628792544,0.5806649634259609,-0.7414023412833686,311255.3914987016,229909.6048494296,0.8752780053850953,0.361879499755847,3.913056632959508,2.8357101316098405,0.6024591848418039,-0.358681238255996,25.523007158200997,19.23732571695008,0.6881091547578857,-0.3954758163241365,0.8647400435187687,0.611635033296189,0.4598910643745331,-0.7940603305249381
139000.0,0.8488173415419934,0.5847882226967894,0.7039852068383271,-0.1057724754997315,9.835429308790536,6.780485823818434,0.4174431801730324,-0.831763837177109,292648.5711002957,256440.664871176,1.1542594773164632,0.4286498253235011,2.906114021673898,2.27034128146665,0.6604707384579915,-0.706096349829973,22.270249973270108,15.876213082371072,0.4287827929174044,-0.968536116858326,0.9696693008502286,0.6500704690543532,0.5963266422425741,0.2384060353750583
139500.0,0.6165804746167379,0.5449865454716973,0.986883583958425,0.1996282064877075,9.520652836525995,6.25541226596728,0.2605130196240824,-1.0435695945994707,280318.80235241074,255504.5960797321,1.018865372499289,0.0606295159851826,2.528839284111024,2.031209568449657,1.0715198275955329,0.535486497875171,20.56359004465481,17.220453989359704,0.9720908787541536,0.1418236928351484,1.1567229395626617,0.7867063730678847,0.5014583430087094,-0.5297647624569319
140000.0,0.8825977700250408,0.7253279589582587,1.229911784434772,1.1298061161616593,5.940476795447657,4.6507264146371785,0.8360577952125093,-0.1774901524930738,317044.7723753004,318623.7246818146,1.2326494318693832,0.5086970702144509,2.8908939514261056,1.775985839406317,0.5172941037097465,0.0516136344040289,29.14826455981701,19.12161728076049,0.5970706356534069,-0.0641606276570758,1.2760270156201146,0.8907944939511316,0.7954710772831917,0.1894987356916035
140500.0,0.8304517799548198,0.7246727516713124,1.00924156544779,0.1321042130349434,5.663011972056396,4.789084271607485,1.0476657654782755,0.6351876616814818,299781.481333105,245906.73174626945,1.1406968907714932,0.7757142608799414,3.003954086218926,2.348850547889239,0.7741412255478409,-0.2302217733822376,27.929638287249677,19.24532946197053,0.4444320662998877,-0.7276666516163215,1.4166347376064727,0.9257171555055071,0.5414521416759202,-0.2720670600159653
141000.0,0.8258266072429502,0.6352160281794981,1.0157703215454807,0.8171340175511888,4.247481353154791,3.327869733015452,0.7437358876493366,-0.2773166428285565,265611.8828464028,215299.0906567298,1.306736263226688,1.474927176807307,3.109925636952149,2.2397494740209924,0.8242565905249543,0.3360167387642465,24.046177732553414,17.699863301526786,0.837703240069406,0.190768880592262,1.0450254209360017,0.7704529724631084,1.0174271430530375,0.950036590556885
141500.0,0.9904106207688632,0.8375182393644518,0.9427062087354228,-0.0031426832955623,4.193197873575187,3.149119913021503,0.8466482245001754,-0.0198882624409364,300717.7992028136,228403.21987154568,0.7259958302237819,-0.2901548333538106,3.4310865077715405,2.866799001545192,0.8280031486305439,-0.2483096964599442,25.01876817299728,20.49829152780329,0.8092726333121645,-0.3416075073382374,0.8031097520323354,0.6465010852046826,1.0688576536879992,0.6110471147125818
142000.0,1.1560261874387394,0.9657140538216924,0.9273579962232528,-0.0971378760922045,4.244147054439829,2.669911910412801,0.3761607011270882,-0.3479543978943287,331910.9100885761,220434.47849126908,0.4667080339011019,-0.5038562338869368,3.505716179302179,3.0512198653449047,1.1719089274817098,0.5536158550573522,24.67528104975957,21.839032460043203,1.16409159144911,0.5005803154426922,0.7573969630693652,0.5557763091173191,0.6729200766303612,-0.3000847025783146
142500.0,1.2801423658686466,1.064568844223193,0.8631187357497764,-0.3822154319301409,3.766823142777577,2.9373883401174417,0.8304924221705634,-0.217845552892864,392087.6438535972,257213.95496337107,0.2921894742226042,-1.017193017065282,3.8757645286102895,3.489115729451659,0.9013087880864789,-0.3976966350680522,27.673564979535964,25.633087840607278,1.132071456834855,0.1394447108836591,0.8465523311361205,0.5770792054703991,0.4936026840000263,-0.566439528675418
143000.0,1.3778821478123808,1.074012600817408,0.6386837626548453,-0.6836178638872492,3.253805228719268,2.992334692258732,1.5688738273421772,2.115117091372336,381071.5434564944,298734.33739671455,0.6629664864570821,-0.6079947142556703,4.267928178488073,3.2845202555126884,0.606166377311893,-0.735276450161289,34.15638937404232,25.280647261989994,0.5765475750882623,-0.7227099342935581,0.7603797867856741,0.5559240502821958,0.9168875924834696,0.2359318363431843
143500.0,1.2413733111706189,1.0278370287744785,0.959040691433229,-0.0524330938617434,2.3360452930011903,2.2063168946034697,1.668666639728998,3.136854310428979,459334.5254285553,319687.6221474728,0.5363790071288496,-0.7052623411638641,3.751175702539168,3.006999640408045,0.9441296685782948,0.018615013953164,30.108903667389725,23.35162898907241,0.8099234000154779,-0.2665576378858696,0.5851012119919566,0.5812096269723932,1.6689574246134724,2.422422787575657
144000.0,1.2006522254669785,1.0593253682207897,0.9938128031966196,-0.1342174544457965,3.3851834054777243,2.765011150086188,1.152872904104273,1.133804806815237,485470.270202196,338962.87098186486,0.3405464041530616,-1.0630691499551164,3.5934247271083457,3.111917593853024,1.0436590569043804,0.1374026376823032,28.81330812187475,23.53563212734508,1.0201573318128347,0.1557420826553883,0.750674546395684,0.6341816687809352,1.7209845549032403,3.621914345541869
144500.0,1.3180595052049606,1.0959162102260738,0.7387148147078301,-0.6586178039219619,3.598437633117561,3.028735521117613,1.2330716910747663,1.3146864382304893,383888.8872090807,295122.0450779696,1.1645353033381445,1.6988890132441892,4.429977818418829,3.739805821000637,0.7746454621526334,-0.6515010040847304,38.71037793241951,27.17275344888955,0.4366472670461558,-0.8224482548716687,1.1833751712039688,0.7849819455472598,0.5089484924097396,-0.5661895738034648
145000.0,1.3261143588855746,1.010182236443785,0.7947506100054258,-0.1351929807695926,3.893562149861969,3.4801958826298374,1.4323519680585215,1.6726532800437202,497749.4194628674,377654.3116735088,0.8866672050822402,0.3985303168261294,4.510978894093399,3.849562765407796,1.0484822856713747,0.2708391050268073,39.17747967716655,27.99442526796025,0.5229458031464271,-0.769464768005288,1.492839117294315,1.0209731088196528,0.4794025392765847,-0.8005162955766303
145500.0,0.8816437304818231,0.825417229339902,1.5178070002580046,1.8884848335864657,4.207343504135501,3.761681030747768,1.1791470585546664,0.7254634067250874,964466.5671199798,661738.9697575441,0.2838874795671691,-1.0497886353929506,3.5958439485390654,3.331427297028104,1.44270035799599,1.6453436658694347,27.58590797018786,22.75190108150443,1.0997829323161583,0.6146294973041782,1.8135321631135328,1.1726965586318676,0.2251639242949633,-1.0594188557436732
146000.0,0.8546539557002751,0.8616106351173841,1.947306462753538,3.9128345536940143,4.700806128750159,3.7372907183905264,1.0512928951906946,0.4880946182916474,1123626.3610198386,823898.6108499013,0.3750778333531906,-0.9190745358087572,3.101216454232665,2.966940962948267,1.828237638865445,3.670358275451676,18.6691104517845,19.5965532391972,1.6917951696044615,2.7422211005300072,1.8472801337459357,1.255339566736403,0.4926790498755675,-0.5257601904274201
146500.0,1.0898946651554362,0.914993866808465,0.9733367053106532,0.0965821665737203,5.471263383039307,4.258262870553251,1.48077103182232,2.849978491052285,753318.147945045,623629.5000897618,1.0142863951503296,0.2332657776004651,3.3955366716082813,3.2436125518358487,1.1080164195900113,0.238745422553658,22.61608167714026,21.33192955490217,1.1876622662788754,0.4868273381853698,1.5794023811191986,0.9989514069939406,0.3767264445741832,-0.7432014726949374
147000.0,0.8097612155141358,0.5844176323914106,0.7702815555766197,-0.1182988685070625,4.2189027881139385,3.07733562572936,0.8400584262283389,0.5447231119348035,459566.1028892091,474172.5739473574,1.8764467016564967,3.877038486312056,2.1429355923271656,2.2564305872268298,1.0790399779940585,-0.0853669941272841,15.791201227309427,12.565496785833702,0.9879049695726656,0.216546057489309,1.10056989120123,0.7598983045746119,0.5859586327890146,-0.4812796813173565
147500.0,0.6481239348291246,0.4997861627059542,0.993074396293942,0.6671599438593372,4.79437197732553,3.787538823335327,1.2175887602235151,1.127111121261961,407545.008576443,339256.06953780446,1.2239264043896887,0.9916201794697748,2.1740319467534435,1.6337502826905588,0.7344951134534813,-0.317172680186605,16.073603467551127,12.435739870215771,0.9357109485143222,0.354730639421037,1.113172554565167,0.6544566490012391,0.1581627497724365,-0.7993828460318468
148000.0,0.6678645590197546,0.4463031890956324,0.5197262041312549,-0.5442586552269488,7.800943868821301,6.681230658031944,0.9630504372323052,0.0562179899208308,316093.88567408256,220238.8137381136,0.4421662016591158,-0.7914699105929999,3.2128869083117317,2.1988843270468617,0.4884366269141615,-0.6257368398369141,24.11502771230127,17.46789951716001,0.6130007781022037,-0.4863322364508509,0.9236839572055372,0.6500181581653834,0.4855157385849906,-0.7780519956923988
148500.0,0.9612209720874308,0.6130328770098102,0.4333507420213234,-0.5196483693556768,9.272711140160338,7.104341585848052,0.6297312682782544,-0.5955970972464812,427892.194534392,298289.0872376053,0.3858737245641133,-0.9252168465994696,4.302403856313396,3.0452199500342934,0.6509978019381357,-0.4031705238621246,34.69022068408118,23.17221757808545,0.3859441242116923,-0.91901644941353,0.6785665447505691,0.509879277541523,0.7432195166478732,-0.2823334996562239
149000.0,0.8933369163726346,0.59005991469069,0.3095836107470296,-0.8014453147749769,10.251081712774086,7.042156414557998,0.4526755560369463,-0.8046223251939266,511411.78082015103,351020.5241115997,0.3555662307290906,-1.0999155996420442,3.889383386781746,2.8349348922103994,0.4913042579042929,-0.746043401120748,32.541845112238406,24.251157420322407,0.3591568357547618,-1.2146498585371777,0.5265107988353137,0.3863146696955427,0.9919204490788412,0.6888612533275613
149500.0,0.6044832074783969,0.4191213504466076,0.593525832260853,-0.3728665606360022,15.114973980635542,10.02120805155272,0.2659550272778979,-1.0431600768282023,536484.4081928645,377621.7243799439,0.4792779051524893,-0.605906551367883,3.3351302949186934,2.387747904555093,0.4046117254403968,-1.1015941410931085,29.085557661393832,22.165423527467315,0.4849709328012153,-1.0598223877968598,0.7290139329035281,0.5019287481158915,0.91814323010924,1.6358614473737694
150000.0,0.7138380078833684,0.5325736818162409,0.8249571442485631,-0.006789400883818,17.844151908617736,12.39886808224635,0.526573569265695,-0.4636738569618641,511901.745003973,360064.0641179851,0.8065302462129577,0.3372228742101564,3.7550694511546983,2.648291551458176,0.7636663303158159,-0.0382358062169632,31.897771184831964,21.29539842215743,0.5645088700683094,-0.378007352871414,1.040214503490673,0.7087917831917995,0.6831870157021915,-0.1837743234521651
150500.0,0.9725153934944712,0.6550249792595011,0.6787383662953812,-0.1051591846004682,16.131475998723236,12.409664138872788,0.7523437404018832,-0.1819874727445967,572388.9476155831,423443.1621216678,0.7449449481752661,-0.156646367870004,3.671397707472069,2.897809972603573,0.8378810559565044,-0.1888424063436931,28.37396525091659,23.053234377712386,0.8456564169573324,-0.1892711126151245,0.9862691918686202,0.7352218848831685,0.620298822378034,-0.6418585781912647
151000.0,0.8604718522638437,0.6319196046322706,0.8661174527859756,0.4355836980544181,14.805221378345056,10.983285782181,1.0710970541030704,1.0834233723652398,669632.3697707604,537003.9906172331,0.6440824677805829,-0.5965804327463813,3.583176253027477,2.6941272991532457,0.8070235970284486,-0.0716953299350913,28.45118707293085,21.6687151351631,0.7346035600124629,-0.3483166771092376,1.08635394036989,0.8705050072188382,0.6878515866288711,-0.7328984577686617
151500.0,0.7309868685068228,0.624436554439677,0.9576297952859798,0.041380361901421,16.562078392437694,11.659312485122662,0.695053121552827,-0.3240730214760261,627791.4427926854,480913.83464480645,0.981657578189331,0.4045958270276286,3.350476355105908,2.607057458121108,0.7724507692680013,-0.4629709814043994,25.97022544862481,21.343472836462517,0.8012192950264906,-0.525810339823233,1.1075111301380038,0.7925097421785601,0.5592753994313727,-0.410871370649509
152000.0,0.800943733425401,0.5165756773901953,0.373239681156495,-0.7887718350274286,12.653409513792548,7.973396641301803,0.2178014812762873,-1.0323273185967383,513475.56368183217,411339.9759484076,1.1532797810095583,1.2111552433638453,3.6674330419224286,2.281848490418783,0.3231223115663063,-0.6864847986730238,29.389857278307492,19.198670997021644,0.4396864232751408,-0.5657353574901904,1.0964630702027198,0.7399467165548672,0.2899081465450205,-0.9732412944910264
152500.0,0.8254441622068038,0.6035827501576964,0.585297151399136,-0.8260188963792605,8.976633444801823,5.646146922054481,0.3337400767169606,-0.8223197492798224,571673.546828657,432450.5781768912,0.892612350928688,0.1223220924311121,3.7061028229040858,2.584812733797897,0.5532642780950301,-0.7590938180064573,30.96620178569226,22.03965768084932,0.5955980444539886,-0.7091160531737271,1.0512536773065984,0.7688551966711238,0.6941785505755356,-0.4638887982273441
153000.0,0.8887089620448241,0.616798453852948,0.4755232608526919,-0.7751198813387923,6.520388004106116,4.578478397750371,0.5631824143992316,-0.5273572093845291,534839.70078264,377499.2755721168,0.5941599115630202,-0.3979725403066805,3.813217938982231,2.7154105343839765,0.4584404100173465,-0.8149982974533976,32.924332325407114,23.3015530070638,0.4364455743959633,-0.8326558083167419,1.1695138694438356,0.9701223375055082,0.6239715172826946,-0.8203506574705726
153500.0,0.7905402211711717,0.545712797798939,0.5226828286632513,-0.5463580398106904,5.579893231363121,4.546163114582563,0.8625059735408918,-0.2603229855866109,598218.398245262,426738.8521907976,0.5091970871319728,-0.753608584361297,3.86490313123151,2.6532944337208293,0.471429186409182,-0.7103179200489471,31.711457473766643,22.558059954538283,0.5571840051125134,-0.6003767663437385,1.4140276385438648,1.256297579598484,0.994800541517616,-0.056875151332949
154000.0,0.6617764719256389,0.5092629644769655,0.9831856849743368,0.3663985011033235,5.048346962425822,3.230437605385221,0.4759246091380494,-0.3108783323690089,657098.3110598024,536606.4278130903,0.667836991972737,-0.819034780583964,3.6523210536037465,2.884099124386538,0.8687777946498081,-0.0424326990965564,29.97748222058906,23.819677321790728,0.9343235355363732,0.1011191190737128,1.7055380713497688,1.5638529762558615,0.9224629010350506,-0.2930839167607835
154500.0,0.6507413347658698,0.5699075237143875,0.976356421256282,-0.0830985956162244,7.349076632638825,4.893531525946715,0.4243607821517061,-0.6649019592111225,631476.6332796142,518245.5115724637,0.649021357671633,-0.8914813898654055,3.84401258533382,3.494715136921378,1.025391205408996,-0.0649853677723881,29.6481445564279,28.361988342934723,1.1113429278676057,0.0800215003657149,1.809959950032538,1.3813503913792358,0.6590517290184852,-0.5543519022654997
155000.0,0.7174266487856843,0.5908155151098473,0.8311138499922587,-0.3549100838677077,10.56423828807303,7.4674726948481105,0.504670611031378,-0.7786108564413179,569166.5247243177,371374.309731895,0.116071585533824,-1.2949973768221243,4.176219294941431,3.9567112104104543,1.0665563232114748,-0.0214462343626338,31.52434398721465,31.85334817660215,1.1363870601010684,0.0933352266137843,1.716512730092147,1.2136036126094945,0.3620709831507072,-0.968264571297044
155500.0,0.8099830360136533,0.5470210367915685,0.4068197106359877,-0.8264465356134485,9.583477271256168,7.504138896112482,0.7202196155149974,-0.5257410979691493,370989.8492646865,258164.122525804,0.4810534653534923,-0.7247343278160017,4.938223840244022,4.28082650830722,0.9044220695119948,-0.22354893251494,38.56900013980408,34.564018374961634,0.9726347193929612,-0.1133739213703766,1.641956214712572,1.073152718623846,0.2775089330947119,-0.9631899574663794
156000.0,0.6869134792702845,0.5170895275698515,0.8766792744019467,0.0285562811541337,9.201301789344583,6.188240735237871,0.3916027920637208,-0.8752368304127791,304543.3652891226,225715.9603236361,1.026053729906293,1.0257638642658522,5.426437807168398,4.663122049695724,0.938319269108998,-0.2475150780317632,44.51081482669764,38.34730159719019,0.9532193029176952,-0.2314209273676986,1.5146597663934678,0.9988773153725592,0.5207738438526115,-0.3691315740699483
156500.0,0.6344932760555706,0.5315749480219099,1.4548407554760638,1.9805219172110584,6.479448405547953,5.109763164281723,0.8402234794974376,-0.0638838026875197,301411.4979196393,259526.8471270556,1.1497864831101683,0.4040044158796072,4.687821888722295,4.553460921338812,1.3491242118937177,0.891495523678985,39.98902938892091,39.0866121002521,1.2265575140900815,0.4084964891430869,1.3955821468119545,0.9591989768892224,0.4811780792450919,-0.7397888910921995
157000.0,0.8435051529208287,0.570739101971078,0.5448768426975745,-0.3622822220869168,6.862962646835926,5.575427270782632,0.981553965385791,0.3756434842827962,343020.86906898906,263865.4945534656,1.069558874307277,0.8524769557043719,4.273902207979622,3.428090467904065,1.442537983736374,2.1571718219268075,36.40165040635242,28.383535667762327,1.1936553369392982,1.193991361739661,1.0675267590651398,0.7195620294010118,0.4382150695804084,-0.5589456076683046
157500.0,0.7427008442862795,0.6714442761834958,1.303421638986093,1.238104068031058,10.665552789623645,7.4099972672059105,0.6862125298230062,-0.1436668935542906,321860.5753075024,259712.06267434172,1.3907279334031108,2.2426907905775844,3.500846494847422,3.79193308219472,2.0407505447838328,3.90932556519418,27.525420137354185,28.77280980312121,2.141573078822239,4.626970808910249,1.2318740645149608,0.761399651635279,0.3015001656533314,-0.8377467190869505
158000.0,0.7845765988606906,0.6582722819083411,1.374320412948083,1.60103754515481,8.375524573544004,6.177109911437297,1.1297019923276392,1.4193216676307268,333110.86540503235,267137.6516731656,1.1288720385022757,1.0066719538367703,3.657882554928917,3.128387457732776,1.4620685547953294,1.8500872265384007,28.3350163313546,23.646925677588456,1.521830129182705,2.2540107124127218,1.1828357761661044,0.8039413649964,0.3852539016357785,-0.8070377790646237
158500.0,0.6484506827011433,0.5853549783957303,1.477171204747316,1.7382091084310476,6.032244962974216,4.267777259977146,0.600274988849314,-0.5032876978488319,276886.57384428533,215728.53358386212,1.2429042759680025,1.891330652985536,3.143686229444814,2.348471931992886,0.7864230570960139,-0.1739380984211287,23.55175975914148,18.276701749411707,0.8838126658662898,0.0794176316097168,1.065859217816887,0.7889838949083398,0.6849100841422101,-0.4058905779673507
159000.0,0.4573949719880177,0.4987617951233999,1.532943179599793,1.7536136075389637,6.125969727774259,4.379470537688768,0.565361793703679,-0.5868048601593201,309609.2891371328,240417.12512631345,0.7486160794874124,-0.3567577508821378,2.2313296278051475,1.661994933230729,0.8690403734335934,0.3928092726973182,18.520552149537536,13.949498369657698,0.8456475269445404,0.2291896971837648,1.0381964752812538,0.7769033031239749,0.6816804145826693,-0.3494136577785247
159500.0,0.5257178185658014,0.4084428328792409,1.0950996808394926,0.8546570131923512,4.757841107225087,3.3088079106164328,0.6926903076052657,-0.0910901412191065,297873.7011848644,233128.699082331,0.6371605078880306,-0.7957154425806325,1.6540993816964178,1.2434388821954818,1.109176653468362,0.9992554813256692,13.859193440414924,10.665462419901248,1.0387014417999592,0.4715417369751438,1.07071169530255,0.7813272782213284,0.7663936395052812,-0.1375883041385033
160000.0,0.4702583131870007,0.2948942005898056,0.4319326737060762,-0.2983641146167803,3.669745660318397,3.194126877250817,1.2534650642966052,1.071457734167076,240676.48561955584,160394.81707219192,0.4854150058176937,-0.5599667988218768,1.6993406183712467,1.1730487224928543,0.8091705800802119,0.7363617040012853,12.969779830406466,8.671768430996755,0.4337808166063543,-0.6335366767750181,1.076254780062234,0.8267715839042153,0.5778839601257163,-0.7922944799071487
160500.0,0.2611211828759447,0.1730283571028518,0.6645330857992974,-0.1729173573932696,3.527678635973261,2.4962477818296303,0.7032303495200383,-0.1505165373293375,232271.3376351165,150514.8732343686,0.5541378438752054,-0.408268614368783,1.3898392800262147,1.1034945108211662,0.9726180232964912,0.302702064279527,10.991035421091658,7.74164743591654,0.7792391999445356,0.374570153256498,1.2344446793214354,0.8957444009778889,1.018547822669284,1.0960476605586962
161000.0,0.2936484028072263,0.2000706981690858,0.4221181935377511,-0.7346064098997847,4.626050819042605,2.8728944384872928,0.383503070623902,-0.6419499063891441,238963.3752954342,155731.00465130334,0.5475146050816558,-0.19568244932473,1.3489808115391584,1.1354282347681186,1.1243426978411122,0.6736467156341575,11.15591575718926,8.800562880217223,0.9076243117460532,0.1211318889933745,1.0541861210112384,0.9364739476690692,1.6053166867302937,2.8911739492747603
161500.0,0.5181617333497058,0.3746081750492775,0.6072027251885594,-0.2798438910095191,5.235576147557402,3.5863002792240994,0.3506351627144643,-1.016685089595765,202162.04146871943,136217.21458130417,0.3698350801182861,-0.9661967708077216,2.291414053668562,1.5517652653528644,0.4145301159221753,-0.9326010592252598,18.0272364725488,12.80228177630515,0.4992559099255593,-0.8786913911070546,0.8799286983274225,0.7092317309499591,1.095693072861679,0.7624642575129901
162000.0,0.5962163951376607,0.3820717360705776,0.3442497664689822,-0.6955853378727284,4.737006879792304,3.5354545548896814,0.6429303335298862,-0.6195339935757644,260421.83658042064,182107.9558083797,0.6312574861991547,-0.3759542335313277,2.405189682791076,1.7158840601055114,0.5473068170636931,-0.6901511946796357,17.6392731642391,11.999802067952473,0.3300860670218964,-1.0463619939819224,1.0959876204894683,0.752123232849333,0.6398329771740552,-0.3311798035450586
162500.0,0.3734331129911688,0.27969531863393,0.9184057485965372,0.4470425362971091,6.134502551763911,3.968123670220265,0.3082742121139141,-0.9373994000241406,287960.8350899551,199233.9545829462,0.7341868327876298,0.0580833301714376,2.4726540199695264,1.6936939648911495,0.462789297991859,-0.7308812673607603,14.929772395769644,10.071903093577331,0.4481258824466746,-0.8082536498455442,1.2719192317567598,0.8692790880258527,0.5779157548385305,-0.3510882631217709
163000.0,0.4752861094923905,0.362638207015169,0.8908724925451857,0.0658936694112557,7.476057230480978,5.166495392015969,0.4118214407249706,-0.7697662739092643,293506.19958520925,212023.4375874051,0.8852564848864475,0.4406225683846734,2.329594786235785,1.5166490127931762,0.3839575938812791,-0.9194632892629256,12.767413155303704,7.651025883575605,0.2458218399548755,-0.7093790288006354,1.3679477015181638,1.010890109536583,0.7513086686890628,-0.1731730703302272
163500.0,0.6276255683084033,0.4251245162971911,0.6032036228280934,-0.2818923095065146,7.177385971888946,5.317362196597017,0.949981655948996,0.7305392898599616,318828.70184845943,232533.81323833755,0.9406487308552616,0.4849754320259336,1.4272696979491963,1.0779030757086272,0.6632296667380762,-0.5122853781845982,7.860528896784542,6.7021056191883694,1.3603138961942154,1.5984411691420153,1.346287364224536,0.9979516494884044,0.73665712926263,-0.2356679766038043
164000.0,0.618648349752657,0.4346584583172506,0.7520353927794113,-0.1319466893684424,5.895325416089138,5.070209025479216,1.407631397512429,1.7453758841208629,222019.3423334532,160545.0050846236,0.7615377350776582,0.0374247828529394,1.9018830780927565,1.5770931299581676,1.277613051582378,1.2967327993882556,11.742680850501303,10.98810042053603,1.3574987428769656,1.1638553074914195,1.3626015182422655,0.9189210460975948,0.3405005993950714,-0.950537471737702
164500.0,0.6927065084505967,0.6028720391343819,0.8901919006852455,-0.2853456468477549,3.812039231514156,2.7618997583032434,0.9779213808627842,1.461349608016758,217373.12363720644,150506.39867804424,0.4796403915278187,-0.7692437828551886,2.605467139285768,2.037811596556124,1.0246158224657802,0.2606468554829049,18.940365324031028,14.742426483082378,1.0302185160367092,0.307066588810521,1.4408983927785757,0.8598265447720841,0.0764134818995883,-1.1466875484891708
165000.0,0.8504459042877909,0.7052755746465864,1.0905334760036594,0.509374758795111,5.210101930738391,3.276174264130097,0.3165801110963273,-0.6932718120820986,303549.5203929524,207170.31773734887,0.6996383681410159,0.0301339469457797,2.972686856244277,2.403649862417321,1.2018765946242145,1.1924504029331515,20.38931655452684,17.101930003683805,1.3761357405882242,1.5592110342732353,1.116204199680629,0.7747701574941224,0.6492491533879649,-0.1667821857726954
165500.0,1.031086611528477,0.8483136646236568,1.174154697527357,1.0634645003530192,5.084947600488665,3.83528391849263,0.5529409072729579,-0.8115792051884898,286722.99929115747,290961.4703932987,1.670449584081085,2.0849963287091287,3.4562504942516314,3.284529077417217,1.4162400186129522,1.3520340855592927,21.92636112641764,22.721968354960904,1.566239509945751,1.7236403134877776,0.9892952240295626,0.8637307392960979,1.317059572120293,1.2783232925129422
166000.0,1.1844579836386238,0.9275476102849152,0.867833207567036,0.1851358992477236,5.045506942651318,3.768460343579786,0.6491417975456963,-0.513088599716355,306499.27822113776,312991.09606681555,1.427627462533997,1.1947393883394328,4.005483666531075,3.203264755103395,1.072703556301205,0.7138290205578888,29.917333733900293,25.28745161220373,1.2300841124679665,0.8552022138927944,1.4159835401386818,1.1872620447564324,0.8569905211969402,-0.2695631091073034
166500.0,0.9841289708909432,0.7379159602264402,0.8575135438448876,0.065624897622611,5.30432999224336,3.5207843848840064,0.5463884909627019,-0.4644541188402469,240973.4014531852,213408.7343661973,1.4313715400394211,1.56205615926776,3.097012759759352,2.1967214611559958,0.764761014528322,-0.0431047212083539,23.619103371995188,17.998832741267783,0.9721546605406166,0.5414837783782667,1.7842748045034569,1.454483805282192,0.7027622057014725,-0.736561887516531
167000.0,0.8342310035262287,0.6642576548484667,0.9472646763528756,0.234692497977039,4.64733913987977,3.303801040932721,0.6081685981079383,-0.4254267529662163,228083.763427117,185350.88259632624,1.083899595093743,0.6554298438951731,2.386940921657871,1.830943051778507,0.7432184170397734,-0.2561097507892826,16.696542962048387,12.858828531835986,0.8876021166536125,0.1970874349372446,1.8065361921165888,1.411592572968048,0.747987406858263,-0.3593154336027222
167500.0,0.9315263499796176,0.630127679242632,0.4820343812459408,-0.3905811031445871,4.131349593728279,3.62262020167204,1.7436994593111053,3.386017753590276,279785.0357118698,230536.17916864497,1.0017266761079298,0.3521425793447181,2.696092412240978,1.8852157343228395,0.7916325517819122,0.4300944904613262,17.33856893004025,12.461609428466378,0.8367639037467128,0.5057480571036956,1.590522144136724,1.491348618842144,1.140245180069839,0.2536247381722751
168000.0,0.6472226467884562,0.4311943261705138,0.3391812655368591,-1.003599772280799,4.30302395886911,3.598799890092449,1.0084791101249824,0.4922902442591934,275853.13179008773,208755.62235496164,0.7834884966475338,-0.0988441096036427,2.183972263708079,1.4361130889164395,0.5649006166845796,-0.3597549617295072,16.85449866873345,10.59842209433348,0.3778699481423749,-0.7147250147323692,1.4917864578189408,1.3828924444342177,1.2130932460067658,0.4592073237664036
168500.0,0.7303789322209805,0.4764191272559386,0.5882951193719157,-0.2059202490449108,4.17806461546309,4.145222054449221,1.3787461293326386,1.280104680614449,289158.1529602455,181795.01263006552,0.3529000886178607,-0.6226324432804957,2.7400951691321875,1.9026633626839784,0.8041018361231265,0.4327631591667509,22.840921081432068,16.557260356957222,0.940168743111085,0.6081790335226342,1.3042713272378046,1.0811405568874377,0.9351750081688412,-0.0835060452666813
169000.0,0.7522903291775251,0.4944622912954297,0.497454660855234,-0.3756192763235555,5.2236694215070845,4.636988713897582,1.355306743727166,1.251130281012424,184658.91097470227,150917.02319099233,1.0265157992744602,0.5915026602038509,2.942334873804287,2.2227993620991926,0.8255148594846761,0.0793379804484519,25.56084569489672,20.24794050331645,0.8676520249109619,0.0389744325789891,1.28156489063479,0.8608933136215833,0.5531747547668756,-0.4882191059544141
169500.0,0.4549896519368827,0.2986182384900188,0.5681707498441949,-0.3392491383874016,5.469825934782924,4.093948902046764,1.1093948945101435,1.0255344551000969,176209.28339464526,141217.3145657013,1.0482543180925787,0.7621550707736997,1.76304573242983,1.375984826452557,1.0267578744224122,0.7944604420370092,15.74381963638228,12.904781410668544,1.0962902779941894,0.951601752998858,1.436064172836077,1.098884836127378,0.7485999290312494,-0.3019708012821098
170000.0,0.26293224770055,0.210640746518205,0.8870115950213759,-0.0529210296447635,6.561029821507624,4.595646669428861,0.5186376275581391,-0.5243004665243256,220139.1052653351,154519.73685236226,0.9520233881661322,0.8506821657833057,1.4399246801543344,1.0519444832893403,0.7555808457019358,-0.1772460988051594,12.829377235940868,9.87725717166689,0.9638697313519968,0.4445146921647485,1.5596736881334583,1.02719827402564,0.4257851437374297,-0.5520861212973283
170500.0,0.2544460426499026,0.2064841297731599,0.9038492699940776,0.2065528149277442,5.985979122628788,4.447350337730398,0.5118975701603623,-0.7751532628760711,252731.38599269805,202800.9100788348,1.1825341898982114,1.0330312113273896,1.351128778741292,0.8833710919675082,0.4219733896314062,-0.5498208229414421,10.2032933087967,7.101436462372295,0.6067503199899151,-0.3590606961242639,1.1559993335811345,0.8162499610431033,0.617258496821916,-0.3986576432568052
171000.0,0.3420480075249967,0.215684464856291,0.2751467839470177,-0.8261065550655635,4.372545077599445,3.071274119166666,0.4490153542374591,-0.7455016729965109,228629.8507329162,178102.73691435787,1.0438443094691428,0.6593514284541486,1.0292307885494425,0.7427892482604954,1.173127482343711,1.9422211560779683,6.109073822812056,4.563823534616895,1.2917629862858124,3.254107199606554,1.265278229406491,0.7236498302198738,0.0948432043240294,-0.9055937701060764
171500.0,0.4130495001468291,0.2703997274046822,0.3193009419450194,-0.9070803848151932,2.9286626205673114,2.137812271280456,0.8271798797125751,0.1020689028613279,168631.17656091516,137930.4678906682,1.1437890694568589,0.6704257216798859,0.8862485072500091,0.7260810430530892,1.2552738021147472,1.6453992351652902,6.359824461277996,4.632296254411516,0.5808407686233678,-0.671260974881994,0.9405066453093236,0.6306378302710851,0.2973357896395034,-0.964114782289616
172000.0,0.3723003415329011,0.2639204958598475,0.686540909444091,-0.3446067997728117,2.804571999065063,2.0225888105318,0.6918502445912801,-0.2431169238269648,209738.20686547423,148740.03177288984,0.7657834494961858,-0.0922724389522864,1.4083271593971254,0.889240334363582,0.3707276038675291,-0.6769963225898477,10.10624440428718,7.240406410605324,0.6624232871542248,-0.2905108004724761,1.0504875678387695,0.7113497762004607,0.6220116454389581,-0.2604950400393813
172500.0,0.3081837222986849,0.2214898382956136,0.6762473886422169,-0.3693653926237221,3.940790611762212,2.778495917871032,0.6690135998555625,-0.2598270068349975,275071.5560071568,203575.6082601272,0.6328333308187851,-0.3568833185583613,1.4810857886034103,0.9594579531462722,0.1487445691109016,-1.1711180169198276,10.482132223443449,7.591281056921243,0.7358962784293087,-0.1494785386769677,1.3934566725931044,0.876984477105101,0.3866250784097769,-0.5129686909342888
173000.0,0.425096643903285,0.2633250541518829,0.1727831213145384,-0.9804608962366,5.057695415413587,3.4364147622707524,0.4745036304016126,-0.5266583188254272,323826.220916322,225286.06990615945,0.6770944077139355,-0.1358343209316861,1.3431397754815126,0.89158459504868,0.5093798065965449,-0.566475938276207,10.908893501613573,6.916660284383074,0.3687495273760904,-0.7000975065288846,1.7461572451540608,1.041810940842455,0.0251855186697226,-1.1884790567407129
173500.0,0.5398509288586538,0.3330308138928451,0.0315936130032883,-1.3004032545266735,5.275758402304376,3.578190079782813,0.5499990641715886,-0.7118670792405295,253121.59732727613,182451.2714178407,0.7209371523700451,-0.2545203270940122,1.2820369680984096,0.8819971552065369,0.5686897652016776,-0.348973580120544,11.251051248763297,7.156908580550968,0.4194411589372636,-0.5915958166632524,1.3151147530900806,0.9631020120341746,0.5776567304992797,-0.668068638912283
174000.0,0.5219332107689623,0.3049346129796043,0.0664399642169873,-1.1229451511125048,4.868707007088057,3.405186496249329,0.5347223751975531,-0.6168254014756145,221810.07301873463,146320.80371468872,0.5587936219652674,-0.1183987989091894,1.2223066641896303,0.8325394359628254,0.5233085683254416,-0.4461816453598262,9.6989182791309,7.061694472918847,0.6156000862538481,-0.5715503433516331,1.1265482925512988,0.7978730890351938,0.6606563446560475,-0.1731352365055394
174500.0,0.321264313820122,0.2350216097961932,0.7103828540229965,-0.1284741904799076,3.8145007274732734,3.1838855460154054,0.7096510089758681,-0.6378714289241239,183360.90644448492,139074.11904846475,0.8645481359677217,0.7577412096832981,1.223950917263066,0.8697547818492364,0.5525831542850743,-0.543743855381225,8.451345038549569,5.870238505593808,0.7858127613150468,0.2602771707931461,1.0720243233771043,0.8529455974489274,0.7540994570832015,-0.4594128207683501
175000.0,0.4810811505662932,0.365207894736175,0.9160547617557658,0.1199000061854378,3.675943472947933,2.435118942978558,0.4084248702398534,-0.7754650560161394,231848.53569434732,144612.82789265743,0.2699270528764968,-0.968579342314706,1.3925841408821018,0.9353729322118566,0.5692270309845219,-0.5490054504222885,10.754333199249132,7.85386691280114,0.7662692236018939,0.0573989445951501,1.795623338430082,1.0109960003251888,-0.016836381266049,-1.1086877330269105
175500.0,0.6666768942632182,0.5140305286147195,0.9229675661951064,0.1432648738358115,6.076722627545843,4.337108614054494,0.9431478513364752,1.3971461379371206,213228.1164852191,148083.37535783366,0.6956308019376598,0.3950135006749238,1.805761966930912,1.2737573580448074,0.5904801244486798,-0.4753365270558305,14.403994108353796,10.992559803980958,0.8751812461162125,-0.0023029373821259,1.496940216842215,1.162807787616721,0.663377700219874,-0.6154664825451426
176000.0,0.7364725683489807,0.4862516128983905,0.4153776224008364,-0.7397898565428869,9.129335928443556,6.727065694419142,0.7378865677051281,-0.3249633976374171,310333.14952996484,205586.3188254157,0.7685570800363292,0.1244051265393237,1.6466911258801105,1.0729024831357985,0.360408236930771,-0.7834303046528128,12.885589373613682,8.42752286264592,0.5479023701339577,-0.2650740496959129,1.4345536225731526,1.187603265607911,0.7063647887842485,-0.5710253541995121
176500.0,0.6020433129604822,0.4574493643892503,0.5726548560057091,-0.7721756074365969,8.346638220658727,6.872425711451043,0.9925830488884044,0.1612900789638689,274177.7849882764,216683.8179269484,0.975180716379633,0.4039856673405912,1.656537151350328,1.146047879542242,0.6639137500834451,-0.1989213406945755,13.72090420975373,9.14034195328499,0.4782139891566294,-0.6432260317763014,1.7991901636283318,1.1215941306523474,0.2210057126860105,-0.9421609526070736
177000.0,0.549326048568418,0.4078982188507655,0.901193695839682,0.2825960269605541,5.44279665344706,4.330879098816873,1.2372294796249013,1.4705734409423368,312570.6129766423,281786.0715255073,1.07077648951381,0.2762769319879683,2.040150641381909,1.7252554676165175,1.4986985332165184,2.509165702686456,16.706867133180552,13.856225215884368,1.5636094569499093,2.7966849787074057,1.340639817395012,0.955174831463129,0.4825677680201545,-0.8794688790541696
177500.0,0.9975989911359482,0.7349835861245341,1.1748847757182874,1.7357141706118415,7.251574677923708,4.835722448394943,0.8262399238091958,1.398183186128077,592200.6254554912,448562.8262875903,0.803577094097087,-0.2597272185612835,3.757835234289244,2.960538863864303,1.30720863757345,1.6974159352758609,30.534179998627504,25.14761221420511,1.37714410061412,1.7723069348027254,1.1580233859594116,0.918728764560928,0.7529460770554743,-0.4082622314720394
178000.0,1.7238214489621204,1.1678301412821457,0.3818362279945751,-0.720245450985169,9.9016756242291,6.502390895917378,0.4478098880864747,-0.6764832789940263,736483.8457125351,493234.66012097546,0.3040138201552337,-0.8067582498527619,5.646092638528399,3.806316144590293,0.617691648983132,0.0353969728807093,46.81907906094581,31.944872595408963,0.7009506907681118,0.242071182572078,1.811026954207264,1.235725034493754,0.5964188286811631,-0.2127917897032607
178500.0,2.1249207112529165,1.4843258640451558,0.3673404242353653,-0.8643152997943577,12.241797913503865,7.748437577383728,0.202701803353471,-1.0511310790519377,672689.8604777518,571645.1173004025,1.0653403133491397,0.4709223056740823,6.788428123681405,4.813014492600402,0.3700824367712975,-0.9185426871891038,56.656110504636416,41.09302097504201,0.433893033060705,-0.8497524696179561,2.148676625811414,1.4004859839371198,0.5144973536171866,-0.2960033853093144
179000.0,1.2536271880927874,1.4588106468894928,1.5770237487934085,1.5455717999018992,9.758320099781264,7.313080439332936,0.6793634981471383,-0.5681729800443405,618563.6986098983,585817.2680081854,1.273802567532074,0.8286475999985288,3.95185976245933,4.036039623640436,1.3095521865958228,0.8723166379136615,33.287189380617015,34.48503295032417,1.2270331863590611,0.6294250256341569,1.2183168911482498,0.8557806626604862,0.4263051319984043,-0.932090517893434
179500.0,0.9311872326669962,1.105417765588111,1.6993034721585216,1.78774437881434,9.260410471952612,7.261529064540419,0.8140894343704066,-0.323970520391621,654796.3735135199,500195.5542864861,0.6459337972478976,-0.6139829992036732,3.4311382678872344,2.734338427677741,0.9379299314181536,0.2353096108181072,27.369964776706787,22.179900558085915,1.0542307789913008,0.4703418360465421,1.0412911408308052,0.669130284941676,0.2707740646335662,-0.9169919789391175
180000.0,0.7202477302278582,0.662489209212603,1.2367945165178584,0.7776997478454759,7.197579459402848,5.56725722970156,0.9611369518873846,0.3376405636320325,606762.5133458416,398665.8735784293,0.2947977211417661,-0.7938466217822571,3.169504058146717,2.0157192979388845,0.3930715762585148,-0.5569529461413434,24.269165815174347,15.47025083263411,0.401982754536086,-0.6884298668300621,1.0226381267501523,0.6657400541117816,0.5672683294826377,-0.2374049160951963
180500.0,0.5080895128989451,0.320974921866764,0.5527884830341782,0.3995214199900294,6.282441656837725,4.506323969741166,0.6850317582366933,0.0385768023109145,485708.20931263553,354615.6429349317,0.9597701371416264,0.642905647406665,2.551185353849679,2.053283649391002,0.8253786127371789,-0.1643950681377735,20.908607031390662,16.824233475619696,0.8411743833957364,-0.0880624761946089,1.0061758646061516,0.8129490474952883,0.9319193654139604,0.1344452782175751
181000.0,0.4934794937917534,0.3625096314467282,1.446548397369158,4.49579789430482,7.48155098113019,5.014215115860907,0.382910283392832,-0.7352099325220127,486490.0707698328,404364.11267871567,0.983056287062428,0.2570551432350201,3.1573987255835894,1.9130269038061625,0.2735781105352212,-0.8317076343222838,25.427277421355598,16.24050440686074,0.4367785954700843,-0.7004314879927929,1.5140886374040368,1.1917044086234407,0.7915620590270611,-0.2604497565057508
181500.0,0.4262170520346137,0.2946161830163392,0.952410553634543,0.9804349588416912,5.345670327921088,3.868632390121324,0.5578728325087188,-0.6788328523488767,348667.0509705166,282731.7864828076,0.9150474132097612,0.2969428532050804,2.2397209000873053,1.58875509222237,0.707608797149121,-0.0627680352186184,18.750543573837163,14.259367152410098,1.017665338236996,0.7282962467994007,1.4224827038882484,1.139726018552276,1.0437585672644945,0.4058158411334394
182000.0,0.4407553734699673,0.3083147716063023,0.5262804179410416,-0.6345566720892601,8.249046448304673,4.904967964413671,0.2104135546345061,-0.8360265970436047,423654.0344802964,297172.3597847632,0.617030116451661,-0.2696518837131689,2.4653471158808515,1.8532191452352924,0.6925183561405659,-0.3565888753651691,23.59283447109771,19.178024038822876,0.8305916184912802,-0.2362510674770801,1.5086180245126688,1.0993189664677483,0.7542333043651902,-0.2881931880358097
182500.0,0.6324112720367642,0.4466209468339673,0.6587260282608671,-0.4036627751391868,7.211057128476624,6.249808483343633,1.1508023235032436,0.4622770204057573,580749.599243721,410682.52732499246,0.787574448058429,0.2031314089999254,3.3005833596161844,2.1817405186866994,0.4658214303661634,-0.720125113613538,28.634796304268253,21.671238644520617,0.7181868401591054,-0.5954863788020806,1.3093762300879015,0.959617141734859,0.7136003273095836,-0.2781188360811524
183000.0,0.7071097729600643,0.4758168543568209,0.2386756985169915,-1.0159864363012376,7.732309296924481,6.999773717044813,0.9522755884188489,-0.2754597888807235,534035.7808556639,458220.5572690612,1.3589984965556818,1.5512603432619558,3.205179692058489,2.2226993199970324,0.3362365847326806,-1.0663601765291058,24.09241433381017,18.564246905827595,0.6473042720721267,-0.5295926458349736,1.1908878526547686,0.828439812393144,0.738209896244993,0.4404560419872325
183500.0,0.6717153623714972,0.5148905829660159,0.7807511675426002,-0.26766008162262,8.884893555240199,6.2251320967441375,0.3985781515996653,-0.9991507204468032,587071.8851515305,475724.9676054354,1.1586378298553812,0.9468124647628944,3.384529759448356,2.2219658887508063,0.2334959104102517,-1.1317666298804383,26.79645554999838,17.592908392463453,0.3107194048543965,-0.9965533240139092,0.9041608375157418,0.6953916419467798,1.1831968796113577,1.5660356420695196
184000.0,0.7068060196549322,0.6057148075842542,1.250811029247935,0.9577845257656294,6.490468670682343,4.638339298529193,0.6829980439804518,-0.1830724116135256,509146.6081693731,347773.64267416234,0.7243290040040237,0.4270539106575217,3.2833580031968723,2.3533444567956923,0.4604227455302636,-0.8735378704431889,25.640618980530167,19.436550299461253,0.6000765815513869,-0.6198529739679843,1.2433119813392866,0.8814158043174041,1.2144523896451065,2.764361127049204
184500.0,0.8550229667410304,0.6381577586147933,0.8284734828459119,0.1378297018049448,4.131140559744701,3.330619416213763,1.1788793897540142,1.2026053613623633,356256.3289889426,275338.57825856766,0.8207238430162441,-0.2200955711960266,3.2774441500133453,2.512503986955237,0.674422796741918,-0.671497556582457,26.48063045808532,20.380980622204664,0.7197690113289346,-0.4671369774981988,1.219704198238355,0.7581905419258871,0.3911080532204372,-0.5800139395134112
185000.0,0.8111511770273702,0.6070487455734748,0.8137933334712488,-0.0301101979901372,3.2910872127183564,2.522623247436884,0.8467057948752256,-0.013128493974706,281121.3164656769,243948.755274449,1.0034750588343926,0.0518971295597632,3.278705875634451,2.228429397812113,0.4435279139520781,-0.7656901246406487,26.342474089327137,18.16981605436787,0.5453029265535082,-0.6637214529484208,1.3530611944993416,0.9421832588813852,0.8231785585902239,0.5554185530678377
185500.0,0.7641500056688907,0.5868638089358184,0.5517886589013719,-0.8656032663648179,3.2167080319326486,2.1543030813669373,0.5397804485695045,-0.4163260684009717,292195.660881597,200176.9497817121,0.4626119373120086,-0.7275085192438295,2.9077506097435637,2.1049417587967483,0.4332343857485938,-0.9460132405983276,24.12984031291404,17.331059679567332,0.4447339522735439,-0.9242776394828528,1.07608484315863,0.6544465336307912,0.3078298610453079,-0.4138635845537823
186000.0,0.9835544274587964,0.6266009679550378,0.2040114320040918,-1.0368518682967836,4.001610535177431,2.6977555927074115,0.3700408752734828,-0.835415287918106,326140.7321486256,197839.9981394536,0.3347330739328431,-0.5903290845376219,3.7276639008493886,2.4536388564716214,0.2983484652214744,-0.9613602163982722,29.64381717022284,20.04841138707892,0.4685673195841867,-0.782106200942621,0.9563028399019636,0.7116537219081684,1.0400779837885623,1.3460566622662489
186500.0,0.7261980426106559,0.4916447283903841,0.3787573279934035,-0.9878510433446746,5.541295370179832,3.438345922289024,0.3523123892390519,-0.4778790558660977,359700.3996765594,223089.126554635,0.2999764327506597,-0.6795647178198423,3.1295368662568896,2.0553527753136205,0.3300199669835124,-0.912728751320932,23.468089818461458,15.680381285195669,0.436734725136178,-0.8303181184373907,0.8397845666956828,0.6192468513338689,0.8611738155967352,0.5497331543381687
187000.0,0.5524294347677342,0.4515568743377953,0.9615520078648716,0.0121153156127107,3.702836446645539,2.5101290666319054,0.84320846530218,0.9968189185978398,449241.2112128645,306778.5723329024,0.29623273716037,-1.092226308419594,2.631498215052486,1.981396259386888,0.7300640339441226,-0.375676751302326,18.07610712662736,14.0442475566585,0.8074956937658017,-0.2214206018775026,0.9436453730085724,0.643521826606666,0.4903107900759943,-0.5357916318240838
187500.0,0.5751857029757885,0.4696196486335581,0.9150064407320708,-0.0118614712238511,2.7942464859821228,2.0119108385311635,1.1681235875649292,2.011698726509935,617797.7126122643,416301.680682325,0.3443552728641668,-0.8741052628950312,2.615949501694126,1.95336913130812,0.6009743681996073,-0.698626238681332,18.405574329116888,12.805584497430017,0.5631976064846492,-0.5285983354119588,1.005255280430977,0.8024794015900064,0.7693097789785305,-0.4475509388379359
188000.0,0.6005976451192472,0.3973853913299363,0.4503484486751614,-0.6155096151967223,3.0740660938059725,2.025188487398131,0.5204947087206946,-0.5676254183534013,525167.5251597697,388171.5931800152,0.5926730538861702,-0.5289630176570901,2.6102037049993347,1.6958632392493458,0.3903142402854337,-0.7687130683596552,18.555033231267192,11.612494869559516,0.3950786079689768,-0.8307639065297576,1.293455291636927,0.9837284201960936,0.7710150402137697,-0.1872678091348771
188500.0,0.3633547101873564,0.2914273877227342,1.220819919870979,1.436775934790659,3.162326572577678,2.038935838562064,0.4498588699126939,-0.6188057469662827,415861.30760139535,297355.1550530157,0.6643577516910956,-0.1531279060673105,1.5808861147575164,1.26113213929753,0.814867174062698,-0.2019339991511897,12.19685808674896,9.555797379710883,0.8888920945299855,0.0587580254699546,1.5205519521208897,1.166892934249568,0.809581989890487,-0.1377609967287352
189000.0,0.3518528455088316,0.2953346468747547,1.1331626700434323,1.0385423811578525,2.7896328636844543,2.0127182569599893,0.8268472112701182,0.0841595577395168,450497.044753465,360305.6592916487,0.9024653916133722,0.0311680055516716,1.6972531889551323,1.236742309205859,0.8303576039736916,0.4241794856115013,15.16330166601587,11.597150243527198,0.8975934006354573,0.5915841821464021,1.89553902064822,1.3032313880752973,0.4454078214322983,-0.7131135471007037
189500.0,0.5221615427608268,0.4198450519638486,0.8022904566417928,-0.3667592525335053,5.820100229601796,4.334084578681013,0.7783886982549619,-0.0408503072334531,453098.3370668958,339295.1339520393,0.9325000527423388,0.2655297616278838,1.814548659438288,1.4340920353632505,0.6818727256752132,-0.5815321130426669,16.194125124801122,11.847789432282443,0.619072687966057,-0.5603395641766014,1.46875230611881,1.111940277441206,0.77096478075516,-0.1540881050300768
190000.0,0.6542018837046882,0.4582469374177332,0.4044854951370206,-0.902901307326962,8.40912269474423,5.7246776062367735,0.5689715115194136,-0.1491794074547905,479357.0825692908,389157.39966482384,1.0819821755127563,0.9607893330920368,2.40921737546088,1.5657237360698726,0.4230852375120891,-0.6141417756121381,20.857305744559167,13.543158501014966,0.3945856233938508,-0.7053670310042293,1.4392082629084064,0.94173601846971,0.4602151574112054,-0.4366029283625838
190500.0,0.4615794067718614,0.3304606078312971,0.6464910384303594,-0.4919113422680223,8.432386706461049,5.093049966788092,0.4969714935394907,0.2934364119917765,497588.4364996795,360986.2653678061,0.60452453894623,-0.6447339310310962,1.8581287700166709,1.2864169331203046,0.5796861384307549,-0.3955852548816523,15.953692333343254,11.351185704632346,0.6637728280879772,-0.354145451139721,1.237688299827175,0.8310506410898082,0.4269471827401662,-0.6755405428248866
191000.0,0.5016645527600387,0.342348543691521,0.4909115677124926,-0.6505931561100082,6.381804355594135,4.846207283294662,0.8360024448872533,0.1417912064681443,505242.3884851461,347940.40324890125,0.522790030498041,-0.571613950295284,1.5988264845180036,1.3432596396097534,1.3710782480715469,1.7003154032747787,15.28801954749163,12.025385806392606,1.09251321942545,0.7367625570713789,1.523791598617927,1.038291087017879,0.3741740931976555,-0.911207490366352
191500.0,0.6683338089829826,0.4832937984545241,0.4977050174456729,-0.8191134012803127,9.245180942984945,5.5954748613504925,0.1812046615153117,-1.0149005328290832,585498.6508981175,456521.8296904698,0.8259576335685618,0.2824423946900509,2.414458721520666,1.5936639950819806,0.5789637537609686,-0.4088832372486912,21.16871250486705,14.086303229118034,0.5019482954602853,-0.5065880242952168,2.155343873708468,1.3237752566418572,0.1617792797023343,-1.0724525662198698
192000.0,0.7865173320022398,0.5941447562030054,0.7396483268497694,-0.4278295006709354,9.53727128299995,6.434412596595469,0.3142958210042838,-1.0753135800747642,729975.4392129165,490022.0034852461,0.3436406982492367,-0.6889109689881532,3.143148795536308,2.246604471441827,0.5685143769869796,-0.5791649131146928,26.93010026503171,18.154513655043665,0.4147583294368893,-0.802248830959448,1.8101468632241304,1.3919440354099122,0.622194532419173,-0.721497797923321
192500.0,0.9537806389675813,0.597892075697673,0.2101859294715647,-1.0639899730841555,10.587266808277509,7.393726663834983,0.4506992574607755,-0.6684346220195927,794327.3314237137,495816.582653322,0.1722064067841816,-0.971997561297532,4.784142190484984,3.11711357827108,0.2833170174477812,-0.98372805336815,39.216545113322496,25.586373713412733,0.2488903651331722,-0.9828351657823062,1.407525464541657,1.0000147106406447,0.4996771865540551,-0.7407894621644386
193000.0,0.6846173884802517,0.4735695019160907,0.6239906633916448,-0.1292930538215726,15.713928960998269,10.466358858501376,0.3321664481148592,-1.0300081376552388,635112.2026124434,425875.8200144274,0.4269221439100822,-0.6241923673787451,4.500851626570617,2.94087353773436,0.3441761662619585,-0.9562899704484448,35.91941703395386,23.540956051057147,0.3842890250331531,-0.8346723605955257,1.2352605834691055,0.8094001154775302,0.4291031027634291,-0.8184998089209747
193500.0,0.8340311541891775,0.6611851682479583,0.9638118430839384,0.2495637961936054,16.561938143439342,13.007088628319392,0.7466381884423481,-0.3937254674184829,674060.9098691975,467846.7941789453,0.5568843258243485,-0.3944551864988983,4.415133936731122,3.122682578517604,0.6869292967942452,-0.26345043520223,33.87876687276449,22.47550393308396,0.4792126050623957,-0.5860630022053117,1.4552121244119556,1.0832170068101372,0.7578796976442895,-0.1471226545142592
194000.0,1.2591853695354371,0.9365452297466236,0.7678805298611211,-0.2561172427097293,17.382236186208385,13.160124225039066,0.7713833773264561,-0.3685523126752588,817617.1402092254,575068.6609206145,0.5744962284036685,-0.5861281034559633,4.4280144348994135,3.651816574204856,1.0487380800243224,0.3887270771582161,33.23603157031337,26.48610154110464,1.005929157525806,0.2737630170611718,2.691390301805163,1.7740892252849918,0.3967179833208074,-0.8698062588785866
194500.0,1.4768488242149105,1.0622623264964817,0.5063916091374864,-0.8260499662807081,12.938400396945752,10.172213274604172,0.8881267221159436,0.0983567641311617,614747.2457074929,496225.1256543197,0.8035946238349353,-0.2382003289020451,5.534956466599144,3.959943224702855,0.7220128010299531,-0.3262725832478517,42.04125361452882,29.96672994177129,0.6529005767498092,-0.4780060849165584,2.953792437210221,2.2069929235986168,0.5380729821817906,-0.8598874453934844
195000.0,1.5081563159219131,0.9432440742834594,0.2573923960192277,-0.8318938722322606,19.01634174419657,15.10357272179248,0.8190661914643104,-0.2486946300460411,618633.855693328,474168.7688980173,0.7057610754677692,-0.3526026877972255,5.408743558769164,3.7567926781686696,0.4357502524913672,-0.9062253338333196,40.01966381225478,28.01649456466531,0.4792824463717386,-0.9042909080921095,3.432325728979277,2.1989482795417814,0.1079960713476328,-1.2487084109942483
195500.0,1.184013843830709,0.907985826629207,0.8963469573520347,0.1577082564643919,22.417209498509763,20.571102192489693,0.7859450752942804,-0.771777908134208,858875.4848182537,537315.4527961463,0.1182221835181587,-1.04107712246827,6.621721279931538,4.3727400806584376,0.3567340415712535,-0.8374518669367825,49.98676336251874,34.356347221248654,0.5277865728209807,-0.6489543777222604,2.4652167247167096,1.700179694804919,0.5321860024445423,-0.5942210776826538
196000.0,1.1926007067134874,0.8463696101002998,0.6396377130627783,-0.3245856984347885,19.85947077203993,15.897012761950595,0.7679340821249236,-0.4233717424539249,729810.9555404638,522436.73365524254,0.5372237370827684,-0.6392268578334654,6.531482090628685,4.368358998426992,0.3337961536914424,-0.9470925726662024,49.57362121188222,33.729609546393306,0.3878958387868605,-0.79115864732896,2.198794934624708,1.489458727199099,0.5716576707092864,-0.3523687704548783
196500.0,1.231383431088786,0.79324450734989,0.2316736276102622,-1.0710618899894824,18.2994425022922,11.569368669369418,0.3256371429510608,-0.7935585629208686,683591.2415810443,434714.54143974767,0.4463845795328092,-0.2043461448995884,6.105820413847458,4.315250105948614,0.4660689424936502,-0.8417826775632657,47.17918683395123,32.79719934843238,0.4301474282485137,-0.876010833123166,1.9202722703672144,1.286313192028326,0.5383871203026143,-0.2924010067035243
197000.0,1.3375131105663338,0.8409428922921104,0.3031950439944372,-0.7788546090387416,12.660628662623298,10.762737123379504,1.568141733212094,2.6344094138227163,783899.066625195,674732.5508257237,1.278178876697835,1.4413304807376202,6.209743369051511,4.332246083103757,0.7696767415888691,0.2552163223029167,48.5161938806655,34.11467162502804,0.8258274715190668,0.4089201474252477,1.7631392403353423,1.3096497355311216,0.8310663908976254,0.0984474774927566
197500.0,1.0193070460629816,0.746780514437314,0.7471164815528131,0.0382102103302073,12.420333531921973,8.091771102592224,0.5232200998990257,-0.2906018829415324,726557.5038690356,550502.6059538283,0.8038345210211421,0.004169298460654,3.8445727477786376,2.9074660160578416,0.9194310373999568,0.5469857376751994,33.60677426275137,24.67298572262267,0.826592649919627,0.1525610200127825,2.790989940456171,1.7895582984888427,0.2205903451447385,-0.9568133185168336
198000.0,0.9277409772391992,0.6576938189529971,0.6441423909058173,-0.2745055520181729,10.729158499825902,7.587923501629402,0.7932977765652123,0.6553033449054895,711836.050045476,513594.888713572,0.8066178560481533,0.0050653398920776,3.6567106833025504,2.837859158266492,0.8189301183749162,-0.0615215865992437,31.27633719819921,24.09813044954054,0.7839526432915115,-0.1993132259139334,2.308306355874368,1.5962335894157234,0.4047576820164372,-0.8995150097297144
198500.0,1.370233391691431,1.042500427223712,0.8911723461157255,0.2711561497036885,14.508933033745416,10.856877813201798,0.8309795634562211,-0.0214746660452109,793787.8668133639,575784.7513519485,0.7075202341249675,-0.2504141317380415,6.888023331316255,4.556905806713334,0.4681768227125109,-0.6911752257766022,54.76797689483997,35.68452036645972,0.3797955401679374,-0.7484054623576473,1.7171467045802709,1.1962796320514486,0.5605419120467476,-0.5604569428867987
199000.0,1.4458306339414964,1.1513696430664315,0.9681650803861818,0.1304719260217179,20.924773444079705,16.613122158625796,0.6699128356610873,-0.7857706627749481,760843.1266345808,540128.6624541017,0.7644113640160672,0.1612098919347953,6.681700345492898,4.4211425637957,0.4476007903772155,-0.5114144811782277,52.44260196692792,33.66834701513429,0.3358024288976224,-0.700631901675187,1.8037168849392944,1.307831220647293,0.5929583234676975,-0.5767189885923214
199500.0,1.5563729455692024,1.0800115590817223,0.7061650637240273,0.1785557282898384,19.682373834025988,14.658754324197734,0.6963920881433535,-0.5781702748955317,814907.1652259552,642639.4218714245,0.8327036484577957,-0.1318993403712429,6.048856430715481,4.512153192964242,0.6131519834278927,-0.6319318071687308,48.94854236900305,36.24272589514202,0.5760023870287676,-0.7487360593234809,1.840389739800824,1.3904601293084249,0.7018041541632954,-0.4044215829490651
200000.0,1.6556944935157447,1.0740532662283164,0.4838526616119047,-0.1950177364180736,10.681243460636756,8.785009402582554,1.1004433164754015,1.0664636220339494,1039602.027195206,737109.0953095617,0.5003841014517006,-0.6496524613973702,7.344068521455883,4.873211536438727,0.2784139839135385,-0.9822270642360084,59.42589811314243,39.80538784004914,0.2760134814074744,-1.0253311894600396,1.8840627281112576,1.3434800257794757,0.4878836156481562,-0.829408797275653
200500.0,0.8283781064847191,0.6034993947131803,0.8451405689302601,0.2604289639446615,8.568154952975403,6.474580838444423,1.1332803224456085,1.6086694735601368,757397.6247522769,556769.062046075,0.7222770016164268,-0.309617295691226,4.269955243935378,3.250668511471126,0.7678147256512017,-0.1675378342521529,34.96668751970817,28.74583360549312,1.0346843919968691,0.4961772904545372,1.724720512140261,1.3713538514496086,0.7670875213540964,-0.2556706236764752
201000.0,0.854790861394592,0.7169130509932212,1.0976454793065442,0.9584724003495956,8.231706228485038,7.020419215888159,1.3787878099355848,1.8513620169845613,664824.7381632227,467220.6937967186,0.4793718401290715,-0.4831735429316475,2.7269441561723715,2.190441693170161,1.2616954747802558,1.304255237619322,23.725574040810116,20.20824951248709,1.40034311302154,1.675047750353697,2.422120300879982,1.965124818150932,0.7152039304390294,-0.5860198148469569
201500.0,1.3099006277367482,1.1560021450704527,1.2823584268056711,0.9691261976659252,10.227222736995708,8.192287382796653,1.1265201564963043,0.7373558497622508,720439.4810219147,440527.42461691593,0.1250734299772297,-1.0192138429204822,3.2570334820401143,2.828396936698403,1.1178062190205733,1.1188410311926464,28.17420451068551,23.12956841824408,0.937307602613232,0.3587742013994788,2.596546356581597,1.8825546360363663,0.497582629133636,-0.8959450685405641
202000.0,1.8214265046620373,1.2713978676676565,0.6789769813561309,-0.3332258794340168,11.717218092425169,9.807819589018806,0.9245907953294752,0.0935627133075591,800924.4466625535,519065.74994891445,0.1898875855000353,-1.162701497952778,4.504430483220384,2.9721241293536704,0.4632977277221771,-0.7710764529696545,36.5364708813468,24.81394247027936,0.4563916541347869,-0.8621833802914223,1.8671617125681597,1.4361582167239304,0.8642212063706205,0.0550206678745639
202500.0,1.9256229383625003,1.381604891245316,0.4618640596462977,-0.8265681438883399,16.127435333572233,12.733074711100082,0.7228036224125017,-0.5748381873088064,825601.9413566476,515211.06398149393,0.1874249927017585,-0.9760154126622962,4.864976034214106,3.67391587165388,0.9603236990882787,0.6635792862533392,41.45875408765712,29.402086196649503,0.7735986622290627,0.2997675714873287,2.2639180518316357,1.486709533262384,0.2863648379923412,-0.9845248495398242
203000.0,1.492107757471441,0.9832049302815464,0.5271219210334683,-0.3232813211840439,14.910322978739744,11.098626932684027,0.6679071611214521,-0.5579021951782797,635211.6141353679,488190.54703283246,1.0108780184964885,0.4611420764889016,4.341546854507944,3.304967987973048,0.9722764210100174,0.8789633665545242,36.516068908658575,26.54711138273788,0.8397417375108555,0.5187129605314125,2.1144414840519805,1.5413363775377549,0.7739660010246773,-0.0768637014305011
203500.0,1.0497648590883668,0.7187404780479083,0.5422931313525016,-0.6467866324483258,12.336291007046434,8.46325435987529,0.6039548551827232,-0.3557877437651506,549442.730842077,465709.1232140154,0.8848820959650268,-0.1729254318355484,4.886029040526775,3.1026693183635543,0.2279920872728119,-1.0077356144301215,39.740253889932056,25.166860323109333,0.2640619305373145,-0.9524100829881594,2.0995794093789306,1.5335321059481308,0.7130372068300247,-0.2698404999510182
204000.0,0.9686117426701316,0.7393010621736336,0.8704485310989106,0.231994911144945,11.523171961420758,8.307095980243117,0.5702295991476322,-0.5566072556878123,580354.7528973987,467694.7425730679,0.8470887156684078,-0.2514509598016907,5.548340556436955,3.600247535481231,0.2607813532128754,-1.042651433237601,44.77028923716124,28.604588468190936,0.2108605904976112,-1.0819268218140357,2.1716334414302523,1.57466063684755,0.5512058581768705,-0.6045611603308756
204500.0,1.0032351901201595,0.7005819119875775,0.5756176457214506,-0.5106812165756796,13.071668872629418,9.51468001882162,0.6777933349882928,-0.4379078839436112,554037.4626728792,446893.71072044136,0.8962866431716943,-0.1504599866248508,4.753678886399057,3.534399842447943,0.8642726028533246,0.1601263858549035,36.31193967006008,25.874677897630367,0.6444241643154747,-0.2418390600643021,2.347600874925224,1.4692472308523512,0.3390923247842692,-0.7085429483015719
205000.0,1.324497101499355,0.91984794826292,0.4522702957127475,-0.7867702978097184,14.980727602419998,10.94470472589266,0.8106070199458666,0.0061974271113904,485457.2830496848,439339.0507077828,1.1403897622857049,0.3619575168443223,5.22879292944621,3.781934764154786,0.7039272808443413,-0.2342373044966481,38.3821553262499,27.94464099480137,0.7090788954240912,-0.2784074576300726,1.9964964306395048,1.3711719352509235,0.4890696391226598,-0.7183282241285727
205500.0,1.136778674371991,0.8218467418205281,0.5132515538100145,-0.7860197068360848,12.142118898248029,10.218807849251554,1.1331603808321469,0.663542275317087,395440.88064348313,349997.1609662928,1.13272513540117,0.7201957907059517,4.303292840157884,2.8026070099953158,0.4575324463648386,-0.5080972474983754,31.453251011705262,20.441347941920576,0.508065312925525,-0.4011896721130976,1.858931029181886,1.2998448641915012,0.7162020294165699,-0.2935046512773542
206000.0,0.8611520512620336,0.6045684419065425,0.6388578035768927,-0.1187502789709609,15.580619815792796,13.516548129463583,1.075039801608979,0.251911141651262,459536.96064561786,366162.2579610692,1.186401025679748,1.3375869456483231,3.252734495197904,2.5727472324627256,0.9633091140056996,0.3920191194093436,24.23318055286992,20.11398538704326,1.016760851829566,0.3396636681029896,2.076814163624935,1.406388669965075,0.4415550201520196,-0.9816611152326816
206500.0,0.8940133479004717,0.7259462067081598,1.115426457102968,0.6906256174287786,14.611361553442183,12.678893609294906,0.9835698474912054,0.1173142536619877,618725.9227694055,392240.4325980732,0.1314929800534661,-1.128711937502313,3.5977568976997256,2.428539999407196,0.6602723087755508,0.2737156336423867,31.737748752808063,21.882067012454037,0.6473303095950592,-0.0690178390512605,1.8696022641994852,1.2536223099254609,0.3834976532163136,-0.8900783533825032
207000.0,1.1019986112401596,0.9519812771418285,0.971043873110625,0.0850259108415363,11.570826489766418,8.828420252025976,0.7244730305798901,-0.4883504110624779,645782.8859317708,404252.483299338,0.2482007476319682,-0.9226266849933332,4.422629596741474,3.3462297285803464,0.7721042688465789,-0.1879420344208298,37.32112562023562,28.09917059971011,0.7517073113874688,-0.3179935010789743,1.2689013018474038,0.920500559873971,0.5830231487843465,-0.6412311419244117
207500.0,1.2821920157385405,1.018821341109498,0.8646341539944784,-0.1396848794491343,14.066637936554116,8.97198309375991,0.2788488792416308,-0.9236664693293516,591161.9604523721,449825.0857167348,0.7873446978448719,-0.2782512698223094,4.917931935551028,3.6667359833628974,0.6813973210369302,-0.5519658498883633,35.90322338639831,28.416840680668788,0.8258612148521025,-0.2189262272754546,1.2631432227958277,0.8200529383523394,0.5856364119807319,-0.1406919161399979
208000.0,1.4842848870931993,1.099969364859078,0.5194076693401851,-0.9294393886070408,12.863933248720272,8.674346068997783,0.4235719593044315,-0.8712057409686538,537227.4413766571,493482.95613885456,0.9134218311016972,-0.2657566415468579,5.794442800535621,4.238639626154522,0.5187976749015425,-0.8954011543367559,44.40248187929816,31.616326629847,0.3793627729847779,-1.0402330788341854,1.0029466300247596,0.7150420908188199,0.9756533619120168,1.18145203768246
208500.0,1.3572593017605528,0.9932709355110896,0.5314458583131055,-0.7762928475122086,12.928681951473322,10.134453542513729,0.8701125087064747,-0.0104744454169023,566407.927847059,390288.9668422075,0.6476754467992247,-0.2077283748166691,5.416487906311828,3.927709792583725,0.5013448657391809,-0.897070856584004,39.47537919325637,30.31419548305202,0.5480130092221452,-0.8259475542984633,1.2086885150846305,0.7963248765162618,0.5667425294294233,-0.269653723022532
209000.0,1.1215426131360102,0.855084377852796,0.678353891778717,-0.5342928543958299,13.538859366512538,10.769723852568394,1.04136708111544,0.4986356846445341,499278.5665345356,409320.7815863792,0.941839402118932,0.2091925381165618,5.670778917529972,4.333077035290461,0.5433429115916162,-0.8953950342197232,41.34845294561909,31.016025678377893,0.5960154844360006,-0.7073547429281661,1.9662709437645012,1.2949786885572736,0.4586286579426195,-0.5602298996550337
209500.0,1.592188855514981,1.00710263768521,0.244653617201394,-0.8430755943725026,12.460102615338007,9.058156770065592,0.5288678894944123,-0.5480764445118522,647503.1290403134,483964.97439767135,0.6763389807226322,-0.4919487134993221,6.663740606351761,4.077681675073787,0.0895524359733085,-1.1291220412998504,50.69733445509558,30.907120444104663,0.0711196097315396,-1.1379506689666576,2.8109021007206056,1.868115640129174,0.2810162907874416,-0.9798501333659756
210000.0,1.350664836993,0.866236720902993,0.5520345626082893,-0.1262806114271324,9.651406986738133,6.7954193744863,0.6129680550290942,-0.3105806532576594,663552.8683845291,520000.8351991039,0.6906688290801218,-0.5341675388458302,4.144666398417163,2.7846561154991174,0.3820454836232252,-0.7778689600624333,32.45519261602849,22.16785381190357,0.4485251086084231,-0.6868003691077877,2.0151235682918456,1.526921822096214,0.6062702651730997,-0.7270052110430041
210500.0,1.1714681054249156,1.045974255281379,1.4008159054068368,1.5845220120127896,9.64036442428668,7.26504740347756,0.5151784171335386,-0.9208883267559678,636229.2292147158,501484.5231543874,0.8590278210368588,-0.0254526623224147,3.8799910354935023,3.439904875711936,1.212052140324429,0.7023001711957697,29.38182127031875,28.147713301923197,1.3372062302762855,0.98406292499216,1.5717310157583857,1.313292666311608,1.0848943864600338,0.3803404975389761
211000.0,1.0794269461748571,0.717302553959774,0.7455461878155049,0.246763988187276,8.226006124982808,5.81624104634712,0.5836243028949762,-0.5162836255138723,484034.0079731008,403507.6054719112,0.9955988719636808,0.1570664971219737,3.5211137259784064,3.18288011687195,1.2178484372138552,0.9433179960272776,28.156377034648383,24.81534340628612,1.2953597549832163,1.3508064937871502,1.3183763314633934,1.1276914218034526,1.3663336749729216,1.5590139264064842
211500.0,1.036806757615801,0.9488029838659608,1.3894469348946887,1.3461178038009498,10.190832509179018,7.324272954002541,0.5124125951968834,-0.8219198739564693,565880.0632946684,362361.0028776529,0.3343653203102992,-0.8260189837465974,4.577895259370872,3.5042634286896672,1.0337767014392945,0.7921714893364622,37.55006721013837,27.13572014630345,0.7308955739065786,0.0551963773607901,1.691476070492742,1.2239036186072774,0.835284471134406,0.2975540239409704
212000.0,1.28183160156723,1.036956549703325,0.9299080603465952,-0.1153372292352594,7.595646560926204,5.283129751001299,0.6714482329118452,-0.0820010435827871,570931.3346542381,382605.6793422206,0.4257014805404818,-0.835796351558967,5.487593851524271,4.444955244540386,0.8312052306373168,-0.4444571974138713,43.82456309739258,34.59067829669954,0.6828503633060609,-0.6990240091757256,1.9396468459527163,1.380206074610926,0.5734659435157006,-0.5301004560224722
212500.0,1.1748181513964344,0.8755389794082791,0.6957622455493201,-0.4304965134917857,8.409217082770464,7.486141542500435,1.1704648822772143,0.429724963424885,489282.63891040086,344069.881085225,0.65934186761923,-0.1333905256868379,4.4486089943556255,3.6173957938864887,0.9194818141783384,-0.0651175056735082,34.77706561988944,27.25543067101925,0.7925883181118826,-0.2724149992229465,2.059258545596663,1.3655706993570105,0.4532406754059679,-0.631631757285509
213000.0,1.4127610838439175,0.88232997618216,0.3180429222122932,-0.7982753533126048,12.012665098522906,9.194685649180933,0.6995462331549566,-0.5241410628838268,534237.722472054,380659.92234186106,0.5092134211657195,-0.6039507632186751,4.976263825300804,3.151776162534914,0.3016548132633815,-0.7572952842957208,38.93399846938644,24.28481813383034,0.4069331781476409,-0.4605318666628863,1.625751085787534,1.3334124044388438,0.9068112324184748,0.1025498850479169
213500.0,1.0428479740933418,0.782899810097851,0.833334882243583,0.0137235480357715,12.457384381738144,8.399712413246533,0.3452350924470046,-0.9504299992240997,528563.798879894,381579.3298878566,0.496400353646327,-0.7066571660991086,3.240162762963271,2.431351280732601,0.8439344150780316,0.2198002200698532,25.161779052925784,19.154677803119533,0.9166982174265692,0.6902719612998736,1.921574146085453,1.4321374740261583,0.7992144059661818,0.0228550575319834
214000.0,1.2003598511002316,0.7749964141584997,0.3978810756557366,-0.6736102306825109,13.276124205735924,11.1783651176938,1.1205599026258273,0.6345377427806826,719432.0877115648,460785.7993389945,0.4547738296774801,-0.6572415336762321,3.7409437638699794,2.979447426377201,0.8278365943683332,-0.0048773492152172,24.647963084807436,19.761098432243628,1.1302129714444018,1.458437836343384,2.125677782169061,1.574776351472038,0.7804159532493654,-0.0792686788381664
214500.0,1.4247586627925244,1.0449367045315776,0.6398715932404683,-0.6756057091038667,19.2975770690812,13.562201289335412,0.8098800050433567,0.2955099346442247,1058315.931018661,716234.1638171627,0.2472233788772337,-1.148495260750554,5.277794074684211,3.5571885283337643,0.3599597437418752,-0.9773851688972846,36.4509336328505,24.1276432767608,0.3373638488549342,-0.9061402539900484,1.8823007805355367,1.2722291955570475,0.5531188924946159,-0.4991200198719436
215000.0,1.7697828745753097,1.071954569418346,0.0693570980704743,-1.1002500173298582,17.448063659007893,13.0346487176746,0.7959399068585663,-0.2453604283397248,1180086.0533254873,779840.0064433153,0.3009561723490223,-1.0364320634016218,7.166938548944821,4.639651754436459,0.4972037243776693,-0.3364480813951194,52.25650436244046,34.28324452217903,0.5525652080199558,-0.2641565401974906,1.4100470851794416,1.0474914164650142,0.6771223172276137,-0.6047999005302231
215500.0,1.3207189910779216,0.923861341772022,0.7570837866914089,0.0293106415160364,17.177916128468667,12.191773443559264,0.561160754091987,-0.5772888990135847,909664.0206651988,661150.1342915049,0.5197151813795563,-0.7746964645323673,5.176478559384026,4.575161111704271,1.3830821758246823,1.4661270618949525,38.23099072287232,33.102926945171795,1.303366089754671,1.2334489392185288,1.7052886513726988,1.18347575762549,0.846422998398341,0.9267541185629492
216000.0,1.218251110564695,0.9197873552949194,0.9614273114805032,0.3289307181988206,18.148227185847315,11.406742572797604,0.288691517750618,-0.888546016234796,778138.1812499402,514850.2892381475,0.4166789532876673,-0.5915622883608753,4.778212185282042,4.378551666672302,1.2357756459925244,0.7737943811342403,36.69992221517249,30.460691891649187,1.1106907287376355,0.5423980308719938,1.4545230340346331,1.029532865213901,1.081615882702363,1.780202322890922
216500.0,1.3332770771466276,1.1337228652312408,1.429496847912026,2.06960323426326,13.741247998611174,9.806000698057504,0.5059064067809085,-0.6227903648018103,782596.9819315934,456792.73581759154,0.2036274870371106,-0.9658990754154816,5.393633189321439,4.16447729522774,1.05178870613015,0.7309984920131791,42.925203806666985,32.02078249529944,0.9695832772929992,0.6258780006272278,1.5791642383794948,1.1868757322601633,1.0021133664681192,0.5904777666968584
217000.0,1.44521731593424,1.0960285922222277,0.6967552522072605,-0.3934366549309773,15.850285071184365,11.347154633657455,0.4678594433528212,-0.9356862148494672,810081.6598233839,628671.2611577136,0.7307324168727,-0.3818186349807591,6.626807492443676,4.2470324709257365,0.355835015027113,-0.690130389173985,50.5443762958142,33.26791133179,0.4284837028325133,-0.6286934001218842,2.0203508614222945,1.2534382401837798,0.2612823038286743,-0.8931293873181438
217500.0,1.6109393879452194,1.327543834990649,0.6460212580665886,-0.7988968681695479,27.977728016300198,16.664190436671625,0.1609933602831967,-0.9239780863732584,861182.7989966292,712419.9783396872,0.8965760984574009,-0.1085406288996604,6.601308582072049,5.1235172121141614,0.7473934834474969,-0.3239648197631739,49.697614527822864,40.02773021218157,0.8144109140764584,-0.2600816100270333,3.09727984763089,1.8194163410453457,0.0586225541939435,-1.0051868297495994
218000.0,1.6185535331145742,1.2817928455065482,0.7844128179927177,-0.238437387273577,27.015694691036437,19.63764364935224,0.6702107724092403,-0.270342395323127,736982.8585785261,503431.5351577327,0.5522280732761788,-0.5900490844680717,5.484777959209051,4.66850488523861,1.0757717130715767,0.3583413419576091,40.35063880626038,33.33622317457193,1.0697919412404775,0.4298603426484884,2.5507318030602555,1.7036042457668326,0.5441315694080158,-0.3475792486188713
218500.0,1.3311764946053468,0.92720637489783,0.5604620657114093,-0.4441545483013889,26.7320324758812,18.68007180465932,0.3074650412091801,-1.0700628665206977,795915.6858785476,516119.4291983618,0.1865399564878655,-1.1373204602350435,4.132005177556992,3.4542265206247773,0.94034331264147,-0.0108418733830863,29.933557147850493,24.19009406084545,0.8872949314650392,-0.0108002090129977,1.6386374435245392,1.1156725874903952,0.6698842095903602,-0.0506102601943241
219000.0,1.3279368179777318,0.910453942519406,0.701417411633778,0.1708661005994902,15.98699812954635,11.576099563811384,0.5226714623141823,-0.7048270107794616,684034.3988290557,525481.540622418,0.7674856901888857,-0.3234135092914885,3.51251835964878,2.3161186870120427,0.534995087654363,-0.2217045022771913,21.97639948195266,14.832267624396438,0.5691523017956421,-0.2472525346275835,2.2303237005315024,1.8266638031236797,1.053381444075904,0.5248664551324382
219500.0,1.511049948416748,1.2026129770675225,1.0349996271334303,0.60804687022795,9.151520054156569,6.98922897626992,0.7119263141222578,-0.2176194076625726,761549.7999440946,599199.2998783566,0.9522433169367944,0.1273193032993957,3.600512120495542,2.4617768283339707,0.6224680253686177,-0.0600884355193342,24.05538539038052,19.36010636012096,0.9601525189985336,0.529273127571185,2.24832385392849,1.762155204075371,1.252063887447022,1.3862417918145846
220000.0,1.1999464489103682,1.0328203355463683,1.1097426540815556,0.6608544854973406,14.05213506330219,9.941569123029002,0.9110514769048168,0.4559416483768514,641097.6520934015,465960.1364618235,0.7797486619526052,0.2467491425364985,3.0186956975433725,2.3583520108890488,0.7882024281691126,-0.1418969617566174,24.04110237472524,18.73747963494799,0.9867113747458977,0.3967451450135955,2.360998259436895,1.7448641283861457,0.7503773135821661,-0.1005455986221175
220500.0,1.0926874440835028,0.8140318746808884,0.8842905606952628,0.4815882091410963,15.837270869758244,10.294991016233858,0.4342174107251348,-0.5345313033838637,881805.0684401037,627772.7556980822,0.7811415496231955,0.0698881186372011,3.907523076832555,2.7042318508950034,0.5609098377360254,-0.5312738934778141,30.390259174041184,20.47545464799678,0.5034500268063772,-0.6119566849064904,2.7895174940995964,2.0508748846769818,0.5024646916081699,-0.7790845499575219
221000.0,1.3087595107622372,0.8629500418259111,0.6058823004776683,-0.0878537704824298,14.954453179791406,11.129915616586327,1.1764753172968443,1.8542261549278365,740968.7998365455,617334.0426944344,0.812289052499522,-0.29284312931693,3.7969489788285737,2.6357550214168253,1.0744212987326642,1.6800422660353371,30.50678820630613,22.96673313231651,1.2960831317422328,2.260087515422632,2.796474204019629,2.0997562256511104,0.8554906831212212,0.056096453234713
221500.0,1.21469998401477,0.9748966182484778,0.8622365866080939,-0.1302968664895671,18.695700833203325,14.627096095810636,1.0885809710829502,1.0028917252935932,657878.396689003,578236.5837645432,1.125135554015548,0.454310094853783,3.100388328561318,2.097186012016288,0.6253872060873108,-0.0130293746078371,27.887540124515112,18.744435500228917,0.703520560679025,0.3729819927324667,3.433201541905729,2.400768313144792,0.4777534727599007,-0.7819358991915504
222000.0,1.4836749624499008,1.071371443162339,0.5715079788378312,-0.6100727381746807,23.175155450005374,17.02624640247419,0.8468001309172047,0.013461582224449,716696.6464128019,544073.223877702,0.7385237115442213,-0.4122954019729778,4.303555451139444,3.0035385924102256,0.5696069544439827,-0.5088203968395684,35.601815491487145,26.4343250543733,0.7693775044938551,-0.0714808478532966,2.667517552474209,2.1890706494813803,0.9642024338317404,0.3214355890101683
222500.0,1.5079157405118997,1.045484975257905,0.6684189608596262,0.0082089086616119,18.555508047317343,12.943121892395537,0.6309388083986344,-0.3603964067630731,912534.55368182,629296.8366549669,0.4986925065916813,-0.6804790473712585,4.934180897909478,3.4966257832412757,0.8222750884276915,0.0723758497536475,41.48003303624129,30.24892538299441,0.912697426706339,0.3495045773667229,3.455505303407998,2.5794237263191646,0.641009670191876,-0.6254676827223618
223000.0,1.2826363109285164,0.8917248846574541,0.5596569685289893,-0.438436971441456,15.942046449817786,11.454829646829612,0.5484062024119853,-0.6393148607892782,1289594.800165985,944913.047902006,0.4655163878172858,-0.9468925327194588,4.442058892691848,3.2944568549800923,0.4916425803153594,-0.8338533814017586,37.75773291051636,27.852865284348766,0.5689673392626909,-0.6730493420252008,4.6589362264079615,3.4641089466193358,0.4876936390091746,-0.822091661807272
223500.0,0.9646736496777047,0.7255764129023716,0.72803691784095,-0.2911042207010896,13.7574710537861,9.364925186655713,0.3634089701702879,-0.8207303443115177,1222788.900795732,856306.3201599324,0.3438126567944644,-1.1624674686156031,3.906975533117928,2.907195587571312,0.6973908252403485,-0.492090600788214,30.21936545191047,22.997707751574342,0.6165498795957417,-0.7265261702662844,5.453782977740231,4.178401525896413,0.4583711757561219,-1.061283866074446
224000.0,1.085730709631813,0.7539762123986596,0.6157993028314308,-0.3895196324276129,8.900262149340636,6.116581690940341,0.6911670221538699,0.2433352181434362,838569.7377726494,614191.473428163,0.4786648096087389,-0.7568588500420304,2.954678890716955,2.6590974045120097,1.2508118168538456,1.0494612222245363,25.988108071544968,21.671087531959124,1.0006412442484958,0.2986863789727745,4.011930473975976,3.0251987745759683,0.5725576322815754,-0.6555963965795288
224500.0,0.9237109301447576,0.6441625302672566,0.6130041949881735,-0.3504576269454138,7.0791410244229445,6.030590897256047,1.3823932582142575,1.948481018081432,580490.8293799966,408363.61202932417,0.4490921159620763,-0.8094376623380564,2.32304404779779,1.935278198776977,0.9903964466313816,0.2616740873861762,20.68694061932118,15.67182370858087,0.7988195923226585,0.0242410211518846,2.6835666821466155,2.0676517284392038,0.6697284377603951,-0.3064681402458946
225000.0,1.3571382322882255,0.9801133467436636,0.4579785032935966,-0.8554335982426267,10.091140626361463,12.672465941805184,1.9989853099689328,3.6565859581736646,573748.3007564568,379738.0761404702,0.4306972464574622,-0.5798376546686259,3.178498503268089,2.1275716425750013,0.5766665536789048,-0.3157715338619113,28.667340460331623,20.00823152951302,0.5690798594350025,-0.460604818915487,3.2411067517816425,2.1748309840213333,0.4358549619000197,-0.7037322078130432
225500.0,2.3373818253679257,1.5577483511401826,0.2632929811923573,-0.9584074993858916,10.319658075014557,9.601837019822634,1.7612441834125745,3.5152020818067067,895995.2295808136,568675.7279918542,0.1977796710813701,-0.9958084592102096,5.752879984611876,3.88727226994398,0.4736031471944047,-0.6753282256491273,51.88394907738253,33.43342643797392,0.3187718255618537,-0.8354979588060027,3.999336593337388,2.5773988586575123,0.1429551088986874,-1.219568359171914
226000.0,1.7297969824648127,1.3061215269198991,0.769514988688711,-0.2156906088919452,8.916485292177727,7.147905541017363,0.884124559957267,-0.0190690208696282,701255.938398321,523338.5705147528,0.6417123793066001,-0.3952349870563134,5.037454613672693,4.066443048418205,0.89095975449092,-0.0613733162994605,43.27074772393334,34.461346909264634,0.8866336354345576,-0.0653036296290912,2.3957849761403893,1.8176512209386115,0.6385605619835146,-0.4403057981491498
226500.0,1.3440193380064462,1.051331785192786,0.808540070430503,0.0273245234583314,11.23750254253824,7.44353324212708,0.4011439344575426,-0.7363828830292096,599706.8246466451,409727.7690213918,0.5036032166224551,-0.5049347416770504,4.147841810022833,3.3625453293869114,1.0046305624690384,0.3778939029924459,35.74422066281778,30.28901193457176,1.044269347819527,0.3372446727691467,1.989454089231651,1.634943580647547,1.24616964337984,1.5463189219439206
227000.0,1.4321518057178453,1.1022745773175062,0.8896949044392678,0.2343400555174031,13.921846083910095,10.40331007843897,0.7419781365867276,-0.2653689513676149,427981.5532859316,310974.67025877023,1.071231191214569,1.6907945780409106,4.152014658783452,2.9307110341220146,0.7695574704860539,0.3203407640946358,38.46040345382742,25.40640330356461,0.5092232305187188,-0.363238524461547,2.214379676317497,1.782587168756904,0.9537418905725528,0.3849259211920506
227500.0,1.1899255751806177,0.9856867738566388,1.097394703773194,0.769922458870794,16.335292471282724,11.538343915010318,0.5474393028606015,-0.7016261444198388,482190.6604796152,315049.16660273826,0.5315231551724284,-0.346988431248513,3.0940745584595746,2.519021611773252,1.6336264880284517,3.6275001200471353,27.03167062542784,20.552921919558337,1.2296221246655246,1.9777545892206725,1.889926692625264,1.3590887776262015,0.5418681338938126,-0.5326702125091094
228000.0,1.7934371688070831,1.3957030333916924,0.8199652829662928,-0.1993176770932812,8.589297562497567,5.99605780564482,0.6930090212896292,-0.1330243680089706,598699.0560529839,486149.411007364,0.7662094883948605,-0.4569703441755068,4.748899095994821,3.124409565334588,0.3529344567279442,-0.8972976093437941,37.166766833388266,24.451489239524552,0.3727101210578697,-0.7757830433119839,2.6452332359426016,1.7158454584321905,0.27554804467033,-1.053042501093526
228500.0,2.1629935728799348,1.7554791413946378,0.8480406940385022,-0.2140158169248533,7.846975632143872,5.249467060709882,0.3855676976622308,-0.815942641254328,768428.1126237479,563352.1336213332,0.5650966943382149,-0.7137307875037444,6.747290640341726,5.263370327170316,0.6699391969912949,-0.6636675592641437,52.09359660178742,42.50472458035375,0.7939009376156253,-0.407950550233529,2.3244889463602054,1.5928840456862827,0.3103098834092919,-1.1119435987972184
229000.0,2.5154858138248857,1.7191770711330363,0.415997264717817,-0.8795424975965034,7.508167103125822,5.429644881215603,0.7219296457802463,-0.2896223318112287,765131.3480835892,597198.056975316,0.5478220414675495,-0.9867726808937642,6.902671040550176,5.140820385012803,0.5345894437090113,-0.8365955318183556,60.36159323669488,46.37808647320424,0.5269243568775738,-0.9428288433978332,1.668594736075176,1.1942425328872237,0.6907524056745488,-0.3569076215610933
229500.0,2.0626702059477937,1.454923541310878,0.5476057828969266,-0.6007939829493605,8.719593090243496,6.010620857717624,0.5444639557168645,-0.5066130432333762,823280.2954787085,607480.7096360633,0.5100910666743629,-0.7770331083174224,5.934353132122964,4.287118268618743,0.5537336175939999,-0.7798077048819909,54.72074342630496,39.49068861440728,0.5309231179339239,-0.8029568804071943,1.7793435062320218,1.3152372212108432,0.5901167191874948,-0.7149529545118387
230000.0,1.1718001486850709,0.8088036732504282,0.666715743978898,-0.2043998902508068,11.143880938573524,8.206314701045388,0.9110675289581772,0.5606259310956014,603912.3536753881,462918.9636997684,0.8729977598912994,0.1681808917860876,3.151565080431814,2.328358764042389,0.710226236997458,-0.1700104437097072,28.486094559510057,20.77159204473096,0.7392943012579772,-0.1441252050021413,1.6423161475308294,1.0883302365941412,0.5508197422144403,-0.4111020948464445
230500.0,1.7430738500624805,1.1966209240715413,0.638759496858512,-0.1506024829505943,21.819379681980266,14.324564629077916,0.262772333630179,-0.9527629014950332,571932.7309307944,475945.1130267196,1.0327347736229708,0.3544812235761578,2.7581230713691105,1.982759015137252,0.7416749350563874,0.0204544378908808,27.7572688592002,20.45311698225545,0.8376535129103533,0.1828641961030093,2.734813857126817,1.789807980118217,0.471071112438527,-0.3795372500494665
231000.0,2.120410125200812,1.4005653450347844,0.4883138546989571,-0.5074713223743137,20.96365237244984,14.149064788538327,0.33197738394365,-1.0347891937225806,703197.0603552095,589877.120166286,0.8610468932427258,-0.2107059468075487,4.447056321603286,2.835344598789261,0.4416462109493509,-0.4781514919458911,40.50243973983237,26.70872817846785,0.5319357949972816,-0.2653278138030059,2.7764368378139217,2.02127831401868,0.8160375294828479,0.2505280706298358
231500.0,1.3654830826193716,1.006570514774052,0.8112686693891463,0.1773795138731033,14.410816700941208,10.972679792111776,0.7487096387613291,-0.2572380227387278,545783.2649140892,414915.9226216623,0.7243740583132618,-0.307883209387398,2.5101556383161454,1.821968877590736,0.7417980273143537,0.3719199749483572,24.360529744181807,18.27820168358045,0.9394723927475576,0.932130392189744,2.3891592856455053,1.581349606110636,0.5855528332287167,0.0296752890301408
232000.0,0.8975114818877785,0.6586831750711063,0.8844187383713245,0.51190723554959,11.859158378448978,9.277727940441784,1.016591430905737,0.5227516600777466,514456.17115486274,395419.4087464553,0.8805810449613046,-0.0107320384503841,2.234855413210093,1.7384952181604023,1.3174138147041123,2.345393638090375,19.903934656830074,14.079408989833626,1.1866370416845913,2.173694377716469,1.7759257960080927,1.2746152339468833,0.5786532928683046,-0.6607091539632162
232500.0,0.9938179785040604,0.7237162094940373,1.5991694528288651,4.101519556279476,10.174132517268577,8.113026310967868,0.9999374812194786,0.5966518859762187,622177.3588891134,461082.59264753177,0.6844413380929029,-0.456674282497655,3.413149936628832,2.272490795012553,0.4814269713747492,-0.3363050106758565,26.763834687151256,17.292166363124384,0.3700133714003938,-0.573993001742565,1.847923387262503,1.301900128127143,0.537370606248417,-0.5787578389279124
233000.0,0.8698064353487517,0.5936967441292199,0.7183327963758458,0.4058514367626014,8.252706885721647,6.829197815047393,0.926359659179768,-0.02573543452031,704099.7955089275,468855.06557668286,0.323869966069272,-0.9812398991103796,3.305568617563116,2.1263518308613847,0.3204284411383031,-0.8903157484080193,28.11656889146625,19.486585319319804,0.555957389710522,-0.3680632083171589,2.0622717148969074,1.4167112250973342,0.3938750444837142,-0.8808134655253443
233500.0,1.17637907896254,0.9255286695068354,0.881072185230533,0.0755837773170222,11.113216521383938,7.783689690221172,0.4543146279862269,-0.8431244048931523,479941.0100902034,317048.40167657303,0.6263351444229789,-0.0146405751091602,3.928619938746208,2.7808725833348,0.5741286226789368,-0.6744551040311664,34.99066134158163,24.57223747564753,0.5205084020670345,-0.7771678635436463,2.284016775974556,1.6082540238310103,0.5552989020959072,-0.4172857796536515
234000.0,1.077638127452137,1.0073119198591427,2.074568537736887,5.7793775097348,12.050343452807,8.345159487203933,0.6122021767237319,-0.3309373931813604,476249.3738129441,386476.64595824433,1.3059833075182703,1.57922689941302,2.9611912091376924,2.4901735450713107,1.272677228171747,1.7134132691790622,25.473386127655395,23.34745890781944,1.3886242129601702,1.9726789914143952,2.6147435684991924,1.9885904681580835,0.8256674935006312,-0.0654440661023487
234500.0,1.3340125842986763,0.9662891695532568,0.7971087112605415,0.085603402449105,17.069575154286763,11.599733899520103,0.5089746553368455,-0.4760387823136804,672469.6348776218,436278.6059583539,0.531982857099203,-0.349718638211443,3.219617782446422,2.267272832427705,0.7823664306133011,0.1243221206624687,28.39546242505257,24.050396795265595,1.0215267654472684,0.2847239936093642,2.3419242640526083,1.7783982550300297,1.0810539259125698,0.9459152831661402
235000.0,2.0148620917096625,1.5157734687580606,0.6627158152537503,-0.4752245252915514,17.868940236873932,13.317526408972371,0.7110942819903124,-0.2913571734212814,856818.0136535604,630587.9805851759,0.7771859683615526,-0.2829778436079153,4.310896805748018,3.468730083692719,0.7734156251642195,-0.4153688128392816,42.49936210715187,34.68683940039587,0.871475443118993,-0.2177349244441404,3.377436876729662,2.384062984874584,0.7386510558093554,-0.1928385936435503
235500.0,1.6085483711502966,1.212111593716622,0.847974464938996,0.0469676946063675,18.367664777196804,12.527110447096009,0.7540977835908709,0.4648868120907368,612692.940719092,524223.3921276424,1.0487731022939204,0.2800904889861662,4.065465452588476,2.6870952840360984,0.5429169531358901,-0.4337550885737005,43.97811331201929,28.85621468132197,0.4966614453475668,-0.474488853159047,3.40114052434996,2.5601145143828075,0.8823388782655143,0.0365138955840342
236000.0,1.6083340978601492,1.1592973203273966,0.6822233171215195,-0.4694756472743835,16.001348403335278,11.622010502455996,0.8549190761867428,0.1202426075136671,589994.1490323407,415287.34201051085,0.5071839158261418,-0.6876419848239501,3.1797312172844627,2.334146705145493,0.98409486355848,0.7590123909900988,32.85700474005818,22.40921424056692,0.7084558532715044,0.0717707149508344,2.1881156340321897,1.9111431059411577,1.4214468653446928,1.6269630568762388
236500.0,1.9890038886898425,1.6429172550310396,0.9219571422015788,-0.0436847500914971,31.2033311703226,24.79404110110495,0.854830508830466,-0.1117462397847695,696946.4745988545,529513.8599814723,0.7131024262078732,-0.3050629521383952,2.9049115433095487,2.226542234302776,1.0680823219591091,1.018608103936823,29.52511797318233,24.90972723563212,1.4181069993276807,2.008828632166,3.9220065009309897,3.378026794402371,1.0928521206935602,0.4410744470815739
237000.0,1.902901135968126,1.697202393203455,0.9318846581378492,-0.1820005833580626,34.40913668844939,29.740379338841315,0.8393498377822017,-0.3688230965197179,1012395.235956857,726424.9602494814,0.613919202697121,-0.4697190517272096,4.03066566945644,2.847160131862421,0.6286749144132797,-0.2246372227411188,37.41696640268766,27.83267709894721,0.8632387561079512,0.3606361322784277,4.857515438195637,3.5578503754009256,0.6079252288183683,-0.434917025303061
237500.0,1.9106698772364847,1.351570671562402,0.6580338184163197,-0.2928749904182099,19.781064533023887,15.81920627951131,1.0149195751907307,0.4291573867119287,914440.6304205644,699754.4217973469,0.756190047005701,-0.2685890550827823,4.929440888652782,3.246016024090085,0.4873226157275488,-0.5010810843821933,42.16285351387912,27.973065247004257,0.4735468704165331,-0.5494495682378657,2.3063144156469417,1.9361918084288288,0.8408653321988161,-0.4206562600244288
238000.0,2.1189797701196342,1.5962240284768283,0.6362991648412585,-0.6342114938458634,13.056331879629475,9.117169874380004,0.4780155144331962,-0.553106260907196,850583.8066409446,672983.331884209,0.7381783073924253,-0.4101436059627343,5.045696124662912,3.960468255312194,0.9079474652765204,0.3369553604590805,45.47122031779032,36.23989990812078,0.8046417684846523,-0.1013582137309372,2.63098896932495,1.977470055333341,0.8070401014809425,-0.0364321464021535
238500.0,2.680646152729811,1.9146700122972664,0.4675184949646792,-0.7669482483748205,13.37798491838227,8.592528030986987,0.370781295174249,-0.7048323378922396,841490.6295590518,710026.1897359109,1.048134303723767,0.4637741024665569,5.4292100695384935,4.409307744030516,0.9939271533249016,0.3656509774622285,56.54501040089226,42.86435006664962,0.7375893995928675,-0.2510459378416354,4.387284510178215,2.968758060203198,0.1861727538394614,-1.2480977005523806
239000.0,2.092980308131207,1.5153922246265492,0.5464958886265865,-0.6098688664015102,12.929494638030777,9.469305089126175,0.7102353342814925,-0.3317308863412247,728657.9193312064,558705.0342138894,0.8520539817912937,0.1438868961940684,4.679701422035359,3.395857152872148,0.7067799190180021,-0.179378630746724,46.2811309432532,33.44391085488879,0.5975824406831457,-0.5372943801263053,3.305489282944152,2.75385881208329,0.689270584645203,-0.6994106663735411
239500.0,1.4913090834954672,1.0616738364723286,0.5690890790295805,-0.6660442268879234,19.28708164340174,12.44281558704962,0.2475115147533439,-0.9522687609937344,538599.8092657821,431533.3613073689,1.1970085256413028,1.2106148236569698,3.400294233555701,2.4566772517302784,0.8885243056104559,0.3515708323787967,29.69639861213902,21.558407386111867,0.8558237736811282,0.3263691943109079,2.792322825901495,1.9887291240033016,0.5517366044783888,-0.6273810616950932
240000.0,1.211611843060257,0.8999487658292863,1.0690873496740882,1.334304514685961,23.214482488851917,14.226806260698456,0.0425575145863317,-1.141804736845507,535697.3133380505,482744.7655991726,1.2471377482284731,0.9353386378279502,2.941260367891631,2.4214076984565964,1.1533858047073338,0.8770859188902134,26.593968273873248,20.19908614394261,0.9941178253448306,0.5966740750570887,1.9107127707744225,1.4309649596712328,0.6576378450711376,-0.6155160043772154
240500.0,1.1058753594099275,0.9150264611394504,1.7038289844307355,3.866274077789353,15.83381320840276,10.900317286188402,0.5496315898792362,-0.6528057452459226,505998.46372612,478454.1129610635,1.2352112701089233,0.8226811987341578,2.8050043232410293,2.08911769322102,0.8211864401193489,-0.0225203104811444,25.497538954162035,18.63977553009765,0.7637071935676509,-0.0527558547357127,1.781822495821896,1.4661675304020594,1.1880702012595754,1.3610557466047917
241000.0,0.9535296129998916,0.728365254106873,1.1885319426283711,1.7014961313022423,11.445252117800957,7.508573625808209,0.3458978290417159,-0.7940512351753393,601912.9620576596,459042.4401402086,0.4575025275115764,-0.9525397163750866,2.627674324166595,1.907792548379371,0.9527992731494536,0.7727268085106958,23.389654881645097,16.064320164118364,0.6924376937675519,0.1065637826181236,1.5926260962101724,1.404986040854094,1.4687946125565243,1.917231278524829
241500.0,1.2207733804762873,0.8340542148680783,0.6118887283296913,-0.381005684515693,14.008452243354071,11.955183650986768,1.280546475062224,1.347479080175768,691516.9824657934,454091.9019735974,0.2927564276940742,-1.0231200876380349,2.4848805665408094,1.7111880489472375,0.55941378904374,-0.058744426514794,23.46778105337784,15.619062687015004,0.4501869815842241,-0.5535242480692792,1.509528677535364,1.0541792303521715,0.760297599970284,-0.0130412753563491
242000.0,1.989406877506944,1.3764899868864766,0.48002133773917,-0.8402681767130784,16.75491627560152,15.137395671787106,0.9365755526628105,-0.218732970013006,835674.2000275351,636813.1413567909,0.5296484056312862,-0.8249633983401896,4.643342226205123,2.9230396073088665,0.2285602465580956,-0.8306161248473232,42.02853078965381,26.637229029495355,0.2210806653121845,-0.9578713951523056,2.557823636684791,1.5476563799318794,0.1283728814001157,-1.0682307863330598
242500.0,1.8108774897990587,1.27759109362471,0.6446232270981791,-0.2274651862688066,15.493862784205458,9.71653960994641,0.332988290106793,-0.7999462555052488,856473.6991445721,666180.1540266309,0.5807679373930668,-0.947298908224659,4.371399266124835,3.2498930343071017,0.5656667562582861,-0.6600697114497804,39.25477522659305,28.226948903136805,0.5427988059024027,-0.6751717365423677,2.2572725070209327,1.541828257793281,0.5057830945943927,-0.7283515033755101
243000.0,1.5134840300143153,0.9802207481433748,0.3934470880865719,-0.6658657683796632,20.76752866433428,13.14274670476817,0.2654358369261906,-0.897326898928811,715617.4104319002,505047.9123924604,0.3867622196602441,-0.9364477520730684,3.6032070186717338,2.3425288235243182,0.3965320682424391,-0.7254299126657848,29.58781171968376,19.90936901297134,0.4653051750326548,-0.5931466929314335,1.6990452186581464,1.3717556874029295,0.8050485703203316,-0.3585383905378712
243500.0,1.6476783651124307,1.3970910223206174,1.2136093402536885,1.0253392244165456,15.541777788697964,15.54510179634069,1.3977835174771829,0.9795427446028362,585578.1885716744,397280.8197016639,0.6253111105088172,-0.3466001600758104,3.020845401918031,2.624171878369545,1.1687290938286927,0.6249155123624899,27.88298555526466,23.89722143172312,1.201022136319989,0.9264716048766162,1.7034769353964605,1.4972604468881945,0.9592036132724672,0.1955901717849921
244000.0,1.3277230512272544,1.0183397592575412,1.089966435439126,1.0510103390961223,17.48186706669599,16.515013865482242,1.2123492230385968,0.5712120584360845,442187.43065022776,330256.42494754255,0.7701137771388127,-0.1362807201519791,2.068115063264433,1.700453847430709,1.142284521154978,0.9897893590743676,22.286947274819344,18.168166786060507,1.2750592500578857,1.327243388582338,1.7752808897819128,1.197650542960464,0.8992432974512397,1.0686533320377745
244500.0,1.3209949004193653,1.0228290998230083,1.054616937763105,1.0154177623978642,19.588117328064413,15.182432399606304,0.8302219104947491,0.025670696463675,469093.5038012906,335029.10121629015,0.6591639018185923,-0.3838996113667319,2.743741021124424,1.9431824062978384,0.76939876534418,0.1109314875662743,25.70660971723091,19.370382159235547,0.835738155265247,0.2052563037875505,1.708443952629935,1.5246935640334878,1.7156197113507845,3.7595346794889855
245000.0,2.7813044199186825,1.833282509511412,0.2255243527355811,-1.0172646350211314,18.345257171113392,15.302367456177905,0.86612093243108,-0.1512120012012778,758908.5979156878,549358.3527228662,0.5379565479062186,-0.6973853842731694,6.107821166918135,4.231049378847657,0.3912286629007327,-0.8127372960501864,58.98701317042682,39.60955600092586,0.2528433328038066,-0.991337209575854,3.4999840163214664,2.4857317130380525,0.6098983404097078,-0.3640854625132697
245500.0,2.49549454886269,2.0123667859777665,0.5154900512440305,-1.08560824338732,10.474075848242558,9.392138384579354,1.3972300057718876,1.6866417834250953,813481.7719654212,601908.3256473183,0.5116408840779298,-0.8554625224414889,6.541142735223418,5.105445111108586,0.5325860675161916,-0.9663495747208416,59.88286109020284,47.331226862775175,0.5758103840734797,-0.9223214820972596,3.5011904249491907,2.808564443137076,0.689306542712201,-0.7036797338920389
246000.0,1.7778340521220033,1.436428211557751,0.8072314469315234,-0.4074570335275473,9.549792514817735,7.60075961134893,1.3529799523745216,1.930889558442466,647841.8696493013,453607.1619088986,0.6180881827907173,-0.0972933302558276,4.761670914545722,4.029119610951951,0.974182878065958,0.0337923643622697,43.17655199105358,38.387098614074375,0.9940967376551632,-0.0270862405162497,2.7968796857223577,2.2400247863658223,0.8714327398154361,-0.2343490390542628
246500.0,1.543490621987288,1.265761828340536,1.3736173479021154,2.072041231023422,9.74483724190918,6.779335340970742,0.543525397332789,-0.5648645168849216,632869.223058785,536524.8431975485,1.4480532634724774,2.314024094972896,4.343413706525158,3.3102481755467155,0.6950293832974545,-0.3902475506532159,40.675067155129504,32.04525707319538,0.7185997555191557,-0.3513277360489129,2.4023051662910384,1.942603296193789,1.1461782304809651,1.1632409820092713
247000.0,1.6239601062768827,1.138124738657683,0.5605160179692532,-0.2767086144909272,14.108006108262094,10.774476045410252,0.8037593015834041,0.1689334521747776,647386.6007746204,473116.7245499416,0.6591530816596551,-0.3942038683555156,3.937525205397051,2.995833043014998,0.7668970655389034,-0.267041344637422,35.39234358665747,26.735226085786213,0.7188543450291497,-0.2770227263589802,2.4172601630560284,1.7165099489882956,0.7294516186054207,0.0920166143016274
247500.0,2.1012969619208723,1.3544140710751431,0.4136438552783766,-0.6699650977492544,17.941514580217834,12.275759548734417,0.8472288070960277,0.6864884780222931,836815.5848718843,644263.5151160801,0.4644933105329153,-1.078216032751085,5.0157335714912366,3.4517329748631407,0.5809947451053021,-0.4508751861200251,45.74813174219743,32.12281288809804,0.6232715805458158,-0.4630139119955232,2.648995614921428,1.7276759784497038,0.2428568347598349,-1.0872814740010277
248000.0,1.5534884557668829,1.2520271172902042,0.970184996317087,0.2096509965061761,16.39058973821091,10.19504574024316,0.294757054821617,-0.7851321052447586,650817.8614412836,475299.9251454402,0.5339358286245302,-0.7461366434394878,3.5188855962625665,2.9375810309094046,1.043122243050098,0.4453052102622798,32.81143068670504,27.673969871366666,1.0354355705479883,0.3414279992943645,2.3214165840996235,1.7417221801540743,0.749992232992276,-0.3768244759078625
248500.0,1.703704037904292,1.2655412287554837,0.7084158443143668,-0.3162467459563771,16.01195550460739,11.138231750903618,0.5466651762733711,-0.3278519512081206,437554.0467943148,311961.152184748,0.806844628666427,0.1580872911794264,3.691519659055885,2.832827784480213,1.134819497721753,1.6253595845666409,35.52066305908835,26.41753139629979,0.9606242351100192,0.779108259173587,2.1073046671425075,1.5041866310950207,0.5085122971831876,-0.7805681066230314
249000.0,1.8548536180760973,1.276097172495659,0.4498551560578182,-0.772227953982652,19.44684032834166,11.916220508767946,0.3333379871016307,-0.4134622365691642,486844.3760970082,297705.5420151704,0.1862862895763279,-0.9606007368805852,3.637623179266365,2.523762451719182,0.5443998804198175,-0.6278207592220664,33.73580419276324,23.244634023715065,0.4390059933699778,-0.7469178136644663,2.699764126396208,1.7818179955367963,0.386147918687896,-0.7697137538417675
249500.0,1.5984841361640478,1.0949834585457776,0.463272821508469,-0.7142175153888579,14.9670185508049,9.44440145267958,0.4041670787781635,-0.623314989903279,351329.52600055333,233808.1136270057,0.6585347493681045,0.0109286465449889,3.736969600487441,2.5671835034204995,0.4321856435022177,-0.9344731880257328,31.077364760908186,21.5235644732274,0.4359830287947407,-0.8374537438295895,1.852824455607484,1.4172060250325795,0.7360658532909654,-0.3720520004262782
250000.0,2.067750968167541,1.246643589972275,0.1612341410932264,-1.1041121464568615,16.13846619636932,11.255915743565328,0.874303592774145,0.6366869393581789,354131.4143541207,312775.4010281935,1.4495663897175417,1.9822687723661057,4.780138941551789,3.073167705167976,0.2048813730959551,-1.1899603122977072,38.7821306761479,23.035108077894726,0.0770203528537028,-1.155363121120903,1.769837204989502,1.1658477099827504,0.558249391050914,-0.3276104775517652
250500.0,1.4910114789932838,1.0201653973650258,0.4998952250573245,-0.5637023950794267,13.836630148849991,10.868396770912716,1.1532045823298125,1.240277306168882,354617.11348747986,241343.31206726676,0.879940090588445,0.9498721162293458,3.214717125745663,2.1407495875050717,0.4648803397900052,-0.6591920737107881,25.96773250439681,16.278086662003286,0.260768970849274,-1.0318457248512265,1.6403740906597877,1.282268106392231,0.9981751004892764,0.5459673973787065
251000.0,1.42174108440009,1.2783711437930971,1.464146472047062,1.7487684983974328,19.14530940941454,14.934140268205864,1.0294107522390197,0.6591994876581246,383428.4268150416,240897.484457403,0.3428488856651693,-0.6854756902171322,3.032126420552055,2.174148078411434,0.6314263268209022,-0.1277425962916747,24.30978583476672,19.91114665608658,1.0272268018248436,0.6595608096568024,2.347421130917629,2.058016953151385,1.3342452229727364,1.258919301426617
251500.0,1.4745320713574317,1.1463407164892068,0.9284416172625828,0.3699328168836171,19.598598373696397,13.14095734055557,0.5951251816691652,-0.363881949553972,291841.7782673621,223755.18078161997,0.9505014897806962,0.3987070296300858,3.3315531539054124,2.2531496116829093,0.5886027443017443,-0.4169637859876003,26.489585126380305,19.54122302848149,0.7927481220232254,0.1228784983414739,2.50525316351382,1.74893217958556,0.6754693369213693,-0.025320046968273
252000.0,1.747409960332161,1.2338995917652351,0.779297574388208,0.165144759081941,21.96614379647509,14.537186725186766,0.5754281068224067,-0.2475309012426252,391036.4548193939,292225.3794696698,0.900582368690731,0.6000673153582352,3.73123236596854,2.5275150320567485,0.5026880465752622,-0.4522841469187044,29.04376945872613,20.267550615998807,0.7294906555867073,0.4012737929774244,2.377229993854768,1.4723990921468222,0.3414322345768342,-0.3641090063493184
252500.0,1.5428802484370208,1.0806753481302311,0.7683229647508536,0.2132587553634,18.78170353131624,15.08781012340928,0.9556156824521912,0.2524601679084375,528745.2254971693,337854.7419907182,0.322199423132127,-0.7469498764068243,3.531673055305636,2.337586588864897,0.4255498351797318,-0.6272772330072631,32.8510265981985,21.09029187532715,0.3503103175652698,-0.6743870899667783,1.6551743751638914,1.237820706045359,1.045361119516644,1.220826038240448
253000.0,1.0498006778571818,0.7938199941456483,1.022316331916414,0.8152649788896142,16.263732516311094,14.586102915913647,1.4545317008150764,1.6026836763529957,433591.8846679082,326929.5631133112,0.7940879940241985,-0.0853914528538593,2.749048389243503,1.8249581281217973,0.4464596505718392,-0.6908043773721544,25.60333020914917,17.274119915136314,0.4557893799973896,-0.769260232172674,1.476798108862024,1.0440319895073376,0.6396076746153592,-0.3143735488492867
253500.0,1.4456279497728104,1.000219034200595,0.7126293547304097,0.0213553779888275,17.797973877799027,14.65094980377232,1.2828823702328458,1.32401436374532,284447.1145940255,198746.71011122043,0.6993063243869795,-0.1125407415437531,2.21095393602264,1.5772459322214278,0.5117018724230556,-0.7151115896823339,20.528479829432246,14.356978874229592,0.5512651911163176,-0.576796248428546,2.5512372840846567,1.816195994044473,0.8539590278986885,0.2056617044618915
254000.0,1.6609462328575626,1.0425975842969712,0.2783764950513337,-0.6634647249481431,18.184909394998265,13.10359435703245,0.9378233469822684,0.6178479455462362,346640.99013946287,260412.61780405985,1.2453257159112137,2.738349381971667,3.092420420337858,1.926618706135628,0.2081005597561574,-1.07240703130661,27.42263696512994,17.708062649055986,0.3962815528233321,-0.5017009085846711,2.89064013266051,2.039988664071613,0.8438883783163265,0.207027072418036
254500.0,1.23175607576974,0.8416142507269376,0.8002073610623796,0.7927010894000612,15.897342337046751,10.829050327783092,0.6814642385686462,-0.1939671976578174,360825.1546306966,257719.1258610061,1.1697272750841856,2.1027887479028697,2.471903239782559,1.7510559082401764,0.6769465453950063,-0.3256228777278718,24.8294375414635,15.898789429326945,0.5355220099372264,-0.0067874501517235,1.8452656044236573,1.4325175166020228,1.014953767343978,0.7034043610348277
255000.0,1.1081275443296492,0.9210946173324468,1.5587858301926627,2.556068581568389,9.083505619065155,7.310537094355745,1.3086069071693565,2.135059957193419,419107.480226587,330141.62130673806,0.8279359584788748,-0.0952354193017024,2.2652501718235065,1.884371279941168,1.4929696260583774,2.3052073112606264,24.51657356073881,19.95837231577084,1.2851816148508062,1.5178146590729904,1.8859948838753755,1.673816346309124,1.2217292467131105,1.1162346652025752
255500.0,1.0413128600392585,0.93012564134798,1.5520253936140171,2.2105208525607294,9.3367633631691,6.174483057667592,0.7270921455068753,0.5328600377785211,453806.5669075588,308932.92240032647,0.5232631631332182,-0.6659806554772225,1.7142943021099404,1.775018157993088,1.64385337543648,2.1582984145343573,19.14778453088293,17.771035980077947,1.6115759906792708,2.542467715683874,2.403303336443027,2.036256608209373,1.010050439162169,0.3724066121522651
256000.0,1.4500359718478075,1.076236291294464,0.93671576959602,0.2998866325030906,12.46223962968934,9.462238454825377,0.8120077958436004,-0.0677996746701352,340027.2220206844,248501.15834782517,0.7909343914243776,-0.042807711835846,2.501859211251881,1.890836371396145,1.08364464899676,0.8104758289692051,23.001004996175745,16.181351157810944,0.8457186959308709,0.1459557657550485,2.9814714060486565,2.4219578741439047,0.7899646224430024,-0.4477451726537218
256500.0,1.6631511556471317,1.1453594649044292,0.746092522641543,-0.0914668797644071,20.745336719986977,14.474488098869896,0.427973663086919,-0.879203604317766,406065.0387672122,348667.7340710117,1.06466255874674,0.3333003923160027,2.7690099303754403,1.866385326627744,0.4678760718927304,-0.7651708596074727,26.81815314329785,19.337716837845136,0.6372469751199165,-0.5067209878534218,3.243292847037933,2.8502392941179453,0.922886917353072,-0.1193573861906305
257000.0,1.1807802143800008,0.8966462389506639,0.8490821630772163,0.1434406026132699,20.529485733903496,14.245173201437712,0.3373641214705064,-1.0539863148925444,724602.4453420043,519860.7115804376,0.4283225168954833,-0.8919624926293754,2.415325243123032,1.8771522942847951,0.9213056869326391,0.3305818457347684,25.13803529839977,18.67807641601058,0.7301992332460948,-0.1524241582236958,3.1041010034213774,2.224586803577942,0.7111539536177844,-0.1168779428869468
257500.0,0.8700970151678463,0.6595984094925297,1.0428273403463504,1.1837242468653295,13.095688239037516,10.49092404754658,0.8830799020494878,0.1967284226326078,848607.9395623042,562457.0839472832,0.1910972759065915,-1.1624212697061445,2.6048843007340494,1.847956872061423,0.8922710018477263,0.7708023935241717,25.576788253203645,17.30896956514596,0.6361630342435224,-0.1666976319606163,2.482528693601444,1.851027605115132,0.8268920484186175,0.2199505627240126
258000.0,1.4141497445094444,1.0870846271846348,1.2803215562310717,1.7538804867267572,6.621822339796225,5.359952696752839,1.59529840367583,4.533705933999737,632207.6273757863,420377.97316568246,0.4629820561190131,-0.6288132167755225,3.524545300942219,2.5688083833286712,1.1217488881658133,1.4902316523958934,35.09469377631215,26.165883085299825,1.1110906308322903,1.249602887677269,3.562592092130952,2.740835529344333,0.8028981000629152,-0.1715449750425608
258500.0,1.6834826653584118,1.292769166842182,1.0028646138743738,0.8031965705647734,5.236883906301301,4.470673733204512,1.082511197783936,0.6685480351976332,488167.9453504324,348548.3931754979,1.014404279685464,1.0873190436139808,4.180540434243878,3.07777374398566,0.9469431727691536,0.8207396717849278,38.49222623081241,30.49519584375013,1.289180729808433,1.7524718845420422,3.566803094822342,3.0214931763143,1.0031333629309027,0.1743882679594697
259000.0,1.7130797235635051,1.2136885174477272,0.6733983255759279,-0.2111394629384126,6.576820119122838,5.352697792814166,1.0982697111390816,0.5467925291122384,443966.07316208986,361697.6938507697,1.2308936368895846,1.3372338183260384,4.461371417036642,3.1343554616615386,0.6781043844548492,-0.1923191226025187,39.40384685054971,29.533364278322164,1.017760892700588,0.7958441676518948,3.962485648775474,2.929057197387416,0.7555007154091445,-0.271299868008489
259500.0,1.7149282232232113,1.1936262873810712,0.5869243335664112,-0.523463788331989,6.403001400201496,4.683698295251287,0.9067836809032678,0.5396480722185721,363400.89065131376,271259.1830096801,0.9996080860110336,0.6817614721457526,4.757749717761162,3.1961698023479146,0.5440169620177352,-0.4126867259375912,41.0057644012986,28.74035435901692,0.6462456168263903,-0.2710975115287759,3.80106087435345,2.7592505039370043,0.4589053809360435,-0.9160304362359422
260000.0,1.5422821231337964,1.0527325993408003,0.3702724168145839,-1.0165411004610054,7.837998077490653,5.9581027889640845,1.0918419154943926,1.139550848132732,525523.5170519729,352079.7159501081,0.5767727422061626,-0.222749108296365,3.956138936553224,2.715756898233902,0.4238889277213963,-0.7447124291658107,38.55203067368829,25.733450945293388,0.2702091512426463,-1.081748735969881,4.109452640785174,2.651604066546841,0.4048778801011136,-0.5851533356472798
260500.0,1.6468709472772147,1.0867428301151558,0.2279656006502793,-1.07654945328281,12.138583928230233,8.368973795219743,0.5144957529682879,-0.6496733078545835,710658.2514171724,542940.0860744702,0.7566526682997653,-0.2366167615241905,4.639103486683561,3.1380237549037973,0.4088260233450754,-0.7218929874804396,44.7707026802482,30.0973380082546,0.261189878985979,-1.0477905710563722,4.0189299558004175,2.8624440124457142,0.537133462371597,-0.7084502296157567
261000.0,1.3990241663273857,0.9761603660286732,0.8289775840150712,0.7208360933912634,13.61738200746205,9.947080985206696,0.5926196942496871,-0.6909850465144856,488806.1261377513,338075.43350277696,0.5340483824379364,-0.6556744882009911,3.459458364939493,2.7185171127906966,1.0387678796815387,0.9322652240010324,32.95263496808118,23.93668118492551,0.9208413788622462,0.6266441909997322,2.530315814050088,1.851222992072843,0.8899103973499024,0.3474526728210025
261500.0,1.0061179547296577,0.7325381146633304,0.505544848833018,-0.7241998528914806,13.23927904950798,9.859163085583088,0.7251359760907677,-0.2574304321521068,508996.86108300334,374586.6083699666,0.5514257691022677,-0.8146053546887022,2.74926983237536,1.8628980368656576,0.6299591180683921,-0.2831760044402505,21.648208231572628,15.271079571926869,0.82849624809973,0.3333436524433968,2.0589307395217418,1.3959635259794465,0.4089485116483877,-0.7952680310282942
262000.0,1.2483343678160983,0.8268620350635753,0.4219491832589642,-0.5329403784480373,13.325881775157027,9.60208598574872,0.5245649019113676,-0.7211687593308405,713889.8712401827,525356.1898255886,0.2955231506450207,-1.3114761261876635,3.945118749330386,2.893893947427472,0.5906007981764198,-0.3761371672788436,29.638109296076625,20.906536439665334,0.6009452830993239,-0.0905765364180219,2.751535103796059,1.7926932485637506,0.3774363347512836,-0.7952661581308704
262500.0,1.380212069925956,0.8588522941864298,0.1690103832937086,-1.0293486995334344,9.739171912657904,8.614125619213887,1.420987675917807,2.120742033662145,601288.2884451828,395040.7299446182,0.2989273061306264,-1.008504650303221,4.399405025536412,2.901838369059395,0.3747420864823245,-0.8622159021708846,31.928928893604198,20.80003189026606,0.4470952213633758,-0.5475016609461165,2.7812553308197905,1.7624787908824544,0.2116094375839428,-1.063538561106615
263000.0,1.1821178355102293,0.7718803967744338,0.3643476240692344,-0.6689512823551631,8.248687035462963,5.355206997823773,0.4139473588773063,-0.6531298427426324,435877.5580957364,299809.2690994692,0.4667520249016372,-0.7129915001159239,3.901457312414644,2.676991913627294,0.4000400916708913,-0.8947794227310073,26.419979898417925,17.961620426616026,0.6069632346011223,-0.4204040150240957,2.258097223904792,1.5022375810622814,0.3897467968351379,-0.7504674597972683
263500.0,1.3885821462081156,1.019757181446944,0.6842573548876484,-0.3642133126824833,8.035071505406773,5.97018590907427,0.7067068414418995,-0.2786238939784957,452697.53885567095,323591.04240912513,0.6968105410686962,-0.1459710678853221,3.8609579178329727,2.9848568338339243,0.8069811605947284,-0.160559114874017,29.175992500341533,23.658562694651295,0.9140645673812884,-0.0221515545381922,2.530092654683497,1.6100622198588,0.4241494620446169,-0.5048969522420137
264000.0,1.1072092480091087,0.7818805804573365,0.8158864056609555,0.1061299819786651,6.371523479102879,4.104630491208196,0.4706875416837428,-0.4357445880478918,566189.7346036384,448153.3358443648,0.9784613026920058,0.2165678011257372,3.030544074055536,2.066375205094191,0.5990090161726834,-0.2368403901816616,28.988571854005365,20.363482207878818,0.7687603211592531,-0.0007536615911294,1.6274137776246025,1.2179926448031362,1.1750541608012133,1.878712160491548
264500.0,1.0388574640891692,0.7408784155014299,0.5826215367848178,-0.3962443413615184,3.97586840921332,2.723565378991655,0.6240875729533231,-0.2747836384160087,498500.2753506714,383883.8880783609,1.0194324032047222,0.6690795963209797,2.888366402144626,2.2955726670490493,0.8157806849545277,-0.1111103184197124,27.758768550964994,20.97592057276797,0.7109346715781993,-0.3400639149839546,1.7565603204236753,1.4235992058133329,1.2338113673738318,1.517322457721388
265000.0,1.1421153007657678,0.8742845483723871,0.7922208676887955,-0.2931012870176719,5.445020425134969,3.650206750627497,0.6175735810720375,0.4153000451895616,572418.3746899768,409552.9254351308,0.6193356221129401,-0.4585663990139106,4.085207617638899,3.2321500965677643,0.7899858146658485,-0.3996997736337291,35.406191928717334,27.556456379692246,0.7871221018972656,-0.3779620198913238,1.7662923445508258,1.1391524399927546,0.5400769051211941,-0.1141536697760812
265500.0,1.2302236738521424,0.8532543141554129,0.8947117988819534,0.7715304673088705,6.412579235259001,4.56636495841048,1.2760155555817074,2.462377468376067,585978.4366062655,365901.1089956742,0.3454485782533295,-0.7069820306586685,3.687207814317544,2.461344708633279,0.6734722427680153,0.0967078194667441,34.363546856593345,22.75114563511364,0.5418674983795784,-0.2064950682806579,2.490809374371434,2.364712957647283,1.9276158881860368,4.449309666361282
266000.0,1.2082118743398993,1.0250917486742444,1.627734243255809,3.5973495038797,5.711674634411795,3.8676511860321794,0.504303428104154,-0.5205678782557355,333888.25683927105,260056.51873962785,1.1639913628773928,1.8517860176608616,3.0902970696665366,2.4917244547265627,1.1161761582454364,1.2103374648154803,29.008633726642632,23.49188783269319,1.233758278055881,1.8477635005389104,2.8813656235725533,2.37888309558586,1.7542410013255323,4.250676892130347
266500.0,0.9010905268032058,0.6549854808438073,0.7130309777962314,-0.3307577481246531,4.862580468948756,3.6491653327152633,0.7776006555959138,-0.2145660534040958,234382.32510570213,178043.12744877717,1.0535062464375513,1.0752219563992256,2.7088155174866677,2.023125019668224,0.8030693063684747,-0.1331138851053546,24.369222707476453,17.697622925763763,0.7312565852225529,-0.2618803235369342,2.1445248351863118,1.4128600987924682,0.4862062199953736,-0.6517646204633696
267000.0,1.1775679899354383,1.0253674151683736,1.6121024196419196,3.175587876868115,6.691192749815652,3.994318969589495,0.2807719450322076,-0.7683475482182929,267852.3343955077,263175.2688454047,1.458013162617209,1.8045929613569056,3.154175967277291,2.3746429974473253,1.005316645437087,0.9736460449910452,27.368618348199195,21.954184928594863,1.2899246519254268,1.8092822369316128,2.06819333348948,1.875526741456024,1.7543327904308628,3.7739718784467824
267500.0,1.5295356410700087,1.227470838012156,0.9575371487714768,0.1443697352083521,6.982124145957012,4.46613186192945,0.2733914508222974,-0.9352770457688272,405180.8498236579,357394.66431519244,1.1875071637126051,0.6668192457923037,3.558484230934104,2.2376441133701026,0.479536559136679,-0.4894449292715186,34.11367805407335,24.831200927120115,0.8120115566227052,-0.0601625001083294,3.450701491998577,2.523465934181468,0.65544614360272,-0.5702928383890074
268000.0,1.2074420687722038,1.033792857152282,1.085699434407347,0.4708794757879735,7.428850717295987,6.48394284761118,1.5144424047243965,2.4460852280422563,436123.2995781691,359410.28325548896,1.2235984169503296,0.9081264533765084,3.2353068283005166,2.2635548636599894,0.5165152494385056,-0.6000977984840214,27.35984969289604,24.543237354767435,1.1173141974022296,0.3734439565281531,4.263326888775856,2.9807245797738595,0.5889101598985131,-0.3152641341246212
268500.0,1.9717450894558872,1.408781286273821,0.8029403103076937,0.3006868382562326,11.054461317833546,6.9763040884619,0.2770720163299682,-0.7386674047517436,460828.8784279412,366177.2230352784,0.9219546142162997,0.1704924693345195,4.1596285986262185,3.230461564643374,0.9037918133755276,0.2740258876438926,37.532602452501095,35.23500991233284,1.1781972070795654,0.6725531598641767,5.962434758030809,4.022605078205193,0.1954872175552394,-1.211857505707174
269000.0,1.825305300434046,1.320088789071323,0.5731162832684842,-0.4746806852606231,9.160580522169814,6.538222867905076,0.5081840209674203,-0.8075439439796628,498951.71098122856,329482.3502483284,0.6261521225877055,-0.1877815603189243,2.909245577714788,2.428235184191359,1.1165514714732188,0.8376725654534583,34.4938816368684,24.98324348805032,0.9998117564074102,1.0751259053107782,4.431205348837541,3.406519654269716,0.6240225302501143,-0.6429675228844216
269500.0,1.7519907492656863,1.195494604756371,0.4268830795498917,-0.7625090765315101,8.931235958994929,6.504456567689743,0.6826875238285132,-0.2860008184742706,457823.4200423125,277842.9602244632,0.149159874343524,-1.0199459362000196,2.705270526336817,1.9163450479316877,0.9766743900026412,0.9168494958979476,31.359024334097377,19.505207952357942,0.2556695960882719,-0.7654081862963809,3.138750552674364,2.568811483334441,0.8793534332153409,-0.1546847059143248
270000.0,1.7182398084208843,1.0939386995157525,0.3529964285661199,-0.6183065894797592,11.538372063254988,7.525570439660703,0.4829943624450564,-0.4146320998963366,319099.6109937198,225723.9003251429,0.6270133557889345,-0.4708759985554538,2.644607860174023,1.940999663265088,0.8251957743005885,0.2729284598653763,28.89234755438269,19.60591282092276,0.5672966591464815,-0.5297318124459482,3.005413104530677,1.8920171668377133,0.4791757863638352,0.0931890054116966
270500.0,1.4278079785339457,1.15555619639414,0.964486423930921,0.39340754017016,11.951758818682867,9.781664858903104,1.0583728335748994,0.8192068521004141,377962.1593348889,284934.1243632498,1.092092853000325,1.5399760073342073,3.0331038902600507,2.443370735183786,1.6842482853223857,4.638989408820237,28.950217767720492,23.83874405944434,1.4758026583822508,3.088700994742192,1.9418389238605789,1.4274239593548836,0.7479348291228594,-0.0947622970419854
271000.0,1.6678347852760609,1.0645056808532818,0.3212209306751997,-0.7708989749328885,17.739979165523074,12.40258176084192,0.7517001000896518,0.3556154707141266,600713.849698286,382204.6046386194,0.2397661531935656,-0.9936472936109544,2.7571863928194915,2.4453771695722724,1.3284182027981395,2.2384188743757525,30.14337797012966,22.91388400684027,0.97824267555551,1.042511758110268,1.793475163524948,1.4645157321880546,1.19588736585198,1.2932308339516432
271500.0,1.3881995675454486,0.9673615137542798,0.404892332983419,-0.9618857672867523,18.06052801095099,10.786070977300508,0.0739127876256907,-0.9751250174641152,701672.950699213,449549.3779217282,0.2350847528987852,-1.0560704046406315,2.7870948740994708,2.28736988617481,1.2481189387728866,1.3111747398111715,29.589621459859675,21.599206746860364,0.7914837546966317,0.2591220534023279,1.784379601064038,1.556803395456084,1.4418008230626027,1.8206266991754052
272000.0,0.9759645475660929,0.669011091502388,0.4684725989151137,-0.6675912828218098,9.148284589376544,6.987834305546475,0.8186540498951587,0.0926034347288289,480812.64880759706,362869.0183728712,0.6627371357815622,-0.5865218724669061,2.565949056672448,2.12887900023608,1.278189700872142,1.3140496797828858,24.95083948966761,19.7919534475105,1.0720913829465664,0.7768171057440134,2.2194072801278,1.4920222370789178,0.6791055381202848,-0.260624631319776
272500.0,1.25889865378708,0.8809431361718649,0.5029987866959519,-0.5860469995873219,11.046775225635972,6.827615077298395,0.3770855126056001,-0.5557863823558922,482898.6557216752,370585.2366451972,0.745058585487782,-0.2023723104485091,3.054173617101034,2.207552348773024,0.7251820424990313,0.0732888038093864,31.115945944238515,22.59879104354708,0.7403701746308395,0.102978632515958,2.8693852723108417,2.161028025476176,0.7003683503392996,-0.4382267088443798
273000.0,1.338621735566177,1.0401984919278584,0.6532628573700492,-0.628477530827273,13.231213681276182,8.652478288774391,0.512001783342072,0.0080745831413566,695841.9579641498,458302.4133421023,0.2830496181674967,-0.9426581548851848,4.228465296839222,2.6702875229623437,0.28221368674789,-0.850029610905608,42.0907054107143,27.308168368814385,0.3204004414984264,-0.8629786057667705,3.329609688182526,2.5012242766070147,0.65638507473131,-0.606228839099408
273500.0,1.4163765317511108,1.1118370700856397,0.9042670301767904,0.0317216166111613,10.365345052312902,7.982306519167845,0.7078991540210817,-0.4877217489969978,812358.02305427,630703.7771714685,0.6137292586937798,-0.6129053956255799,4.254469203149797,3.3063014107139588,0.6850115044760983,-0.6294678583087099,43.76436664838893,35.428510533713045,0.771955268880751,-0.4250156705576651,3.1454886264714736,2.697015400958264,0.9308826577616096,-0.1421532472464823
274000.0,1.6920164199552432,1.1853326476922024,0.4701532915823925,-0.6827450708447009,8.884496100076635,6.194652244814892,0.6629294108039736,-0.3335528055839249,666427.7604078205,499552.5977072751,0.7421748110670013,-0.1759298979847416,4.116033935043202,3.0691008420525305,0.5348871690231748,-0.8800999891305223,42.976319599765695,32.26761335801277,0.5940797759384404,-0.6898368941348116,3.309851629809072,2.4794528265454536,0.6059366484788771,-0.7306286663675134
274500.0,1.715311127767169,1.281491646648174,0.770884649930056,-0.1326923243573556,9.682524993086105,6.851696261878107,0.8526617375725524,0.6302693967107542,497438.3196265756,353974.2172026688,0.4499645885545438,-0.9559083125504376,4.035745691834518,2.979392379578649,0.6667729898649929,-0.4619778585139951,40.08826070562328,31.735930702019637,0.7779965863644283,-0.2647039135254556,3.8335130387008,2.5563267380437056,0.3986335432740706,-0.8225791926533388
275000.0,1.56046942005814,1.246248892759895,0.872361202772761,-0.0820777880531249,12.17543111973747,8.978651013462224,0.7150972878930428,-0.0983711397289437,441588.5874977715,308288.2368744581,0.6485954417317016,-0.1575638043913865,3.526802448853153,2.4024923044508637,0.423117560584497,-0.8565813558673949,35.96386038224693,26.472888653702327,0.6518864874914985,-0.4056922099999345,3.919462874243115,3.0364979661459,0.8692042188002251,-0.0366163389184341
275500.0,1.6188395160845903,1.229640240318202,0.6598168014683817,-0.5644689586858398,17.816058851299573,13.689727864124622,0.7703065853449463,-0.2370458688555032,516287.53443153366,360742.37442976766,0.5616791451030628,-0.4678149329458341,3.759818686739065,2.4730833378456585,0.5702562697615591,-0.104051016130942,39.298846455228905,26.07913756488201,0.6425175400438793,0.1540051071582966,3.853845434379553,3.437031319865523,0.9509127470956582,-0.0358584204891108
276000.0,1.8479955313524332,1.302518383795175,0.6220148061583345,-0.4407453798230429,23.87684717345983,16.891794091692777,0.335605378857721,-1.0453429698606287,457223.19883751054,345838.5696920712,0.7653580325505338,-0.2314852821661044,3.255451602194959,2.1877229305941666,0.450092381941764,-0.6899103290080486,30.813867903466782,25.366168819524933,1.0844930824748653,0.7349190796192535,4.704240367284357,3.364747645734397,0.8465058292644119,0.2753145469240583
276500.0,1.6047275154340392,1.334219442128165,1.171955871593305,1.0453957930343505,16.693747323078053,12.562963626784711,0.8225164977677865,0.3017505330003582,337897.9661781821,248348.62083304545,0.7798821362056058,-0.1296557759814809,2.429045086047372,1.7317208963373198,0.6374026005061312,-0.3430605473278154,22.958767117595453,18.6636273776312,0.9922030259864604,0.2193552194206804,3.290670332341136,2.3589429977685508,0.7012229808185804,-0.0478938431135769
277000.0,1.7218235381180076,1.520230643417384,1.3470017665054368,1.4145138401214794,24.38318183981921,15.649702445536578,0.373677254201671,-0.67878242836733,401294.4731504903,278089.23328616883,0.7587435091502082,0.1510770622761605,2.198034050443544,1.5344736211667926,0.836881080680668,0.6263485477546835,23.299225221315943,18.16303685377169,1.088381752896456,0.885655874512941,4.2355027410992205,3.177654937997744,0.6682511104777178,-0.4350792981572602
277500.0,1.597552954912001,1.4586448372899934,1.4498917900114243,1.7981055351294106,15.661316532974231,13.433449507922486,1.126881127866536,0.8154088933771977,459515.2794513712,320270.19819996785,0.6140169895902597,-0.404425626327332,2.5241493156255643,1.6290633898927362,0.5950910897317734,-0.1201765402398726,25.178033206775712,17.45669468242862,0.69820410775883,-0.0783699430578517,5.566345994164442,4.034082166443729,0.4395857203092999,-0.9245267701493654
278000.0,1.58039457305499,1.3286987993129418,1.1893415199341135,0.915574680280718,12.02414826767501,10.677549323379536,1.463749527615584,2.200989594708755,422535.5605024224,337690.3742847586,1.0371556713738028,0.503721292600054,2.558806261892108,1.8958119179041832,0.8423961669715289,0.3725049204771355,27.44755555796236,20.32305850858961,0.6851528337009353,-0.3608206368630684,4.470298286363446,3.938175223974168,1.3125992547581713,1.251300553248985
278500.0,1.926388951380516,1.2326246256270923,0.4527858678938263,-0.6188635167246535,12.91518565419468,10.771144533177916,0.8890766458143408,-0.0585323224430154,615788.8972117432,469609.4615077464,0.8165528175798435,-0.1060481733804468,4.151933655289007,2.52002157766255,0.1697828926918269,-0.9018072068120992,42.57106408948378,25.529211510249805,0.1215143340838208,-1.0156548687454003,4.820757119919379,3.9247425999121592,1.1399900478444185,0.9645425162569748
279000.0,1.3817566780825896,1.0216033133549192,0.6180119929772658,-0.676086696914143,20.70587370649167,13.340707859360071,0.3424592800583171,-0.8338988345248213,515205.4671161909,364994.1424326556,0.5152433501402304,-0.5159502489598773,2.7012780373146725,1.9190139148378196,0.5032730762126084,-0.7774775595738714,28.82718876129193,19.642536110354143,0.4988823418121734,-0.6064233580945935,4.581476245525566,3.3547866362125167,1.138575596552981,1.37413663300872
279500.0,1.3148738403983091,1.0020653017137522,0.8875214586823479,0.1726412793927778,22.20284015594365,14.945137551279116,0.4986428108851974,-0.5305551020021597,418005.1326307669,273382.7552399091,0.3294550670376615,-0.8980126255867158,1.821764156886082,1.5260295727040971,1.2300030713524632,1.0068149048043482,22.095269371798267,17.152492105743146,0.9234747187362284,0.2321512421126228,3.485220154823718,3.024690026904562,1.5557647677534314,2.262696872534499
280000.0,2.128753649636512,1.5197051107576778,0.5144586441683934,-0.695321809926635,19.776104969403345,15.441402585701898,1.087918740651041,0.7547962870652967,460816.8109935512,306230.19847368007,0.3725365396908081,-0.4785345411505139,2.715246846181164,1.9087671505926684,1.1526691295580174,2.5070239177932407,34.204462951445855,21.24285477549799,0.1678893659781675,-1.0250949892509138,4.579076601737578,3.3478288551644764,0.8839751822312417,0.414370080954447
280500.0,2.648814528397231,2.0541700877928517,0.6762916448510513,-0.6441344563827536,27.07602018280716,21.839711233477043,0.7747528908579051,-0.2675067869615932,338101.9093312593,246278.6262189112,0.9128808988797504,0.8832076471793533,2.5549404796661186,1.8083070316594605,0.87568908463023,0.9681402555688878,33.54079177163508,22.39862299222388,0.4119363779934177,-0.836155758154967,5.822837744376239,4.4877755634810175,0.7769485325208336,-0.1950383373692834
281000.0,3.0803438954972453,2.377868272934734,0.9535871834804508,0.2947445325963267,38.25245212426135,26.810307673830224,0.5818202333055337,-0.4627817240178835,564417.8882504241,370749.408136259,0.3440905718990961,-0.9896881993440024,1.889346309727013,1.3758562088409605,0.74743780286067,-0.012301804714522,29.580301947546943,20.40550972705549,0.4563561422240994,-0.8648530175767903,6.576591182744227,5.179056667068577,0.8420935355484872,0.0314086100471628
281500.0,3.069948189340969,2.904371095646538,1.1432810746857065,0.4401197714369607,34.74311863936346,34.783574039732834,1.2479514616334626,0.6171087838393312,782868.0288206562,614384.1396576987,0.5625533260135689,-0.8248971345638338,1.8276158664316755,1.3510538550362683,0.7360857074137852,-0.2048345646728027,29.05282753934894,19.75638195572571,0.2588415702262786,-1.0151792609946653,7.80288128107864,6.226764891325965,0.5490887324576347,-0.9009931887174149
282000.0,3.56544903020702,2.696620659670585,0.7524583218300178,-0.2116063953471276,45.73283410701225,33.920210175965785,0.7762628432952398,-0.1802955367587837,978315.0215352142,691856.5834147672,0.4100282148374082,-0.9020614780056008,3.190449171169269,1.9490666021247325,0.2357748033659828,-0.8148846650731407,29.64878649380389,20.442691461685488,0.6201906513749859,-0.4962581702584145,7.45144405160354,5.880327208426573,0.5799003054189072,-0.8924186806333991
282500.0,2.7975212507318656,2.053384704000527,0.6656600295958581,-0.3583450586547378,35.62340341932773,28.63208568507164,0.7386070106288359,-0.3567084673472709,662198.0026079415,537371.9332072699,0.7078777718639024,-0.561110525561558,2.9199261132755963,2.012134413987748,0.6746686620870572,-0.1822638433132519,27.94820355238162,18.45506907225819,0.5903812305171743,-0.4023264752290543,6.023391193385584,4.475659226125682,0.5292975528033717,-0.9223376132917692
283000.0,2.13977776135048,1.498523720236575,0.496734435886904,-0.759684367732457,28.617665605461784,18.01843291506528,0.1659938688115315,-1.0456963216045938,620455.9419326396,492707.1725562046,0.7254058805289285,-0.3235637238130082,2.4366876505314305,2.1080805358053776,1.169449991755002,0.8672764545570679,20.225147389081712,14.136523104400773,0.707787530403359,-0.0663895535073075,5.240326859629839,3.4532931124976987,0.2943733436896469,-1.001984486113744
283500.0,1.8701012489857465,1.3296979089934318,0.5814725647311042,-0.602647779549121,13.941660094225968,10.725865261085437,0.816843563743016,-0.0826514403831035,584293.8281890664,408351.1638534865,0.6632584962532475,-0.1741600128361247,2.893101598401093,2.102645103600746,0.7429936378882755,-0.185761145854856,20.976428847981413,15.551107350442129,0.4980770957593224,-0.9496416780272536,3.645204754546687,2.887355995248671,0.8445302450890833,-0.129902493145066
284000.0,2.1115358639917017,1.2952409985282531,0.305225310232453,-0.7378324404668244,9.612727939313622,8.257428638090097,0.9778145734118704,0.1250214006522347,574780.7338847452,436635.6808910664,1.066540403748668,0.7329537238447905,3.2724593443107053,2.193818204149661,0.3786337223154433,-1.0547339817889656,27.56112816725669,18.294875096733385,0.3824195704243849,-0.84331525945885,3.072350859305902,2.282399231961948,0.9952161202658674,0.7545597722188684
284500.0,2.1303541947051183,1.5454909751841486,0.7043695461537369,0.0818418533610247,13.635064410410976,11.245140393122869,0.8141853762959493,-0.3442335214819745,740630.1784839415,703725.437873067,1.1497220370005905,0.46483393671696,4.329083420250934,2.798958562470663,0.3376589490093984,-0.7815616700262034,42.857874076286045,33.66655109085644,0.9239081146806084,0.0160552323417459,2.952582014398947,2.0753617671371827,0.5579267183415215,-0.571656909303313
285000.0,2.33925224032873,1.670295032987255,0.6565748920407872,-0.2379441036370346,20.27819673985553,13.84201472958646,0.3666966318749775,-0.998218943454178,794019.2203941734,673301.0445629884,0.9886446785128398,0.1811398206691996,3.652444103980181,2.576055180927612,0.548871426426578,-0.6496716428212035,42.40705401592868,30.99065171293292,0.6420050866846009,-0.4538004880576882,2.886910236713281,1.9021962957959084,0.4039350443791908,-0.6486395597622927
285500.0,1.7913334850878118,1.3834434220633784,0.7971375611780667,-0.1950300858212865,19.46985830431537,13.247866111224187,0.4524322761005803,-0.7932595767827499,462779.9301949687,379735.4442854088,0.9591932621012648,0.2781207395790281,2.783726001281529,1.804905633479973,0.4998871700154449,-0.5049640262610917,28.20786420151898,18.372584974948523,0.4771152495973101,-0.4969233225421079,2.001317090398026,1.2992214045707629,0.3517529646711457,-0.7598159268687423
286000.0,2.6483306801826143,1.656595036815052,0.1925670002281713,-1.0494949273966916,25.353826007121057,16.24215152248973,0.2381123084041533,-1.0728355026105814,412601.6611646487,336548.183922397,0.8929742555994643,-0.0438018556278532,2.195682300846324,1.5731369327586149,0.7471587547897187,0.131385633583446,21.498181969818745,14.753750277893102,0.5603162739318661,-0.5146204225544895,2.338624840402882,1.6945690501194397,0.6362860162848752,-0.6562567227021163
286500.0,2.147928882974261,1.4754788027346637,0.5221617637031163,-0.5649017808978951,29.92444564038507,19.65305054344417,0.7771683025821627,1.0220481785862123,661225.8480618194,677741.1626960343,1.3558606608517434,1.0425946005828832,2.5240946192801483,1.872560989953013,1.0425176278852133,0.8170334724900483,23.035004552643795,18.22158692838349,1.1134910866261425,0.8118086123013692,2.233153731336058,1.4531836091495958,0.2455259646198899,-1.0116639528042173
287000.0,1.6989005340836596,1.1357638626666056,0.4264310571250373,-0.5447847260770651,19.408331928884472,13.336264535207803,0.4503881534368035,-0.5810196292990688,869926.162167844,757471.797361656,1.2274383655342258,0.8084350363679258,4.827358250564945,3.1165600172049035,0.3549777283660276,-0.7008844531837761,37.36003535088799,26.695756116261705,0.7090783403802438,-0.1522421742308837,2.6463953619628517,2.01142065623712,0.7895829737683641,-0.3241855709105361
287500.0,1.4178427762030048,1.120181843248312,1.0943229633941036,0.7962932229700699,14.577034744071764,10.292407656117078,0.5894847812354147,-0.3563374046931375,826782.8407830426,553819.3011129645,0.6631462514646023,0.0443964512774135,5.375613098854813,3.357443357813953,0.0467572572226852,-1.1837541254537434,40.372283243497634,25.22462870518869,0.1742915436745961,-0.9485458370762538,2.5857071638695266,2.5143867213497653,1.0562393309954956,-0.0847749959321855
288000.0,1.2705615622437,1.002237896673328,1.4686125386515223,2.637924561496609,14.77352725158826,11.26706417827833,1.0556927422691396,0.8418825020500424,759907.0218948644,499528.3991418872,0.2326400667236123,-1.0509406524141731,4.450206167695294,2.995254382879513,0.4468614861515537,-0.6295798765588763,38.556301742819954,25.062721985045357,0.388099934674788,-0.7718160390491287,2.609002932244108,2.2104841596149964,0.8680913297905843,-0.3957586270119075
288500.0,1.1909275741702794,0.9293708364149584,1.0520024479684345,1.0066744794892042,15.779121203174286,14.391066156032236,1.1740605437567635,0.4216784929213646,625190.747167467,501235.23515700415,0.981476450257174,0.4403348472233377,5.099972071902222,3.563454536250992,0.508789500780778,-0.7309934073412392,40.50288125183917,30.011928703497425,0.616422376559373,-0.5229351763311589,2.1054787454392505,1.5517758998744788,0.6704072373337405,-0.4485946617778933
289000.0,1.5206324974584815,1.0249907928725297,0.5711432523261646,-0.3847546389698877,15.197152056486363,12.070781661065032,1.0090862855973113,0.323708257201952,618339.349286251,521844.0654367908,1.179385648740653,0.7531495451499746,5.023522726213578,3.594367025931264,0.7387549812645814,-0.0960145852225862,40.962236283656914,29.636542709244612,0.8237056104966187,0.0428817443792191,2.7238690187510297,1.9773281260517912,0.6053905655651887,-0.3435908064498019
289500.0,1.779511784378344,1.2617400978589164,0.6756634983352197,-0.3310752077893637,15.275702527696565,9.943837050573922,0.7637481370414623,0.3807997218904284,692869.086859622,537637.7726667558,0.7992086777802931,-0.1227411378376781,4.90512371142438,3.6966054520692295,0.7926020379370159,0.0385613956490016,43.82013952970727,31.90481784758413,0.8119663844447101,0.081519875752094,2.4765297699658766,1.5789758589986762,0.3405627886626924,-0.804003311473461
290000.0,2.2147829451600507,1.3848241365596088,0.1382146804875136,-1.0296019859441372,12.637275071163485,8.614725489137362,0.4459652149455773,-0.7732527638746078,812459.1708033727,630695.8729555104,0.7165009634416128,-0.4605423477564936,4.6660373446661465,3.206082764741765,0.5167628083407678,-0.6983069572127558,48.492581119537405,32.815981232654075,0.4248281228058979,-0.8502867878214766,3.4809788296441413,2.720978709124057,0.8061012068920553,-0.0314429374225238
290500.0,2.262676098891657,1.711642714873462,0.9641798722887256,0.7441556926966748,11.080921469689756,7.434618090761435,0.4873029519651825,-0.5232895289244444,865215.319940869,587098.053091022,0.3817308330075276,-0.8911017175724658,4.211132413189154,3.2181862367836027,0.9748187091635184,0.5506704943244616,47.56489560967795,34.66190819356603,0.8135826525816025,0.1144464814997072,4.148797985662066,2.651397053278667,0.227186266953633,-0.9036727500796418
291000.0,2.0527461601119508,1.741578557329538,1.4256016031219585,2.124338329174809,15.85873010163112,11.285808461399444,1.2896570244040684,3.008755929658247,733285.2512195387,532032.6231080435,0.5669205152528919,-0.608480245409682,6.213242505186461,4.075726659371743,0.3991063545072617,-0.7278447106863166,53.42783110686004,37.333273478736494,0.6214586231919558,-0.3540451174819821,2.8089079893715825,2.1317475080607617,1.0359895485820902,0.7903074259477951
291500.0,2.9657341063600287,2.383063399145821,0.7271289596768706,-0.5619249692952621,14.419304652211634,11.27403511663471,1.1648573985929271,1.4560647795497896,960688.339518537,684623.6009518778,0.4540030146563107,-0.8260774889696285,8.560890401652399,6.245997768872509,0.4849366757692397,-0.9072587196652324,72.88954350731848,54.87495294318279,0.5383948530479531,-0.8787646649728429,2.7660872940418537,2.062911743003764,0.931883458258066,0.4489296809324945
292000.0,3.9199975836126857,3.090795947720461,0.6628292546195226,-0.7424149772359718,10.777763325141432,8.682468323478817,1.2050123999273403,1.0915562084985675,1227421.1372713002,854324.3276692369,0.4801416522971526,-0.7648961316771716,10.245845093473251,8.743653344034195,0.8790255561732817,-0.4170609697532428,97.42700212699393,79.0866625995665,0.8186557265073233,-0.4324425464391495,4.671763158190903,3.085363990003674,0.2568447850020001,-0.9698859758239712
292500.0,3.7758245589436106,3.0740087223673966,0.6701373872437888,-0.7280165763311874,10.66981385362296,7.541352144791714,0.8120692751621664,0.0326836953094837,1066005.7622558572,782617.8603445853,0.6651490525826413,-0.5347977157565205,10.783141942931609,8.59462898808611,0.7321086873315329,-0.550945308523886,99.71473610527224,80.28804170586642,0.7010204723791043,-0.5813005651593799,5.654936379765146,4.145822129815592,0.3458116925228745,-1.0933514650334726
293000.0,3.379926644063567,2.2532753876150653,0.3411211573319755,-0.8539395583896634,8.88020738648031,7.880443492016011,1.586072344288398,3.4080152625869884,1058298.9852399256,706550.783651573,0.3505115355389813,-0.8365633124197744,10.67498536452379,6.984814722313985,0.2699140069497596,-0.9457020868064144,95.63802772432416,63.10260883158538,0.2978815908401397,-0.882634843365341,4.309306992892701,3.082731723975703,0.5895548558247378,-0.4022475060539259
293500.0,1.860997570441578,1.4394310425506982,0.6286538136974129,-0.4435326432014475,8.47239187173179,8.003648645565638,1.9881175687938333,5.16303445684078,646211.5430010277,523486.098160396,0.872008707328664,0.0095578461531955,6.428079027931078,4.762855341072737,0.5871179373212719,-0.7198548474012778,56.62266596102725,43.14102158456309,0.6204430638042817,-0.6872491105032328,2.5643470500404315,2.008074823965731,0.9245195723876576,0.2379163392546086
294000.0,1.4344024975542478,1.2191205967571122,1.030465131927374,0.4230917580638587,6.206889218612466,4.088261068840275,0.5522711691810473,-0.3922796399693191,662067.7088330758,499140.6502284588,0.7977885788490748,-0.2395297558185873,5.724367560501333,4.6826711100482,0.9726393490122194,0.3213398088917376,49.53491248481044,40.53465607341364,0.9128881435498633,0.0683213749866125,2.792432589347406,2.0194610963121886,0.8755748448141984,0.2887202591141382
294500.0,2.172745930337008,1.783931460919216,1.0902938164246316,0.5291025092829771,5.189813541709002,4.0155025132051545,0.828828614041484,-0.2689207854302711,1148581.820418016,783811.3800298286,0.5193027382674993,-0.3312829158614394,8.56437718334168,6.649170218344659,0.9636621300946782,0.3792850725082566,71.44056903601802,56.97877871083225,1.0094114921030262,0.3647290042813447,3.106872121556271,2.0972796423550637,0.5627046329162925,-0.3428991755692543
295000.0,2.096300419289161,1.7596090864618044,1.2041383778298849,0.9006933398410957,5.584821460083058,4.266997884885283,0.7947679648249494,-0.1027327336114449,1174712.748009094,899555.1878189665,0.7688389995661713,-0.0497520772113975,8.485702745136535,6.848269799113484,1.0126904290024088,0.5095918942520563,68.36951568613868,56.11504463087255,1.06335693735071,0.5985476525702693,1.946969405376029,1.3652070014201103,0.5395554199214342,-0.7033700345943088
295500.0,2.029878288561952,1.6919734280514154,1.0351648711671182,0.3651465243848775,7.75473698783248,5.418707559937976,0.60360697883972,-0.3736304945577862,1224019.9137376903,957585.2273541451,0.9380349423860184,0.0355293856649852,8.694077199289394,6.94260278238869,0.87086045298234,-0.1390459307582325,69.3204147002974,57.38734941807202,0.9165206022175348,-0.1203323745857591,2.728619217722546,2.0061938306334817,0.8195620462350852,-0.0365845228460868
296000.0,1.377704483405464,1.1766766304645049,1.4053330870842278,1.6861201965984876,10.319700726798096,6.646040565235944,0.2087379002787897,-0.9457965414554184,915915.1163014164,818850.6356690684,1.3370814858676867,1.2124319266573078,5.768093569758371,4.599912466464059,1.2266171953970677,1.333766914802596,42.51732478398664,38.560899128534295,1.4021866676256098,1.5698911289857422,4.265848446053258,3.190481850273396,0.6568801660157155,-0.4976335514221151
296500.0,1.3323043692756156,0.8523093426426521,0.4820172389834073,-0.4914801288368666,8.590533435733441,6.843239146539728,0.8145760956265014,-0.2045220212970071,867193.2254034149,678236.2248192731,0.8816433478642428,0.0795486797512117,4.257977670345302,3.360657392326882,0.916138132758753,0.1149270143426002,38.72803545000593,29.092584675936983,0.7654259737153898,-0.2367694527740131,3.72699527548714,3.4216137584515,1.2242880206418314,0.5479933688997907
297000.0,1.1206300480247138,0.7585705569817066,0.4763509540551017,-0.7421942104099446,8.246087741047571,5.376106918104631,0.4021784616812783,-0.7605013884729916,663527.1297402267,463899.3326860088,0.6970593526739602,-0.0452497845355539,3.2713977592429844,2.4821291411763275,0.8715639031404993,0.230296447683405,33.970250269862106,23.25520355449058,0.5519256862350115,-0.588802527478514,3.8006498149544248,2.7287284533557514,0.4595246067970828,-0.901907242934676
297500.0,1.4578998684078734,0.9590137868836678,0.2020287964264489,-1.0934416979507284,7.7643195447198226,5.791966884673871,0.6586778474236904,-0.5131207656697736,591830.2347860284,418509.4653290227,0.6340954235615995,-0.3061321790424594,3.879765609918154,2.722585034042261,0.7533245387871149,-0.0676970568858386,34.833449475748296,27.013211240458222,0.7648239049755688,-0.3112394462741772,3.4972365033833306,2.6014716756701937,0.5955413249341083,-0.7991622675568397
298000.0,1.5079443541152369,1.069432242154487,0.6707659511144716,-0.2717709226182769,5.849832605104924,4.259015547137327,0.668689916347516,-0.2387843637208329,595155.725086176,426647.0733616801,0.981086191032379,0.5554299283981008,4.479453330622831,3.4439793346764747,0.816674438099357,-0.1303051623086211,36.51421290313261,28.977752660558178,0.883854404741717,0.0518961980617977,2.538438527369235,1.980921233641945,0.9470201126486888,0.3662261487845031
298500.0,1.2901641818636096,1.111512703344178,0.8901091234040294,0.0506435125153243,4.829047062337752,3.88091342522458,1.074793973463829,0.7077799758383692,585094.7372775535,584509.2067302442,1.6444900496632553,2.308815458443603,5.46067813815197,3.905573725978503,0.7625939643129237,0.1374105003891963,44.25940923989637,31.67880943624632,0.8840564643013956,0.4947546194387491,2.777119094308607,1.9167911764354109,0.5906132598924935,-0.4067045886984419
299000.0,1.0526399818681296,0.9422695952982008,1.1577412290411735,0.6028945868452751,8.315959498851596,5.823065546094572,0.4685299360887371,-0.8046770952604749,631026.5243517079,550568.9486600874,1.3980360362387148,1.81305328122557,5.205406563918012,3.668464836505308,0.561050071120715,-0.2224497998181438,38.58382849800285,27.73847958591746,0.8090893545594111,0.3791165897074764,2.616939214947339,2.102368483829339,0.9122338368758932,0.0208582143432325
299500.0,1.6092362166774206,1.4796839247327738,1.3490516585176937,1.3172547531956402,8.784271705509441,6.281587201824915,0.5007833532773128,-0.7770791613878116,770962.5287636752,705325.1308576113,0.9990528901177946,0.1040765489346711,4.854966366559854,4.346237124542758,1.434844009705436,1.9323700493867308,39.89082980707016,36.76442373753045,1.5078300726818628,2.0811236380426816,3.226821263292734,2.4417323126618657,0.5340855364952368,-0.7619448304546772
300000.0,1.8497509553992293,1.2707865322896117,0.6512834719106694,-0.1490659273241776,8.747263065447617,5.977738840435515,0.5747713606634555,-0.4994521067715372,981238.8772836324,891214.2808777743,0.8816760253185987,-0.3551272813936723,5.260794602142561,4.091329062578716,0.9374720353993296,0.4555861315012062,46.07333487725384,36.01529066510482,0.9144780227844987,0.2460412136856482,2.1872439152066288,1.5382647179604336,0.743437072830458,-0.104312310432499
300500.0,1.8437168533868864,1.204802524587374,0.4232092274975723,-0.6141280626710874,5.764508077447077,4.576135997019223,1.060189171508975,0.4919749504698574,841912.376936632,766449.4627768426,1.137923488977834,0.4680784455711424,4.819108205902383,3.5055764868661075,0.80331680643404,0.1379418281752911,42.97871999600777,32.37794217271989,0.8617705236131964,0.1111444769057823,1.473451460627957,1.1509053031487757,1.134864351954776,0.7500965612173469
301000.0,1.7072421904233557,1.3269209541895777,0.8870713220832644,0.0061466005313826,6.177728665859339,5.488342526529567,1.103694170453141,0.3936176326983642,961839.221359049,771868.5847105742,1.055505965527694,0.502464274867779,4.983631764510601,3.752150392846976,0.8514287836491071,0.052231626328989,43.423820744223015,34.682975517603055,0.957287909036698,0.2771699898090154,1.773643038419143,1.2179601440925298,0.6353068295222691,-0.2982498860201859
301500.0,1.7175947776804066,1.263334286433468,0.7566913974303264,-0.0800209198794124,7.773234314305448,5.806430288829092,0.738836812470632,-0.3045179375297655,1093595.580321042,840173.2555217267,0.9798147505215076,0.4102583706511438,6.853731568859284,4.434150389274193,0.1694725597906412,-1.2091985170945871,54.90027756348346,35.91785555998308,0.3170714310700325,-0.8604421973503844,1.982102259618851,1.6529080323949317,0.8930923398471776,-0.1177359689644439
302000.0,1.936760899551619,1.161531780136552,0.1257409960113391,-0.8566218083262354,10.301035246135497,6.144051052440984,0.130491401872823,-0.9626645713447132,1220482.8785664316,863500.4845346427,0.5988887839636663,-0.3971263237144828,7.331009594199943,5.046323526226938,0.4176090851351754,-0.9098515719420376,58.99252245451039,38.5116588268946,0.2212178304866478,-1.1391759753061137,2.2353986658163043,1.6724876634049872,0.6048375815172934,-0.8165235225676883
302500.0,1.2914935013174471,0.9575998069256448,0.5835710024704396,-0.6073146140046837,9.52141917906805,6.017299223668388,0.3348400356255616,-0.8802578738758404,742922.8037468068,514399.7276969233,0.520840407182418,-0.5753800190879512,5.186413715751174,4.489103817397922,1.1104459835655442,0.5267616459005251,40.54556056423664,32.46406875008737,0.8993699631490693,0.0739651371919989,2.896908275990366,2.0495734842511664,0.5492098553298721,-0.7347107919766058
303000.0,1.6313612265468445,1.2981095790548862,1.228730885487764,1.716907210829711,7.685574875407614,5.854986707901529,0.8773673974212443,0.1604536720807123,546158.5519791972,439878.48844845954,1.088406543963045,0.6499725224505832,5.114785964263203,3.8182544997571903,0.8291459692383121,-0.0845583623319785,41.24672738187876,29.113086897701223,0.7388398533132619,0.1578483231581646,4.164292801979888,2.8519452943129493,0.4546631631538724,-0.7235793977842615
303500.0,2.325311819923623,1.7906266673002094,1.0552299033420938,1.0158586384154198,6.423935893705684,5.341090025990351,1.092920660223972,0.4820067395303726,709910.1955626216,581439.8901310975,1.223008176681068,0.8378298819437799,5.235559444082628,3.9716351698134313,0.6940804961878995,-0.3992492982820819,45.24868080420502,36.97143091332137,1.0021666136393996,0.3805691305411263,4.715039712712129,3.3852858483071264,0.3941741861222715,-0.9404164058887052
304000.0,1.4829276614642273,1.060114316460677,0.5139466506973523,-0.7726054029492762,7.603815970066313,5.975725085793241,0.9698763715939508,0.1496413664733755,600791.9043237838,481207.05395194073,1.0505393174204578,0.6344270596275892,4.788669816307892,3.5359287270394373,0.8008714745798237,-0.0193948201731983,33.640019126905926,25.69265443345548,0.8764066119170019,0.0765502605398604,2.792184089275452,1.8996670196591496,0.5808613886389643,-0.456869344954339
304500.0,1.2676748038682126,0.9976445939440426,0.875416993898705,0.0489494599543638,6.364793555870188,4.245241921515406,0.4544309813489097,-0.4727249542266709,734310.9331401418,549929.4504427342,0.8970740149020351,0.4431965520148773,4.820712124706537,3.669322886953959,0.8810153519487575,0.2350719776766836,33.578276520642035,25.631477803793576,0.8932296018042041,0.1193919454931462,1.828248233221893,1.5948404710092057,0.973113293463634,0.0090373511763965
305000.0,1.824087232674764,1.3272561729934578,0.5336766815278082,-0.7187892682591968,4.993530734086367,3.718005346897761,0.7167419044793557,-0.3099226257418164,935126.7787169724,736844.6962409798,0.810707029097878,-0.143290808952047,4.72613403856244,3.165044760225421,0.3858184603391391,-0.88222754177644,43.00674146788848,28.145452699275022,0.3088038085269079,-1.001067417898156,3.39793396602225,2.519080348766384,0.6136770390108257,-0.5868977016880299
305500.0,1.5663748701206233,1.1831081831171015,0.615481519411429,-0.655077233006697,5.728504732078589,3.691916957102209,0.2649490675775567,-0.951494065692524,985081.061499763,743341.8214616431,0.7796176413958352,-0.1696176480684221,4.75660071982081,3.168700069472595,0.4115567271212145,-0.8821424237460027,40.43275109575431,29.761403870514584,0.6329151320581401,-0.6223804972808451,2.687573862053053,2.334697761102385,0.9853171907321592,0.0572413875735957
306000.0,1.717158457262803,1.2141409773934788,0.6202347428439523,-0.5892060422772305,4.133507755383664,2.7764005717115183,0.5526428650449158,-0.2295083155464086,1121837.1413400858,718738.1229770023,0.224001742785519,-0.9581097719302636,4.914041248466341,3.695126688499721,0.5531200863543967,-0.6686484413065137,50.92817749513683,32.56049950791196,0.3275476611938633,-0.9883200185535808,2.945781721464141,2.186369863449608,0.6711068862878803,-0.4330688192236351
306500.0,1.4137797500937157,1.1732328990172614,1.008757622586875,0.0622019350013025,4.528086167703144,3.379778049773212,0.7143322630301303,-0.1968501372004878,951726.9930882264,750695.8844096721,0.6641619034191982,-0.6299022014413067,4.609107620722507,3.3084781446378195,0.6290243115025409,-0.6015239928011256,41.531020464753446,31.039138695547493,0.657677771960458,-0.5005307577888263,2.6117382691295137,2.1949777210225028,0.8481328451752931,-0.3155697956100831
307000.0,1.5999547252063784,0.9923096605227032,0.1937165151064743,-0.9475022020381684,6.543789645905576,4.816608499828542,0.5575069349613128,-0.7775914734209461,1027640.4277846344,764209.4082341559,0.4942549492610793,-0.9039564740870856,4.758494032077312,3.415644293069435,0.7457790690393109,-0.1549315511016082,41.81538471605975,30.021724178719477,0.6850481623717872,-0.4025573227770058,3.5126057628664435,2.3404407359174844,0.223442678780648,-1.1040604182170224
307500.0,1.4380054981579216,0.957809061451349,0.4341790734315074,-0.6738144373427368,8.137644833188416,6.014775855438172,0.5968336795853908,-0.6690247887088332,1095847.034905505,750470.6286205582,0.4133964005700151,-0.849778685368419,4.063321614404424,3.427451886113001,1.09612056137431,0.4757142179601494,36.89723250653394,27.07452783768397,0.8489852138128472,0.0728552565050248,2.591282215800622,1.8795683216362191,0.4941664650245742,-0.6468082857764079
308000.0,1.50939426074307,1.109581893538062,0.7509127576383231,-0.1867992715897855,8.21516967616288,6.841277563384239,0.8606156178062571,-0.3311818646440461,1091359.2326510183,827385.6611947543,0.8986924798530641,0.3991172226296591,4.030331767798409,3.3743761159722405,1.1539916173916651,1.0027946738466893,37.00507030903226,28.785851945632764,1.174993395779118,1.6563472512671602,3.0057935437132723,2.328878728471896,1.0453619279778894,0.6197909571893776
308500.0,1.5807104161301346,1.185873882424834,0.7724523256859533,-0.0516752226141341,8.836821293795483,6.986761081805745,0.8669889364623635,-0.1618692718989285,1205304.7242608485,916752.4959723492,0.7544180787149921,-0.114130694698606,3.7024383292054543,2.388329284761216,0.4949189139029387,-0.4976341236183939,37.35162214431879,21.955407802140957,0.1606031848006366,-0.8078729884573734,2.923829716407595,2.650908885678549,1.2680735090317408,0.8979130061996883
309000.0,1.3493299667763357,0.8360408216751315,0.4021885813160429,-0.4939739596058752,10.959469506796442,6.608175162180841,0.1186551342376194,-1.0414433184279597,1037968.7190753795,665204.7792102759,0.3432019343476581,-0.768145324481841,3.0588693087833034,2.233320767067152,0.7280535009236844,-0.1706101841035883,28.91010897114765,20.125269418270005,0.5888955735323713,-0.4146563714383093,2.589693596245351,2.029122673217573,1.0640860034908606,1.0007051790102546
309500.0,1.4086451815955838,1.3380173094618375,1.456814245390645,1.8703581529530444,9.117852790085497,6.700831558924152,0.8661759312030595,0.0614706888668856,864948.1500466834,592323.7852669591,0.3872812661300387,-0.7857821769671722,3.712754614797325,2.3119595315362,0.4952766925364829,-0.2104389223091805,33.7830000372293,24.476086829218936,0.9208657335198596,0.5505622567168156,3.777071541565444,2.967633122684424,0.7686794392905556,-0.1702627045486173
310000.0,2.9250226673745794,2.3490730696938646,0.7866986386026754,-0.4717949179058442,11.117185385679475,8.765603613550528,1.118778907893331,0.8500441735148789,1022663.5898143958,811617.0567364704,0.9868273706643288,0.3639922228879988,4.517169402112303,3.240596835112061,0.7990110153254852,0.0246752337109024,46.63737363443743,38.25040424111247,0.9107816039576256,-0.1064873085276958,6.803975129798073,5.464566057673532,0.5774795421963685,-0.7855924761686062
310500.0,2.543889739352845,1.9837431898543936,0.6960307701389536,-0.4760354389348489,18.01420885980488,15.017872612381796,1.0521968264931316,1.0059008610384073,884875.8739167739,751965.7896315838,1.2154976168257476,1.0964785517651006,3.454776869911781,2.772401042261235,1.18141693157213,1.2216718659423913,36.709112650762336,30.479548079490247,0.965324985132567,0.4914864931630145,6.2182913392274575,5.268766982707035,0.689995654974957,-0.6033862666302627
311000.0,2.133575145350876,1.400567566918551,0.3125100222406464,-0.8230482194542152,22.784519792513503,18.465884417180806,1.174674669594154,0.967730171673998,747198.5333168944,518659.6465378376,0.8601232592714306,0.6550051814792135,3.402444882030065,2.9702916724319497,1.6222420351725504,3.008891979001296,30.413341531673016,20.643171648981617,0.9740165030413528,1.3123643051150369,6.191480708392857,4.638116785719936,0.3753506545477907,-1.1633465796577915
311500.0,1.2233503760292757,1.0092742494435838,1.0412452638963683,0.7454778707954461,20.07591936051641,12.95834228924194,0.239496785103031,-0.8887733925423111,706927.3025823842,462221.07026218,0.3576404857668205,-0.6612926075353607,3.2637258052235727,2.424689339694855,0.640003137697701,-0.5428835147274285,25.392024302284725,17.624283111461466,0.6722282533541584,-0.0850589474654004,5.218038664765261,3.905679352892154,0.5258625339918555,-0.7577199145926783
312000.0,0.856372899583888,0.8122134290781072,1.579027479992837,2.798968720961688,21.86094787711497,14.387526386495589,0.577180469185482,-0.5535845323491504,628040.5801033347,492354.0181605816,1.167113544755617,0.8541091137041263,4.079550593511874,2.728476729086213,0.7316674337762489,0.0825585870808285,27.171967460589517,23.21585253113497,0.9695246521905416,-0.0096557190151713,3.915630517466576,2.813144932896474,0.5900826876720796,-0.5144331618149924
312500.0,1.7358342614400115,1.3509944191009151,1.0137222628229166,0.7396666216678254,25.06309740555803,17.92811933096973,0.6342121265445276,-0.0336230949580209,532581.6295005599,442858.3059572864,1.1026309836276718,0.5507351487784478,3.899184928556218,2.480437994780206,0.4834609921780992,0.0195550256909728,29.625115881582296,22.10636686919402,0.972193740112506,0.6436803356622973,3.852762502979051,2.9287530032982096,0.6517945967199467,-0.3882715225302604
313000.0,1.6395181184268124,1.575853260548622,1.3575804964414973,1.0870607757945088,24.84811182595445,17.214553210147177,0.6234648148513804,0.0579120137350637,633025.7094586758,452756.72301155946,0.7920281395006867,0.0954078968778886,3.7385464602519978,2.806175048923949,0.8327344140177118,-0.0458382724060841,33.16777955554914,27.387196788627108,1.1333975268432688,0.8825080884911567,3.694377946215624,3.1085128299387814,0.7127838050628696,-0.6607587535167303
313500.0,1.489430853029108,1.3318158501452566,1.3365846063585929,1.0523005894132718,15.935370230674662,11.488727081305804,0.9379041556008076,0.7366962744956851,766324.8523200109,549767.9796603884,0.3834124041515629,-0.9907331692659538,5.642925746444807,3.709192026748888,0.2930948669519813,-0.9987398512045976,45.2456243943343,31.784786816171813,0.6159347413064459,-0.4290376529367283,3.5533424308654897,2.588930260629477,0.5380498335987732,-0.5052214603232588
314000.0,1.016672240466471,1.021243445773349,1.2284029260006342,0.4697666043854385,12.179195304929808,9.691260047139384,1.0138544065156043,0.4810644580807901,891863.8191062117,608678.0673715929,0.3638840434648366,-1.0143310183328085,5.272298326152945,4.045236389331149,0.5654523767723573,-0.8100889214558054,39.17961151459357,34.05189615618789,0.7495706135754814,-0.6231355658698918,2.7077679866895794,2.138486645135621,0.9957930289551552,0.5739732843531153
314500.0,0.5901065788308085,0.5323408526397195,1.442061521207617,1.693757455692647,13.31135281066207,8.741435701709705,0.3461006820351415,-0.9017944600987136,535174.201642817,424063.8789876527,1.1526275748508656,1.3212025809646093,2.898080327164708,2.957101814952776,1.7922973108321545,2.9512953125062253,21.42577761811631,21.225163676912054,1.646912229957398,2.404149666732964,3.119284277625435,2.3876194835473563,0.5766222427184188,-0.6685613818602056
315000.0,0.6776802803084148,0.4360122240219659,0.7097985309598054,0.4659873159389796,8.386906344588906,6.010114208070051,0.5179698029762604,-0.7101338120310894,549729.933078381,425193.17499780265,0.9946630594981872,0.7511106279393291,3.063835402532668,2.540981984721038,1.4260687316016467,2.2740803712312525,22.34634390133685,19.0268469878701,0.951077662227675,0.394676263326895,3.558125174575214,2.48638624477077,0.3443792347916756,-0.9462362680831068
315500.0,0.6180221616418393,0.4156937568110885,0.5728864540785852,-0.3303988686191079,4.98380006279737,4.137826372516947,0.998397228553367,0.2835897867045518,545710.7095061511,430316.42576318834,1.028253832678456,0.6449711371229516,4.020574096955527,2.736722271734344,0.4590562153102854,-0.4985671325982963,24.15824345736318,18.979640915040918,1.0330722351068915,0.7443222520277928,3.6436544373980007,2.3458627550169613,0.236181385679594,-1.0570030837536482
316000.0,0.5074984368788181,0.3831173354795779,0.8085739731431727,-0.0473419558320076,6.437105481370152,4.495820033922309,0.98996462959403,1.062227982428353,619055.8019134668,440887.5626444327,0.6088497175648087,-0.4864369549476017,3.158149921670744,2.3100568354429827,0.6247930874912346,-0.492720776120108,22.559327745802776,17.132939140159507,0.9385105635944228,0.5366148271854585,3.2344679434520174,2.1923159376554264,0.3567984673245283,-0.9719437900262902
316500.0,0.7784578065405033,0.5482198925882975,0.5868534185284955,-0.4506056495778177,6.077023557044528,4.4534865670698975,0.6770487078677816,-0.4312553447820582,766780.8639066147,654666.005653752,1.213622194834885,0.8857994250811232,2.8268549415394846,2.116081469820694,0.8299804851654814,-0.0781358198263681,27.55181777794753,21.91163025258029,1.0448282566856557,0.388995191543779,2.2806389354494274,1.5579751937690274,0.5064326577514484,-0.7026071525994677
317000.0,1.3623590370552427,0.9161909924684865,0.3130866386208379,-0.8898145213905662,7.799811926500308,5.192863167074158,0.4290273569303749,-0.6868920587696219,753259.1537238406,689979.5145840439,1.2262424166294328,0.7654233974113827,2.6835047021303,2.2090069703810093,0.8502718758792588,-0.1685073004170503,28.36183525755862,22.96905335546765,0.8739595502844573,-0.0059769992482014,2.700473788821536,1.93954687812529,0.5283146238093945,-0.7186823349437321
317500.0,1.423870548378462,0.9348082734510428,0.2964104016614027,-1.067273360702352,8.205935464512539,5.675152587886376,0.617109024649668,-0.4472304805869247,544178.901894902,415847.7285245416,1.1994105217832658,1.4241206517688845,1.9309615612697608,1.5890201916378657,1.141003259519899,0.7644338403940236,23.82585862984884,17.12411219616095,0.773510923738223,0.0197641755455593,4.090460060951473,2.71629482471154,0.2435757873225232,-0.9326373553861104
318000.0,1.279649075642295,1.090918539958438,1.2854000969764152,1.3109847795759206,8.362576630551185,6.0556864992732615,0.5751426610948486,-0.4842574780947579,626753.6224747208,418537.5873582545,0.4928442860561512,-0.572406052081972,2.030756623181333,2.4984992746170587,2.106442931282253,3.963447254937071,23.74329552066941,22.507897117302303,1.6100411563719694,2.387746660415785,3.709435835212901,2.4872081434369404,0.4841814918038106,-0.4090092014340931
318500.0,1.3430900955241298,1.613866231130635,1.9075710926034717,2.809095140312686,7.425355123242394,4.581496154963196,0.4274832411969849,-0.4385060937676348,737151.5123584754,594239.5923734602,0.9270942613109492,0.0984209492329752,3.276383641891225,4.101829736761243,2.0300498241553133,3.338572468259509,31.112170489176467,33.695427436779326,1.9567094259268525,3.258774935648826,2.285421739157341,1.750006266247012,0.9704291223204332,0.6628559786232993
319000.0,1.8510261757645847,1.9489572143224811,1.383393644122058,1.048185706919206,6.508772294568004,4.352207345431863,0.4237044125494708,-0.6853403000257465,985495.738019612,728131.5453804994,0.5998851586036986,-0.5783852578503419,5.393682781487684,5.0484208979091525,1.358636384624674,1.362878520535796,45.23486779415362,41.06694789567666,1.224472486926138,1.0012607965800375,2.3495579507662536,2.0794408813889365,1.195636550290475,1.1604597890118038
319500.0,1.6482647052479762,1.764198568711602,1.3633950659031815,0.6856864736688575,5.289072093290117,3.837627822641168,0.8399534002103614,0.1563080194239217,869403.0075329981,656290.5377824554,0.543133909377597,-0.8569478900777767,5.278276132336622,4.80682400801943,1.3283024254260505,1.2000681494095264,42.798274152773466,36.06179791145992,1.0806796741413365,0.5044936314981614,2.623397476331612,2.108373798237723,0.8893307878594726,-0.0257781842019069
320000.0,1.6730490282188253,1.4636110514237135,0.7381639839438071,-0.7012012354335346,3.5224035497500306,2.7117157413535637,1.1293524152648091,1.1923605080310231,698930.4074953975,599479.4081198348,1.0454007614883942,0.5585084323299614,4.87068794257517,3.910137284074136,0.8322668859309809,-0.2530426234227625,38.77455966186718,31.31839590066476,0.7125801408628382,-0.4990179568798019,4.509004110733187,3.365906114031521,0.5979956243792041,-0.7432629607263266
320500.0,1.861663660936828,1.497711080488934,0.9026462349046578,-0.1150819450095217,4.37490609295824,3.194763492972903,0.8995978578050756,0.5724269371083257,841730.3923793399,842352.4870016526,1.332406347601205,0.8138734317030263,5.936004533326243,4.719223830339555,0.8382804027075548,-0.0901401249031783,47.79119019735942,42.49916999152977,1.1408188820336422,0.4786335020535968,5.187211156041756,4.081312662870901,0.5988482744584626,-0.7941019796471913
321000.0,1.5175613647277164,1.2786345816437703,0.9646003696837993,0.1762132155573006,5.081007474304939,3.857466163287088,0.7284516223527275,-0.2180978621048068,736258.1420891786,739484.3371645912,1.509264923730102,1.5989607522546423,5.50871585366624,4.527008851239337,1.0964175441572288,0.6286787964062541,41.59654987586763,37.628287307193794,1.3700256396843613,1.2692855976205903,4.948443334758729,3.764941870750826,0.5010213662314875,-0.8150678466266839
321500.0,0.8469000551551034,0.6544024504532522,0.829577344762708,0.0503404263105418,6.570117750386403,4.62704355472813,0.7689338231116252,0.0959445489198254,569828.8113963899,531745.1410858744,1.3995341208212262,1.3885577946201924,3.71461631471368,3.1720977468976344,1.0072003947901564,0.3881076960939125,27.281829028727916,22.056787494880083,1.024432184127835,0.7238793703778095,3.47614144111186,2.506222773846892,0.4686907487915271,-0.8126604801190216
322000.0,0.526418154761214,0.412488093851505,1.236521607960858,1.8977788790511507,6.154628067486086,4.226643052713754,0.4015600932589872,-0.7997640880888719,527473.6482460712,485793.771552468,1.136380461415549,0.4336398282891158,3.1970211175601206,2.5082657678316647,0.7688347651205263,-0.2370081982156708,22.061617052257247,15.567862709044345,0.8712112297941131,0.8653309385376482,1.7594342498168498,1.4123403704198587,1.028180749431391,0.489469859655296
322500.0,0.6004179143797508,0.3975720762550599,0.6294885825597473,-0.1860512245259022,4.446791931461676,3.092768571716461,0.5211358664001662,-0.701087607490944,602910.8377162011,534796.7138707892,1.0831048412136128,0.3769526096430975,2.9540114763764715,2.1434795549111296,0.6294865632562991,-0.5602863553891746,20.574130706997103,13.62290251329392,0.3844004881292695,-0.8003495933517994,2.003754389294898,1.3156587742741634,0.4714530894761445,-0.6075528850658354
323000.0,1.1988679378103948,0.8314553784348866,0.8006335438010452,0.6490916358996115,4.822714901248849,3.1198157763959173,0.3526471653629509,-0.7953751488706309,684823.9828821133,584751.0653554162,1.1929395870700148,0.7411820523720904,3.9543248827844977,2.648338741639657,0.5459069840183928,-0.4069096654960673,33.01867182761171,20.866758529026104,0.3500962501288258,-0.5544939305895711,1.9397529696864937,2.186286339475356,1.9970077055242208,4.161183837749422
323500.0,1.9168197486882672,1.3046549848905673,0.7107536669569064,0.6736716836400545,4.723168716985133,3.052896483273507,0.3414577326730361,-0.6820780143202199,871002.7425170057,615277.0949520236,0.631917938509865,-0.2429903112036022,5.491752297551169,3.655763337184634,0.3223413767029927,-0.8271952785756653,47.210716312404585,30.951076980026706,0.3465695972257399,-0.6065864976238169,2.600905063146499,2.134817669759763,1.3270624510394868,1.7769897818331462
324000.0,1.663689390230908,1.3876615695044814,1.2119661485995326,1.4834949465674692,2.6519154303130774,1.9306667904644803,0.6242968863523861,-0.4289390659350984,794258.9967845685,576853.6220725024,0.760604500040701,-0.1431809808027777,5.157602118200726,3.703657921434626,0.6032866788582681,-0.478293366507343,43.18434564050492,31.4575207369126,0.7795555552391602,-0.1076730973512858,3.461466711315809,2.488570965460311,0.3750811990327102,-0.9590568727581325
324500.0,0.9871449148987076,0.7986312065839201,0.7181077764790291,-0.5226369612223518,2.841389989701148,2.4188118597128367,1.2654429836981014,1.1898743016654345,620685.3244455468,495528.98952913855,1.0839482774845552,0.7206678463589857,3.128597072830193,2.1118797679036594,0.4846503849072183,-0.6184852278686015,28.52589024080729,19.56374733530116,0.4194371638723285,-0.8465045551854158,3.802916427977204,2.6029198391807205,0.1772910002991598,-1.2275252422332554
325000.0,0.5916544874600805,0.4813152789080985,1.1135520810393114,0.7453422348289775,3.672708229645739,2.847574178712076,0.9286189003471108,0.0770376598402999,723111.7231985327,612104.537753063,0.9364289560398784,-0.0029062379339941,2.4844761739560486,1.660568590743777,0.4542031383780712,-0.5925394296754019,23.78954495124613,15.68747938804098,0.2367278886202136,-1.0862063217485889,1.9541864021489377,1.8149292773080092,1.2147420879462796,0.6104078056833737
325500.0,0.4220338491615747,0.311893880465191,0.8981071243166857,0.331326641157176,4.6836364197936815,3.9884201874419207,1.006384700412562,0.2831644092080685,685106.1208730687,476110.9720402989,0.6368022150332329,-0.1645664590770303,2.125869212236972,1.7382254141427846,1.085007536364572,0.5535010397973874,18.780436070638164,13.723982740948394,0.7758757263919268,0.1238117358419805,1.717327543438434,1.31418906350954,0.7043306978305135,0.1706292783415914
326000.0,0.491303259087709,0.426400742761129,1.068504048316558,0.3549562652756108,8.368052388369716,5.874408757539212,0.5057660264648985,-0.7078786706362399,746762.791258148,468988.32742980175,0.3490999959441468,-0.5959540327922048,2.9812157109518407,1.995412898652855,0.543984486568691,-0.5356293552490277,29.69304747751169,19.01907985582276,0.4441737306195301,-0.6270113354765741,2.3283729932288297,2.199580763418812,1.7243907262923992,2.9243930175733865
326500.0,0.4406195214894903,0.3669362235546868,1.1381215808884808,0.9436553462449236,8.387786915160358,7.009204061568614,0.857235290011414,-0.2776007534382945,586442.4382485953,405912.7160803378,0.5996526423798281,-0.3993622452914902,2.65461913304657,1.8051177028279943,0.2764139925140713,-1.1293364288622163,22.527792303259343,16.136674878165184,0.6010119548704698,-0.4108708547459745,2.228797377518607,1.8342033291290665,1.0052564429516635,0.3278986512619872
327000.0,0.4200711778926896,0.3047850925099477,0.8447730897879859,0.3182289041576411,9.86390026487955,7.081919853590247,0.4736920742628407,-0.774185867707911,630067.9582541735,536248.6269201956,1.020461216757469,0.185145615309703,2.0617152296566954,1.4129540729789924,0.5976181628499815,-0.3264818693325626,15.093736356397944,9.333155792849327,0.4082814570729935,-0.5603273773920763,3.4120649467521065,2.279893053277694,0.3504122236159671,-0.8932800159182555
327500.0,0.6231103244258599,0.4950444966600918,0.7665570197297659,-0.4201980663516313,6.254396795772486,4.41598123530493,0.5046850794107378,-0.7258462699670858,672894.0123148791,494836.39914094674,0.7901706979050926,-0.0216335044453002,2.0209519828320683,1.6544264255234933,1.250842734079832,1.256617172052306,15.562023972287149,12.507845381251018,1.319960686473606,2.5962615724645524,4.274974571651665,2.922889966350443,0.2247572870826105,-1.2410513694456702
328000.0,1.0299277267489744,0.6979816417385776,0.7027027321559615,0.3366131869516242,4.141274464965855,3.292502512240914,0.992495980975623,0.5111209356864608,754277.2026593267,517796.3759583429,0.6980628682443925,0.1339405580063575,2.7799895409887294,2.486396884821054,1.5776700993795274,2.4861468318745805,26.57659476200342,21.920894381068017,1.5102494472465533,2.7235839251158174,3.036657753665464,2.6139701213687823,0.9415148436977836,-0.127847666785478
328500.0,1.5710178523218692,1.4079493063766255,1.2645021340967366,1.2812471532625604,4.0229868559032855,3.2470593179470635,0.9920858157841854,0.23953105625902,997630.5188039488,891864.1152298165,1.199748931100362,0.7582626743793162,4.860769191543755,4.707935188739146,1.4086610894439078,1.4507817211523468,41.96954649653678,41.68019026147647,1.4128723620029384,1.4739979774905765,2.5224023314501767,2.098001154568145,0.9916153871117026,0.1193286521209948
329000.0,2.264345300684725,1.884942331065232,0.9285360502265548,-0.0357229665298652,3.276729304882641,2.530343634820193,0.9468318778788491,0.4800066712160804,1053327.05551247,1027795.0928082603,1.102860249863672,0.2529487170975963,6.632028116668093,5.528402720500493,1.0486909062871466,0.3314121125842839,56.89739476001749,50.120149657024825,1.1268067547398082,0.3833828769537923,2.797232376688393,2.071694655851705,0.7623670660478493,-0.272306016771382
329500.0,1.6551949285683123,1.30139391620181,0.9599536379588272,0.2144609102650418,2.451475407931922,1.9027522295898405,1.56647959152388,4.246503631758117,748919.0938149568,601750.5574011505,0.9298065800364552,0.0513547192353711,5.172845375521988,3.5150838491302947,0.6289327199245207,-0.2871324719608781,43.29851212976871,31.724147185181984,0.8023488977746646,-0.0315168531804723,2.74531719794158,2.055003323135176,0.4978399282154052,-0.9768192531686664
330000.0,1.231467519975283,0.9625346037194036,0.7207107941177445,-0.3627544670792013,2.848325411850845,2.3619692212834527,1.5289661989217125,2.674050111179448,645514.0850998111,473913.044816026,0.5984307264601183,-0.6143020943507178,3.633839601825348,2.4301306377368856,0.4020267262664318,-0.781271200732101,30.938807501761403,20.15160570119504,0.3040592404410697,-0.7985307025099218,2.290913221694725,1.7110824800330464,0.5617039082737364,-0.7359062813167552
330500.0,0.8977870048499669,0.6679736985234328,0.804284686101858,-0.1022926247045563,3.4690157597817826,2.1860708661658053,0.5060739727336664,-0.1711171269608473,814933.2813920508,523661.504474169,0.1928254205249886,-1.074455746204343,2.701660970641315,1.9282808047079532,0.836918564276878,0.2065697674525046,22.36361749238097,14.246971754366047,0.3651619489767523,-0.7995831718909678,2.055673895850637,1.9820033633171807,1.7182856696691786,2.6142445884473453
331000.0,1.1982172671806235,0.90913197715479,0.7007163415396899,-0.4588977266972511,3.960730253371838,2.83454283995538,0.8068440442003088,0.1511984266462183,755073.8328353129,514710.6650513966,0.388260994065642,-0.8698706975033117,3.696341370970043,2.516419539878726,0.513560873584164,-0.5291733961672547,33.04357590766854,24.2186098264288,0.537721770635047,-0.8162597218142316,3.298847779178028,3.1954435159446835,1.3589632333766706,1.039712529952216
331500.0,2.196643751505873,1.503383571018284,0.3166383244513698,-1.06631964380039,4.595886647254764,3.8783463192673424,1.204380770705386,1.00145798766754,1002817.6258266716,709545.1153681321,0.4443752862085555,-0.7691450223414567,6.512290033044146,4.681770701785748,0.4996022033975416,-0.7302959228537764,56.52330506397728,40.093996090394256,0.3676549576963996,-1.0993744905885556,4.970742813098781,4.293015967325142,0.8475233547324132,-0.4247743145278271
332000.0,2.192784866942563,1.6802625786286125,0.5271927019968343,-0.8062170493115621,6.111198236583077,4.327044533251869,0.931503057623706,0.5611381647516169,1135716.9456411595,908473.5400967367,0.968214513585083,0.4552011099716435,7.27961177144728,5.796210911447976,0.7623380476829081,-0.1848749154724265,59.30358733483856,47.19155752244725,0.6757894960237374,-0.5354788457206903,4.426597036724831,3.71492270240863,0.6860953220271085,-0.7024478781120234
332500.0,2.1986879713909864,1.5670714390540783,0.4916626940765687,-0.7717092846854956,6.410051311443137,4.717751094756064,0.6187597599206228,-0.502382954199879,1387487.6622278637,1134310.8980680946,0.9013142583896108,0.0765443365275584,8.714949773203315,6.69536585339935,0.6410543473353645,-0.5532507392633814,70.25032578847635,51.98096169823121,0.5416457864793428,-0.7571879326546598,2.5742979972818056,2.0955716719523028,0.6430029147086781,-0.646443461626089
333000.0,2.146774103996438,1.662982280399478,0.6924356109606723,-0.5094698734355658,5.273700180286803,3.790463684842444,0.7051292183279577,-0.2566058022853239,1235395.8336051954,863222.7981376643,0.7495162358858714,0.2724027620731775,7.909254787684279,5.586338477915723,0.4959779537151799,-0.4731953209241051,60.786338679904425,42.09926752763637,0.4636034824693401,-0.499938519035191,2.813773161680689,2.2321850613853638,0.8598883906061363,-0.0213931914976144
333500.0,1.840893884953778,1.4278607548325288,0.6506632404394616,-0.6550455939153004,4.635400062198642,3.8224894654672954,0.9028240194718132,-0.2361123612584621,826958.0174781554,598216.6228370216,0.7891602012384967,0.1528708165376464,5.1626962838809085,3.773528523799894,0.5528325341049464,-0.717868817907517,40.39177946722689,29.64590202603937,0.6108008322553614,-0.6471739489196731,3.885021014337144,2.871179850318924,0.4112544936935838,-1.1185908936413167
334000.0,2.1294831968154284,1.5836858707511925,0.8860238568258567,0.444394837952669,6.191106326249111,3.8289421695701815,0.2149386343807807,-0.919740447145192,951220.627913152,866676.7459740174,1.2879197664112874,0.9968748116017956,5.700119641774078,4.841017698506733,1.0210104351899167,0.51591895078487,46.620014644250325,39.86662573253746,1.0393285136334414,0.6018920091257511,3.451311917483203,2.6275363398878486,0.5726120390327893,-0.84552199836713
334500.0,3.139446471257316,2.776508066983177,1.1363347548454827,0.534465444927573,5.426871424806647,4.29881149049737,0.8530881118270005,-0.0665248260774231,1415970.143085925,1409571.687803924,1.2168329687047912,0.5678425691938611,9.377052248698268,9.277555837034717,1.267961290505159,0.8135055720875362,77.14287531271019,72.35049348433742,1.218297039209559,0.6614479568690594,3.5294901663256844,2.5671969616922383,0.726590575385814,-0.0326894342909276
335000.0,3.687436495146125,3.153221747702043,0.972692720007548,-0.0263602515181622,4.933359677525259,3.9500957006391135,0.9827096676688064,0.373071922615122,1708401.5959228862,1613009.175543857,1.0824282181778209,0.1352499783327072,12.194650302818124,11.47948746262896,1.1927434712805018,0.5548849902839748,101.7108479473586,87.348407936431,1.000111479203579,0.1449404404031367,5.124697022848566,3.395318114668345,0.4131346611358349,-0.4243133003678778
335500.0,2.887383558197855,2.5431289146730016,1.1379392150537204,0.7099393106780001,4.278084220503935,3.222274725042379,0.9111201583838652,0.5716662452670742,1303716.1582296065,1356845.4157230204,1.4087670120907536,1.2277617978837734,10.293455901148116,9.85977712794682,1.297574440800818,0.9602995825613884,84.69120696707326,71.96913733729018,1.110770483390689,0.6409987504043961,3.482766706146744,2.682694547868122,0.6128892111014625,-0.6934964735844535
336000.0,2.889418272533499,2.27130468266119,0.8526569692913105,0.1846114653833983,4.666249338731738,3.243691481384734,0.5573770155485389,-0.4609989969809014,1483621.320729323,1150156.5515618804,0.9658451219670348,0.2719820683568983,8.559376756647271,6.655985888273142,0.895552098864476,0.2008279865053266,70.50256148273814,54.98848551385408,0.7657421395240649,-0.1515437772762697,4.121940564255927,3.0237360691625588,1.0674230181875977,1.4930176670242163
336500.0,3.734923894145732,2.542271565504998,0.3874736797418562,-0.8997362206552841,5.605595661157354,4.531964226947398,0.9376576207593242,0.1163965711847945,1920845.75688696,1338087.6152778843,0.456110130459727,-0.682331435966363,10.616976798479804,7.364577438855618,0.474405226849648,-0.7031583385666207,92.31399787909436,61.89233828290174,0.4478658229672906,-0.7297417872266689,4.075879666299125,2.7961546443812058,0.4947928691127607,-0.6633312251921257
337000.0,4.276122210463721,3.253727004279749,0.5123709984340529,-0.9951855770526596,7.665036198520156,5.521743930388417,0.6050192903893199,-0.4747334712212203,2156769.4434359944,1585770.6749956105,0.4740125924086364,-0.8722131260041315,12.597458848685047,9.833617515000348,0.575556966966644,-0.8529271357567918,108.87222325889748,84.6572696622478,0.6091352105962483,-0.7661153530850529,5.52128617024135,3.798451932838375,0.3115177152322351,-1.1354092803211435
337500.0,3.5133346960508622,2.505621323075088,0.5208289614603712,-0.8091025911981395,7.520896295455239,5.369059085960306,0.5934529109512178,-0.5164391188953368,1502071.7995744983,1172248.833732564,0.6913074973086205,-0.4483859722719066,10.288659469532092,7.947637418000281,0.6542390737891692,-0.6079136362768245,93.04598333847954,70.40272149982971,0.6426006029633129,-0.5263546598740381,4.622845386383833,3.507073981935394,0.7845409595900676,-0.2038297503187194
338000.0,2.28255372106075,1.8063440823686885,0.7901742237614248,-0.2392775927131047,8.07699548066636,5.248858845621592,0.3698067401957558,-0.8229298613135412,1152886.627794241,897886.0160213163,0.6829183314013334,-0.413168959635203,7.511184144885799,6.284441926956583,0.9495852187559048,0.0344215326695156,65.92672063050195,58.13794522380529,1.0462325052542547,0.283448557214196,3.581030820303152,2.7693222561587905,0.7598612294152665,-0.236980328897375
338500.0,1.6885577009955086,1.3085163060364065,0.847551998062725,0.1326627206498649,9.41190822365662,6.751881467269092,0.5383198622790902,-0.608741531948032,786622.2857567921,618999.7376936157,0.7550706698515912,-0.3652525497098087,5.715769204523537,4.053055547271328,0.5250036818341542,-0.5030430837295676,44.32839935879742,33.56851967756755,0.8143733164158627,0.4464454639052126,4.067040509860229,3.5138976087728424,0.7323851018237774,-0.5706404384117034
339000.0,1.567897766267015,1.15941858012218,0.4092647387546417,-0.9997234178281568,13.45325399084978,8.825587532299137,0.2659866477102252,-1.0502682572084645,706916.2469236567,497990.5234338248,0.5076805065694211,-0.6060228582818952,4.632741710146095,3.22676169487681,0.595810231993736,-0.4323917444007152,31.937482745546944,26.219729565400844,0.9004502691891955,-0.0975693162475019,5.132060808271899,4.118464081339107,0.683479586219475,-0.5434358809113959
339500.0,1.7570107689504475,1.3674709138915004,0.7122201986967575,-0.3333729733000914,14.69393187505178,9.57801010613806,0.3563652671907012,-0.8871432690331456,954854.4445306188,674783.8660461752,0.5983057557209204,-0.0777515166517859,5.546212429421121,4.297462383018766,0.8110023889431219,-0.1076789917121265,53.88072457091975,44.657930156418594,0.8681628921771557,-0.0812864877610088,3.245785827956918,2.981341366724074,1.3768768376582023,1.483254557722522
340000.0,2.299146290246882,1.6293467476221446,0.5389232995183095,-0.6226844688650699,19.058292400414206,14.408768052276551,0.5737240230665747,-0.8032857379484168,1045371.9593440944,814143.7780867255,0.7970405472265913,0.0144775251353772,9.235319201432135,7.312601488732967,0.5508483476581909,-0.9629684884255862,101.43953742265016,80.81097286333848,0.5144399993977291,-0.9676218109487396,4.2518497862293065,3.629510055880492,1.1052220030176734,0.6384687496739136
340500.0,1.3911054870238238,1.0175840924622754,0.5038290117677219,-0.8458638310140474,21.750388659381308,14.333823884685597,0.0882858582222686,-1.2323598174481152,1199516.8985452526,860502.0343503326,0.4061549998675872,-1.0443834724618033,9.942506523277832,6.793303470807564,0.2306347990982956,-1.1401134828829085,106.94762631138086,72.57756561724709,0.2259356666613168,-1.0991367945128314,6.134673748077913,4.581108100985063,0.3998091486200452,-0.9849081158914236
341000.0,1.285791770935369,0.9324891179078464,0.4160645471372691,-0.9603950633235572,15.04181515417913,11.254152155467224,0.4280741430037821,-0.9710584007957256,1851409.687124773,1138198.0160346364,0.0173647372471173,-1.2553947140837451,6.655784035509973,5.585222295058496,0.774463649029442,-0.2621889954766798,64.20509805086046,57.53234454382383,0.8635445716659991,0.1545455829105391,5.874706765364164,4.718031447272157,0.8167296069936544,-0.1571891593221974
341500.0,1.6095967162506388,1.037381418975793,0.3815512377732361,-0.4561187422384445,8.915056139192382,6.724653423499235,0.7504189241892728,-0.1348948555071256,1402576.4352237608,1062908.212128091,0.6527497076468187,-0.6857216832670527,4.596103337485861,4.158742657914731,1.2881845497130902,1.0420803376757268,36.21191576776948,35.2627515019682,1.9344654253451308,4.117595352555425,4.9970838822544525,4.273308958098173,0.8821203776260933,-0.2232041723213247
342000.0,1.7640643954812736,1.409109410654953,1.029474680263978,0.4171902487697254,5.25536796622129,3.407366618226229,0.4294695102891083,-0.8505872896841407,1276468.1452052623,867207.4990981349,0.4541676689488548,-0.651948347122496,4.537387856330438,4.130396533144447,1.0325833022935558,0.1972439340766079,37.51674629136801,30.541996688185534,0.9545682965208632,0.0322165379928858,4.154159232582331,3.2963469917767254,0.5836820542745254,-0.8925063443320131
342500.0,1.391700220405253,1.1280743614431532,1.1126101749516957,0.9694890568896306,2.4653157825088488,1.755669333485874,0.7077120305945274,-0.2540167066938879,1034866.1111398956,882825.0766402952,1.079549858813585,0.282932215041304,5.286522033530538,3.869433238287972,0.7283174728337396,-0.0501965726552748,46.13389451712552,32.06419826951006,0.373253285269455,-0.8922379174702644,3.293559923549088,2.3757124199056405,0.4865569651520602,-0.749941723398754
343000.0,1.6561044033303562,1.2377691080930495,0.68335212595023,-0.438393919437448,2.9132560206623976,2.270133475543427,0.94554444460444,0.7370278543141557,1504079.9073258883,1174104.251373391,0.9506315720167878,0.2655409063146416,5.952195462333391,4.516784842958041,0.4466044105280461,-1.102997174721635,53.67276876937769,43.15135467622028,0.5687618960117854,-0.984572608993199,3.4415262066254693,2.2236889771534307,0.22360477904762,-1.074066366851093
343500.0,1.9640526152882412,1.5441264930759129,0.611719423664842,-0.7424147046948097,6.385640566175928,4.034426796899783,0.3259317184446154,-0.810715085908492,2027423.12570204,1411416.639553368,0.508827477134758,-0.4643192857864342,7.95796524138948,6.429600140592696,0.6225952115445408,-0.8906635257245319,75.99902625784055,63.93920067082518,0.6681351656338906,-0.8859803256314991,2.730799660622528,2.105625164612744,0.8983220154253678,0.2040363909211486
344000.0,2.052034356479762,1.310154464336468,0.2300621942340362,-1.0571995419953688,10.856748692834037,7.346907662981919,0.3671270751839907,-0.7220448237070638,1658883.859568566,1263515.223696038,0.7269722959604313,-0.3245782451067183,7.017090516964479,5.370854784286485,0.8101346645919388,-0.1435858212204168,63.93223362664536,53.30031440040515,1.0066986618464489,0.1556915464970987,2.5121047970066,2.600116380263575,1.4818348882608352,1.2667533577222256
344500.0,1.386302443372928,1.0858003743687057,0.9784360178929208,0.677233014744163,9.02955221669055,6.879496624034958,0.7990186283400033,-0.2487088882555954,2114313.203831725,1659550.4224016478,0.8846474049966939,0.1682390606467945,5.89535830376101,5.420508144616345,0.9895704479584658,-0.1415449807305848,55.98607046376914,51.71292463295327,1.0012684110629015,-0.1130734865995282,6.109704953317056,5.35268921637023,0.7232913825979544,-0.7097856070350361
345000.0,2.100015887667813,1.5082917903496171,0.5676447681724851,-0.5926673033733936,5.189831439223504,4.567027666546951,1.1480502566213644,0.6108662058395491,3153688.2465575663,2428256.3652434754,0.4569241167548397,-0.9114971561141854,5.8908003981482375,4.740635922080619,0.7095301228508745,-0.5841581313020647,51.31339248580965,41.49142970857452,0.7129613962742376,-0.5479548512685835,7.8001766484602895,6.738034927998296,0.5544794979267718,-1.005462648400674
345500.0,2.2322144752438207,1.6210411184741496,0.5279013377429574,-0.7630375332124308,3.433261931934216,3.008299874527788,1.097393142413002,0.5075969645822846,2638585.3124090484,2364682.567473744,1.120442101225301,0.7532671896750434,5.502306927754062,4.21236114622022,0.5100897808701362,-0.9800887859861782,52.70166046328829,41.722327632961225,0.6327035585689204,-0.667089632912405,4.560527931106323,3.922419940975444,0.996834708794395,0.3178274298550771
346000.0,1.723374230559698,1.3829725924169076,0.7968630187428414,-0.4024273035926353,4.073420309581521,3.315535293982618,0.9308189562768632,-0.058288000370942,4326976.607556072,3280137.3429111554,0.5931027688243502,-0.3724554630419439,4.988766376707987,3.74221446705805,0.701050178379329,-0.2955538864754286,41.1568723718789,36.02043380468798,1.152743573058866,0.6339005255811694,5.119193181485062,4.815209558448061,1.2317272636897325,0.816577362545309
346500.0,1.5545535786734117,1.2286633967668876,0.8441269040534123,-0.2004389893734659,5.468701900834988,3.8990777267730112,0.5781075221508158,-0.6767109889919092,3511974.7804608373,3313318.609280267,1.49515918037817,1.7501890695480782,4.068982255044082,2.6371914279493294,0.2759682285692675,-0.9011563911895522,29.95349890399733,21.532496202321997,0.7244742355926054,-0.1266393395961018,6.705309044475738,5.930935094826391,1.0132845215281054,0.1171632077235846
347000.0,2.056958723083172,1.4812558611820048,0.5179192119721553,-0.7416599127191028,4.2518240070512965,3.58229355236501,1.0304760997570783,0.1222685647287966,3984731.821047395,3972129.290491317,1.097719948579894,-0.0057388092931969,3.5764502944215817,2.292149082788656,0.2573428920873853,-0.9719566523716892,25.554585165859155,18.301115547343077,0.6746928592345014,-0.3629012636502069,6.525162179817142,6.776799446593209,1.059787484562677,-0.2147914476965891
347500.0,2.1929897538632424,1.504866560916231,0.4768964406308681,-0.6020070408599469,4.711908419266036,3.406758309576328,0.5455252343861594,-0.7616170540874938,3952064.357884527,3458314.834391358,0.8481558045619757,-0.3625854477263588,4.588076363168217,3.244237209129401,0.6232588384390219,-0.2903476999742436,31.069234682328883,21.82874527108735,0.7554921570852031,0.0121350708282625,5.866312969160987,5.89395761833114,0.9801078870929608,-0.3276500948167804
348000.0,1.815002114688202,1.414018622022711,1.0388934975196846,0.7944949442669351,3.7209485659259753,2.597450756067017,0.6071870011120253,-0.3588179675546579,2737224.39401018,2515505.767787546,1.207893987622128,0.9959296105468622,6.658949351005139,5.335311713774333,0.7382532733008862,-0.4238333362548765,43.11036574286491,33.843143376627175,0.8805160655421306,0.08245782633572,3.88231745149899,3.605533651541932,1.4065168570478097,1.6631566774800357
348500.0,1.9302639639039043,1.687016452380303,1.144240808335628,0.4889646190151047,3.0825910202404017,2.439461904396436,0.9945689621918584,0.4061918144565348,2411113.2550603044,2424280.994443209,1.4387127232035994,1.121325363070179,5.9337318185055725,4.431260983756727,0.8631985541328374,0.1520075475243691,45.67056982577571,33.1510908952873,0.7900801496034527,-0.0081821884608017,3.672231618958382,3.256315549296884,1.5720079034615868,2.4463261574474435
349000.0,2.0301291914399706,2.1549810668460068,1.39966050222479,0.8445783689121313,4.238274123652258,3.6512960029083534,1.4283619667516316,1.811552294083711,2649866.6510868995,2479532.37065344,1.0691005206582311,0.1887715816227575,3.501586988642899,2.506674735564029,0.8017711461229534,0.1969664785057849,29.72672858932888,20.268120982516898,0.6617887942177697,0.0494115948197269,5.270459756712209,5.24537914408418,1.1767768307375912,0.223052100770297
349500.0,1.9816256011564888,1.9256125043497685,1.401937444520352,1.2651223616969496,7.778106425337694,6.335912294198909,0.8164454933612622,-0.3546117290398753,2015166.261494144,2088160.462240712,1.356445999923089,1.3042807289236285,2.223765962722787,1.667370523298421,0.8477288852162921,0.1464307343600039,20.60242062983106,14.424723625426587,0.5108707120096165,-0.6935922174469611,5.740206245057682,5.562553339788987,1.1276484436925902,0.13338506667252
350000.0,2.3733019531960267,1.7109596205834314,0.6630179634763805,-0.3020526654320332,10.258086027724358,7.324731926369627,0.3957529444276563,-1.0780583960335448,2203842.6094975104,1686450.221548962,0.7853769836328691,0.1982831310963657,3.1716113779428,2.689755383518277,1.5612668924296045,3.081875852807072,30.952409310623715,24.578933310258773,1.2648841102032422,1.7848445837991198,4.770833137989797,3.7304966675768183,0.9397884400920756,0.4783276033040344
350500.0,1.7544193769672305,1.3971846195662838,0.8549532366768969,0.192668300597727,7.513947315247213,5.257517540183351,0.4486659211182719,-0.7643906310725526,1266616.515823709,1143607.2331723133,1.0998651009002618,0.7974306942033569,6.236444929164147,4.498160360274592,0.4927785253153501,-0.6118317212955948,48.31573469576964,35.05978538934657,0.5011199398197002,-0.6697490232693544,2.576635125306844,2.3620026429842795,1.791471560693052,3.800287033053975
351000.0,1.2783569102191177,0.8486346812447444,0.4657025941767523,-0.5860558198352313,6.0454182626536985,4.382649182481774,0.6050392583363638,-0.3745061764090263,842295.8217082875,648564.9269607543,0.9212577391186264,0.582165364780364,8.956167529411067,7.337216193656733,0.6204881561671465,-0.7842235333796506,62.30693327019095,52.56356803382999,0.6482442820547695,-0.8738748553462159,2.222249900980453,2.4480954683446785,2.2419392810647083,5.553785452842858
351500.0,1.3069058867773675,1.0324622664147174,0.99876224333846,0.59818458785205,8.472267131590732,7.015697494942023,0.8924084693036669,0.0526692718294179,1115907.9077366232,868131.168902507,0.7847290282595727,-0.3355856910602339,7.747730762604621,6.970065311707247,1.1526878907957396,0.6724363348231828,58.394077054529,47.80205358661702,0.8806582011811827,0.0162026687367458,3.937378494738899,2.9152539242046696,0.7785194717116981,-0.03791038025971
352000.0,1.4286503645373927,1.10804116308183,0.8655378545312045,-0.1868608412656982,11.442163832917911,8.62709097296378,0.4054261710236134,-1.1309437502930313,1337065.1775075097,1034966.9952626666,0.7458384434673292,-0.3702006068645205,7.055264113502722,5.588280559767259,0.9079931272968454,0.2396024990020167,48.96824849095224,37.78270011431498,0.7876107539512077,-0.1714010186317467,3.3566503634370624,2.3917603904387708,0.4725340568275319,-0.8668930379501409
352500.0,1.473702195434336,1.1044155516783507,0.7565364427315137,-0.0984647423556572,7.375931321469933,6.032563030903782,0.8000943847933343,-0.3905306082983104,1487969.7087664176,1221025.501773789,0.8118711493847874,-0.4502951831020967,5.709743769041884,5.096894807508068,1.0365113882301942,0.2502302137869985,42.98659552688789,35.91139978928733,0.8630602718136422,-0.250773375167622,1.8917017057704268,1.6294972345456205,1.175807106711365,0.8164960537666022
353000.0,2.014317696391972,1.3911473925673985,0.4960033561180722,-0.6389031354213661,6.49406967780434,5.109004887664464,0.7093866347210285,-0.6792056517421052,1691074.3195475035,1226649.71787321,0.6140937696935045,-0.5728813909948238,7.681112457269059,5.875146402821425,0.5125681509732811,-0.9843700044480724,55.97813364436325,40.94775940101203,0.4505896319479491,-1.0114998712207783,1.530715485885139,1.1016257937570602,0.5970884543816991,-0.4996068609667565
353500.0,2.23249197263368,1.671512980476982,0.5840954416766024,-0.7213207809607334,5.496635124979661,4.752617380682696,0.92424334911585,-0.2505115797936161,1145684.5287861207,922996.0633440864,0.9782381025478242,0.3309100611547468,8.218889741102293,5.970741893369065,0.5374924474518404,-0.7302522442808161,57.75093339965638,41.90407873028371,0.5086202591206979,-0.8001943401004903,1.4945763163839048,1.206730654843829,0.9937268280397492,0.3400801463455569
354000.0,1.729598762495422,1.4368028496259675,0.9237938989216916,-0.1230137794251415,3.567512539422617,2.98102757846774,0.7917550757592193,-0.4011985167678915,1046780.068838738,821750.997499359,0.9247551930291628,0.2461400246486165,4.418786054649884,3.7099997081217375,0.9417791126326625,0.1694738720202173,32.74212253795037,25.682695535460613,0.8298663584840686,-0.028629115983199,3.320531899201623,2.691963410799688,0.887085961554911,0.039364028040643
354500.0,1.8653375799571528,1.4409085420787249,0.7208228431351557,-0.3437847831330152,6.3311235888244735,4.786531578744157,0.8293023430362984,0.2191691136343725,1550721.9342694862,1259677.3474918304,0.7652587834351999,-0.5266180261546696,3.824288287611864,3.118641679210247,1.1482162101430706,1.125289256432639,29.918615600435984,25.2930873423645,1.284650831350182,1.660075604364594,4.038167052650001,3.3276201515087,0.8161713695577215,-0.4200030945324617
355000.0,2.3637738458084026,1.7438471607942214,0.4520234711409933,-0.9559950167563612,8.60242670806194,7.020439943543368,0.7001337104826373,-0.6640112091296029,1586642.8301023266,1169258.340920864,0.4789080406495785,-0.7837364336174715,5.6174385316425735,3.964018980518184,0.5727467622925546,-0.2553803748315424,49.10042642023086,33.17950306311297,0.3700095950274195,-0.7798253500450283,3.584042452514085,3.2673196949686463,0.9422940990370668,-0.1887805831816194
355500.0,2.201857527831128,1.5948985996468752,0.5031681377117034,-0.7638133188803731,6.83846296161986,5.76270422984255,0.9700173563924268,0.024334538570935,969515.6953949172,723168.2798262672,0.6335583157834278,-0.640556755840775,5.1383846432178455,3.688523876044405,0.6820939217725212,-0.0203955016110479,44.16875610768207,32.113120861779144,0.5582899748732676,-0.6394659700310035,4.771296355948698,3.3353188343973854,0.3009135098873215,-0.987449646737915
356000.0,2.124994415670104,1.6251060618619124,0.7617393271353317,-0.2850859583241645,8.598882667401833,6.357414973499393,0.6656768673251842,-0.3933646115284253,1205511.9637674824,810438.7087247861,0.3349179035551404,-0.8901695052577163,6.215541602079107,5.199578944260413,0.8858805816274434,-0.253400430500049,51.31516672623918,41.611903839739966,0.8293337147675468,-0.3471078292642575,4.024740717435343,3.5680598041515403,1.1811295080854638,0.5842097905632744
356500.0,2.634503029664875,2.0772381825925263,0.733920064955115,-0.4373129358235004,7.231907750483357,6.143347276057695,0.9115333546574332,-0.0987079101375414,1320897.2085227277,911153.9554384628,0.4279891169038777,-0.8762068300482118,7.747674505954689,6.184393107210272,0.7512260632280999,-0.4773706495756995,60.62509192904432,48.883806298318646,0.8097593802824271,-0.3224242668032633,5.360593830236935,4.395448012261007,0.5878597183168635,-0.99500755644355
357000.0,3.1183028227860654,2.1823334015190987,0.4501677391237836,-0.8355227255194637,5.026391336599809,3.883716433882543,0.8147692412032039,-0.1730886967138034,1572017.7366435193,1143451.9634248756,0.5384803326764566,-0.6618461004350729,9.600689699963413,6.85522933718016,0.3446555539196662,-1.0388215056256114,74.83780807288272,51.26636025671819,0.2495111363881254,-1.0919427450635923,4.5457490440707415,3.2818644356047386,0.5645455583691179,-0.5182835563119559
357500.0,2.367536164655752,1.738705058634232,0.6777140109088803,-0.1561067759657515,6.4803680015889285,5.482796217945422,1.0321652108509656,0.25924991851346,1248006.7060094909,985090.4952627192,0.7870676791613618,-0.2352597641186942,7.972456546681596,6.024956903539169,0.5019809660593162,-0.8350239419595749,64.12790007672588,48.28985710141496,0.5155316914786994,-0.896443743736262,2.108908833629171,1.6697990531182891,1.1514845516299006,1.5007327236103103
358000.0,2.0058868620206813,1.7982174910885245,0.8692333665926674,-0.4563511090178802,8.17036298949431,7.186891630209964,0.7564432073288626,-0.619205961314456,1923774.5492592969,1892923.7473118724,0.9553510386179512,-0.2034889812943836,6.366601839311884,5.755008665748228,0.8099546350779807,-0.4315974199463204,57.57752613755467,52.89678079032117,0.8326621814499027,-0.4414723874966513,3.1301910858361164,2.374376809439075,1.0557644090411122,0.9768244113880588
358500.0,2.0581848490916475,1.5892909255126575,0.6772051637539526,-0.6785874214579519,6.600562120448771,4.853284768923666,0.6876038244231664,-0.3546239171411085,2429113.095530335,1993697.0729453173,0.7445204648714792,-0.5232625769858945,4.394321718032466,3.268163131687038,0.62075653157063,-0.4986354282252301,38.4611012049081,30.20173220005149,0.8273101928956231,-0.0786509825284924,4.840472361367975,3.945253766748427,0.7711039552061847,-0.3880487776958921
359000.0,2.0721980102916646,1.7166597477873975,0.9614788458792298,0.1515854953568149,4.855059587893121,3.498024967888432,0.466131478886933,-0.9295090956091818,2087659.8077365488,1871290.5232177945,1.093672161429085,0.1646529273074386,3.660931320031589,2.742757778427717,0.9126606458488086,0.3419733123328865,27.09696381692811,22.54077455039167,0.97444441939975,0.2517747581216523,6.101631275415215,4.65716060709016,0.4319783736057462,-1.154202328335174
359500.0,2.1510874148580377,1.500990759039618,0.6532973758566522,-0.1188239559398405,3.3038039749075696,2.4389611103703746,0.6577466154003312,-0.4021760468959421,1890673.1523861496,1754603.4343905745,1.0991910790104786,0.3514051478237805,4.635341359026469,3.352120580172254,0.6199560377929574,-0.5879938334598198,38.17702616516306,27.91621512708341,0.5793142665031896,-0.6421377942458117,3.573262307300163,2.9016164282486883,1.0410216647501802,0.6032978405190881
360000.0,1.6280538338936992,1.2289720525908976,0.6674490537629286,-0.5159311301231946,4.195581284097309,2.9658210512015364,0.9066418191346536,0.7300441902049104,1937230.621378616,1429128.5429044247,0.5191549410772239,-0.7521822539508367,5.51325378973235,4.4261234709064,0.908982789903417,0.2595906708988247,45.701506526635534,36.1504112492291,0.6949954744367401,-0.4325949521143082,3.8850180412746544,2.856211586807097,0.4968218716676619,-0.8416274729462909
360500.0,2.4009663776876944,1.7703370464109762,0.5007859693078848,-0.7314282828723151,7.354122921998425,5.732817656851182,0.5870811906750166,-0.8415868899029193,1808493.502303468,1479814.3574444202,0.9307740949052766,-0.0019382815420097,9.159059174704998,7.108781347532828,0.7427208230355701,-0.2489676986683355,71.90667646565407,56.41694066167857,0.733034456332929,-0.2592050366933569,3.67038093790625,2.5728631948816347,0.4906379551686419,-0.6647089796066017
361000.0,2.1207748086002933,1.7668880025092637,0.9579567228286672,0.0809370512984899,6.35997641861665,4.533208169638096,0.5327498575304797,-0.779269159319901,1508835.5963761238,1293184.8952811926,1.141283788089626,0.6156728689337498,8.526902989032262,7.361814603849895,1.0424922757570705,0.2090850840661229,66.85236816032526,58.660075520373866,1.031492765373342,0.157466106031336,1.8566531053169917,1.4434409117820914,0.9945083381037956,0.6334695321344972
361500.0,1.9042934973230208,1.6767068144227824,0.9415861325834812,-0.1494733075778755,6.271506963487126,4.473797472337938,0.5513020179859062,-0.6912554057741458,1163079.5574342238,1064040.1381976723,1.0445401998983532,0.0659962527499651,7.970479268315938,7.600858345332075,1.008242754219313,-0.0336860925724251,59.846484775347456,57.44115205010245,1.0127008507426185,0.0011877814733596,1.7437197337478043,1.4179204029205716,0.8624539110603364,-0.0637048094299324
362000.0,1.9504884226138115,1.8113641186136924,0.9997480936704384,-0.2141379795675062,5.769883321779733,4.526044328740213,1.0378093195781757,0.9589103941956472,1334636.7799386692,1184351.691933371,0.9936186621487576,0.0511946628208637,7.658237651121706,7.137796017651255,1.0118643724845036,-0.1204549909049741,54.44191494385907,50.42672129410442,1.0475016112461046,0.0084622873917949,3.5391732949095105,2.5195290495235905,0.4293593643385763,-0.8809853485877603
362500.0,1.6231322296043065,1.3682270307199895,1.0898560902761671,0.4697956689709452,6.663205785239839,5.237050470684862,1.1610319716226791,1.1307870439240402,1501084.619627782,1164360.8193806491,0.7723104996229043,-0.3396749937578285,6.1094168308045855,4.96527679864568,0.9220688478224688,0.1633888329900807,45.63192334111816,36.83413462118199,0.7632573845889449,-0.3394946619227474,3.122278187805393,2.2007244624519444,0.4964838907245192,-0.6874871408424994
363000.0,1.757892219346053,1.227215059987919,0.652352801560685,-0.1783393118127132,5.073397113577181,3.5652565469493944,0.6854450946827048,-0.0218797624483384,1913019.01856316,1393989.8279193286,0.6089308484256454,-0.5040380461067739,5.750442963032546,4.150105104998237,0.5341493517291698,-0.7539807119809492,44.90295187465986,32.27305489981818,0.4841528510009798,-0.9163311412496647,3.701748721048206,2.4770462622868683,0.321064767404332,-0.9673520247980214
363500.0,1.387732019671304,1.0560550699109963,0.7499268751415568,-0.2108157757649675,5.904414458548258,4.443169613881456,0.8209362070310678,0.0582907739046603,1640738.0889386376,1291921.5481103123,0.8353877636613647,-0.1078528358252031,4.576333863855807,3.389371255362891,0.5955030193447183,-0.6186015461254724,36.24143786513545,25.35443672036676,0.4251532766954394,-0.9386585294210468,3.5267408024083,2.433135110684122,0.4645569918614851,-0.7807846547328867
364000.0,0.9012741797259912,0.6265917868073253,0.5766850741616918,-0.4123973693911731,7.427085558190498,4.700394634036363,0.2371745740460538,-0.9893121084142358,1297184.604868174,991924.4009040096,0.5434748500502266,-0.7491347312641716,2.9501580368227245,2.673464508633502,1.108883640067814,0.5937681951960787,22.64585672725034,19.159876868394115,0.9913249524535516,0.1910479115452577,2.4613293994444483,1.7643542334029434,0.6169398481634142,-0.4542478335779312
364500.0,0.9777572931847376,0.8681132765772723,0.8877060573088746,-0.2781027813451513,5.978315754827306,4.407194959332005,0.8975711568032242,0.7451607831534868,1183831.7185509366,983178.5967469808,1.0148758158760998,0.4540141377287101,3.530785993538318,2.6591794240623168,0.875662557961132,0.0548998349034302,25.10203123064053,19.337971572723376,1.0918020892496207,0.823507481082081,1.7677881809752314,1.36270620080421,0.9310973100795028,0.3207459857738048
365000.0,0.8238253849708371,0.7270974912419221,1.0448841363376171,0.2148227384356835,5.308712503605989,4.043239182699498,1.1040258590051215,1.2692968798181372,1522066.972829654,1111943.4208475917,0.6925800081798317,-0.1984600840849051,3.010688565718423,2.425147032247024,0.9835879628194923,0.2566227078759246,21.28156062688499,16.332326915943955,0.6731814932506852,-0.5276551931963973,3.091376087195874,2.269755549610574,0.9857378239563334,0.6027774374900616
365500.0,1.0450933572145775,0.6952412835212968,0.3956263498620153,-0.8670295774547414,4.563996029783381,3.083994357900593,0.4504678995086366,-0.5746216832496582,1325983.596268371,958202.8676693544,0.4776018366339971,-0.8590778242447241,4.006856542031122,2.8002424274863893,0.6670221380905301,-0.1447147814668512,32.35331316796032,21.166107707247452,0.2337451066021637,-1.1549982000916543,2.8286327035515617,1.9584514310895784,0.4372886751925783,-0.763195790440566
366000.0,1.358780883787998,1.105835499619899,0.9497889971648844,-0.0368387611446783,8.011051568833407,5.551722292348148,0.3321825211202714,-0.9863846863102066,1321284.9152583522,929809.2149740095,0.5817209682579104,-0.3691919594686519,4.312263656225846,3.770741606342329,1.125099458049521,0.5204089461917918,34.44712496417843,26.911339622518238,0.8471128183379498,-0.1975489312669878,3.19255253218012,2.1420473432289144,0.2712368386840199,-1.1165314548257863
366500.0,1.2261349823115113,1.1632554526028909,1.1720899735975518,0.3315735160370301,6.690773249556006,5.218480836233291,0.7471634769996065,-0.3268645948387765,1641122.588016736,1364050.8145003426,1.0977418652305813,0.6820106660507794,4.695091895621563,4.667858599158911,1.0530064586170125,-0.1715434065209544,29.452815353050564,28.788236439963267,1.192251295564542,0.3064097892690678,2.536419033852709,1.7540342780027895,0.4506210614165374,-0.8528621424566896
367000.0,1.5793910768473791,1.200103471266171,0.5778076580930328,-0.7596642342535613,4.486704869061943,3.615318650154164,1.0027027057410844,0.3681965674603478,2545160.940973373,2209446.4668596745,0.8570098853950987,-0.4094074784655412,5.132804085451083,4.195125730403314,0.8252714383309498,-0.3168768825881312,31.03465866853715,25.550751405892598,0.8241684324539365,-0.3833226546390862,3.8976639987447648,2.889238335102265,0.6104387474920792,-0.5252612839791584
367500.0,2.1370776290491147,1.472261790500302,0.2445544746172286,-1.2166696276608382,3.507333220801338,2.5688292875373286,0.9440670903543446,1.010464307564713,3548592.801795861,2717720.42750108,0.348874421123406,-1.2522913442587604,5.345768099077438,4.053869555240273,0.4851700714065469,-0.8459341047867683,38.98236089109854,27.66579280039052,0.306615925102669,-1.1611515610233163,6.111033661212884,5.390412062110152,0.7364008083732554,-0.7883460661160355
368000.0,1.25636840994086,0.974377573493601,0.8367132802585935,0.2651850219183491,5.395254996297648,3.670624942396111,0.4922267863976172,-0.4783423032291956,2009998.2278303895,1625237.072434225,1.1604442915054178,1.0710007693818635,3.716919796459407,2.5307435850437985,0.4838113069511898,-0.5361331737326749,24.625838836522554,17.892536810974125,0.8658742195436645,0.4685636235247687,5.469742393137327,4.396559504972063,0.6493626426318357,-0.6869133358761674
368500.0,0.6740499075031746,0.6054979800968688,1.487812559380946,2.082419065498981,6.433167203905442,4.265432620041056,0.6464825116978294,-0.1179404323214599,1635928.0837154335,1361061.031490869,1.2630577353473844,1.5855337240640797,2.290061571122678,1.7448506019277512,0.7295325768484354,-0.3356381953463363,18.442068219447325,13.639452990354352,0.924472579255886,0.6811403651158332,3.4937653246105,2.903236551110224,0.8141674828873697,-0.3642006112208356
369000.0,0.5009311430423495,0.4049485124878352,0.8859344365009947,-0.1349263406052037,2.7858035362854543,2.463706898857932,1.7444646509364183,4.371523414699878,1722368.794970316,1219719.524625382,0.437818469811037,-0.9231707949798936,1.5323839841258875,1.0360246363357224,0.532571525058328,-0.5615357057055941,10.994003461710998,7.653850536255991,0.623741963636878,-0.2193962095402311,3.244932691214182,2.390427334581467,0.6250290359726833,-0.5313288370404243
369500.0,0.8863490049246799,0.6590062738950385,0.9331493956184616,0.5816310315858058,2.410811821646211,2.857646834047181,1.7612092312603065,2.484295649863977,2230450.8023090432,1657264.2872524506,0.7106893473477062,-0.1631472902961261,1.7018360317331167,1.260126741280151,0.8693591321650731,0.2345775035169204,13.816170506488666,11.356479171145216,1.2293228189862184,1.283489212851256,2.631579189503907,1.9896234356318503,0.6154494581875293,-0.5596993086199253
370000.0,1.1061730019302989,0.7338760899231225,0.2387789101112691,-1.0949969237968564,1.9600298345041245,1.7242706565661552,1.666582964707952,3.4990871322509864,2476291.6716296254,2149008.974135437,0.8259371270239699,-0.3487852405582594,2.4959017592046253,1.8029373820774504,0.6208997811605436,-0.3617236803035344,17.82453298533204,13.124015906759263,0.5974563065711912,-0.5645003448148089,2.4544488600543386,2.272754851374005,1.0160217726088927,0.0824872763269466
370500.0,1.1587972417713883,0.8494577291817019,0.5888076891770962,-0.6939569639856646,2.5676498804301318,1.9167614868968736,0.6364375996917192,-0.457509468735926,2825817.049215318,2270759.2266309247,0.8869728693293149,0.0117754489219783,3.0099648255239946,2.29062315494284,0.7046461485125954,-0.3667756294965758,21.21435014828431,16.467045562431426,0.892199176188909,0.3305696740804826,2.385079089321996,2.252322085527595,1.3333825124217231,1.0270713728754757
371000.0,1.2007644205531554,0.8350165496764059,0.6173986076379866,-0.182365404721597,4.569954545590399,3.13489962159248,0.4489462365118014,-0.8015391951808106,2790235.48765185,2076335.5559036175,0.6769270798646818,-0.4053609828378071,3.722988883303332,2.734721707012315,0.5920997329549152,-0.3953246600823363,25.53646507268896,19.280409277664013,0.7530260964173946,-0.1662761360295963,2.8232089215790506,2.672228668192162,1.1631382069879603,0.4889590342444005
371500.0,1.114431679319614,0.8425819278969673,0.8601925730315197,0.2655072365796536,5.417477332273579,4.323403648715155,0.6262250285994266,-0.8060049180457214,2847285.357242821,2215976.8992013284,0.6304220952199947,-0.6315493352645807,4.026731489096584,2.7598164404688226,0.4938579408335397,-0.5677182599654094,27.124320090919063,18.681022226494598,0.5851987094889117,-0.3709506357059524,3.602699375704022,2.625113974840017,0.5350302911156019,-0.6369497711696859
372000.0,1.0832806343121386,0.8936369293003125,1.1208907673241773,0.801003931866398,4.519748712319565,3.886181642606418,0.7795283342180028,-0.5558867173085003,2284193.411585385,1521879.6931572093,0.5009351544663656,-0.560683386731788,2.41253350674868,2.179610980680097,1.2916486480644995,1.0329929350513067,17.401929083117615,16.059398503735803,1.4064165948777303,1.430387563127188,2.4944169558558644,1.838605180901254,0.7710865570919458,-0.0919026787406074
372500.0,1.266926263424336,1.110575951976104,1.4547726892328536,2.089921574754115,3.347870977038151,3.0749003400373875,1.3753111402156362,1.5095320258594225,2669523.8276651422,1902171.807415476,0.497301442179522,-0.7903617997489798,3.086791856004365,2.383618806945221,0.9584612022995184,0.6057776370750187,29.475802666155463,23.001763666628356,0.769016742215672,-0.1716058690103139,3.2385141717509422,2.5493739356948555,0.8218932414286304,-0.2014370843678299
373000.0,1.7948408776249,1.5352448020442149,0.8799345029947404,-0.3095429873262669,4.427545433165566,2.622035774827037,0.2276344813210753,-0.8353295282958135,3238660.0329608666,2568755.2734147697,0.6241286390906301,-0.7055322800687311,4.867606869113783,4.085465392778919,0.733990559573901,-0.7022405241267258,46.20192660651924,39.00103299858691,0.7363427778254795,-0.72279393045747,2.9114742348706164,1.9478127724965244,0.5243720185422384,-0.4813402772543278
373500.0,1.9483872436695584,1.546639179410357,0.5106005679112287,-1.025556525199517,3.956213810457662,3.138405505982134,0.705727491703082,-0.5277746013527693,3502299.6506125173,2931363.13295014,0.8040330132005824,-0.4581462948725106,5.307659482059585,4.562986977142246,0.6684301382408143,-0.7937748640951905,48.54948335141823,40.19230581650366,0.5849358483269419,-0.9691986697103964,3.3059755661016896,2.1276073846363706,0.3092145964258181,-0.872423687695993
374000.0,1.849793138059388,1.3758811375382574,0.7018888034784028,-0.2526027575348704,5.3964571369364736,4.679161609161596,0.8956835434107726,-0.2378739823997424,3430667.748544646,2745913.818653577,0.7640480705973026,-0.1887424883036517,4.621080946896944,3.845434075963876,0.8327056974640658,-0.2785286770473543,40.98840227251362,33.4795626841229,0.7708607787363113,-0.3270125024734862,3.493334618278916,2.4537386533397023,0.5360568676440072,-0.631691255417727
374500.0,1.3527533043544568,0.9964576295255564,0.7804880735141851,0.2882400737845256,6.243864973208161,4.327422495632215,0.4241019692642177,-0.7020174193857192,3995325.087085181,3012515.918617276,0.6895992517737627,-0.1998259179190706,4.100145909243163,2.766028586053533,0.6526163070156867,0.022409390942093,34.515057469478656,24.26477329967278,0.6670761512090091,-0.1129632735120527,3.387587375691868,2.546763413776863,0.8045677399163791,-0.1900957906243223
375000.0,1.077321401332784,0.8116968921359689,0.6723844122269006,-0.4676487694859634,4.438896156120357,3.171277660855149,0.6428364124824695,-0.5332971332742744,2934241.6029106923,2119170.5001782617,0.5767848947046336,-0.5237855375963374,3.228603792971384,2.206456960599497,0.4310984151019308,-0.7030531856835953,26.756979343306707,18.39487191204552,0.5602888597467802,-0.4565868112805926,3.0901552736341715,2.52824293840028,1.1841921194464469,1.0730767599580968
375500.0,1.0650288392806466,0.7573336526608456,0.7844044197852547,0.2556644093782481,4.702344662701926,3.178278140247589,0.4262311286245057,-0.7523589849336236,2699940.479968658,1737210.979643273,0.3006810312889649,-0.7808052459366421,2.872338853992477,2.0012720252638654,0.6594280432710954,-0.0870316043356544,23.48417387214961,16.34005404576805,0.6224786087011531,-0.2330508110868492,2.459422357568743,2.0535154697349127,1.5463786431354098,3.0385724614191707
376000.0,2.271374847171063,1.5873915424864342,0.448738216746913,-0.8072121676684896,2.9381800148711736,1.839375749511948,0.4074564889294372,-0.543882836205031,3651630.9082763176,2792420.708726753,0.6554735120188095,-0.5838386910408548,5.579310003542526,4.090888151673952,0.5116959392754588,-0.6983722588474475,46.79146065598612,33.7072469617743,0.4955969630429849,-0.7154210643151528,3.1411828603722194,2.3945191037671325,0.8061452331905278,-0.0569576106460369
376500.0,2.568240684576776,1.8216046018624992,0.5283965214742319,-0.7208597406546882,2.656948187777082,2.057387640052741,0.925751906055104,0.4438080991041055,3393098.1916511874,2921167.938271513,0.8595418924395284,-0.4155369748667854,5.77839208158358,4.746859026059968,0.8217127261503507,-0.3914604995481481,48.25659046291593,38.135844309166,0.758977951954768,-0.4256308710695466,5.104351398315814,3.5890279866255046,0.2689835496544168,-1.2072120857095536
377000.0,1.9957114255411657,1.546191660189909,0.8185257547148452,-0.2359253579311859,4.860915041235815,3.2417294612477803,0.450741010166234,-0.6985736512140961,2744998.250356502,1993635.8278080493,0.660136278314792,-0.5091857817849568,5.043081933403225,4.037570913218323,0.7477886678740674,-0.4038402841149335,40.86237734769397,32.69966229727855,0.7558068723115208,-0.39077720361154,4.120279019882064,2.896723319146633,0.4235194692540342,-0.9550154556310124
377500.0,1.3758050799464312,1.0318273605775137,0.7618574511370576,-0.1748417577837204,3.741950524191581,2.689384318785901,0.7701153605207854,-0.0511859700184511,2209359.625104952,1725687.6727986506,1.0754539232216018,0.7525206402055047,3.554473508377156,2.4890642202523154,0.5669352702343222,-0.4943504765781221,28.65814630515981,20.95287280480248,0.5459369227145441,-0.6550668794183752,5.434771414316704,3.870988685472409,0.6067509292216671,-0.3476938974800689
378000.0,2.53617061009189,1.679610237553293,0.3054389323678442,-0.965529183271228,2.157416636323075,1.7573204679837433,1.024300235036222,0.5831145716432555,2667265.4359606323,1699461.2014886832,0.2130456018957253,-0.9986216129555764,4.313601584747383,2.8641390025896403,0.5083215014278297,-0.4416136832488773,34.32230707739809,23.20470457267644,0.4813211169662162,-0.6632577415269942,6.642999861341365,5.123557541583395,0.7433737344641497,-0.3923578288482598
378500.0,3.23985692279516,2.159035597463454,0.139355326884214,-1.272784707089958,2.8417877248314625,1.9568867883918335,0.5981461402064843,-0.3776162967117895,2918486.202590449,1959491.0291959287,0.2023703970805545,-1.2188948317078858,5.597626616824266,3.5466324320890217,0.1464312264914127,-1.0364245716254272,45.7788149882387,29.46536334287401,0.1630171812084503,-1.058351975449907,8.4511773010936,5.611043974043913,0.1532041350164579,-1.1661897711533342
379000.0,2.6665779266221654,1.785855178604436,0.3074032711578319,-1.008685602633672,4.170716659574865,2.955806700647302,0.6130356147173254,-0.3763107437340904,1963440.1807122687,1235644.9566001622,0.4060039198134715,-0.2320996099013776,5.134974806186045,3.2848824617373147,0.2029995775544821,-1.1221132674950036,42.35679192811168,27.224776675691075,0.2313925585449001,-1.1075909127099937,6.228818740788776,4.825442535551842,0.7976613020170801,-0.2147651708384979
379500.0,2.550461879852394,1.8879774414564812,0.6036587508878539,-0.5261191195305166,5.335584821215832,3.999833143571287,0.544718620682196,-0.7194064234531199,1064468.9091832452,785754.8913959613,0.8652375074464699,0.522659708768733,4.884108331284483,3.5270188738172243,0.5471708337744609,-0.6815532643780267,43.012870790306906,30.68472710897884,0.5297365652073172,-0.6670948276766153,8.23345311316501,6.5013530961307255,0.4046498362611631,-1.1430858274720253
380000.0,3.458014022975965,2.4723110471627243,0.459023140318919,-0.8162530358036442,4.129462940981391,3.074936411954222,0.7345628630669964,-0.1133168925595411,1530128.5856081732,1072676.403804624,0.9748867815033478,1.0763653801880304,8.155355155737379,5.520133212393838,0.2801137334666496,-1.0791547972700963,70.379151790952,48.32738776550128,0.3044084877608082,-1.0423399316701545,7.791066650342499,5.989027839228514,0.5064000699593658,-0.8595671098390953
380500.0,2.567853878959454,1.8957099377895792,0.6537077839066214,-0.3917495584288493,4.104871890689544,2.671950342305085,0.2548530177259747,-1.0214280778612324,2136564.2537704343,1499455.4293327325,0.5423500073949782,-0.4968692708639022,6.564827491282097,4.765155162545139,0.5489874046528151,-0.6284309898003095,56.41703077070752,42.40233916477661,0.6603934168257569,-0.4567181429674836,4.5281178605917445,3.75480882891247,0.7635641456603346,-0.5698305608363867
381000.0,1.7033904795675754,1.370175324128064,0.7603198476257281,-0.4774255742662765,5.2368130243988,3.660058773149578,0.4147914050491076,-0.9712332114854147,2868242.6823036126,2434989.2147060605,1.0091242644252083,0.4120646330659263,4.528263305730367,3.699857160178487,0.7063345749513662,-0.6536397724589529,38.00002211747549,32.0523620484794,0.7826570034215662,-0.4995211088179605,3.334345370589471,2.3638635757262048,0.5851896854960412,-0.4902086329929678
381500.0,1.929296834249319,1.3959738484186783,0.6110913134496637,-0.5204208998510138,4.352781351483038,3.108563708033302,0.5547915958600119,-0.7283201234863035,3628427.059723665,3055633.742452903,0.8945392327750229,-0.1216337094724067,5.247677723127762,4.021264124233459,0.6533545265371551,-0.7453376692877365,42.01481594904981,33.02427457289455,0.6468646862374109,-0.7854624832556389,3.0124634297953183,2.08551207517864,0.4418022012287991,-0.7689259113878819
382000.0,2.4441065957369306,1.8922782487207013,0.7861470890793775,-0.2222944678890197,3.731859350007122,2.686797859108324,0.5754277323337383,-0.4650016725889312,3315457.504660669,3056128.564289852,1.2175026000153517,0.6473257367726317,5.212102260698099,4.171560342983336,0.923117303906734,-0.0590336912374112,41.76388175811739,33.219124078848985,0.9354079070312264,0.0235155733355676,3.6570579548880895,2.946752571773458,0.6994975532764383,-0.5930175242719478
382500.0,2.3875487918852194,2.106656407508157,1.0324887234905444,0.195318972057684,3.848911160747869,2.782496003565238,0.6831065550845193,-0.3347048533857988,2872230.533693468,2308893.194310096,1.0193688425102736,0.5349178154388712,4.398496355747785,3.69375387684621,1.0377020327546944,0.4946745155458867,37.45095117511651,32.07574256849793,1.1022320495639075,0.5961167167264532,6.402653921715942,5.040870714090222,0.3997062527483878,-1.148133727701293
383000.0,2.398258992573852,2.210770375404448,1.1807508035830123,0.4147400050399619,3.604879323996252,2.4034290139055488,0.2670627756399021,-0.9760148009328692,2387977.546920792,2084445.3686537563,1.088771190154434,0.4633678300696844,5.130374713944144,4.324238170306972,1.0796407891151352,0.4127584405220874,45.317920976029846,37.95232079418157,1.0939183608944052,0.4571840902234392,5.435647268450146,4.099026669371583,0.7686425322283108,-0.0673547959376144
383500.0,2.378038878918008,1.8405101134224848,0.986356213985705,0.4933030122060455,4.336799081932885,3.1397406636045515,0.6665537227333627,-0.3091633837664207,3090948.207141652,2379578.4425989348,0.7155380476708915,-0.4248496745667065,5.569369716641293,4.208252962830177,0.8642042485197903,0.1349484404013061,47.78102663407944,36.44228729509568,0.8761304615439984,0.1253802744908747,4.687272504088662,3.607963658586052,0.6706984494408323,-0.6135513401509622
384000.0,1.935495044460648,1.4184154945366427,0.5392619718992624,-0.6551182959886765,2.7533315749374565,2.262489424137784,1.1288479939672715,0.8073162759882542,2817107.918077277,1964471.7357579104,0.4291281271657626,-0.902754614113412,4.446122214911412,3.277117867243709,0.5804720978494249,-0.5188909955411609,39.12810603526584,29.395704648265035,0.5818187813137554,-0.5751500817516049,4.488914678105633,4.00735220495982,1.0838750491501454,0.1733371407708861
384500.0,2.3773028300159837,1.6950586639130365,0.3892411844936468,-0.9606397237012644,2.6092984031739803,2.06875540451861,0.9239801646045872,0.1874843132194352,3278422.2935067336,2596159.486405601,0.6727715077138093,-0.5472355250443961,5.896293186482962,4.194188226410218,0.3777121139691665,-0.961671900811393,50.27387110770038,36.14173866049112,0.3775098254039077,-1.0160399442516812,4.3626423454302286,3.1039354684495386,0.5515451567689879,-0.6063015520990018
385000.0,2.1926781828184123,1.7660212222910427,0.8032154652294237,-0.3407719675279126,2.2552433272189245,1.5894569938430845,0.5515197892275565,-0.6744406215083778,3381983.6793780285,2942280.3725423603,0.9887351004133804,-0.0137524607621761,5.181841495586936,4.282164726881304,0.8830698209127867,-0.1637227432629289,41.77720923786426,34.424986296068184,0.9049721290393764,-0.0932406640480594,4.446630130534439,3.451661040381957,0.6196972838906218,-0.6894401199042313
385500.0,2.5540896842287983,1.7585150638696176,0.5779429780185853,-0.2944680057308297,3.100414195337129,1.9505852906384085,0.302326805414161,-0.8850632341277156,3445268.132983236,2809663.460148258,0.7680367033706802,-0.3350340974105528,6.2259132265746056,4.082469760540296,0.2691502316841829,-1.0489540992008954,47.18447871503069,31.261942622497592,0.4085521385860058,-0.7268434092179152,4.8855226957621865,3.60913027018813,0.5611608793594532,-0.6598029284208451
386000.0,2.443890820525446,1.9442042871614769,0.7154059751760266,-0.5712370792029846,3.5820999863792853,2.3619630096340924,0.4157498391034657,-0.2628485720708493,2857342.2593578245,2081859.0459764367,0.490893336838299,-0.7543667529983424,5.596862147981364,4.312958131109201,0.6823051219233132,-0.5378312571960326,48.55017528463437,35.13135115586047,0.5526033135054603,-0.713688024757563,4.31099748170299,3.254960977724126,0.7194464976282055,-0.2705346836180644
386500.0,2.7611439157137068,2.305019734093984,0.982534763845434,0.3196170737916475,2.8622858333313084,2.8952472604917,1.7445146703942762,2.689351821696615,3537113.8688851674,2557915.442926584,0.3738890452838323,-1.030206768102805,5.474115832226664,4.530483813430923,1.0812776563422468,0.6400083932750342,40.77982729269966,34.84399621999095,1.0982868873787073,0.6276370580410546,6.659854932691607,5.226237287491185,0.596875497051336,-0.7652109556120137
387000.0,2.42648331912592,2.2917237738513974,1.1343429688880793,0.4342152555946899,2.566811903315276,2.070525061094444,1.2207289225648463,1.238212603405244,2626277.809924959,2090083.382760777,0.7506156160383123,-0.3665497383336924,4.874353006432394,4.19145764963347,0.9932799829800444,0.3334370118301399,39.02819934458753,32.26047805339516,0.9783133095202562,0.4964871657838472,6.481267800256453,6.436972664945833,1.0009638543475192,-0.2840503603007303
387500.0,2.535908095079096,1.9775934567294529,0.7862883944717954,-0.199645139314788,4.155323381417607,3.5106017157668465,0.9301695493517256,-0.0066767592421856,2629643.264332078,2181075.373061249,0.8300042259201635,-0.240090037299093,5.348338204520831,4.301205949968837,0.8789491067583235,-0.083784029439673,42.01515175603095,33.014644945185026,0.8848591949246469,0.0342045839151263,6.617499161102174,6.194328267898815,0.9854668530693056,-0.1010866879425047
388000.0,3.031781018832437,2.513472991990485,0.8012980135027425,-0.3711150714068569,5.41766999155258,4.237470159376485,0.7635806606674125,-0.3626711407157819,2529962.52182042,2129749.816742859,0.7712959185784624,-0.5398556050323742,5.623276406068712,4.895548069494077,0.9743166504170728,0.0258207213897549,46.37440911539864,38.85651984124523,0.9314811390616284,0.048568071373118,7.255492429386054,6.664711955540857,0.9554396359594358,-0.1470086907660124
388500.0,2.085524436911508,1.650054612161245,0.7371543117605892,-0.2431494205225357,4.689811063480085,3.310101909868361,0.6418509301069726,-0.2815862508125484,1716904.4088283817,1281301.4689086156,0.764020778777126,-0.0352920135202836,4.1207475687116295,3.2171823738174026,1.011453930485476,0.9799184595332742,35.531220567735325,26.845999824825636,0.8235773589151387,0.4077136806510602,5.666377287054507,4.750554420523539,0.958252919039502,0.1347529596081211
389000.0,2.9545801132267333,2.382134401978921,0.7134322425742573,-0.5582823646882753,4.549955424542078,3.348726216166972,0.6925906491534755,-0.3951682367610272,2376535.248987234,1782046.0578314562,0.8779476760728555,0.2191267514826167,6.128384173026529,4.593965442321143,0.5642927374445318,-0.7508560973292062,52.9783492323829,39.89238325562135,0.5822177339629568,-0.7123352944357091,6.101488542660539,4.766874446444964,0.5525406481348235,-0.7905611901286278
389500.0,3.5095712599066977,2.4433989514811416,0.2433122796675435,-1.1471302281130722,4.78862218402996,3.515825153167057,0.6250207044653843,-0.419854029371324,3063662.840934639,2294990.9832530967,0.538833170605931,-0.8507903048317824,7.619106874360137,5.1891483068709,0.1651556304163861,-1.27624695826766,67.42153947208234,46.28496673904182,0.2003761924685713,-1.1658249559321898,4.219971049220545,3.1258067171011703,0.5014977845739087,-0.7855837974596502
390000.0,2.705647086891206,2.1378882558806653,0.8663211872790737,0.2798682997450425,4.38962959036979,3.222805536391671,0.5214969962476166,-0.7282883129135858,3126328.223327187,2451430.362480936,0.5854332962798264,-0.6892756529523583,5.340121502348764,4.488789971943665,1.2978183378577397,1.5948184691525429,46.526993259243895,37.42238388270427,1.103899997435012,0.9708265143909358,4.934722264551817,3.4701309371223563,0.5825487991854328,-0.4538950745054886
390500.0,2.101268540266912,1.6783532309557492,0.9244193043533888,0.1621136971319838,3.613517090547912,2.557560773262276,0.5099275534454014,-0.6553363579579199,2216466.856530492,1577934.8227798217,0.5281246712736013,-0.8287027154988253,4.398139706197727,3.503964761170145,1.0012480394124303,0.3112822992589303,40.21097857934869,30.62231721070142,0.7872021207634806,-0.1111090324532466,4.161386999499496,3.252769359525784,0.7297652930820172,-0.3365373976347445
391000.0,2.6861369149669505,2.0651749691208683,0.7660515656938529,-0.3000049033354646,4.888907902455098,3.3508400692515137,0.3499366337866348,-1.0693989721767527,1659762.6273647817,1299483.7553726432,0.7011933671536615,-0.5923480076566858,5.725701793686879,4.688254951144358,0.94643916387787,0.1349601560646358,52.24312166195498,43.76648329175577,1.0087580280259816,0.2729837581728538,3.2531871673139903,2.627256973186953,1.0789692659285206,0.6166222260882588
391500.0,3.733873861932368,2.7786844375809383,0.4040406712758366,-1.1431721821080425,4.299223552793296,2.950399298311441,0.4104067987958143,-0.8583417874708639,1904015.521550137,1276553.640229515,0.5221709095528934,-0.3000416604145743,8.178208496926644,5.790961056938966,0.3935694430357024,-1.0430641834314929,73.82065939137144,53.71444267006856,0.4390961602627885,-0.9871012909828148,2.0029273884645558,1.6411375567385509,1.3985404593301374,2.141369922210572
392000.0,2.691185389447045,2.059757470385386,0.8073612150651476,-0.1467547108426234,3.088009055038168,2.169973016695909,0.5514119942675009,-0.5610771065652931,1516792.976493658,1140071.1258787117,0.9636103336369553,0.7096819674722745,5.861968566188077,4.544057516706014,0.8382514022960631,-0.0537496544890099,51.93827388977572,42.15503888166344,0.9746336686767882,0.2101758392798465,2.2574946022558624,1.8269118949458527,0.9071598960291845,0.0653348098575188
392500.0,1.6595242990504846,1.4041280116767592,1.0145731483054734,0.2631676508252814,3.569440519233581,2.900551180458212,0.9490803081361352,0.0117373926601755,1866004.13768359,1469444.3976504095,0.6953697667565487,-0.5523433330174563,4.266701076923559,3.309054433088664,0.8261795108939705,-0.1663776498829077,34.67676778760819,29.827662577362204,1.0672829640824115,0.5074031189153607,2.7641235581686123,2.387036326899141,0.9894822898146292,0.0902003815095398
393000.0,2.088015836912124,1.4917630762962812,0.4878440026497811,-0.789269286097062,4.724121609563732,3.5881821450201348,0.614089664207749,-0.7387932432454765,3069066.3751132344,2426295.7478145813,0.5908456260824495,-0.756109038069114,4.86146281487399,3.428418159168116,0.4384337699140537,-0.7275293430005627,41.842033672641385,29.397839424268145,0.3806590863296818,-0.9142365488977496,2.57722675098438,2.1936459967344635,1.0527401677909352,0.266782176363765
393500.0,2.291832252847539,1.5284311815948752,0.2482746377270412,-1.181090805030896,3.18865884402842,2.85037821628842,1.3510824372716324,1.3278571259820344,2545360.9769216585,2370900.580247031,0.9228647972828972,-0.412142867343074,4.62572386400807,3.1324427155894026,0.3191553697831699,-1.0055180864440711,36.6595963038433,24.77212447928077,0.2953677242520064,-1.0903655997667878,2.8853653505601384,2.4163299144939665,1.0145760746398855,0.186373842445759
394000.0,2.3271943288480696,1.6270266965119915,0.4929646372480551,-0.7393904214132654,5.768514643896053,4.48062124823668,0.5220664586986948,-0.9494878165645826,2212612.5681114835,1968121.9606126,0.920488618015956,-0.1302697084362423,5.247405645011086,4.055016945152029,0.8621754822575526,0.039409313929692,41.8119570376563,32.1340255197525,0.8311825194413026,0.0104340241958627,3.590006337041376,2.8573540058822,0.713429069984056,-0.5078558640160376
394500.0,3.1837369372059463,2.3526032646952038,0.3952926921412224,-1.0337757062343318,6.422732188227421,4.406897571799875,0.2063539687766184,-1.1338555174537854,2856488.0347110126,2511826.9364821278,0.7781818402529986,-0.6070341613156276,7.559888814106486,5.929570614760923,0.5483924068418905,-0.8635232309867091,62.90914454307375,49.65260184177015,0.5482575413247475,-0.8721577333222603,3.5100742193055026,2.8025525576705785,0.8671918936171058,-0.1387279355320516
395000.0,2.577640437418941,2.301425738513497,1.203328177598216,0.5463501277241845,2.9454972253464446,2.422654438151597,0.7107576600342632,-0.6504429169957069,2866767.893029842,2737901.5399739225,0.942812804466168,-0.3778945126740871,6.196089004128491,5.525154768934359,1.078212015968584,0.138482509483143,51.64008300873692,45.05427182915433,1.0257916398800362,0.0100893156646142,2.9174373624677963,2.5327194766139463,1.1391670545096366,0.4445943712793543
395500.0,2.3768601963038454,2.16596032898052,1.1462921338313714,0.3242383090181948,3.5373814548459097,2.47023102170876,0.7029844451120487,-0.0822046086086212,2549603.297797278,2203770.887343029,0.8229831462965547,-0.5219018385259071,5.276266420157083,4.870759495671455,1.1628427471315306,0.3207122862135394,41.42203380316836,37.89452254694874,1.2065694793559527,0.4832954829585354,3.3203024946734354,2.6988899161461,0.8080067832652946,-0.3165914598602013
396000.0,2.0313553563250037,1.5568647341198292,0.8956330776597189,0.1375639365164569,2.979533912865263,1.99263149745438,0.4734555414009045,-0.5441200816561551,2293634.3672172534,1885385.9501456823,0.6217938194457853,-0.8382157622816089,4.73211041184164,3.507512997733748,0.7556141095082199,-0.1514487749786108,40.62493889892349,28.88897916734511,0.5688434600908987,-0.5458758309680158,2.5575595173376984,1.7089504056328653,0.4184296491519189,-0.7561796346476064
396500.0,1.3919809541468846,1.159157144158269,1.0898751404303395,0.4881335413872349,5.21324534104543,3.4559264646003864,0.3128756967596954,-0.925695073338634,2235940.908030284,1992309.424224446,0.8549111720352134,-0.3664944683672435,3.4435131250618936,2.764696687707864,1.002970357835374,0.2306886592934387,29.7022843704982,23.817510628878026,0.9150824162705172,-0.0484454274353725,2.5518409743209243,2.0029709787413137,1.0005624244020448,0.6208120939701813
397000.0,1.3929402245867553,0.9276483135440908,0.5375307376479398,-0.4261145539034823,6.157477983828529,4.351087535388888,0.3862814206962646,-1.0655741737539164,2265793.766756676,1586677.8165764897,0.5712921492313384,-0.4403018922238346,3.0239067147987737,2.411319342157237,0.8349402939164582,-0.2790375927831796,23.69504639679173,21.38107878639201,0.9969236088067462,-0.1366987843882197,3.835050767118255,3.0142092911708227,1.0381708216636467,0.583352628431312
397500.0,1.2218792800043867,0.8814434452240811,0.7118219399594476,-0.2737403081450562,5.103670073124949,3.672768344540564,0.7243251335976474,-0.0813011507295997,1727748.5239543405,1266374.943628708,0.7390421001709301,0.0580306420809435,3.111326363917582,2.188376692157576,0.6677422668837191,-0.4182658872206937,28.902162345471847,19.10662297554884,0.5930466347940823,-0.4729324871488192,4.24796191339754,3.552334136308944,1.095073328525891,0.5218789535828128
398000.0,2.434449340971511,1.482784261826873,0.0887461566176815,-1.0349996040933744,4.333737915706893,3.145794376927688,0.7061415133221082,-0.1767300184327482,3272453.413976343,2238006.2920159567,0.310007614247417,-0.901420452791192,5.75788621948014,3.722903295708809,0.1685336560401532,-1.0293753172973334,45.41491188074058,29.239566620465624,0.2028753182591937,-1.0077025171965004,3.9127526715546055,3.609289046522411,1.054412564755744,0.2017644790895318
398500.0,2.26111353883201,1.7621462378061108,0.822555479897893,-0.0605334904058878,3.6938353728177953,2.9438656319819967,1.6133075664613516,3.749043491523015,2649458.5363307465,1924313.638209692,0.5830653633650905,-0.404022404404778,5.178583538133979,3.906749117286948,0.8349530277264762,0.1703931356391232,40.098510175521376,30.24560642752097,0.9038945437373342,0.4387657971040504,6.138711392901466,5.114547108646683,0.787134083105305,-0.4412748648223639
399000.0,1.7580557683326494,1.6350757646162248,1.4430141072015,1.6599312757436175,2.742099870433012,2.740113997341637,2.180474677164033,6.256928164835268,2158346.871868893,1604586.0782065508,0.759785604606554,-0.1159918925771861,4.208268642684721,3.8778252411316783,1.471960981816166,1.6029176336952808,35.662171208769834,34.01878171139739,1.5033877879253643,1.6232930582307317,4.652676594652503,3.7488472645078006,0.7423396731686227,-0.415983722976172
399500.0,1.8478657034587624,1.3911608268643765,0.8383920521888252,0.142240982480756,2.329104631003378,1.838614641474103,0.8786551657330001,0.0523279439277502,2396649.427796064,1619617.7494155108,0.2364741237281578,-1.1609809419679042,3.793340539030286,2.93217036094676,1.0484428406304458,0.7582546743248737,36.73886510725222,28.537091266862983,0.9323710019651932,0.3726605523414772,5.960133325450013,4.268759013920546,0.369532308029851,-1.0354262105619805
400000.0,1.2676813947164889,0.8511988726425963,0.6419028260276481,-0.0874325265911708,2.1141212961663167,1.4536476113159411,0.7063557896994842,-0.1353710287473206,2017132.68359538,1348888.9025050832,0.278826462481742,-1.1273182511428756,2.373305310180502,1.665042890559305,0.8048523421470819,0.1424408553350891,24.10865590184614,16.281443393933284,0.5658936528723685,-0.5531223898758046,3.905757022203707,3.2710789053148903,0.9173189511704924,-0.1134098043197506
400500.0,0.8431062083587014,0.8463657957374838,1.8598360065657369,4.193695558370745,2.773266675217308,2.182570350840918,0.9876946354656032,0.2906080553343084,1817545.4025035405,1244988.161288587,0.4733473067991093,-0.6457168148797878,2.0539017723783672,1.938382785520079,1.8104247184581752,4.043005211293018,18.758685319322105,15.733581447929817,1.6491621780321777,3.5846368266680626,3.754435773104755,2.75873582974768,0.7369757420403236,-0.1009497898682765
401000.0,1.2833855329962418,1.50706397260435,2.378182422127593,6.115337868732267,4.039559057091397,3.270862580532163,1.113496576861585,0.7926565070162166,1307622.6086830024,993907.5909858696,0.8865087493724062,0.2498021694137087,3.018136371139735,3.205975254063404,2.258335906339674,5.432352832807792,25.365160371956836,25.6259845357247,2.196570953121761,5.1506104355957465,4.075750108208869,2.9468150140207428,0.6264105748758679,-0.4918279794144262
401500.0,1.3858978585656243,0.9873703110126094,0.5472997331861554,-0.5329829444127463,4.75698776124814,3.9878219543845184,1.0806229847804687,0.4164223452140136,1261225.9715178742,808064.6011771372,0.2851080894946198,-0.9147156448877144,3.6471074379694417,2.4496834857034453,0.3320051498273264,-0.7739688661502573,30.710140517111498,21.099046013150478,0.4385144748987363,-0.6635793907720435,4.946285713435379,3.5270552202577816,0.7904538578507757,0.1967665491175196
402000.0,2.157618711297165,1.5122570218209872,0.4844321975564722,-0.5968513791495336,6.5142718599383445,3.944834825244686,0.143706224130751,-1.0970342486797264,1512676.7743297413,1171471.777135058,0.8563712352895372,0.0232585469798642,5.277830788333449,3.3699143080221963,0.1558056290645966,-1.1599830170951309,44.085623976298486,28.495504283081527,0.1760801073088162,-1.147655980117961,4.38297770291656,3.58398503434877,1.0955868614715991,0.9522656574876368
402500.0,2.410203368084412,1.621658225303844,0.472421409072163,-0.662691084062947,5.469432309049043,3.526319312134889,0.4923993485657683,-0.2739261458174855,1870599.7196235836,1412084.0280418568,0.7189980997029376,-0.4237260015215902,4.133158413825768,3.1192183694951714,0.7771062400558102,-0.2998088964624323,33.63380694914176,26.56516079533725,0.867374960823537,-0.240029442422299,5.119038468732814,3.838969541163928,0.8582353113854873,0.3299448371094966
403000.0,2.0901314590383477,1.4308820689916066,0.3949542692038997,-0.8618609253104914,2.772095747300281,1.923044383367258,0.6235358694669567,-0.275290427633561,1887948.6852179137,1241127.9558878494,0.3840138596149061,-0.8176287571239409,3.5390783280731504,2.747959367946988,0.7147980645261653,-0.5197290457563137,30.268953761947213,23.5249065716636,0.6361472894391801,-0.6803321479251454,5.5094031068467,4.256199010519027,0.8863421807253863,0.2624222666162361
403500.0,1.3860210921324752,1.1838886036261471,1.6304100328813482,2.968815791611804,4.1153186928669045,2.9776598027780508,0.6967105437480718,-0.2445753725457091,1522107.176771151,1110201.4695846706,1.0786223276432996,1.4387339280865952,3.486623092544408,2.293455951759478,0.5975006577107417,-0.0788818083582301,29.56479038232388,20.21936863353229,0.6250655279870179,-0.03691893661576,3.783184009958229,2.715021553872372,0.8202560239595247,0.4930910135655915
404000.0,0.8335690284020931,0.6453926506429193,1.088087447722899,1.7262046005999423,5.164453649977336,3.59731113912846,0.4544272208330787,-0.7629411817294884,1035434.0258269802,772368.0073385385,0.8066469009188325,-0.1008930477616671,2.289417654102816,1.7301031164312903,0.8314153603246887,-0.0660062221275108,21.433809456220164,16.570092581074157,0.8535201989379373,-0.155832492022375,2.224645148805069,1.5343441432864766,0.8830059123538757,0.5012487892641135
404500.0,1.2026534534864086,0.9300570161646956,1.0381916209163438,0.659675834160308,4.677448320419181,3.241088079392193,0.5875363923163406,-0.4775988347864199,1217994.4783617023,913110.3495326256,0.8933224883670121,0.1729512526464902,2.15937657757725,1.6821029328550228,1.2037174442306464,1.4854601439455468,19.586781725482243,14.705161962728573,0.9481159693292914,0.4279140091098918,1.6130729766763758,1.2930160791696954,1.261394879391424,1.290965584529518
405000.0,2.302286864345956,1.7372320504766587,0.7752256419467854,-0.0661020769366573,3.74733328101804,3.031856980823171,1.1505844265724694,0.8664411632819005,1592282.0421195617,1009346.6800388392,0.3265527928254463,-0.8001483980793376,4.147749977740603,3.0669766902964564,0.6930928638446813,-0.3089370248747887,37.320462327745744,27.56859425892951,0.6234987166249133,-0.4316735476700915,2.3606771954602768,1.848424008708777,1.1941253347139846,1.8702579828206616
405500.0,3.5409238085070696,2.5607118440208407,0.5563168258923884,-0.6167020216507964,3.0231819662124377,2.467528298410987,1.25026346426839,1.420235126368068,1859956.8143897136,1237395.4018900646,0.3075693517997608,-0.9794925762849224,6.849325170924936,4.770562355934354,0.3813837691447778,-0.9242690791113164,61.00613533067765,42.18483172440168,0.3582852931271016,-0.953564270740518,3.191374286482814,2.334946659791074,0.6314679845281829,-0.4903371794313509
406000.0,3.6740408338052655,3.175790648242276,0.753162108063664,-0.7493818545372615,2.7862954841359326,1.8796302123094648,0.6738224772810774,-0.0974360664924338,1999630.4085135916,1472037.8074617528,0.592810544781355,-0.626080518764307,6.939838898466064,5.499322118605211,0.617998491559479,-0.8771945536036441,60.564144786777646,48.42807901062751,0.6187063605232562,-0.8859534630557349,3.9777072428858338,3.5010799411400444,0.871605198902942,-0.4111735835565659
406500.0,3.07490082418527,3.416551918320232,1.2743257667964,0.3321470720288886,2.708047848895749,2.0061146661640703,0.7653228175402784,-0.1974819896980433,1862792.4518409127,1198897.659641486,0.3668463964514751,-0.6674182192520322,5.328653314366843,5.63707127115581,1.3526857083724642,0.5974881158064154,48.94806501152067,50.54295382752672,1.3838665978892692,0.7496881840412426,5.728110119526268,4.807695754015997,0.658011122980523,-0.9571618041102212
407000.0,2.299076053373247,2.70632216085344,1.8199096204262464,2.4563149593306,3.800272250395437,2.437464443919145,0.4672677033191878,-0.3541688295087652,1448504.7865338237,1066172.464387508,0.6870287261873418,-0.2824670493661338,4.34568855107501,4.263358023023192,1.6694929941057233,2.268074298749948,42.48193968527496,40.670821401568375,1.6130279207438336,2.022915329668105,4.6382557497142,3.7333982529323766,0.8294804314926559,-0.0595554244392051
407500.0,2.241809251134783,2.1690851155958266,1.349316224855351,1.2293036835284212,5.1005516237792525,3.952099209476719,0.7311536906653666,-0.4381099363288361,1394811.2923507923,927771.6163371324,0.2949887346087849,-0.9294541804928532,3.586805249834253,3.292892013043729,1.2716392486918728,1.141971968253659,34.35279536388066,32.35718669695888,1.243070011763975,0.9347843744656394,3.8299800326396394,3.254246720898506,0.8704018230800012,-0.2091432195266125
408000.0,1.936682612286712,1.3981132669566334,0.5628190133894715,-0.4435026564944877,5.4526514362825775,4.268935872869338,0.6964371284915138,-0.5918363603997001,1802474.2399015925,1300486.5394210531,0.5680363065197509,-0.63449117827555,4.202841482820031,2.840682450430349,0.2196100141331502,-1.1632245102600955,38.60030435425059,26.191853038993948,0.2178136137557574,-1.1352675443093334,4.021771185845382,3.3275982215005198,1.0666386847109004,0.5066857315120745
408500.0,1.5413443206679374,1.0201368812331042,0.5507481335091943,-0.0656242521098038,5.9890583584131525,3.869029130386859,0.1707551937418638,-1.2335045070791892,2720659.535406126,1990844.2324800023,0.4527167141126293,-0.8818007009592064,3.593349480986423,2.5252805838508694,0.5772702602610179,-0.438309905317523,35.37792334071647,26.69412804355848,0.6089838928802158,-0.6349173168561228,5.2488700580430105,3.860831781639008,0.6563928817557255,-0.2304320729672762
409000.0,1.3927472374202003,1.1662476880119896,1.104455181825883,0.7227692978289091,3.881321022382948,2.6312126900202872,0.5286898551454154,-0.5730687680802116,2278092.977015044,1763979.662830068,0.729056705892866,-0.4116943825135957,3.479575665790114,2.729446075354306,0.8729943628584789,0.0933351114528804,34.47476242895735,27.80373611568525,0.8193648412032859,-0.4009339680955546,3.1175459164407333,2.60351613587706,1.2275952152703755,1.1355043252485926
409500.0,1.2876501010728716,0.976012741153266,0.7401303902002624,-0.3001677962525755,3.9239010973416746,2.6604548363618803,0.3891658718869452,-0.8484836152474351,1659576.717856211,1129979.7141429055,0.4415631231804968,-0.6682312388412854,3.163987640832581,2.2949048072369185,0.6470265203471884,-0.5804514112218246,27.802119587575195,20.07484240648177,0.5819879376229931,-0.6221753301900601,3.010484778074179,2.1868535799344957,0.6609248122391251,-0.3411121363814229
410000.0,1.472664772510237,1.115007791505659,0.7077223912529027,-0.4124745696309477,4.760327771636656,3.457517778457795,0.7207444844735159,-0.0603136036816076,1412978.0195390792,1128010.6866897307,1.0144308401255462,0.5191753909950472,3.606634700545865,2.6371375935461283,0.7456384574014301,-0.296957269410985,29.196829670286387,20.777974130364917,0.7926794664101685,0.0516140616860236,2.9068753462533063,2.4734453758226063,0.7681726466351173,-0.6352368574130729
410500.0,2.3513090412364037,1.5744222230003275,0.23628064185713,-1.1123269382828649,6.274353168131711,4.94621065901315,0.7425950044175977,-0.4793202465879935,2744030.1332876785,2200088.466523938,0.9067476858560906,0.2528460654122346,5.261358129250003,3.606209342972232,0.3340575540242959,-1.013994021886379,43.33851458586708,29.58213488484701,0.3316928810330876,-0.9889323962866872,2.7549985761825675,1.9655061033980628,0.6625811627013934,-0.2643448249711411
411000.0,2.0151058847957164,1.467163338786031,0.3788539689951238,-1.042048731545576,5.496489614721813,4.419772857018046,1.030345470992212,0.39124113640541,2831801.745890364,2621473.27388063,1.251176268788227,0.7665418388485987,4.824761951415285,3.483438314033382,0.4422663246510205,-0.9985327445249346,38.53936577894556,26.735578109990065,0.3424036466686239,-1.0766162397621843,2.0608784085645,1.5230634001532986,0.7221466898251743,-0.2767800386370238
411500.0,1.3501663691020926,0.9848229732910796,0.6266194433041103,-0.5028222212212117,4.653058664256855,4.047140622730797,1.239485253771777,0.7929125983284804,2466888.7688557114,2230464.783130947,1.300283218515476,0.9679069926759224,4.14996374967919,2.774033692140099,0.4228931608023219,-0.7855228956367202,35.976216705316574,24.97443905026617,0.6847872715485473,-0.0198133855526441,2.255013075347331,1.7395373590006755,1.0152674877988386,0.4902955576916428
412000.0,1.3467212141511102,1.1278489411860777,1.0211421404651917,0.3805752798333719,3.9900220864673153,3.0686503198321264,0.8809967706709434,0.1817890774891779,1994656.296577692,1854395.917221225,1.3775082097194356,1.357415330170331,3.100336661463243,2.716740214983693,1.0575612030026729,0.3164649824216385,33.95227682586655,29.520316389360183,1.211517303775413,0.9263113385163168,3.149059480097686,2.137491225546603,0.4161647092225449,-0.8096657640277605
412500.0,2.1464079611853006,1.580394560220471,0.6547083703333091,-0.3543671007618312,3.7442669269094577,2.5197292246366314,0.6688444334103892,-0.0785826667060463,2816937.976780441,2124053.823364695,0.7817928417848024,-0.1279650702910011,4.377849772650581,3.015311583636602,0.5904103028958076,-0.4329413838543061,41.9782871986392,31.26962491615462,0.7533327479061706,-0.3291306756611285,4.084366048237898,2.8016107455372867,0.4017480618663128,-0.9881019882363248
413000.0,1.842161531199356,1.645563441550991,0.9694063398342924,0.0502787162535192,3.9249990488456463,2.913593759432534,0.7465460211751583,-0.2417292352042008,2486066.6039354927,2191519.090976591,1.1744616436061943,0.8624885508584579,3.726948926574978,2.7194360611374697,0.6441091380425832,-0.2942792427550778,31.86672274568585,24.430854709084667,0.853910294571675,0.1962251734964328,5.002345185488575,3.519602520434141,0.3133771259250722,-1.1086956707059283
413500.0,1.5137628196345898,1.335518599542915,1.0433223883457068,0.3649840254022871,3.4684451920876302,2.58868024074112,0.7042909396421065,-0.3122789584138847,2549180.071994116,2191063.1687671486,1.0732909129888764,0.3831990689498732,2.4914600309095034,1.7326963630642545,0.4865251198129062,-0.8180185238117805,21.50582051936125,15.196106472681096,0.5002358374739865,-0.5609571933202928,3.3592251451360173,2.849632913362453,0.9222431218559524,-0.0128914840863405
414000.0,1.20009034461302,1.032078314404546,1.2256445479907938,1.028082109918536,4.210130647268307,3.109456929537327,0.7042400333597089,-0.2639160910427343,2215085.395143053,1943264.3864816315,1.2624272304295685,1.0130696467320135,3.0625681467549573,2.2980049520640677,0.7221232641907702,-0.345226123266547,27.15268075556227,19.413521206306477,0.6416388517826037,-0.4289620803451606,4.31380889891933,2.911778264571476,0.4922911763418032,-0.6262387205531761
414500.0,1.3965630212321791,1.097099973512099,0.7639990678080659,-0.3966995457243527,4.5126068214136055,3.521478254479706,0.594328915871007,-0.8988719594912715,2545685.5513230627,2287185.498523229,1.1592143795924206,0.5340497766916021,3.878196541953161,2.916760159841488,0.4559161245932037,-1.0935071778559906,34.83828162080817,27.270760992012725,0.5018429450484038,-1.1434257276192172,4.5436445763867015,3.5832333441872737,0.5104208907130757,-1.102589939614254
415000.0,0.9528506483463548,0.840804543021672,0.9282835308711014,-0.1593833527773842,4.147797779768315,2.8677362993237,0.5562035946323086,-0.5636651899499476,2315140.332942623,2185583.1812344696,1.070003283966808,0.250706544375503,3.045072110316114,2.26337941278335,0.6379097895797389,-0.4556391896569201,28.033851988557696,21.16892633145317,0.6285347752251216,-0.4818651475181843,3.564917838039931,2.8917805500709246,0.9878752386958756,0.1711285235781443
415500.0,0.7199359048624494,0.6639983970192327,1.013437639527473,-0.0177648319181122,4.551091435941563,2.898995491786218,0.4239236855887144,-0.4014457525895287,1974107.534214513,1715643.8659229572,1.1853005707267317,0.7447846065689654,3.623739617346736,2.583495725239804,0.4907466226391111,-0.8425019080447584,29.947114196736848,22.00047934267914,0.6272878944569381,-0.6046580674265267,4.803250335612183,3.375905705512497,0.4439741841410309,-0.7920097712227507
416000.0,0.9163486169038076,0.7786395519911457,1.2235489347300683,1.17947974444742,6.278635417963225,5.023922974301816,0.756281369201211,-0.4511617832945394,1928322.099982952,1832841.2720281845,1.1963645602538282,0.5605840636035526,4.177817956779213,3.5108784784780283,0.80850776016705,-0.4760512609680036,37.73364883238882,31.17932373689038,0.7452453429055717,-0.5748499155734117,3.900314982595525,3.2945076471275105,0.8243290073800262,-0.4327139473965071
416500.0,1.6621231023928396,1.3297154911929985,0.790150135215992,-0.2245218293021049,4.6994646077387765,4.471695722629622,1.257976058013987,0.7582444202133667,2094121.9803613096,1918057.590485719,1.2250195984977998,0.8226465572588908,4.106000434347043,3.821133645355685,1.0147714200927878,-0.0861902085522849,38.22275303830767,35.96726023097905,1.0658598813130424,0.106786222961599,2.9107768702335406,2.237685976678333,0.9548717027941176,0.2480847461132445
417000.0,1.9028153915764063,1.474948576934323,0.7156968636540348,-0.4209000439086785,4.032728355851805,3.3229744682146425,1.5251697379155231,2.753550506360389,2275338.225412859,1802102.741816043,0.9736568875498818,0.5398975366619383,4.328975588640207,3.5256058589233805,0.7888609461194968,-0.2619797586068952,42.30101649031409,34.90013333209753,0.9677540927712472,0.3092520390467692,2.380566681247797,1.8924081041014675,0.6627198966422082,-0.6872783533348774
417500.0,2.1306505147756,1.708902971909739,0.7731047722201454,-0.2092869506517467,6.333161468984679,4.1930794707992005,0.3717673607039226,-0.7592314616249762,2539612.965895386,2069416.6208542755,0.8297938773945762,-0.1740160344525794,5.077690507596294,4.0065339765080665,0.7250434571504123,-0.4435005110732946,49.70540069269762,39.58451344220403,0.7524100447441533,-0.3558908453797484,3.176875052383763,2.550265948296834,0.6086067551585913,-0.8299457198843525
418000.0,2.4286019215912136,2.1373412724021725,0.8036261709437739,-0.4472340136927197,5.888290825731869,4.023924680027659,0.5444475306807621,-0.5446609772293569,2498145.082284417,2233915.690921948,0.8501561661086452,-0.3167714043060146,5.623861066919464,5.226693403804847,0.8045191871373669,-0.7070184616319728,54.43189219401533,50.400363979539975,0.7979760172687103,-0.6624227026280995,3.754482402418206,2.85407141657167,0.6681376632746424,-0.5626916278193397
418500.0,2.223801909918014,1.9533825377409224,1.0260472711525064,0.2192095012822981,4.464913888519496,3.354027775331936,0.673723624927305,-0.4565159666447957,2337991.482381322,1984363.910582864,0.9858704648285416,0.2334155694976587,5.749723999413743,4.797583577937871,0.6072300523266483,-0.8782580553576156,56.52076724463113,47.3245249647252,0.646943144678973,-0.7497989779757313,3.180590415638199,2.5796991448504887,0.7645358873922091,-0.4717995879304792
419000.0,1.4071438861268089,1.0865269363962349,0.9959546561179724,0.6213190116514653,5.995695401249901,3.8870729547158014,0.4491101336541437,-0.4919542141486386,1337059.2813654486,1162314.2162095616,1.082492765341981,0.8134967970152998,3.381810217853348,2.2784524448086456,0.4014569479438059,-0.7988507627686836,30.112036314311418,21.37942582387653,0.4731344069589313,-0.6768118253246991,1.9126402792644852,1.4536564015086204,0.7978189014654576,-0.0539214411812252
419500.0,1.248980405878455,0.886867573863708,0.5663096439600359,-0.5336655897701781,6.291296323117972,5.77051376888285,1.17160037385801,0.5767433596119984,862639.1901279737,773147.151582527,1.1943988392648386,0.8975823298399535,4.686296101820889,3.377954181413781,0.6369429618151466,-0.4306100945521756,34.68689659797622,26.15622282455708,0.6493050618056639,-0.5321332203931464,2.384705822983378,1.7397509612964828,0.7797723266118405,0.001912963584862
420000.0,1.7331106283773436,1.2448788562314952,0.6305669839560859,-0.3688465133643359,13.062792534929851,10.400170175499072,0.6808117777254427,-0.6290341237346069,1183086.1217507606,1115211.824770042,1.361691658851249,1.2215272454209751,5.878706091788206,4.671713675508617,0.7376451489922385,-0.4526479397492839,47.08597647893957,36.78239355483959,0.7543886803471717,-0.403702573851453,2.608220986266697,1.9173416556848235,0.7871045583712584,0.0377859295542593
420500.0,1.4910440319010554,1.3619056778776033,1.2548205996422392,0.7305770081305987,18.37601132424583,11.205842735314432,0.0008130371379355,-1.206766235949725,1289020.6731434024,1127470.169736872,1.3625555260363629,1.3777151058487034,6.013606935337561,4.924395218923115,0.5789541437505444,-0.9267576869931604,48.24818548686048,37.81139139745684,0.6402717438236669,-0.6875611188485609,1.6925353260675595,1.2938272830431132,0.754045024633186,-0.2726350245073119
421000.0,1.2157329921703814,1.038696908708292,1.0703364843669716,0.4263832990432505,11.214716552836212,8.828823003143803,0.5685151641960601,-0.8645594029352646,1167761.5251848367,1057907.3864504108,1.0511595735239796,0.1755560827485482,4.309079700119151,3.3495394403740844,0.8312378186270214,0.0587935384052094,33.341323101330126,24.8991392363502,0.7331420331502863,-0.1894631569989919,1.9237072564933977,1.7766879141085723,1.5438744656959225,2.1859973988870296
421500.0,0.9659788448740824,0.8084030504752046,1.0891987616038814,0.6742490972817103,8.86811903072147,6.436373663351828,0.6394017165665626,-0.5056678379030379,1373436.2683815972,1091048.3007608303,1.0531740508575265,0.68702731355858,4.643003122853379,3.454077890406156,0.9517273528425848,0.8882514389370955,31.180618937725225,24.883252219186257,1.309498050913598,2.105584415772082,2.80810875334595,2.614478249959236,1.1552849778367786,0.3975896532840584
422000.0,1.6975862356014078,1.3303265199734826,0.7685219401377632,-0.0430441647007455,6.60175516569268,5.252615084625667,1.0987805149261023,0.6838523054952508,2180689.619134615,1592678.0574443513,0.5737021389293672,-0.4101963877276855,6.244148976327479,4.366038319702741,0.6809554924624782,0.0679471664952933,44.71808778292608,32.8134781230952,0.9456011684111322,0.7008588764546881,2.717956079470032,1.936351469643524,0.7607209020426016,-0.0031984713108474
422500.0,1.6845618023405016,1.5425423132800706,1.156618573224916,0.506819230446665,4.358399460091314,3.2283798616631825,0.8233272721970745,0.0553241924703242,2403463.829443525,1762694.9074571736,0.6011454141660331,-0.4939720535939922,5.624023649425849,4.7721612728192735,0.9048034856381296,0.0029710792903241,44.11974649951358,37.18873649507847,0.9927891931549996,0.2187445305459845,3.837372160850131,2.57354201108586,0.4261054161397637,-0.619547449270291
423000.0,1.9375291867945403,1.4561962504739885,0.528069145673568,-0.8321261661188313,4.81310522994471,3.019778710761825,0.4004526991036686,-0.4692266103453799,2534870.6334270947,1862864.6977775004,0.4210787923924614,-0.957220031291536,6.8347742774538345,5.123382217749104,0.3041474974860493,-1.22644060462526,55.64833350051229,40.71604070180189,0.3158991398473114,-1.201964340033993,3.3620328787836438,2.8786456298913943,1.0781339352181387,0.5027597204338607
423500.0,1.8645333431189357,1.2065220921762485,0.1207092026111384,-1.186317390792648,4.254178825906887,2.9180905096115635,0.6072900962344844,-0.3770889092003515,2640019.796367125,1926615.38397166,0.6896889019163319,-0.213533969968493,5.682305000785341,4.010055192077003,0.5183986398809461,-0.4784896099397482,48.361159929711015,34.02597761693613,0.4930314377676965,-0.572336017851812,3.254298231863067,2.995898034450617,1.2124489938995755,0.625379299257836
424000.0,0.935763720100884,0.6965610270286137,0.8840076471677851,0.3080852518933632,5.64798694796637,3.733971296727275,0.3644288221037425,-0.7828965656512361,1597750.7850433374,1385759.7488112971,1.2750069892646283,1.135868673665307,3.035628032619243,2.3339508441115333,0.9137456006358246,0.3267292377643183,26.3254938710716,20.94687626345851,1.0871313332834085,0.7565599584437752,2.953922080699237,2.330355121493048,1.1365070753427755,1.0149003794358826
424500.0,0.5135870922500758,0.3795592109569311,0.7088055501889132,-0.3913954050919535,5.807158274956539,4.28680332066954,0.6898296140268583,-0.2395552990226921,1118538.5705384754,842571.9716630927,0.905581757179987,0.4641736733206314,1.7819888498355174,1.2575133259039006,0.625340059578225,-0.4140636184454336,17.21413052278448,12.702898631879837,0.7086259941284642,-0.2811390940365443,2.8536103559939336,1.9231238926019307,0.4257845642750792,-0.6748741735493229
425000.0,0.5707127323150906,0.3933230286392081,0.6421478334909163,-0.1002164873386246,7.480339813513909,4.965175719685149,0.2688143271790457,-0.9114009677339778,1084172.7958082615,802001.6660284688,0.702899727558128,-0.3520113636791437,2.171875522690908,1.5380723412244446,0.6740599715557521,-0.2558125346312891,21.820477049841468,14.879465559273896,0.4660537822918936,-0.6110796593493046,4.232404013765527,2.812323740677289,0.2207179263152523,-1.173590175034128
425500.0,0.7397910033366725,0.495865395291714,0.4462270567896217,-0.6917850503291199,7.491971221147426,5.25091935067696,0.5371030934415941,-0.790042661596587,1051209.7506131462,738528.9229226416,0.51092257342988,-0.7313929796482701,1.9128498377549847,1.5167809790607765,0.9867191123596504,0.4863941115645729,20.07826668937956,13.956614712807742,0.473085468553403,-0.7635586286491165,3.389777830305428,2.6226253273113502,0.8141496932463432,-0.1970487124725441
426000.0,0.6088012723655989,0.4274191683470202,0.6668182932687527,-0.1270150168335164,6.418878243218834,4.607175946136811,0.6717343661956047,-0.3977179100245647,1152812.8507144086,768564.6038173,0.2971924993177744,-1.0318153074297982,1.513155922844641,1.379965592053312,1.467397767602172,1.973082771388991,17.469937904737282,11.44759877587563,0.551187421752323,-0.3244673349652256,3.192924132434157,2.353082651365155,0.8667191511682524,0.362000346487823
426500.0,0.6149651114505494,0.5078476537620458,1.140131876579921,1.0926324775949094,5.979463402884708,4.093920157259434,0.4912967308128492,-0.6748669509909151,1361476.9645211438,983351.3054214076,0.8075478047855584,0.5410662634820573,2.266311871707462,1.7667093572446304,1.1608967443756677,1.259055971442498,19.517426354786316,16.428209591332372,1.1783114378963235,1.1774602467830242,2.6011759112014827,2.052939978388414,0.7816193518624064,-0.1231807340840061
427000.0,1.0154188097239172,0.7928985552090536,0.7801630906577027,-0.4298018474120799,5.613990508570434,3.6941370192332337,0.694512813132587,0.4364179503867795,1476192.5349345943,1238445.260434138,1.0365669881735888,0.3133839730883645,3.4222693491588285,2.480968270776461,0.7156387291918233,-0.2582874451514283,26.871125234845795,21.86921113690191,0.9713138750580852,0.0012801291105382,2.502032169755341,1.9143265081263083,0.8851476256116917,0.3023309244659997
427500.0,0.7902236942915819,0.5683071696366916,0.7118199665529418,-0.3725393344411225,4.019654110470199,3.5574285023027,1.1494358691084627,0.5321351862657302,784970.4374482469,641494.8331541185,1.1303595523260248,0.8619656138555349,2.6548265199683825,1.9677149362161348,0.8105510355484633,-0.0371533810882143,17.54841498176895,14.660587986590295,1.007343259345483,0.3505711510264104,2.2737597307905624,1.7340247841288123,0.7025280697901322,-0.4656904667493573
428000.0,0.6863341571724795,0.5131344583618276,0.768334122412344,-0.248675518997512,5.535516766438617,4.189772404200419,0.7245995142539167,-0.3813233641042783,587681.2215385563,445192.205988769,0.6932392016791326,-0.3882016335444911,2.373211478373434,1.6174854580396272,0.7930673648244245,0.4296445165150997,11.6971284341849,10.849561734029006,1.2934184095088326,1.0714734223467677,2.810102595238764,1.919059324789588,0.5536703889884171,-0.5331271104080919
428500.0,0.7661627192922545,0.5834767210671209,1.0104375557621963,0.5502174032736087,5.917067640270148,4.144200569509307,0.5670729472672835,-0.7109576908461235,760701.7395525953,554846.332022971,0.8177781960231987,-0.059373096016329,2.172727293738784,1.7471928596868749,1.2145130102539294,1.1729199238334278,16.474850911040523,15.187686752330526,1.2963028821226872,1.263315703954012,3.0089771178708262,2.0128557338489834,0.397323936238347,-0.8718307428413761
429000.0,0.8809036040950278,0.7420508395560685,1.0855078529891733,0.6127242787493952,6.156922974949199,4.031550488012948,0.3586311560437836,-0.8269124625149047,1040202.0254366487,726617.5517972823,0.6081983642758209,-0.5183930777699701,2.7912613003484434,2.1781071884338763,0.9681257409791254,0.4882814822103105,24.94533082921509,20.1661125727801,1.1802137152543417,0.9819832110812824,3.14247033673502,1.9414747085550008,0.2424065092992678,-0.8820676363402775
429500.0,1.6686202406523358,1.2070108917460616,0.5757769786183838,-0.7327515903023651,5.108760155034509,4.323510600355712,1.042640203457477,0.269709926678094,1741781.4661368043,1072988.613593404,0.2237778538536295,-0.7379945803016335,5.274000439660995,3.592900477204771,0.5456995456269254,-0.487191328689605,44.096938006532405,28.662270855712823,0.5631915813523664,-0.4292609570886934,2.772425357249817,2.03359431786476,0.8675000290941934,0.0928044538342827
430000.0,1.68742906909464,1.1568094591552036,0.4548041542925876,-0.724225570973803,5.065559977102206,4.300380006081707,1.23714153930242,1.0470841057706002,1664730.6575723956,1077694.468131909,0.2539180466731064,-1.037821892392479,5.181842890499656,3.5714047511634472,0.483366067558166,-0.5457652659967542,42.76962026007823,28.35390670451104,0.3998570316170579,-0.6938642740080834,2.269675495359234,2.1252349595274644,1.0521249745756671,0.1627549562036017
430500.0,1.1158019323514716,0.8722307882285053,0.6374828784809383,-0.5339144358793186,4.93569387652642,4.146424527217887,1.227913194031364,1.569795614172178,1451695.3655474233,1016848.9612702609,0.7358903224202399,0.1366839776245889,3.738150601611545,2.4945829878042773,0.434797993546932,-0.6235653127070515,31.70149957759097,21.334961242887644,0.4115114329379714,-0.7007248353811479,2.490375986561085,1.9715467720706,0.7212039678620319,-0.4883512249004331
431000.0,1.3117318001334892,1.046685079163353,0.7073312538764044,-0.3864115408505078,3.644990189741649,3.31884637596724,1.6718081458059824,2.907540387785493,1691096.3540749005,1383589.3894310168,1.0448383740254108,0.3775951376212378,3.06540035059109,2.52351546265335,0.9699950952403108,0.2818126129179505,27.266704846450185,22.535053242424382,0.894786867806342,0.0376935493192549,3.735712046086072,3.3207630406868387,0.9765110998606908,0.0403674507677376
431500.0,1.9782421874386849,1.5473836966821486,0.544548043531738,-0.9463842693821344,3.701637174423548,3.084901798550716,1.3633962014146488,1.758697058896372,2389685.940255796,1883015.714456975,0.5542393948629052,-0.9619613281154904,5.017667859285304,3.5565943505658515,0.3723225231072482,-1.0313552660122518,43.11072129860624,31.283535829936017,0.4382396238851698,-0.9834180809057064,5.790226795566906,5.163679860039225,0.6246225323953937,-0.9170762162651293
432000.0,1.5588251604740002,1.371264436511914,0.7655014486808969,-0.7213075397170878,4.825434434245676,3.832284302720404,1.5477783428511211,3.683580556047395,1952724.1234271603,1769040.211367185,0.7419794999378029,-0.7522852523338845,4.481567974900897,3.487237373583332,0.5735387474048531,-0.8671296094603669,36.96720291286521,30.52765441219031,0.7023990728546785,-0.6540883464638259,4.67956149326591,4.859730680005642,0.9721241735302644,-0.4822237366489883
432500.0,0.9885810046667018,0.8857925886656118,1.0946165061318869,0.5530166475727261,5.907814026644036,4.394497662059353,0.591168627416827,-0.3193193840523114,1393581.9300081488,1106698.12173606,0.8767934973606404,0.0939269496985626,3.135112663840599,2.50426623555974,0.8367637638875791,-0.1856461341999096,28.365818617902825,23.147035855653648,0.8489292863981133,-0.2473227328352654,3.8579738377809742,2.9015143286911007,0.6618003904192787,-0.5775809478664646
433000.0,1.1513775298731803,0.9879625254825524,1.0694900234183955,0.5804024882174939,8.028510170960606,5.71327098143906,0.9334121496058524,0.8742747181328845,1177901.4426551522,917138.3586431989,0.8083469395969882,-0.2914788294978714,3.1331264062136897,2.301892200425114,0.5861653190665561,-0.6002603379085243,30.834868414635046,22.279361370297583,0.5783168448276825,-0.5596684175802364,2.599715275957356,2.0712204914311414,0.6501770753628225,-0.6869071255013233
433500.0,2.0257345267817706,1.6463808705455651,0.7801159837209876,-0.3738515377169666,6.014578927396638,4.093225453586001,0.5827902397391614,-0.5872286247034246,2151932.764982912,1488689.2360739317,0.3021386313586533,-1.0749385898490975,5.085921367711478,3.806763023515369,0.5543597595164591,-0.7422958302716904,48.199540140077794,37.323306713925625,0.6565918852093338,-0.6110459955094032,2.2411913500321394,1.8884915726563023,1.0325229484128664,0.3429182942997055
434000.0,2.5098660403235447,2.1677344150464166,0.9633836139293886,-0.1926951780112991,5.654454770549092,3.972659129995346,0.6842135012420119,-0.2679416045529339,2445121.252645098,1735475.8944878886,0.446946675937673,-0.8849243464997936,6.297887981462749,5.069475589549626,0.9266726022848268,-0.1446354495596242,59.358239251922576,50.99352956705121,1.0255124043838029,0.0037478287639487,2.7163865089284656,2.302442485543805,0.9226280524937154,-0.1308462631873266
434500.0,3.0945883917430788,2.3188885830904225,0.5294677645117375,-0.9324549628802584,6.485180407757299,4.608976033569003,0.5460021142954324,-0.6268843460710767,2979083.8701501978,1875655.7679409247,0.0841286176751731,-1.2340705815581392,7.642161592191577,5.439777193430633,0.4668691786946387,-0.8820067189010774,72.36448645344025,54.38769783103719,0.6098087724387166,-0.6942554214902548,4.081497182640953,2.859388488558034,0.4916780756724271,-0.6427061659015387
435000.0,2.1844679000209912,1.783970064001036,0.6449186768006641,-0.8163651664634379,5.64528304180695,3.9387732783383687,0.5858534225944156,-0.424156146802932,2416143.5988325016,1633447.564110806,0.3337155583288838,-1.0370134488139953,5.530245161726453,4.196607729847486,0.5838198987528164,-0.78128694765216,53.58141764127425,42.49405690964575,0.687168665908272,-0.6606195899332579,3.656826318972852,2.90177916571444,0.8350562500025328,-0.3844108917676232
435500.0,1.3497021917732577,1.1646321685994183,1.2531284775652178,1.0396668178735773,5.999345000820886,3.9415738962904094,0.2922801560235698,-1.1694028648203996,1787482.305089789,1206144.079748882,0.3798110877713276,-0.6071091509216595,3.5820228647094154,2.765152897625329,1.2015450318166012,1.844961224244237,32.90643811047175,28.224526958497474,1.5193817922887436,2.764353352655074,3.32204095264327,2.541011415842937,0.725076192441455,-0.2850861839255922
436000.0,1.3791632160516647,1.007858312695791,0.5799568348943965,-0.6723723204476522,4.965705659512048,3.583255708642363,0.4363842759486598,-0.9059699948050643,1447158.3508214918,1203987.949556371,1.1958067564055224,1.0348095710203935,3.889324466408387,2.8562002250060763,0.6329798425306631,-0.2804453932832156,34.00299186460106,25.167978788679196,0.6376500461560725,-0.6006009125515126,3.1174110122091814,2.0576008954561904,0.3438689127942004,-0.7846588078218493
436500.0,1.744516942568111,1.3506522783311754,0.9077668848131284,0.1410059248800572,4.4358409678723625,3.1938181090562794,0.5282536419406582,-0.7504510496190395,1458807.2391124417,1464289.8280263531,1.3736234410769197,1.1669189044124924,4.713630165162106,3.324191775862142,0.4968308995768105,-0.6065767907107262,40.16715976361776,27.99427182176839,0.4456087294518567,-0.663240984727516,2.831830280067104,1.8690969667287327,0.4916822359682744,-0.5284549260118347
437000.0,1.5647433657451355,1.32022137439328,1.1337615638666232,0.7759389151615412,5.966919343628249,4.2234490054146,0.6272920994029973,-0.2722772824087878,1556711.4075588468,1380439.1379972156,1.2287565014970825,0.8611007146699521,4.190564401855408,3.008289974425881,0.5510353823538781,-0.43746602173881,34.408811826597145,24.66004064118062,0.5722232648914924,-0.4000266474207246,2.545587292052053,1.6481153704582885,0.4318426488923858,-0.532677022927766
437500.0,1.3112723404011069,0.9848365912269722,0.6843842677897147,-0.2462443542379864,6.174329557177982,4.618277014300898,0.7386142370697406,-0.4292874530950361,1456862.015197512,1158314.8597979634,0.8812016406204672,0.0884073523799591,3.5862668128228923,2.486187576243561,0.4442888794806406,-0.6116415182098311,27.48468770693751,18.96180238704574,0.4919945314779245,-0.3480471565787169,2.4401709972523085,1.82783897167677,0.7640783174319978,-0.2885961701579407
438000.0,1.0472610369931328,0.8089318891154801,0.8620353388891762,-0.0616449081546885,5.18730278006606,4.023836163408959,0.8491077440272174,-0.1192860723344955,1322808.0179571563,999527.8582056076,0.913213243771673,0.2787454783566407,2.934574268891743,2.1122567819104514,0.5835878547012207,-0.5950680852584407,19.7886399762238,13.703797119885596,0.5492488545971678,-0.584795016769359,1.6671413585401174,1.3731696530399968,0.8042206672437252,-0.3269269216481856
438500.0,1.3836624321466642,1.1087139854453465,0.7398741587404924,-0.4482916383289081,6.750669468943898,5.796082612764148,0.6397785470172217,-0.928989339385593,1547502.4829322111,1180680.9667260754,0.6814002385539777,-0.2289762341337446,3.422538104188546,2.539252495140828,0.6656623704270641,-0.4381288352152879,25.56869348077964,18.97550799231562,0.6819546169179898,-0.346220864182639,1.427553812924192,1.021995632211566,0.4722763442063034,-0.8121360732236749
439000.0,2.297980203984921,1.6235698242913434,0.3449195635730339,-1.064052530424302,6.691348209961629,4.845588173383504,0.5382499045006804,-0.6434518877549475,2000985.494973797,1445651.0002960816,0.487809083964024,-0.7549155240718695,6.283332424665053,4.291679336116828,0.2371114297613976,-1.208065505333241,49.74774304616425,33.862899454477684,0.246257350073953,-1.2067332148469028,1.8831690821327245,1.3770114001496854,0.5991148758078999,-0.5965345327979352
439500.0,2.644447654871705,1.89750620153961,0.456317446306901,-0.9384546163166392,5.818511614292957,3.955350019455101,0.5858088617551427,-0.430961143729264,1904809.36968798,1451698.3644112227,0.9254451382408212,0.3059433534653757,7.404666376497068,5.074684423033211,0.3314012247429329,-1.1484624954933065,59.37461710966747,40.36784980587976,0.3080481045294903,-1.1562127032801088,2.4009064983322914,1.9948517130417045,0.827665145948469,-0.3964838313249887
440000.0,2.3130964239704768,1.8007377951855592,0.492987919639346,-1.05196011071831,4.877172368405347,3.387305536584936,0.6232151702792559,-0.390721637047374,1860602.7964886527,1639923.1228146653,1.2005437493257691,1.0185081978248445,6.241213762153135,4.605346392165627,0.394059101992098,-1.1263278415868592,49.706978177674905,37.20576762978904,0.4204188527752128,-1.102985676298088,2.553936822635389,1.6935879408392005,0.3409510307331228,-0.8787790772331614
440500.0,2.079161871311543,1.611218900052725,0.8545831892776359,0.0043764388016058,5.806849801959485,3.466351089763135,0.2612391344049772,-0.4941289381121252,1914732.4013977752,1801865.748623113,1.2449161675187226,0.7980248340370197,5.500498366113533,4.27399904634312,0.8864510211178983,0.0953000360610665,43.197497891066334,34.831661640565024,0.9638542199541696,0.2437395729519154,2.1531129788598182,1.6280448286131588,0.6295866046164483,-0.6659312927676342
441000.0,1.4493808833550652,1.1923812040629795,0.9654637519620138,0.1145501177292644,4.777004508580139,3.2114026683401704,0.3757201000062004,-0.9434756840671484,1482737.5518647358,1417865.9414238778,1.5206362130260729,1.926916128548223,4.421076510268946,3.647203281485116,0.7943201676330877,-0.4494836795475532,36.67210688072775,30.209596215564773,0.8150717956559775,-0.4134540709742245,2.291759958965342,1.5450934500116815,0.4896297528976097,-0.6243009399084154
441500.0,1.1993149454091356,0.868336102882768,0.8170114182972855,0.1905872056568767,5.620010626029614,4.176202413967483,1.1556992502757073,1.92178048100196,1468834.2638488845,1209678.1445446538,1.2415035228237796,1.1746707105687069,3.7598381189340553,3.1373887223899084,0.7745441333523351,-0.3434513949911397,32.840934618898,27.59897728469054,0.8974423251541352,-0.0342823352240966,1.9005932640819752,1.3571270232424049,0.549866890728713,-0.4633069884594425
442000.0,1.1628638074977289,0.8778090078706127,1.050343313080429,0.6507425402083715,6.310940727649825,5.20197220894528,1.3502453598465811,1.6904241391804673,1517430.5964810844,1461432.3889923156,1.36114850153291,1.0140289973220158,3.8516976933950926,2.6851518600730944,0.5319776390106628,-0.5337424762702767,33.21139092474771,24.56249741903944,0.7700346719003129,-0.0449237418272829,2.296909440528251,1.553971911554015,0.6358125607048591,-0.2298226304457817
442500.0,1.4330986879690188,0.991536274589036,0.6148096638770016,-0.3208266565319428,4.696638342581933,3.3611485149155573,0.9277474811196288,0.8976012169348735,1797144.5924720892,1364253.3968062412,1.0330857854795403,0.7608489163611387,4.354917307670062,2.954042644285475,0.5564232023316827,-0.476747818340602,34.65468920267108,23.525609631606624,0.5441820399089871,-0.5826869147669891,2.2442978671852294,1.6936298768680118,0.7579131453195159,-0.1610933977033792
443000.0,1.5220208976308751,1.0021165850867428,0.3915588029937869,-0.843489675837719,5.029183049195264,3.3867969265843847,0.4551459267720393,-0.8442052208000792,1522202.1351549956,1003420.2270351208,0.3348323180039495,-0.8872978277397143,4.887296645989339,3.624688327366032,0.4841891094687558,-1.031138040412922,36.20742182321861,27.595707120623832,0.4764909552344961,-1.0451304460861472,2.006576085798738,1.3811221915380902,0.4672121439043102,-0.686202530899052
443500.0,1.4014075179664014,0.9530753273306816,0.5578287628851016,-0.502308980489417,4.51941665293707,3.2411327837579984,0.6024793371478638,-0.5033229567759321,1171344.4629799316,796577.2505368933,0.5446059853940739,-0.4192440199181004,4.573057861047955,2.9154663617491567,0.3106578730378569,-0.8430057641481201,33.32208970583044,21.40456945063772,0.321573957977497,-0.8788129389385122,2.501646254174371,1.5847773953049866,0.3789243300970318,-0.5945502448386213
444000.0,1.6333181267239294,1.2357873065369342,0.6747180989995234,-0.4673758040756128,3.3421680969144894,2.3698575980759804,0.4431146322020418,-0.7935522115693852,1195157.4750824876,859128.9567753853,0.8249925461077552,0.102283917608283,4.199964414213079,3.045220782640489,0.7320400460117074,-0.3203151396382901,31.33708773252554,22.154873823172533,0.6457319080875104,-0.3853025209850811,2.2623980351715574,1.5044449027119462,0.3506121900253155,-0.9660458872926654
444500.0,1.450520666283869,1.0596810993227614,0.9772301337560318,0.5945625520401054,4.62975555530353,3.804838747606232,0.901845020456264,-0.10415011585249,1222779.999061995,842333.6752920531,0.4814739720342363,-0.4369739723650334,3.4510316440668456,2.9688631930886182,1.2430766642365094,0.9148697696584605,26.415812001718564,23.553348950922206,1.257789935252679,0.8760805147956905,2.18461807421595,1.6591770947721445,0.5969780781064152,-0.6830095991534084
445000.0,1.5748617877125572,1.0787294593251395,0.4501836991757804,-0.7505466006348978,7.983400856928485,5.660472568374798,0.5482872158846134,-0.7888840986554144,1319536.1799705953,906733.1971703612,0.4262840549528681,-0.937507527715201,3.847234100658637,2.629158439323909,0.5921325410307157,-0.3852189695231396,29.14560270659147,19.775326617741573,0.6270106464508503,-0.1668947495824917,3.483170848996679,2.6532329341589502,0.4045242770144072,-1.1151767074974737
445500.0,1.586014492837131,1.1012774239711287,0.4608209690544983,-0.8555845407751423,7.415629430287115,5.818138020053767,0.6628454483457475,-0.7879112186328392,1424766.05954149,1004016.0074539008,0.4992763198646623,-0.9407255123794948,4.46355089777058,3.013769679416051,0.4079426454239187,-0.7898796794713769,33.71751405068806,21.886339392577423,0.3501386924581472,-0.8364625013234459,4.059203349579241,3.09801936000078,0.6484686212976106,-0.6718519291725444
446000.0,1.7047873772949096,1.1218426247112496,0.2987951697418874,-1.000558403320683,6.600323302803879,4.633334540827506,0.4476379071024832,-0.9909419838004953,1352387.966832728,1003474.6492809136,0.5250471820849815,-0.9178322151810714,5.599529307404207,3.555854013869756,0.2441957754068947,-1.0803748851280277,42.126775787206725,27.011253551880973,0.2812477115912056,-0.9815276135284948,3.070262973879888,2.836509109832651,1.1588446205491236,0.2227483579124087
446500.0,1.6431889549881549,1.0127175980354883,0.2916758667635928,-0.9337349788013722,6.111771108809506,4.561313376253673,0.725451848992531,-0.231225626849596,1461523.31248621,974663.7293318976,0.5443785638809963,-0.414752534253167,5.005678446985049,3.1211827439556825,0.3351122696050799,-0.8256223770808,39.06473912332324,25.26340722144686,0.379912866130802,-0.8274696287493892,2.895010150449904,2.3121306037741447,0.9357801639722754,0.0867734606987578
447000.0,1.4836047245042776,1.0358739647409847,0.549502169625147,-0.4339597796020498,6.456479420560759,5.109890295466384,1.0007600754647,0.4172728463827186,1281848.9459524874,854123.6243796424,0.4896008482617344,-0.4718316558864095,4.009711733757186,3.0092040492456573,0.6665708333065414,-0.5481226471709171,33.56076737636011,23.296713316403217,0.4837385990364445,-0.7400513617080504,2.626270113435272,2.084699847528982,1.017897008102183,0.3188212765963629
447500.0,1.0937318645315723,0.885699943795655,0.9508017371543634,0.2750806640061869,7.790177413401849,5.446396923813182,0.6247540575178901,-0.4313493042483203,787966.9173739005,529230.9834341716,0.4474216442351577,-0.76370089941704,3.310360096637911,2.48591874309522,0.8622925321665634,0.1205136637290924,27.28554727148801,19.86386282255716,0.7939017506110932,0.2778476851048466,2.7119961999711246,2.0126230071803524,0.6440568518171262,-0.6152532793436412
448000.0,1.7357622004270858,1.2142224363864305,0.847093575768727,0.469522102061306,7.521822056319391,5.182790381507143,0.5596401669824619,-0.365112646437931,1023742.8069052348,796679.2722982235,0.8862631427881238,0.4651073371951861,4.7588541614936,3.243395928514848,0.7546379018015796,0.1465431761432896,39.02114902671877,26.01387421519788,0.6010718510824927,-0.1445826737668425,2.7362787629616,1.9550830738968448,0.5795136689188137,-0.5126421613641581
448500.0,2.087840406922792,1.46765770772338,0.4971806710430865,-0.6723024493038388,7.516237846741317,5.306121242671882,0.6115767124387775,-0.6056287920394752,1371232.5884424823,1074391.806037709,0.977910236269756,0.7273004802560061,5.293703388927824,3.626845724510871,0.4265650465922663,-0.851064944862379,42.59106262874001,28.445175997183885,0.4387574189378932,-0.5850605969173968,2.5256840104990554,1.9814720937005763,0.770361840323644,-0.3171448647547978
449000.0,1.999868419123264,1.4526154160749851,0.3820384018692078,-1.1157397636941906,8.207644633547437,5.432889088078296,0.2945023824463764,-1.0480495548823086,1253023.5676922265,850250.6309659248,0.3183332642685113,-1.0249448234348553,5.065463445154356,3.802834034049744,0.490233822347114,-0.98053505944174,39.92528264381908,29.339569677769617,0.4407537596000687,-1.0014894007108106,2.964741632490894,2.067249621082045,0.4571275252607426,-0.8880920850887475
449500.0,1.548921498537956,1.058395204664698,0.2342569954124131,-1.258266782720286,6.832403821936016,5.289961459632869,0.5644303633161697,-0.9597408272137872,1180996.4313050434,848454.9796187158,0.4095082079959121,-0.9435945419081944,3.8836025630087727,2.749741937889879,0.5495266897558642,-0.6677826508257292,32.699062413925844,22.202285015131903,0.3742744409658354,-0.92430361038899,2.006812326792241,1.468398638838771,0.5344671806865708,-0.7185586834024109
450000.0,0.8125545801588616,0.6475034447639553,1.0105143713775318,0.544218911766766,5.520914702121753,3.8868589054078737,0.515420271072603,-0.5480870663929456,1031896.2549750146,756364.0357327056,0.597449841180165,-0.5892652461062919,2.446031976050164,1.7342640250765025,0.5993325582019983,-0.3526335969561271,17.789224146315227,13.031838544716251,0.6333344374528695,-0.3971515827909524,1.3989708453999024,1.012370426725791,0.56391053336811,-0.6940614837977561
450500.0,0.6723999023720948,0.5969110807730581,1.5838247443610305,2.573826862473581,3.9409442071870746,2.843312960511708,0.8523821392525497,0.4824338400443286,884185.7990348393,743782.5861391913,0.9330422082600178,-0.0737900282452934,1.712975181069481,1.3783939898649011,0.7999335699265485,-0.3508004803184334,15.00250648190298,12.565342752272324,0.8586187183907935,-0.1953016912314114,1.8432632137171625,1.2482507102909897,0.3906900999068616,-0.8178186737418298
451000.0,1.1019248859612223,0.8584794161522034,0.8752080909293951,0.0037374145556441,4.687377210447173,3.1044940550376947,0.3167277767487229,-0.917737423933175,1131734.353767006,804819.0361715506,0.6072711168539249,-0.6034337845830073,2.7088212385167387,1.920406020453049,0.7350947258480502,-0.1767670604932378,22.96940775884585,17.114769775437686,0.7333407999189362,-0.3560859637723577,1.8090774868181911,1.2536109965749989,0.6009271411074332,-0.3431368873982219
451500.0,1.4436581927725425,0.9845388823204468,0.571683990874679,-0.5233652030957407,4.12458330861889,2.74777583643494,0.4782422207861719,-0.5686553914316268,840395.2981393856,655663.5590290413,0.8699993199373587,0.2062230046006603,4.200519325875337,2.761357035008016,0.4837113522837037,-0.5073993667547043,35.86226541193577,23.447578889599363,0.5165111570880733,-0.4880561941296077,1.6783926954629618,1.196485468064303,0.4827063980749758,-0.7997302933161872
452000.0,1.107387749520191,0.9436902356846296,0.964051187419122,0.0638712861575703,3.7574850764626886,2.589379726478874,0.6121643409389749,-0.2980612252999091,883613.5420427244,675870.6851101273,0.7922503523050586,0.0467106396741452,3.318128278354816,2.5801009087366285,0.7835198916443966,-0.1178126748904944,30.57522413568621,24.250622577405306,0.7571535027249315,-0.3044366022364646,1.8218743431099584,1.2554832939415153,0.505957632000581,-0.6888844625574215
452500.0,1.047177697023464,0.8793048112439599,1.253731053986768,1.1915387809853266,4.435265854038733,3.0078814851037814,0.5264643112896294,-0.6345170123291042,1124732.1957408425,762384.7704190601,0.5862811548443093,-0.3082966628597727,3.204893876153319,2.371344060113709,0.958532190815118,0.931771515149205,27.857764709106306,21.251924379944747,0.9029575697288648,0.4048085352542441,1.9678743364979705,1.459934034903234,0.5410660176217716,-0.8437940117657923
453000.0,0.9578260124940908,0.851985429372507,0.9903383162774152,0.0875510386938152,4.349903004378533,3.258751356732151,0.6675860748461152,-0.3822635125713538,987027.0771616086,760069.428909806,0.7262599970190093,-0.373216807570619,2.7915792240780144,2.163716227542915,0.8982742702775176,0.078815953088597,23.922366363781585,19.73970667728341,1.016818191501764,0.4060860235841179,1.762778466483771,1.4188178595907777,0.7803826470504728,-0.3509960348240044
453500.0,0.9570818812466756,0.7543727583489472,0.7858721498401501,-0.3738646564667993,5.54288572771286,3.9870794267389273,0.6475965042321502,-0.3666364810305684,1091496.3488530945,736804.2586085015,0.3131529035195123,-0.958855343147008,3.048560333276819,2.5664317741682043,0.7565134576679542,-0.675364532414676,27.58933660111731,23.442797789483954,0.7489420329638188,-0.6429623470325616,1.6850164521752264,1.2497423738346232,0.921551810350399,0.7218149037123647
454000.0,1.0541118869249748,0.7025066397938485,0.5402681900284837,-0.3884986319616712,7.818581505170362,5.109293079818267,0.1989771138691188,-1.1874193215111466,1211776.7380956567,884090.7884845738,0.8373899842132141,0.3594459551010116,3.6499618419434894,2.5913468426891693,0.5266569461792576,-0.7350345922503139,34.40037780775119,24.151076977244088,0.4871631533296962,-0.7362255807954994,1.6217894909829942,1.3412808156537348,0.9414770695087952,0.2638689205639144
454500.0,1.2397563196344052,0.9898766133917404,0.9804246806121386,0.2567008005249835,5.581861384119282,4.193229413335178,0.6291908552953883,-0.649170065677064,1245605.0989993603,1057539.617222401,1.146146790230646,0.781496135354649,3.538204096846357,2.7173846073046386,0.7601035541473178,-0.1562363384517766,31.92534561599708,24.47393496459254,0.7769693351719438,-0.1143521071360136,2.833981050312978,1.9481624738323395,0.4829028532811594,-0.7700211995797379
455000.0,1.2313901703565868,1.0576666896469356,1.1657151503435952,0.7096883699512992,3.284205813270691,2.55815994460426,1.364700784858341,2.511363183603176,1246904.0253175348,962428.0923599584,0.8936003150784569,0.2155481833074488,3.2922082011805767,2.6350319323826223,1.167623293973557,0.9303081234223574,25.63137978650452,21.420636329929337,1.2433918475031025,1.090183266985691,2.178972930264751,1.560051203870831,0.4400599303103873,-0.8337544215791532
455500.0,1.3738529926016818,0.9530619352937306,0.6505396235974744,-0.2126355167960256,2.052095166627544,1.7056786657605765,1.6696240731436214,4.101504773153632,1076187.1521456048,873457.4086707984,0.9595968495342536,0.4217187038959524,3.8441507965200383,2.511389910802992,0.3002643706101334,-0.8670366014935356,29.004520390301572,18.901578681146898,0.2933444141261994,-0.868787582569972,1.8697603515189911,1.2739275755957695,0.5868178040368349,-0.4936103046055891
456000.0,1.7411059748947737,1.1944970576505942,0.4187677413612831,-1.016271077564478,3.071736595827792,2.324679650411946,1.2224983184398717,1.8388580725331376,1487288.8348987142,1039518.7840650992,0.5913004801319981,-0.4369749065008053,4.22525217828192,2.883205736890665,0.4608427479635326,-0.7899071656440326,35.87065433029449,23.550732238520883,0.3252538500551457,-0.9228968328330218,2.0001868546787804,1.359394995450464,0.349728297780735,-0.8717522514005838
456500.0,2.0189220731170274,1.5236506353017611,0.4293344957039577,-1.1507719205228706,3.538454667533812,2.3559432812474284,0.6488508720616446,0.0077007786731755,1458544.3227638658,1012159.6183776892,0.3375510470365701,-1.0679434405892698,4.7041102844254965,3.4674021337627225,0.3725230421994234,-1.184384492180418,38.84052041200139,28.241205547347743,0.3812213483932083,-1.1424837379294173,2.18737305069232,1.4640777578281077,0.510582279404526,-0.5487301800750011
457000.0,1.618283912822334,1.3797112612319191,0.5862830811767042,-0.9966676318060012,3.43949525524461,2.529879464217325,0.838689175959221,0.1347555960962485,1418514.1050908996,880419.8594055844,0.1942198919325593,-1.0847554413111395,3.989510864067427,2.94490548194794,0.4449357358261297,-0.9924013281799028,33.38452141033228,23.74335006961646,0.3970493844296504,-1.041449537508689,2.7202658494179905,1.7989454841970411,0.4046146672066154,-0.7824539917917241
457500.0,1.257501708233604,1.0107007254215548,0.513983183596432,-0.9601300057790136,5.610886190122234,3.8937076395325794,0.7071472549557232,-0.0944317319085135,1242611.4922228064,882838.5914633492,0.5006383722049734,-0.6248157716357405,3.27934135621109,2.716906158370848,0.7614359233516278,-0.3907173131629808,27.726375749417503,21.52696378956131,0.6102047548350935,-0.7099158164333397,2.7626728907385845,2.25672742862419,0.8578275104095271,-0.2484768465613345
458000.0,1.5464803500701092,1.0828608863575393,0.6421412917691902,-0.1072097755449377,8.123592730739807,5.027979308948933,0.327977452975892,-0.6142720334066558,1302579.5773056997,1002732.4088955624,0.8063379375722072,-0.0109653203352184,4.268386443200457,3.31543997034211,1.1243433955552518,0.888738129236406,36.42703559599848,27.542279220750483,1.000500030402269,0.6212388444986177,2.6020019011515547,2.170425107592614,1.0996209739449685,0.4985333205514952
458500.0,2.046622710654471,1.5354547556914344,0.5346010543214377,-0.8508418219746705,5.952439362259101,4.233377315094898,0.6052603182912616,-0.1805293728971997,1429780.2226151894,1191561.5524927326,1.0195173581131471,0.3213304907443759,5.479928421940425,4.409080092230286,0.7679562076826948,-0.4721604345397758,46.37417930301885,37.2055023209869,0.7239209720474319,-0.5393120534746729,2.791282189503129,2.132525915454964,0.7406049516780908,-0.3997693677349145
459000.0,1.715377296027303,1.3079439083918152,0.7436962931408487,-0.1997645063451205,4.3245239860802736,3.35080638252352,0.8657565894295758,0.3084472889579448,991707.3278353844,894893.1483666921,1.4303491954245808,1.799447555266383,3.778461176062828,3.0506116526670226,1.038570089769921,0.749792367497021,31.7444511393558,26.37332199592874,1.1077700905467154,0.8491365616280477,2.765971806549082,2.19458900170028,0.7527580703216215,-0.4049654750565641
459500.0,1.505607570120064,1.083597673360149,0.5069118793168383,-0.6569105252210239,4.574916205761851,3.176572245948543,0.5123732499860384,-0.5888687256983602,740823.7158601641,601687.0324183529,1.176710607229227,1.2045317611837945,3.4145219311676644,2.6044140208244677,0.9333031237446824,0.4984111745612916,26.525116782129118,21.04926448811835,0.8745529252698516,-0.0192735133974255,3.626717530022805,2.6481645553755837,0.5140299845251739,-0.7955194599560822
460000.0,1.5123968788257152,1.0530730358534122,0.565988040963988,-0.4874666043000131,4.14908108211104,2.7796518233618985,0.5594056546502224,-0.4930125258475994,1038743.6823199018,873177.4221675284,0.8894756528978902,0.0007656880042707,4.312339166788652,3.323847907770636,0.7897692906081122,-0.1203625645102519,34.628001459213195,26.1072982916578,0.6588440368181285,-0.6266771566619922,3.579949345646356,2.7305909522831184,0.7968743605923608,-0.2665570574003815
460500.0,1.9480058455584013,1.4835528717233235,0.5973660624634024,-0.7932086971357006,4.91783453999302,3.3883070526828534,0.4445821693209528,-0.8603043215500445,1788472.7979495225,1178577.8339102168,0.0834864923691084,-1.3017765752096977,6.196092582113451,4.657300494127719,0.5962379855546281,-0.8436954183148591,50.66132160312723,36.50374694942449,0.4945646420646933,-0.9460581970746232,3.533833566575207,2.619580943131211,0.6659692165113907,-0.370508100574781
461000.0,1.954400989380528,1.435680561311283,0.5741606117776649,-0.7330203068135916,5.447168683697501,4.107658375086049,1.028954010224837,0.8966332498044074,1335252.3172991804,1007590.5655965032,0.4631087092279169,-1.0005564495252963,5.978732435914559,4.531773857824293,0.6460048793972727,-0.7026910229381258,46.39733035649306,34.1468166065628,0.5943653739018303,-0.733394883343403,3.081818913072825,2.1069778266206267,0.5171062522035618,-0.4351257468699203
461500.0,1.7360766504771163,1.1083617549145752,0.3740101158954821,-0.5799669647280479,6.965946092817433,5.388453684905885,0.8638851538980359,0.1001966737666668,867202.1073601521,616341.9790818067,0.6946158754298539,-0.0139660633210909,5.156577457948781,3.265519971515346,0.3888224072589928,-0.5719219675608955,39.927076172991335,25.94191886803753,0.5177005396828422,-0.2987438191114506,2.0531473380658936,1.466905903657386,0.4957210869157819,-0.7967743634600457
462000.0,1.6411541165599866,1.184104533781014,0.8051713546273678,0.0795409678329308,7.114287618860216,5.821592326696235,0.7740178468930116,-0.4749549090934728,911768.6198036273,776391.5213589455,0.948850113503533,0.2647242120491571,3.808303789752423,2.8569384634842363,0.9463836869536272,0.7615670265848791,29.68415117180735,23.759578945204325,1.216598553620886,1.6449863731367795,2.15291248754847,1.5509178416524854,1.3895741006742723,2.9966404923898287
462500.0,2.1240973334434283,1.470696502040042,0.4129211916635427,-0.956765293869601,5.839369145296252,4.64541013096537,0.8345832837660874,-0.2421344052015133,1109652.512889178,1003262.3207044004,0.972142685250204,-0.0451825338117624,4.77280040196604,3.316385991304615,0.4105801894701741,-0.977406105406906,36.570928590594086,25.491402729180965,0.4196619807512436,-0.9405141087463686,2.8245671355729747,2.0177533921645265,0.7064949918411156,0.0362047398716924
463000.0,2.2300411236182494,1.974149457410168,0.9361530476267657,-0.2399176202063633,5.032889079377819,4.008289729110279,0.878397002778663,0.0203775540820041,1054206.177107615,839512.0412150356,0.7808630388800433,-0.4345265869222277,5.264631538086174,4.872164075651206,0.9814671510548352,-0.1281288879691953,41.14186730136703,37.17626904248127,0.9694288675966608,-0.0731427576819618,3.549544276977555,2.2402015086593288,0.1555086414659803,-1.197414169116574
463500.0,3.5915635997681394,2.6170494209188457,0.5585055540337142,-0.7833605254067315,6.87560939052946,5.297395280063538,0.8712018309660666,0.313771715396586,1742962.348089681,1294952.7938106772,0.7380750476530004,-0.3128388549451975,8.764700376995599,7.614007102483627,0.901323293545531,-0.3430636897872849,68.95453705520482,60.57295358132205,0.891281016114308,-0.3397728851164845,3.3865048505729725,2.352739854080049,0.4134641356144075,-0.9108757866477664
464000.0,3.214728183286134,2.825399009649685,0.7496374976003026,-0.73161310378444,10.921607169913836,7.965232956556655,0.5582761402777506,-0.6755707412712049,2120852.938417819,1678678.5238864825,0.7906274110967859,-0.3029150827265181,9.911590348978669,8.851011764840134,0.6834273564970585,-0.852022986070144,81.14442384104007,70.1243169327685,0.6929164106573991,-0.8050485267654648,2.704006243960286,2.002634301745624,0.9004240976871956,0.4267504695801194
464500.0,2.770861909234619,2.101599429232795,0.6242045183348811,-0.6614781381505965,10.773838212635212,7.14685598342786,0.2801891385807191,-1.0991809327833355,2237892.235065701,1653349.380300136,0.5795698723249746,-0.8099037273098202,8.766051748708783,6.637358784369649,0.6024021904787717,-0.7634732412192768,71.56227335666924,55.33319888752438,0.6434138301507782,-0.7301667939848908,2.603617991227531,2.031800012543619,0.55173213088777,-0.990403076504132
465000.0,2.122836681454726,1.8283926948180231,1.1204824621877774,0.8111248917631215,8.551968928816077,6.105588519256096,0.6934362625782086,-0.1045329247586344,1550683.171548575,1211020.9794310192,0.8147576031876842,-0.27282085241024,6.319819532071572,5.590771756647311,1.297714443214006,1.4247785989308903,51.712716710827216,44.85125046888364,1.2210283660821628,1.157884176876613,1.993811334964043,1.6598166758117032,0.7946282827128889,-0.5012170612321389
465500.0,2.801044946597013,1.940616934637226,0.3834099529443606,-0.8232719427488546,6.813182564213257,5.974560568203347,1.1291052798210852,0.5289135547335424,1471869.3900760475,1125124.3655088283,0.6446519382130569,-0.6559723019354284,7.772504047161692,5.519176233691264,0.5487105249879175,-0.336922937253659,60.64733462250819,42.8458663822959,0.5646543428278441,-0.3492571062361698,1.814824211902456,1.2130208511009128,0.4551478791716731,-0.7027788323580739
466000.0,2.816489672017504,2.1425989154666394,0.386034580776933,-1.1793700666579114,5.4314242850261065,4.761438814382463,1.2204153736389398,0.950941769770458,1538756.8158192977,989151.7091908588,0.1957095725243893,-1.0812163047468957,7.81278159739936,5.848178221130229,0.4235702210202526,-1.0836513594636252,62.32650437767472,43.05945830298557,0.2257174541224887,-1.2555860239423984,1.1150537027495,0.7947904279067942,0.6993307327332008,-0.1218531586534061
466500.0,2.2655559747804626,1.7262886997079512,0.6867767148714294,-0.4461438081389861,4.962293428353817,4.094705032026521,1.2603574920746423,1.4738612595248268,1155373.3644326555,873500.928682232,0.5298751487321902,-0.872730685539036,5.940854585344646,4.634970736757204,0.7704270969398227,-0.314356864572527,45.23889125070512,32.27792410076607,0.5413778581834677,-0.6531036280308409,1.1210552929694286,0.780061898008618,0.5815227750885594,-0.4770159822337536
467000.0,2.0169491436966704,1.532103677876956,0.5572353707499605,-0.845368033922322,3.900199328891037,2.8373015033735705,0.9231943501029748,0.7042084505781694,1017486.3889886874,722805.8889826586,0.395925103999695,-0.985436263173304,5.067334959252084,3.834863997821909,0.5811858759059333,-0.7091187958422411,37.98949411258132,27.99154702913858,0.5099517859572807,-0.870984142504807,1.2242361236293084,0.7918133423032148,0.3508642166699109,-0.831760185896127
467500.0,1.5674314832562375,1.1496121273460636,0.5195637555659145,-0.8885060104309628,4.1304889132365705,3.476690895180909,1.0580656739776626,0.422616071669597,877262.5325122501,634665.5443040892,0.5527858866174394,-0.6930677099876505,4.040664708474503,3.034908797995971,0.5333279578841008,-0.8991842599520607,32.630358731076335,24.84063002170269,0.5328615407126288,-0.9292251330237336,1.0339438286876386,0.7304432097203949,0.6775121099845385,0.0400391240470221
468000.0,1.3803667108117237,0.9358815998066888,0.5357190465545263,-0.5043199869898936,5.299758860433282,4.986892592352272,1.2016203295182188,0.6024671565365534,928136.3181249443,602818.17251071,0.3783420554564775,-0.7935497763878168,3.847268667877794,2.5397065082294565,0.4924590828058126,-0.5995427775410773,32.59411908995426,21.18279153578182,0.4475226975436953,-0.6544134668726933,1.4644561274293804,0.98339783913241,0.4866091076557144,-0.6097966652046791
468500.0,1.1926699055105638,1.033163897462743,1.4191919243029836,1.6007717480865713,5.458366689061196,4.121868795183501,0.9705588871759204,0.5874607788590689,1028107.643491256,900324.5226983195,1.1420861421764763,0.6520145880834232,3.4447050718216814,3.0166666866612317,1.403749115633411,1.5217756010075707,28.16883271569082,24.704703829120547,1.3473535131954584,1.343942657993657,1.878691590363388,1.3289989321396156,0.5714265231629763,-0.4548600136161971
469000.0,1.548642872659161,1.4520752993727783,1.2462012200211698,0.9008816219768532,5.973210822985256,3.9178304694553976,0.3475612340998553,-0.9036838409823448,1069050.013962143,1113074.6632494528,1.8554363600236332,3.147756942687395,4.423277838328934,4.186176234367205,1.2883931991184945,1.134338649495669,37.367162411031885,34.223069279404505,1.235396471294889,0.9271906122715275,1.9134939831100908,1.3954894937099196,0.7769179376079084,0.0910155588874066
469500.0,2.849985529390478,2.0128541679540177,0.4185082116457664,-0.917716661685838,6.537734239872038,5.2188478651675325,1.1869262090593329,1.1741400901120382,1754566.1490793228,1294709.9607609578,0.7668530499529616,-0.0705270360689662,8.041460152547613,5.693002042048748,0.5247235572174573,-0.7087293405333153,64.88419428376376,46.37516997514651,0.5563342262569366,-0.6674516712950012,2.0951384092354384,1.4801045944101268,0.5930718115961716,-0.4193841420779298
470000.0,3.2191742236573364,2.77524044276576,0.5447766054527426,-1.0706532839764356,7.38569812071492,6.941536469682312,1.3398038404105863,1.049643247023595,2075798.768247392,1733040.687584576,0.5178255748628352,-1.10079928007386,9.208385077909568,7.851856113170574,0.6167028673998238,-0.9020981007186945,73.52274930361777,62.79993869267881,0.603052907800722,-0.8941009047811064,2.3073936003804767,1.6467601908177336,0.4697261718751261,-0.7836839948373151
470500.0,3.835655195901983,2.8445276790771707,0.4821131970056995,-0.924045119376138,7.634457713244713,7.4253295489911775,1.3667524122749108,1.0218415664285736,2486828.3217056366,1796107.794858921,0.3841549442308485,-1.0472958099845866,11.02094485010226,8.174664036413672,0.4736118766000547,-0.8980385579032513,85.84811538624469,64.45129647107173,0.5010359387361556,-0.8563945584486969,2.579759286440778,1.819265261981012,0.5261792288907398,-0.7903364084479296
471000.0,2.461170161399752,1.7298087833905404,0.494409982325347,-0.8001670921250268,6.7932472510284025,6.013992568536393,1.3670195172276882,1.4711613634655685,1596213.650831096,1112480.73297636,0.3796053193344075,-0.9951507587612448,6.98955180657254,4.832112111846628,0.4453548672077351,-0.8784659338051988,54.42788795995637,38.2567742117858,0.4641454712623359,-0.8644246733599763,1.9170963030011243,1.385298097623015,0.608871657640882,-0.6086261855315334
471500.0,1.6013630594552837,1.209535219720587,0.5687175542816728,-0.6803616380168309,5.962270424308095,5.249648867193736,1.4176787231639585,1.6840356306460276,954821.3249155458,764699.561098382,0.9470885243267904,0.3250212168859208,4.361873080542152,3.212808565950087,0.6983704431274526,-0.2468884364166728,35.475620927684204,25.90357963673497,0.6900724882733168,-0.2645050567328644,1.5909072409036835,1.0911356406453476,0.4630806058717858,-0.7773887566245099
472000.0,1.421128185306634,1.0909398176807423,0.8011445229056359,0.1618907547934327,7.691579523478749,5.8787596386869145,0.9249248191680712,0.3831311572660971,880438.370059737,627954.1475227606,0.5000698949602194,-0.6114432343216687,3.21737239533628,2.4615161308942675,1.2514731181087642,1.8835729094958584,25.08570621598465,19.0276165145071,1.110995805526535,1.3864757463763189,1.6262667454953526,1.11496707763056,0.3459317147428211,-0.9241626590094733
472500.0,1.9371544929554536,1.4644405208110842,0.8608424886149562,0.0643279103673797,7.069861198985682,5.172794967620318,0.7812452206854869,0.0573463412257475,957197.0958232856,715262.3926083046,0.8465546830538137,0.3504930862546893,3.954448674420345,3.089874501780623,0.9897744377191652,0.5629587131205058,27.46681500168042,21.556506540971256,1.071094468596106,0.8939169008742329,1.2981676825407282,0.8301468766330817,0.626170701835934,0.5766669644574587
473000.0,1.7953784707639395,1.40968599417023,0.7485112718764262,-0.5029946451657508,10.439585851751666,6.834801193581644,0.1731877357161289,-1.1260614697883584,1510180.0436837843,1024261.90848501,0.5571949745147957,-0.5139880193080439,3.190070260523243,2.3234049647338546,0.979862587411955,0.7793394158946185,23.10365952516505,16.84618676772664,0.8327623009891273,0.5036594844772115,0.9966968775833248,0.8356188977592202,2.310135639368584,9.375593895385109
473500.0,1.5351549362233352,1.019286037053726,0.6646081034701955,0.156544683536588,9.85551719213618,6.323451184177428,0.1252355418129032,-1.3451380534347444,2260824.5219827155,1479320.6236925228,0.4203072569027579,-0.6183743554852401,4.409757350514794,3.842024590373664,1.533803127632826,2.5390709902063344,36.1808104871714,29.55781905398357,1.501075750207877,2.706584896496945,1.1072406395239829,0.9039304383844552,1.3399237325104674,2.110373011093877
474000.0,1.3662653527226103,0.924969033107061,0.8730314335902237,0.683150006561891,6.704559330499621,4.395786192200059,0.3846319100106508,-0.7674561296837843,1883068.8554778744,1202787.574904058,0.4091869870880282,-0.4633473875118592,4.517659518941494,3.707545887155214,1.1561179774768988,1.1702823908567437,36.117848449798174,28.822307660063853,1.1679562873992806,1.3428671582363825,1.5106815846609898,1.1378082456781358,1.6398554910945708,4.498088466518021
474500.0,1.281302767842591,0.9536560587028824,1.2052597498659507,1.768387665345208,4.7164334097263865,3.8979730061785407,0.9392846775317026,0.4441516771802916,2063809.6710388716,1579382.0243747712,0.6656195083672497,-0.5945499530829181,5.021353651450526,3.3498775883489667,0.5781665457644595,-0.4549109292320694,41.13502906203154,26.85857861467934,0.4953419314100569,-0.5858194592929511,1.941141182328177,1.3987809079714308,0.6636188139576363,-0.2403007926705469
475000.0,1.2169441599149018,0.8028546889273325,0.4780333221730256,-0.5828868229971729,4.324446609886695,3.0469482636944147,0.6030613349430375,-0.5736658961669727,2153739.2513816645,1389123.5363854752,0.3982936918744166,-0.741717892728496,4.724114458510934,2.932165937634201,0.1918709981924263,-0.983066341562998,40.83685132771492,25.47635864083889,0.1290803733904939,-1.0796440322738734,2.188867334597941,1.6760569866876875,0.7879482110636062,-0.1973452634980739
475500.0,1.214299411346891,0.889035680339778,0.558822858348136,-0.656479800156661,3.888539672871132,2.9482243016982923,0.7508200828582631,-0.1388454483076451,1757609.929160663,1294077.0908560124,0.55126192281615,-0.772264239859374,3.873720316204154,2.8014754676378204,0.6780781882107798,-0.3512239096695912,34.58676473625578,24.96991286649454,0.6457176918865121,-0.4808799143203788,3.1136717756046224,2.1851377543927217,0.4621157423070258,-0.7969787133937043
476000.0,1.3375438952142709,0.8303128990946482,0.2933466662108869,-1.023808488246144,4.238341478039834,2.8676125486605177,0.4958002660385404,-0.3866509268066598,1651337.3666252068,1163410.3346910754,0.5698554229025194,-0.7281122869381083,3.464611633924112,2.696048264569672,0.7404342954505777,-0.5836548474442367,31.15699154917072,24.14680536903513,0.732418921728419,-0.5350275923079906,2.619069431050851,1.8411218134441776,0.7111705947271162,-0.219502381039057
476500.0,1.4220182912344166,0.8892085683362916,0.4230369644404295,-0.6751528001556788,4.666007221003486,3.246868766121404,0.3954608859383962,-1.004085917472339,1698884.4444984167,1067633.6454952764,0.1747553846224141,-1.085418943530966,3.694373504543597,2.319552630069712,0.3393500164193436,-0.8708017792675413,31.466184044019997,20.50210998763185,0.3846709562425549,-0.8426406609232449,1.7558456330403545,1.2308043380895508,0.8065249653238507,0.2291294923328921
477000.0,1.4991259063122746,1.2648332134461269,1.0510891331680756,0.3863846180228973,4.878320540773237,3.4323944373320643,0.5084050593237621,-0.6885502133207071,1600507.276019944,1118549.548675981,0.6031746398320652,-0.3424916441342618,3.5546787261494885,2.4326340061271345,0.5381668044783876,-0.6112162753402637,29.461415270769685,19.128285475904548,0.2763219127689201,-1.077420978772333,3.1920562667854075,2.399898345197024,0.843695016355767,0.2147111168303093
477500.0,1.8382242894073335,1.466858250930784,0.8471187657097473,-0.1761052376791259,4.295803381823851,4.011136786018535,1.0273521325666408,-0.1941674814702287,1422455.4315794487,1096309.998042402,0.9534006876957484,0.3043416805081538,2.891526377048116,2.3355166191266163,1.2305851059849784,1.414979093432657,23.241520218265837,17.251826565606617,1.1990116732898213,1.9920306471563916,5.717292758718354,4.397438235413491,0.6908745023271592,-0.5198337063305312
478000.0,1.7489163698028265,1.2610630087109278,0.6768293325959671,-0.2457523104806185,4.320003940521948,3.5901660992308204,0.7858020848118512,-0.5554255138448183,1401975.6651739627,1227458.0697334693,1.0395218127064747,0.2560320004083052,3.1711431975419324,2.7090649959130024,0.9900235930745868,0.5549630080960988,26.85286541603107,20.7908568279526,1.0872000383327718,0.950721821476082,5.991532816817279,4.459053037605299,0.567338387198781,-0.6937836825775516
478500.0,1.8782971115390643,1.3936840005782278,0.7827697793444944,0.1549972046012113,4.17252161525579,2.7335137012484227,0.3124357993507629,-0.9341868109207168,1930437.2001816395,1364892.0023523227,0.6606924350039816,-0.3636586748398143,4.607299337695202,3.180636207139257,0.6999904612896246,-0.0416947104744944,37.794471621632894,24.899106100795784,0.4724706802429063,-0.4664573670999647,4.099755000419169,3.212300695359762,0.7464219609903379,-0.2522699209298191
479000.0,2.3869903606056404,1.8055924238380083,0.6641975733752721,-0.5243133883392805,3.6976032252472577,2.6004988653737167,0.4431053657105173,-0.865333969081211,2277984.30328109,1588074.1465561772,0.2524593882021708,-1.1112086508935457,5.60095881645581,4.102021847258435,0.6029489739154674,-0.4668011617637018,45.47649755747659,32.93811485179774,0.4924236015628056,-0.7022519015395714,2.738117989140985,2.0416673602551034,0.8874313650941905,0.0870085903293604
479500.0,3.709735110488595,2.404058614199996,0.2867208253038124,-0.8746005203428093,3.294511538494008,2.2485424572946044,0.6577187336569849,0.2694064609077529,2984816.091941611,1952070.272411732,0.2065850987790981,-1.0995972248610384,8.86068895488527,5.596801713104048,0.1363661671677657,-1.1618016978084549,68.47504769835177,43.59578990723889,0.14116583214353,-1.2195121670739597,2.7609292763144118,1.986948074345094,0.436814086336292,-1.0179181616434672
480000.0,3.29933472072982,2.479640262266915,0.7281555496647416,-0.2879683248012741,4.032879189198638,2.804762917000516,0.4146071406043943,-0.8821336958707793,2321863.413047593,1931385.8275580676,0.9874125222552302,0.3093490955909828,7.108493636888617,5.028523951869721,0.5409828863241755,-0.6262543143703776,52.4648482847888,36.6643929104444,0.5109895458679066,-0.6764876012707113,4.011776782912768,2.706814237769644,0.3922683781450762,-0.9689796458577566
480500.0,2.489528517745683,1.9477961618441095,0.9753350565656916,0.4659317988964417,4.7099009377421694,3.1755625797404106,0.3777035652598792,-0.7641897594960616,1777676.1696075485,1603357.343284187,1.478471378552155,1.8666033564653093,4.633853694817122,3.240035036259906,0.6672542823060692,-0.1866533705455895,33.267200158264416,22.81072606496283,0.6077578391677152,-0.3209855556437038,3.8590627160035567,2.8627703242066977,0.6951512462131668,-0.4005923395193056
481000.0,2.1797364610498247,1.419201870231501,0.2873138609656813,-0.8680138124761445,3.1264519913144158,2.401653017493292,1.061867777459392,0.929839894776228,2016373.1480077952,1678874.803141031,0.9828540379197558,0.0831725628989565,3.3450187882995968,2.281779488739117,0.5207308587191722,-0.3475431208119239,24.639339762780462,18.194966005512,0.8498727611406991,0.4695161675518871,5.290098313601491,3.929761394572986,0.4783586992774628,-1.000493747649037
481500.0,1.6228820117048894,1.175773751906431,0.5781603139404609,-0.7194029361356096,3.163641920553456,2.3020753797996703,0.9009942684872584,0.5209836011343691,1633727.7926079778,1229095.99966131,1.008298742050937,0.5052592815051002,2.45375997712316,1.6272536179925454,0.5397548055063489,-0.2542577334541716,19.1650039359266,12.170897179587,0.4562922722292066,-0.4145106385412873,5.067814552598919,3.638528547016501,0.5263172316662644,-0.8661397770600048
482000.0,1.475317004737429,0.9610699528697366,0.1718975220403631,-1.1127562172138514,3.582201681270507,2.347570476863231,0.5456034206173559,-0.2805582600660248,960675.444517122,740726.0212580012,0.9803084771671872,0.4398104674868826,2.413941278630732,1.677060071920902,0.5419554414609421,-0.2699426045239836,20.285254674096333,13.244418813975065,0.3826581846654019,-0.7014925875741369,3.648518129229159,2.671824222625987,0.6015697691538011,-0.5740839484175027
482500.0,1.719025004459997,1.2870338032663504,0.7949107835867941,0.0590529838954845,2.963091992080197,2.0229899112469667,0.3996355538863373,-0.8725599393251038,852960.0127584096,785854.2735405691,1.3324080900387174,1.19477065230138,3.324518231620188,2.505625276639136,0.8520104933111351,0.1335211555730864,26.579653016873657,19.28240724449179,0.7965452282164442,0.0592907320357314,3.4789372214670062,2.5794628080113653,0.7201424033500204,-0.1466225564834404
483000.0,1.7153013643403452,1.397741232644926,1.0024105526282334,0.3106897185992454,4.269341623436429,2.807932660639735,0.3946436607159109,-0.7288918817201728,1302943.5292620135,1111832.667005863,1.0900357599309614,0.3198359050928867,3.9757997393967903,2.954085597316428,0.8658946460580161,0.1579682763703402,31.45552175471287,22.548216629775236,0.7018573954798921,-0.2287475876311884,4.160424323736885,3.672538684643895,1.01372619756859,0.0790925488588532
483500.0,1.436285019291115,1.1240665127010891,1.0266305634323356,0.7614061269836774,3.467200134477466,2.6889254831532328,0.732064991913844,-0.4153073521941155,1233556.964870555,1053121.3257471265,1.1050294108227212,0.5996045061855435,3.0924745789662245,2.484066100265538,0.9220657522247356,0.2072213663864301,23.780321396328784,18.42010384054472,0.7028025318798525,-0.5269357090085371,3.467591389718111,3.2705076920660248,1.302196994313861,1.0957908444737816
484000.0,1.8678225956371712,1.5668319354546023,1.030622654400699,0.5090508823285695,2.548304612093101,1.8687553177828835,0.7160081805393324,-0.2633512070221919,1330080.6887125326,1018552.0953588956,0.6548927869485555,-0.4587716512834103,3.7299689835841097,2.631883816101875,0.5578203758592319,-0.6483204804475293,29.393453658230804,21.218019575598987,0.6228293864227302,-0.3477450138131512,4.3670259664825455,4.303125239124853,1.4950319767476874,1.5494305574134248
484500.0,1.906109928348152,1.6458911043535187,1.124314185614034,0.4810779693659177,2.279780380588992,1.6623458173549566,0.7261439954907984,-0.1592538421727218,1310322.5816979886,1139421.5378064725,1.4224216248675,1.913704302613862,4.332211111972491,3.460127001277484,1.1357623212083925,1.2177331289542783,34.42567437328553,29.622904747930725,1.3975713210525127,1.96866334785995,4.72020402540708,3.850843809027885,1.3184599650675577,1.6587955956469136
485000.0,2.590906196058284,2.1296364112293387,1.0911786890550337,0.7232655270987176,1.8335575453206523,1.5207361067574054,1.3540413856899487,1.593041559497836,1984897.128270386,1687621.2680349238,1.0247006460957084,0.2454506774111364,6.578153953446909,5.979333315010893,1.355284260771634,1.242441478655972,50.594805328183504,48.974050848176894,1.4504268422230586,1.433954734746446,4.09706448259833,2.9462069558213773,0.5765164102383711,-0.6633405831816712
485500.0,3.650190122487565,3.175534429670732,0.7668563281841346,-0.6233437107002109,2.633592703575488,2.403031368492053,1.1776180038361703,0.6823523423388411,3065105.5687280623,2241372.470756748,0.389496342256699,-1.006314511655995,10.276228110669832,8.739012623100425,0.8560766629153643,-0.3022377463744319,81.81556172842225,68.97433088608967,0.8484872963633762,-0.3021004476236228,4.486607590016137,3.207711851940119,0.7848006957943904,0.0754535429082587
486000.0,3.6216863319380734,3.198521832381428,0.7665857188769165,-0.6166289113286267,3.8392366603237913,2.7146872876945936,0.6930675635607427,-0.1228843442835776,2818136.491490814,2314560.7825018675,0.5729350526789648,-0.9467502637072336,9.750422774864855,9.40584546101232,1.039621641872479,-0.0021445079973601,76.6559704834313,74.45134191206206,1.0350169046483626,-0.0457062726196397,3.919820523117009,3.657076092679171,1.2281664488901582,0.56714926249346
486500.0,3.1973968480502712,2.5182356131350807,0.8667015782413768,0.0199438791734394,5.291558131194353,3.9855729066891503,0.5248390603307306,-0.8618313181467738,2713354.9055805723,1992044.489308398,0.5263900495551959,-0.7932315625287978,8.828277187526169,7.800700425231528,1.2670712106026971,0.9011104892014684,68.99603605359948,61.66151432583364,1.2706582556221917,0.8822937915505693,4.770092059952366,3.5942117923024237,0.6682997649984243,-0.5386191341883415
487000.0,2.907378008034703,2.1917499555873734,0.6053414718603781,-0.6077663040271304,6.11634646335198,4.81914438269721,0.5788567290325782,-0.8771884048482597,2883005.262428341,2031969.5270560116,0.3255215566029556,-1.085186672509686,8.725243846255076,6.928095509376413,0.865573458714132,-0.0628133016010634,69.3540255407239,54.556727926198704,0.8412424143158137,-0.1029400719633937,5.65290145406292,4.218297483708058,0.2837116657663413,-1.2813441224246835
487500.0,2.635977714693596,1.868404368593188,0.5430380975799063,-0.7388287849226343,5.700393213925645,4.432414040650998,0.6904930753375256,-0.5998850725305451,2341257.24140544,1711453.7349519783,0.4301658372206978,-0.9488739696018932,7.349462851751364,5.823699067738898,0.6848685490583483,-0.6568917944559933,57.595635402846455,46.45429854599002,0.682261197043218,-0.6687367652743648,4.237858364242184,3.1070445427816726,0.5984391902567475,-0.6006106087757086
488000.0,3.3209997441283687,2.4187777827582457,0.7299044843211934,-0.1483252583431742,6.240155256189103,3.859892468569865,0.0715143586752277,-1.215526063654913,2599988.2730336594,2111327.4037369285,1.006887636193431,0.4392102259331638,8.908360414539375,6.593418327460995,0.7409529256726571,-0.09954865274304,69.35294382195754,52.04986864090148,0.7597042799567248,-0.0697941398380566,3.5137526874393763,2.659678368817893,0.5104571966458561,-0.9216310017205144
488500.0,3.3815492859688425,2.8940509529050846,0.8679673577401679,-0.2389595300093892,5.1892477292547765,3.882427639331045,0.7043716093233613,-0.4480129294023074,2496749.5127942646,2431747.589642174,1.122562997537918,0.2924123834036454,8.664787707307802,7.524178323630232,0.9734575472282292,0.0593311211599147,65.75800797487258,59.456424505650304,1.050732294655642,0.1938315454214487,4.208749858911099,2.995333423757108,0.4896427765945426,-0.7235197845195387
489000.0,3.343065186377704,2.223426558870342,0.3728430613409218,-0.8586344261992065,4.971977270188911,3.711425281290554,0.7794206322862315,-0.1992565017187906,2149202.20883172,1500616.1696470538,0.5571495246718653,-0.4726036903829556,7.988975414966219,5.064333084444373,0.3212156594681145,-0.8297576156035813,60.70107231022022,39.77350194129296,0.4207464286854846,-0.7254802754561265,4.488844522220624,3.2990465323234237,1.00053125524806,0.6468903612237416
489500.0,2.3574839747041585,1.945586302263761,1.0760771596034802,0.520902808764852,5.053341161552551,3.396846199585598,0.4448086796344866,-0.6536889138392068,1204705.2253065535,817699.5564626487,0.4716463802431957,-0.7189222672406923,5.05156120269886,3.4546096121883325,0.5244924507064594,-0.4801715897491152,37.97913784500431,27.164432620151945,0.6564426567480336,-0.2204127523466681,4.538412372514708,3.77905790824703,0.961732312038794,-0.0527546349605017
490000.0,2.490809049667824,2.1021405730931937,0.9223688035399692,-0.0260873738432634,3.545354131180737,2.839621197718874,0.8699935598147519,-0.2172423083321577,1065434.164411117,873580.2428113017,0.8003998206122044,-0.3450266972396547,4.88242937990995,3.821377615390976,0.7049422702722166,-0.5591111126214363,40.85324163786125,31.5007522285871,0.6902177610027521,-0.5199866777980535,4.850795293799183,3.67933335514563,0.7007748372191879,-0.4848685517584887
490500.0,3.032134285809211,2.177212821984218,0.4416765701205478,-0.8505563094215312,3.7166219408085546,3.107990912588324,1.3454151491729096,1.6986283678015202,1232679.9902790813,965665.1481652948,0.7652223449795593,-0.3692116368710487,5.723278713381621,3.990333079363282,0.5571764239435844,-0.6803219779488288,48.93641336155409,33.07850517292704,0.44299382475812,-0.7286969328423214,4.4653980291216095,3.4119112540564287,0.5622140096478555,-0.7386234394757749
491000.0,1.6611852316290496,1.3513746165501908,0.8138756063865558,-0.2548317209691055,6.5424520062830815,5.503311941852663,0.7254816586593252,-0.5516438148122904,1417562.481317205,1179851.6826873815,1.0002431315521554,0.268054996106728,3.935553197267358,3.1563346973192044,0.8066899305796005,-0.1289645233398459,31.706778434730367,25.714908800981004,0.8106321499137628,-0.2412762750400339,2.6667329091101064,2.381824237094801,1.056148631658963,0.2551475333140742
491500.0,1.2458717320967505,0.8997512230840397,0.6201782432729475,-0.4364784789700904,8.6408228775904,6.482623671092144,0.7118928588686585,-0.3190978624740559,2024019.190882558,1455198.7601830517,0.287172522903059,-1.2519284218624935,4.623561525997189,3.269986446309471,0.5227763725457149,-0.6737177804783383,34.74582922304414,25.086173665157485,0.4669053550609948,-0.9656645368671556,3.2953514816151515,2.4856117523009447,0.6780692030232798,-0.4778869439917126
492000.0,1.4228428871849212,0.8565564978518554,0.1682569780031964,-0.893441268461582,7.170030834916217,6.15150555869656,1.1491269975718308,0.5829753679424154,2218984.9358978844,1484911.334479209,0.1452590105907803,-1.3115565665420148,6.014061604100845,3.822780376446568,0.1362320517390409,-1.1998599887068735,46.09617857019746,29.110952406069263,0.0681294699187981,-1.331167140199048,4.768784807555935,3.5045702398818386,0.5444714175865168,-0.7689528229057334
492500.0,1.7033474007969664,1.2349412407581597,0.610510880820916,-0.6203799508638825,6.873321335771194,5.037330060187777,0.8313131760346306,0.1116814965972659,2017988.8364143705,1314286.7511651346,0.1937984441095462,-1.03885702092104,5.997475690155454,3.9345890015946665,0.3036631228214442,-0.8166558452809518,47.3596719433158,30.34721189293445,0.2541679050321451,-0.9362841327522856,5.040982871639542,3.8525307615110016,0.6606281680679279,-0.6257060076519076
493000.0,1.4811154095469512,1.4165940187032149,1.1434784954509805,0.1382732994831239,4.240572510705456,3.7820088169112633,1.0784648055982131,0.3290118893065372,1229721.3921027002,875525.4258959694,0.5460197669092424,-0.6566248586997387,4.095169583249186,3.1638853796967563,0.6328909490442642,-0.5810464526477706,32.786565261526434,26.329317466662893,0.7878499757395406,-0.2683570855322963,6.053059677867624,4.625942940636317,0.8130233349886585,0.1760287747793021
493500.0,1.4191864798540492,1.1692453647508827,1.2974031740889254,1.4374412853659946,4.537776582186126,3.3692821572132945,0.720581949473201,-0.3812576882921377,991324.4360895904,870655.9871175945,1.3061158703997604,0.9328915490239952,4.863539324855791,3.4741880069474624,0.5370456051385232,-0.6293096760781247,38.728075004239145,29.066933548388384,0.7266923881480815,-0.2510467074073195,5.048281602694904,4.265682512459117,1.129422755979448,0.786818580230531
494000.0,2.109299974096718,1.985826007806138,1.1359342058707629,0.4412135066174585,4.63168089563392,3.3299945584266317,0.7633314020734504,0.016994034215001,1845757.7300791591,1439794.009093246,0.7819350475441338,-0.2610791417110976,7.399299117509123,6.598856075928596,1.020644413467781,0.1126241460245762,62.17064070343545,55.34561812905074,1.0167409209120186,0.1381424397724924,5.202625574364288,3.967920098036229,0.7605017915962416,-0.2818878969910323
494500.0,3.251564518522884,2.8243468960997995,0.6330999091693937,-0.852033917579671,5.34264404848033,3.660287533238745,0.7877481616786042,0.0899406550896415,2486814.5908482457,1964597.7183775173,0.4988918120041627,-0.9787609995162656,10.679912204342804,9.25652322467798,0.6322439463680566,-0.8661385875287437,87.38328000350988,76.47329993242421,0.6575886916250476,-0.827679687027874,6.963639519078673,5.956061289118109,0.6057308921785137,-0.919076056232007
495000.0,3.165922248015346,2.657083100183552,0.6900873343033108,-0.7160632256585924,4.703165441470379,3.654810815698004,1.2698369924505717,1.6265525391147593,2232109.9026832506,1927621.2418769056,0.8332971228122112,-0.5322544356810397,10.52914541660932,8.833649235504087,0.6885985498185359,-0.7468645901561306,82.6001717355891,70.33414635628164,0.7034415925727386,-0.6904696837509707,7.428537662421672,6.416968925076621,0.699326454996345,-0.8345173490864939
495500.0,2.530806155721576,2.3524397243217496,0.8278838671448966,-0.7473382885343685,4.910578003115616,4.030532564570067,0.9950018735465131,0.3110127538336753,2089223.556176196,1790275.5722331114,1.0124804301391817,0.1705391996963077,8.583689197524297,7.52407168569983,0.7861595715148642,-0.6652836622112108,68.17660552744405,58.08450460892214,0.7118154838561898,-0.7763206671065901,6.276071667268775,6.018223015836446,0.7454372129207055,-0.8817698502923994
496000.0,1.5246871639267328,1.3670239146877303,1.169721228878249,1.110692165113038,5.157118714162198,3.985885498384395,0.7260994429800854,-0.5489136338829685,1420739.625533034,1412996.0785385775,1.7778204722226578,3.119218113749594,4.6228233625156925,4.649303473070428,1.9674125153160376,4.57683580064355,36.30172035312739,35.93622174939944,1.988539875164753,4.689057208860491,4.126026734436618,3.816583412529147,1.7744035292065004,3.732822201738976
496500.0,1.832095352995118,1.372747221960528,0.9733455101490252,0.724262110136475,4.335236735615705,3.3043952636439604,0.6828606179110498,-0.3268405693632186,1253987.0467135916,1311326.9348137386,1.9865445499315453,4.281171003129057,5.991754871211467,5.2467160430795525,1.4916416000166115,2.641893291013522,45.54280149445332,41.14682926210173,1.5900254795923592,2.939748472769792,4.618549613812564,3.596925405406404,1.2653181287807027,2.2295251325628174
497000.0,2.2925430987106727,1.6486485929808998,0.3452941489430841,-1.013647400678338,3.914488087135771,2.798496613605932,0.4715844018329785,-0.848796497015949,1677283.5546523377,1370748.4439954066,1.085121042307299,0.8494488545092698,8.364735578424447,6.580411569883115,0.4800053081949955,-1.0262459179123498,65.18342041252204,50.96526243857506,0.5169406012154004,-0.958599335969557,5.6177257973120325,5.3205049588101305,0.8225677369491226,-0.7418445833151504
497500.0,1.6770940888747503,1.349589645997614,0.8956588923706368,-0.0503788524274333,3.975292016446424,2.7185702946245742,0.8651260351721349,1.2164625006648242,1388010.290609385,1007851.4659291196,0.4188411266893445,-0.9257846247396228,6.312114134544767,5.399702846550986,0.7415661058061332,-0.6195592345767733,49.71962517212639,42.18536210244967,0.7193020979762887,-0.6456751793470068,5.9393124566233935,5.166347312821025,0.715236301544892,-0.7327309460971496
498000.0,1.872672182354644,1.3816149878861217,0.6215116780869108,-0.6396913860565765,5.583787648396748,3.932915749098072,0.756062109307489,-0.0222468129406583,833664.6559520356,614245.2500664738,0.7351018303652704,-0.2866513537565689,4.803569929489914,4.097741395658819,0.8834096904543174,-0.2075910342377747,43.47181960472655,35.649425620009744,0.8394307962404239,-0.2771320003207611,4.814818340226113,3.803778313725696,0.7383744361132081,-0.3817724894313996
498500.0,1.6495227981431175,1.1850145972660069,0.5902741609108874,-0.4613617535450678,6.567124785803803,4.444390874705396,0.3673325441834961,-0.8666174317573976,613147.1108246353,502542.6780485287,0.977594623807016,0.1317886209162386,4.343834712165476,3.0757376258618656,0.5361847682780995,-0.6608083715822382,42.96890191780995,33.91998614585064,0.8160882210438208,-0.2830680342095673,3.4514567821457107,2.3386643789086063,0.3743769577087413,-0.8175222346388749
499000.0,1.2516825446418274,0.874315614631865,0.3809986754250415,-0.9747638965387996,6.656052828875377,4.7760342753452125,0.5514012341987253,-0.7529522954371188,1055433.1283790348,867535.8033194885,1.1139396264060268,0.9167520624131078,3.8896103639509008,2.8220036977256577,0.753620160331299,-0.1768416523081866,37.8523362246322,28.25530837222768,0.6817281794427357,-0.4726678472899239,3.723164930703428,2.9602736733611072,1.0987330979143697,1.134388157111819
499500.0,1.652798345642848,1.2278775558226755,0.6458654475244415,-0.5743283385648899,7.1998109373778885,6.063239430191257,0.6873987164236011,-0.6984456913553112,1477218.3188078625,1261218.9977937762,1.1505779736242303,0.64826527906322,5.357698651549542,4.354225879634006,0.7786519263906791,-0.4573565501946852,38.67957968922822,29.82969208087037,0.7653057103412703,-0.2849883968065585,6.613377960560156,5.34198860829494,0.8630700265539182,-0.1563744869261309
500000.0,2.091964825775727,1.496020100243982,0.450135498678251,-0.9974964914593474,7.952345236247638,6.009115447135129,0.731452027328739,-0.260818264010497,1594809.2963617642,1419199.6572554044,0.9830327127555908,-0.0346440801717227,6.597703581816768,4.667152705988888,0.3897908614038578,-0.9594426272263514,45.47721453679539,32.58993908647802,0.5318169909239188,-0.7116281286401698,8.742279790834305,7.173432897446782,0.55571357776167,-1.0541238524468233
500500.0,1.3039256332326763,1.053138737271757,0.8308535070137234,-0.1180138740991068,9.539400094768036,7.26916423685052,0.7423184733262957,-0.4127715474586191,1673672.0813490928,1352355.4367344656,0.9082754165962904,0.1508036581181242,4.022659808373202,2.934000340864154,0.6931776846010006,-0.2657887209646254,33.526260164935906,23.65586515959724,0.5919899274320246,-0.4518673014025482,5.702917805177138,5.235945716688367,1.1373105737628018,0.382929244900458
501000.0,1.4373014172081318,1.1138017919688157,0.5449197864083956,-0.8245499357058961,9.927950902107227,6.906854994011746,0.390905219441835,-0.97844058384809,2187862.576254763,1898123.1232264824,0.7772916797308254,-0.5935935904131262,5.151591487046779,4.097469865940535,0.8536092067354184,-0.1411836671296287,49.36228803924236,42.04608113957924,0.9105127500201092,-0.2071006941374382,3.176255794520066,3.0174527203618364,1.6816781296703798,3.060971259897987
501500.0,1.4034247893573206,1.1464733225409092,0.8399769278946817,-0.2147511908920196,9.187825443784837,6.633486927965292,0.6308190486106496,-0.4281213302333198,1621565.0027045037,1448074.0297247292,0.9486918610151048,0.0086197320943735,6.990965639323169,4.802139736263649,0.5419925296968681,-0.610430167219489,60.26942805521279,44.12983545903987,0.5324474576623235,-0.7670836565341466,3.8736317380045096,2.9389423946886364,0.7594678324571681,-0.3175574890126134
502000.0,1.4390709133001676,1.135504765348554,0.9120643123724944,0.0686358280725212,14.61272573133594,9.867184523463166,0.2838268943790237,-1.0154952615120925,907243.9129565292,716717.770408324,0.7478873791333551,-0.3737224691340519,6.560784964512914,4.815760876809883,0.5725631813203139,-0.6495634170843365,44.73572965468925,30.559517330051285,0.4738525470576972,-0.6206073387657809,5.309777293202213,3.67767032534788,0.458649669826367,-0.7597844510076537
502500.0,1.98238567672142,1.301144437278447,0.4037573949176338,-0.665264069908384,13.044459353558397,8.679085610082893,0.2257206199762845,-1.0836355164065803,907948.1152922774,727284.3391364058,0.949769626063001,0.3813762502803661,7.308565469774439,4.949353257127295,0.2164956562341195,-1.0866965251738814,40.902092514497134,32.53807621676926,0.8563479060640525,0.0028497281689965,5.599482460885299,3.800626316281373,0.4357493483686345,-0.8613578369282089
503000.0,1.6448147271256397,1.4179569780999597,1.0269108143719807,0.0673251813945103,10.22851029383476,7.441188176036677,0.5881556477973681,-0.6215003224354865,739240.8089680392,635110.1314257649,1.0702465032144757,0.4704510292686445,5.865820024982425,3.8242349809296754,0.2068417444204851,-0.9818630716331032,42.31696965962304,31.98649841948797,0.7143286694213906,-0.4375690210971865,5.229140921179246,3.6977930966519614,0.6124826676187598,-0.4681202199833878
503500.0,1.8140082766793575,1.4134931763459448,0.9670406671098004,0.3167620326797133,13.476949067996197,9.30722976351174,0.7420693121490595,0.3620799250750663,605967.3944841954,593552.7143191777,1.4111056810289029,1.4493917077247565,5.1727416801188175,3.572312881054132,0.5932685407610623,-0.4019520293434735,47.171870601682286,31.472177638510583,0.336388954134687,-0.9931782685154588,4.82772185322182,3.6240430964130894,0.7537101748864469,-0.1772908423381003
504000.0,1.8535355662552744,1.5496975240940924,1.1114783359482658,0.5337418743455409,21.38819131750924,17.198351814832268,0.8148810147378227,-0.2838197134235871,748574.1003453701,883604.4277450998,1.7120013227278643,2.22221977148992,4.810807285824323,3.91796980622684,1.275887802265969,1.3529343172568016,42.83766886721726,30.20772739629579,0.6098317774716727,-0.5484347360450657,5.402644812936895,4.362673212960351,0.9486661039550072,0.0762575747102696
504500.0,1.878949367655004,1.6695021737547884,1.090240582016724,0.2151738388651582,27.595619169789128,21.08379768526248,0.9089865403451872,0.5161268836326607,917409.0275694132,930187.7563567458,1.2279254707711955,0.5059547299733445,6.7288966315453616,5.044538372855443,0.7715456199832328,-0.1156578182438754,56.82155824566828,38.99223794782252,0.3736298987987152,-0.891496119517178,7.773325579503603,5.473864564502249,0.4062236336828436,-0.8223775105774518
505000.0,1.915648395981951,1.5018629043507916,0.6812642161019791,-0.4803384611935399,43.96589573365135,38.214203007515714,0.7141168244643138,-0.8532451387274365,782046.4210003242,648245.0285340653,1.2185780784623108,0.851720871214948,7.57735650839948,5.280589620307034,0.4401997742299404,-0.8809107820697046,70.89044125433506,48.08366919863303,0.4726560009829382,-0.5314163902313389,9.462130256534875,6.148099112995,0.0035526974724218,-1.22660653775531
505500.0,1.5882231262823132,1.309409796568684,1.0522651046370233,0.6902556839917864,66.01336065493693,56.18232273683834,0.7125785004931237,-0.6315122685710799,842563.0776405144,606963.1505194785,0.8307562865764647,0.4369874154682214,9.257420053370444,6.779234683927058,0.5381892957517476,-0.559502151085709,100.34737236795308,75.73270177413154,0.3854576555000252,-1.1904353558930416,7.289634960133108,5.550916001897012,0.9188166176185228,0.4931052642516924
506000.0,2.1331500987214067,1.6894338120429029,1.264126200214842,1.80345472702182,89.28958418756733,57.26821550221717,0.117642029352296,-1.0627462221688873,1001964.1101888772,736948.2881490288,1.1308944213360803,1.8124717680887148,14.072163716868554,10.142183408216216,0.9440898078909608,0.941679365250168,145.58769926761912,97.13977250340652,0.3724024242404876,-0.7404110144450202,7.728900676806546,6.67826593767208,1.0331293800091643,0.1574310354679049
506500.0,1.4502466765658475,1.0415240389592613,0.8793159505473789,1.0427392293102793,96.15895835604304,69.3315771976659,0.2801807268585167,-1.321891823840373,844424.8595738454,598574.8523827814,0.4425773142340328,-0.6592124787960469,14.31894839582663,9.467645260398914,0.2697111476965279,-0.8399485716280104,154.7287909448272,108.27354057443344,0.265427968396308,-1.242799004731408,7.516321850859201,6.681789582718297,1.706533736490087,3.623099775552496
507000.0,1.5569613853542317,1.1716953377836703,0.6048985746551014,-0.4203351143390712,68.43616611794799,57.006244293330944,0.5381403614668938,-1.22252010185012,645236.1221008648,438479.5659246143,0.4773921437535959,-0.7409042351866373,10.271478676890167,8.485788351496202,0.6740029409170111,-0.9410192539251404,109.89297189394756,101.8458822066685,0.6657142561224447,-1.0855665624261837,11.851253774262744,8.843774903480037,0.5436558081073511,-0.665119238536171
507500.0,1.1412656130116858,0.7889936552051732,0.571761107388851,-0.5676219588831617,34.88208795828219,32.63981753068872,0.8275605093906077,-0.6047264375290253,482251.1978660111,353558.7563283753,0.8729559050304475,0.5235521237274163,6.391276721802329,5.176048452886001,0.9722245861721291,0.2145490394252123,65.72469893751516,60.66531079722818,1.0123623334021905,-0.1045053705032579,14.511461562844085,12.901296508434044,0.82880838134246,-0.6172182631503342
508000.0,1.6357865294975371,1.1325606623251812,0.5359742652853031,-0.5233787044262415,19.03223986998566,18.78855650694816,1.562216111936928,2.141808914777692,421733.649742742,383399.02587220585,1.4939877514774391,2.2575548826794494,5.535042090173204,4.227537442265771,0.6657563772589271,-0.6177223426104548,50.52848475746822,42.04678360150587,0.9997634032335057,0.0506261871788455,13.171896729797774,13.844848914610346,1.3589089628632187,0.7580027288829454
508500.0,2.1845756253395208,1.7833656625050422,0.8506176042824308,0.4477810356056202,10.84985144284969,8.11137608054751,0.6171203380302349,-0.6046314207625252,724904.3390792818,551241.3249419411,0.8263047410259905,-0.1932704232998419,5.699134741557422,4.7389871334237705,0.7487065836389672,-0.3514295029397862,47.81422757464424,43.260784513491096,1.0219367623161648,0.3579744190985567,13.498935259940124,11.013906165799195,0.9316873721938164,0.3410542261302063
509000.0,4.342165342326583,3.658823321369735,0.6603914213056313,-0.7266348371134406,8.141341950783412,6.515882802867545,0.9248611163180466,0.0573107420625609,1305809.4264853392,1028554.4159015854,0.39412608652894,-1.2374688556589255,10.403202327759452,8.164465965786455,0.5641471352335596,-0.7841671682743501,85.489740816537,70.43887267771292,0.642143882065089,-0.7252964206453569,12.514895560966853,13.377873957012811,1.5311773619413616,1.4628573174766606
509500.0,8.103172379957549,8.561279257357711,1.413472541561025,0.8688176314944682,9.23947238588977,6.9256506924594685,0.5817368284214288,-0.6681514793644223,1623561.640844619,1247330.6695927212,0.4714404423712307,-1.0576957324132814,14.97233217863888,11.029164491195289,0.3823156073091378,-1.039304650071844,124.59434112831111,88.98566646523673,0.3476837192943821,-1.038741922100607,10.489056410507729,12.887216713310211,1.8187742426698237,2.333181918285674
510000.0,12.21954178723742,15.97912219233387,1.8524137869341128,2.581201338632198,10.236158812611253,8.63843203847133,1.2265205975555262,1.235779394064216,1593177.9751580458,1283968.205304704,0.9754010534938288,0.2721817849295131,15.291846201150978,14.218630632241457,1.1856165059555768,0.7573486559471658,122.30943034890468,110.42259063977993,1.1435813324266184,0.6616976449332963,11.121545310398082,12.073481365157928,2.049462220517206,4.363037027361323
510500.0,19.27466389820456,19.08607550003456,0.7652492026546882,-0.7519880873629448,16.6928094738808,12.298422769321984,0.4837595203514806,-0.9673106452601132,1506452.9558268653,1176163.5730767536,0.811182980657158,-0.0316698850301717,18.63247224609318,15.972639454162582,0.871415866619289,-0.1543163669890752,144.03201678901925,126.18163855861204,0.9213120500475256,-0.0544939505787267,19.7224849229346,16.890764554129184,0.7001884241629412,-0.809679006930184
511000.0,37.48723549225648,27.839195017990757,0.3620102733568746,-1.079612176981553,31.501409344945294,18.92210139566391,-0.1776772176609476,-1.284320578567942,1784404.2853011382,1555065.0668533093,0.910591684380808,-0.3080683520033496,29.34041962516069,22.642927212861306,0.5192360118077466,-0.9556709419342346,235.95733297792023,176.2655601780301,0.4723511713572708,-0.9448477272862936,36.1970549883697,22.224465912555825,-0.0660593853950633,-1.2331122506640069
