Time (cycle),Amplitude_Mean,Amplitude_Standard_deviation,Amplitude_Skewness,Amplitude_Kurtosis,Rise-Time_Mean,Rise-Time_Standard_deviation,Rise-Time_Skewness,Rise-Time_Kurtosis,Energy_Mean,Energy_Standard_deviation,Energy_Skewness,Energy_Kurtosis,Counts_Mean,Counts_Standard_deviation,Counts_Skewness,Counts_Kurtosis,Duration_Mean,Duration_Standard_deviation,Duration_Skewness,Duration_Kurtosis,RMS_Mean,RMS_Standard_deviation,RMS_Skewness,RMS_Kurtosis
53500.0,22.870940473451647,6.632184615585129,-0.0390314502880112,-1.0900873054909372,15.65448714641758,9.824954416310542,0.6589709325222532,-0.4825484604458361,3183780.589719012,890749.2448470752,0.4259714085105865,-0.6118150903949346,14.6310884864098,12.054586163367468,0.6912745523872146,-0.9603952458098436,128.69355494707483,68.85934012913556,0.3733613019278022,-1.1417124911528271,9.595750817651094,5.577310937446751,0.1247835258248305,-0.7904497505285182
54000.0,23.258616060405792,6.805792009679081,-0.09145495325867894,-0.9851188061703136,15.775400296782445,10.028957585627728,0.6469379261536913,-0.5101310716750875,3161372.306023491,886031.683166174,0.3422498174383839,-0.48143420871044396,14.640389526153596,11.898026963896307,0.681780426494379,-0.9481787778012498,129.31112513994282,68.49113978908927,0.34850712682834556,-1.1155445934362442,9.895897911421978,5.643228432091994,0.07883483870451405,-0.7467461707020406
54500.0,23.64629164735994,6.979399403773033,-0.1438784562293467,-0.8801503068496899,15.896313447147309,10.232960754944914,0.6349049197851293,-0.537713682904339,3138964.0223279702,881314.1214852727,0.2585282263661813,-0.3510533270259533,14.64969056589739,11.741467764425147,0.6722863006015434,-0.935962309792656,129.92869533281078,68.12293944904297,0.32365295172888886,-1.0893766957196616,10.196045005192863,5.709145926737237,0.03288615158419758,-0.7030425908755631
55000.0,24.033967234314087,7.1530067978669845,-0.19630195920001445,-0.7751818075290662,16.017226597512174,10.436963924262102,0.6228719134165673,-0.5652962941335904,3116555.7386324494,876596.5598043714,0.17480663529397866,-0.2206724453414627,14.658991605641187,11.584908564953986,0.6627921747087079,-0.9237458417840623,130.54626552567876,67.75473910899669,0.2987987766294322,-1.0632087980030787,10.496192098963746,5.775063421382479,-0.013062535536118872,-0.6593390110490855
55500.0,24.421642821268232,7.326614191960936,-0.2487254621706822,-0.6702133082084425,16.138139747877037,10.640967093579288,0.6108389070480054,-0.5928789053628418,3094147.4549369286,871878.9981234702,0.09108504422177605,-0.090291563656972,14.668292645384984,11.428349365482825,0.6532980488158723,-0.9115293737754686,131.16383571854675,67.38653876895039,0.2739446015299756,-1.0370409002864958,10.796339192734631,5.840980916027722,-0.05901122265643534,-0.615635431222608
56000.0,24.80931840822238,7.500221586054888,-0.30114896514135,-0.5652448088878189,16.2590528982419,10.844970262896474,0.5988059006794433,-0.6204615165920933,3071739.171241408,867161.4364425689,0.007363453149573429,0.040089318027518694,14.677593685128778,11.271790166011664,0.6438039229230367,-0.8993129057668748,131.78140591141474,67.0183384289041,0.2490904264305189,-1.010873002569913,11.096486286505515,5.906898410672965,-0.1049599097767518,-0.5719318513961305
56500.0,25.196993995176527,7.673828980148841,-0.3535724681120177,-0.46027630956719523,16.379966048606768,11.04897343221366,0.5867728943108813,-0.6480441278213447,3049330.8875458874,862443.8747616677,-0.07635813792262919,0.17047019971200927,14.686894724872575,11.115230966540505,0.6343097970302011,-0.8870964377582811,132.3989761042827,66.65013808885782,0.22423625133106223,-0.9847051048533302,11.396633380276398,5.972815905318208,-0.15090859689706826,-0.5282282715696529
57000.0,25.584669582130672,7.8474363742427915,-0.4059959710826854,-0.35530781024657154,16.50087919897163,11.252976601530847,0.5747398879423193,-0.6756267390505961,3026922.6038503665,857726.3130807665,-0.16007972899483175,0.30085108139649996,14.696195764616371,10.958671767069344,0.6248156711373656,-0.8748799697496873,133.01654629715068,66.28193774881152,0.1993820762316056,-0.9585372071367473,11.696780474047284,6.0387333999634505,-0.19685728401738473,-0.4845246917431753
57500.0,25.972345169084818,8.021043768336744,-0.4584194740533532,-0.25033931092594786,16.621792349336495,11.456979770848033,0.5627068815737574,-0.7032093502798475,3004514.3201548457,853008.7513998653,-0.24380132006703442,0.43123196308099065,14.705496804360166,10.802112567598183,0.61532154524453,-0.8626635017410935,133.63411649001867,65.91373740876523,0.17452790113214892,-0.9323693094201645,11.996927567818167,6.104650894608693,-0.2428059711377012,-0.44082111191669776
58000.0,26.360020756038967,8.194651162430695,-0.510842977024021,-0.14537081160532417,16.74270549970136,11.660982940165221,0.5506738752051954,-0.730791961509099,2982106.036459325,848291.1897189639,-0.3275229111392371,0.5616128447654813,14.714797844103963,10.645553368127022,0.6058274193516944,-0.8504470337324997,134.25168668288663,65.54553706871893,0.14967372603269224,-0.9062014117035817,12.297074661589052,6.170568389253936,-0.28875465825801766,-0.3971175320902202
58500.0,26.747696342993112,8.368258556524648,-0.5632664799946888,-0.04040231228470059,16.863618650066226,11.864986109482407,0.5386408688366334,-0.7583745727383504,2959697.752763804,843573.6280380627,-0.41124450221143966,0.691993726449972,14.724098883847759,10.488994168655863,0.5963332934588588,-0.838230565723906,134.86925687575462,65.17733672867264,0.1248195509332356,-0.8800335139869988,12.597221755359936,6.236485883899179,-0.3347033453783341,-0.35341395226374267
59000.0,27.135371929947258,8.541865950618599,-0.6156899829653565,0.0645661870359231,16.98453180043109,12.068989278799593,0.5266078624680715,-0.7859571839676018,2937289.469068283,838856.0663571615,-0.4949660932836422,0.8223746081344627,14.733399923591554,10.332434969184702,0.5868391675660233,-0.8260140977153123,135.4868270686226,64.80913638862634,0.09996537583377896,-0.853865616270416,12.897368849130821,6.302403378544422,-0.3806520324986506,-0.3097103724372651
59500.0,27.523047516901407,8.715473344712551,-0.6681134859360243,0.16953468635654678,17.105444950795953,12.27299244811678,0.5145748560995095,-0.8135397951968532,2914881.1853727624,834138.5046762602,-0.5786876843558448,0.9527554898189532,14.74270096333535,10.17587576971354,0.5773450416731877,-0.8137976297067185,136.10439726149056,64.44093604858006,0.07511120073432226,-0.8276977185538332,13.197515942901704,6.368320873189664,-0.426600719618967,-0.2660067926107875
60000.0,27.910723103855553,8.889080738806502,-0.720536988906692,0.27450318567717047,17.226358101160816,12.476995617433968,0.5025418497309475,-0.8411224064261046,2892472.9016772415,829420.942995359,-0.6624092754280475,1.0831363715034439,14.752002003079147,10.019316570242381,0.5678509157803521,-0.8015811616981248,136.72196745435855,64.07273570853377,0.050257025634865615,-0.8015298208372503,13.497663036672588,6.434238367834907,-0.47254940673928353,-0.22230321278430998
60500.0,28.298398690809698,9.062688132900455,-0.7729604918773597,0.37947168499779416,17.347271251525683,12.680998786751154,0.4905088433623855,-0.868705017655356,2870064.6179817207,824703.3813144577,-0.74613086650025,1.2135172531879346,14.761303042822941,9.86275737077122,0.5583567898875165,-0.789364693689531,137.33953764722654,63.70453536848748,0.025402850535408972,-0.7753619231206675,13.797810130443473,6.500155862480149,-0.5184980938595999,-0.17859963295783243
61000.0,28.686074277763844,9.236295526994407,-0.8253839948480275,0.48444018431841784,17.468184401890547,12.88500195606834,0.47847583699382346,-0.8962876288846074,2847656.3342862003,819985.8196335565,-0.8298524575724526,1.3438981348724253,14.770604082566738,9.70619817130006,0.548862663994681,-0.7771482256809372,137.95710784009452,63.336335028441184,0.0005486754359522727,-0.7491940254040848,14.097957224214356,6.566073357125392,-0.5644467809799164,-0.1348960531313549
61500.0,29.073749864717993,9.409902921088358,-0.8778074978186953,0.5894086836390415,17.58909755225541,13.089005125385526,0.4664428306252615,-0.9238702401138589,2825248.0505906795,815268.2579526552,-0.9135740486446553,1.474279016556916,14.779905122310534,9.549638971828898,0.5393685381018454,-0.7649317576723434,138.57467803296248,62.96813468839489,-0.02430549966350437,-0.7230261276875019,14.39810431798524,6.6319908517706345,-0.6103954681002328,-0.09119247330487734
62000.0,29.461425451672138,9.58351031518231,-0.930231000789363,0.6943771829596652,17.710010702620274,13.293008294702712,0.4544098242566995,-0.9514528513431103,2802839.7668951587,810550.696271754,-0.997295639716858,1.6046598982414064,14.78920616205433,9.393079772357739,0.5298744122090098,-0.7527152896637497,139.19224822583047,62.5999343483486,-0.049159674762961014,-0.6968582299709191,14.698251411756125,6.697908346415877,-0.6563441552205492,-0.047488893478399796
62500.0,29.849101038626284,9.757117709276262,-0.9826545037600308,0.7993456822802889,17.83092385298514,13.497011464019899,0.44237681788813754,-0.9790354625723617,2780431.483199638,805833.1345908528,-1.0810172307890606,1.7350407799258973,14.798507201798126,9.236520572886578,0.5203802863161742,-0.740498821655156,139.80981841869846,62.231734008302304,-0.07401384986241771,-0.6706903322543363,14.99839850552701,6.76382584106112,-0.7022928423408658,-0.0037853136519222508
63000.0,30.236776625580433,9.930725103370214,-1.0350780067306984,0.9043141816009126,17.951837003350004,13.701014633337085,0.43034381151957557,-1.0066180738016133,2758023.199504117,801115.5729099514,-1.164738821861263,1.8654216616103878,14.807808241541922,9.079961373415417,0.5108861604233386,-0.7282823536465622,140.4273886115664,61.86353366825601,-0.09886802496187436,-0.6445224345377534,15.298545599297892,6.829743335706363,-0.7482415294611822,0.039918266174555295
63500.0,30.624452212534578,10.104332497464165,-1.0875015097013663,1.009282680921536,18.072750153714868,13.905017802654273,0.4183108051510136,-1.0342006850308647,2735614.915808596,796398.0112290502,-1.2484604129334658,1.9958025432948787,14.817109281285717,8.923402173944257,0.5013920345305031,-0.7160658856379685,141.0449588044344,61.495333328209725,-0.123722200061331,-0.6183545368211706,15.598692693068777,6.895660830351606,-0.7941902165814987,0.08362184600103284
64000.0,31.012127799488724,10.277939891558118,-1.139925012672034,1.11425118024216,18.19366330407973,14.109020971971459,0.40627779878245157,-1.0617832962601161,2713206.6321130753,791680.449548149,-1.3321820040056684,2.126183424979369,14.826410321029513,8.766842974473096,0.49189790863766747,-0.7038494176293747,141.6625289973024,61.12713298816343,-0.14857637516078764,-0.5921866391045878,15.898839786839662,6.961578324996848,-0.8401389037018151,0.12732542582751039
64500.0,31.39980338644287,10.451547285652069,-1.1923485156427016,1.2192196795627834,18.314576454444598,14.313024141288645,0.3942447924138896,-1.0893659074893676,2690798.3484175545,786962.8878672477,-1.415903595077871,2.25656430666386,14.83571136077331,8.610283775001935,0.48240378274483187,-0.6916329496207809,142.28009919017035,60.75893264811714,-0.1734305502602443,-0.5660187413880049,16.198986880610548,7.027495819642091,-0.8860875908221316,0.17102900565398793
65000.0,31.787478973397018,10.625154679746021,-1.2447720186133695,1.3241881788834073,18.43548960480946,14.517027310605833,0.38221178604532763,-1.116948518718619,2668390.064722034,782245.3261863465,-1.4996251861500736,2.3869451883483506,14.845012400517104,8.453724575530774,0.4729096568519963,-0.6794164816121872,142.89766938303833,60.390732308070845,-0.19828472535970104,-0.5398508436714221,16.49913397438143,7.093413314287334,-0.9320362779424481,0.2147325854804656
65500.0,32.17515456035116,10.798762073839974,-1.2971955215840372,1.4291566782040308,18.556402755174325,14.72103047992302,0.37017877967676566,-1.1445311299478702,2645981.7810265133,777527.7645054453,-1.5833467772222762,2.517326070032841,14.854313440260901,8.297165376059615,0.4634155309591607,-0.6672000136035934,143.51523957590632,60.02253196802455,-0.22313890045915769,-0.5136829459548393,16.799281068152315,7.159330808932577,-0.9779849650627644,0.25843616530694313
66000.0,32.56283014730531,10.972369467933925,-1.3496190245547048,1.5341251775246547,18.67731590553919,14.925033649240206,0.3581457733082037,-1.1721137411771216,2623573.4973309925,772810.202824544,-1.6670683682944787,2.647706951717332,14.863614480004697,8.140606176588454,0.45392140506632517,-0.6549835455949997,144.1328097687743,59.654331627978266,-0.24799307555861433,-0.4875150482382564,17.0994281619232,7.225248303577819,-1.023933652183081,0.3021397451334207
66500.0,32.95050573425946,11.145976862027876,-1.4020425275253727,1.6390936768452782,18.798229055904056,15.129036818557392,0.34611276693964166,-1.199696352406373,2601165.2136354716,768092.6411436427,-1.7507899593666816,2.7780878334018224,14.872915519748492,7.984046977117294,0.44442727917348956,-0.6427670775864058,144.75037996164227,59.28613128793197,-0.27284725065807097,-0.46134715052167363,17.39957525569408,7.291165798223062,-1.0698823393033976,0.3458433249598982
67000.0,33.338181321213604,11.319584256121829,-1.4544660304960404,1.744062176165902,18.91914220626892,15.333039987874578,0.3340797605710797,-1.2272789636356245,2578756.929939951,763375.0794627415,-1.834511550438884,2.908468715086313,14.882216559492289,7.827487777646133,0.434933153280654,-0.6305506095778122,145.36795015451025,58.91793094788568,-0.2977014257575276,-0.4351792528050908,17.699722349464967,7.357083292868305,-1.115831026423714,0.3895469047863757
67500.0,34.02485446605265,11.740463003701198,-1.4443888207392088,1.6154424461029806,19.648080130012676,15.339293004437717,0.32763658431110143,-1.2217309796135347,2531854.6191675924,762452.2573871714,-1.7458872416163047,2.6395914739852455,14.84934243327136,7.521035488634408,0.23029614849912858,-0.39949208299926353,145.74209024737073,58.6306183444668,-0.4158262360020246,-0.2941261284154426,18.332349855084054,7.548946745919745,-1.16781351419558,0.5078817781588212
68000.0,34.7115276108917,12.161341751280569,-1.4343116109823775,1.486822716040059,20.377018053756434,15.345546021000859,0.3211934080511231,-1.2161829955914447,2484952.3083952344,761529.4353116013,-1.6572629327937254,2.370714232884178,14.816468307050433,7.214583199622682,0.02565914371760314,-0.1684335564207149,146.11623034023123,58.343305741047914,-0.5339510462465216,-0.15307300402579443,18.964977360703145,7.740810198971183,-1.219796001967446,0.6262166515312667
68500.0,35.39820075573075,12.582220498859938,-1.424234401225546,1.3582029859771372,21.10595597750019,15.351799037563998,0.31475023179114486,-1.210635011569355,2438049.997622876,760606.6132360311,-1.5686386239711458,2.1018369917831103,14.783594180829505,6.908130910610957,-0.17897786106392227,0.06262497015783375,146.4903704330917,58.05599313762904,-0.6520758564910186,-0.012019879636146258,19.597604866322232,7.932673652022623,-1.2717784897393123,0.7445515249037122
69000.0,36.0848739005698,13.003099246439307,-1.4141571914687143,1.2295832559142157,21.834893901243944,15.358052054127139,0.3083070555311666,-1.2050870275472652,2391147.6868505175,759683.791160461,-1.4800143151485665,1.832959750682043,14.750720054608578,6.601678621599232,-0.38361486584544774,0.2936834967363824,146.86451052595217,57.768680534210155,-0.7702006667355157,0.12903324475350192,20.23023237194132,8.124537105074062,-1.3237609775111785,0.8628863982761578
69500.0,36.77154704540884,13.423977994018678,-1.404079981711883,1.1009635258512942,22.5638318249877,15.364305070690278,0.3018638792711883,-1.1995390435251752,2344245.3760781595,758760.969084891,-1.3913900063259872,1.5640825095809756,14.71784592838765,6.295226332587507,-0.5882518706269733,0.5247420233149311,147.23865061881267,57.48136793079127,-0.8883254769800126,0.27008636914315015,20.86285987756041,8.316400558125501,-1.3757434652830445,0.9812212716486033
70000.0,37.458220190247886,13.844856741598047,-1.3940027719550514,0.9723437957883725,23.29276974873146,15.37055808725342,0.29542070301121004,-1.1939910595030854,2297343.065305801,757838.1470093209,-1.3027656975034079,1.295205268479908,14.684971802166723,5.988774043575782,-0.7928888754084986,0.7558005498934797,147.61279071167314,57.19405532737239,-1.0064502872245096,0.4111394935327983,21.495487383179498,8.50826401117694,-1.4277259530549107,1.0995561450210487
70500.0,38.144893335086934,14.265735489177416,-1.3839255621982198,0.8437240657254509,24.021707672475216,15.376811103816559,0.2889775267512318,-1.1884430754809956,2250440.7545334427,756915.3249337508,-1.2141413886808285,1.0263280273788404,14.652097675945795,5.6823217545640565,-0.9975258801900242,0.9868590764720282,147.9869308045336,56.90674272395351,-1.1245750974690067,0.5521926179224463,22.128114888798585,8.70012746422838,-1.4797084408267769,1.2178910183934943
71000.0,38.83156647992598,14.686614236756787,-1.3738483524413885,0.7151043356625293,24.750645596218973,15.3830641203797,0.28253435049125347,-1.1828950914589056,2203538.4437610847,755992.5028581807,-1.1255170798582492,0.7574507862777731,14.619223549724868,5.375869465552332,-1.2021628849715496,1.217917603050577,148.36107089739411,56.61943012053463,-1.2426999077135037,0.6932457423120946,22.760742394417676,8.891990917279818,-1.5316909285986429,1.3362258917659398
71500.0,39.51823962476503,15.107492984336156,-1.363771142684557,0.5864846055996078,25.47958351996273,15.38931713694284,0.2760911742312752,-1.1773471074368158,2156636.1329887263,755069.6807826106,-1.03689277103567,0.4885735451767057,14.58634942350394,5.069417176540607,-1.406799889753075,1.448976129629126,148.7352109902546,56.33211751711575,-1.3608247179580006,0.8342988667017428,23.393369900036763,9.083854370331258,-1.583673416370509,1.4545607651383854
72000.0,40.771849891288895,17.577879676826704,-1.2293913986663858,0.07616992732323435,27.396175459380043,18.79599391232874,0.3901914704618672,-1.160840394672971,1994104.9232548298,847850.5307956083,-0.4789765013888483,0.2968839597921704,15.320280229163295,6.773188578888897,-0.8363119883848835,0.3681521705818145,151.77562532444387,59.20955722031368,-1.3555118269987538,0.6238048524506064,24.61013497704281,9.739073280137507,-1.2604158000403858,0.7382649904934273
72500.0,42.02546015781275,20.04826636931725,-1.0950116546482147,-0.4341447509531391,29.312767398797355,22.202670687714644,0.5042917666924592,-1.1443336819091263,1831573.7135209336,940631.380808606,0.0789397682579733,0.1051943744076351,16.05421103482265,8.476959981237188,-0.2658240870166922,-0.7126717884654967,154.81603965863317,62.086996923511606,-1.350198936039507,0.4133108381994699,25.826900054048863,10.394292189943757,-0.9371581837102624,0.0219692158484692
73000.0,42.209732205947674,20.68919128388958,-1.0251325252970336,-0.5664115594457108,30.536080750898076,23.502416925459606,0.4692795598638122,-1.2055168631723407,1782421.3768814679,935455.9498972762,0.13868110769635933,0.08689530902907847,16.44312471695784,8.751130130941009,-0.2985703024358718,-0.7967813074733581,155.00307263996504,65.02426653879968,-1.2330032471572432,0.1557299629535172,25.52441831857733,11.452246072661982,-0.8306763653215395,-0.2784114693590748
73500.0,42.394004254082596,21.330116198461916,-0.9552533959458522,-0.6986783679382824,31.759394102998797,24.802163163204565,0.43426735303516517,-1.2667000444355554,1733269.040242002,930280.5189859465,0.19842244713474533,0.06859624365052182,16.83203839909303,9.025300280644828,-0.3313165178550514,-0.8808908264812194,155.1901056212969,67.96153615408774,-1.1158075582749793,-0.10185091229243548,25.221936583105794,12.510199955380207,-0.7241945469328166,-0.5787921545666188
74000.0,42.57827630221752,21.971041113034246,-0.8853742665946711,-0.830945176430854,32.98270745509952,26.101909400949527,0.3992551462065181,-1.3278832256987698,1684116.703602536,925105.0880746167,0.2581637865731313,0.05029717827196518,17.220952081228216,9.299470430348649,-0.364062733274231,-0.9650003454890808,155.37713860262875,70.89880576937581,-0.9986118693927156,-0.3594317875383881,24.91945484763426,13.568153838098432,-0.6177127285440938,-0.8791728397741628
74500.0,42.76254835035244,22.61196602760658,-0.8154951372434899,-0.9632119849234256,34.20602080720024,27.401655638694486,0.36424293937787106,-1.3890664069619845,1634964.3669630704,919929.657163287,0.3179051260115174,0.03199811289340854,17.609865763363405,9.573640580052468,-0.3968089486934106,-1.049109864496942,155.56417158396061,73.83607538466387,-0.8814161805104518,-0.6170126627843409,24.616973112162725,14.626107720816657,-0.5112309101553709,-1.1795535249817068
75000.0,42.94682039848736,23.25289094217891,-0.7456160078923086,-1.0954787934159973,35.429334159300964,28.701401876439448,0.329230732549224,-1.450249588225199,1585812.0303236046,914754.2262519572,0.3776464654499034,0.0136990475148519,17.998779445498595,9.847810729756288,-0.4295551641125902,-1.1332193835048034,155.75120456529248,76.77334499995195,-0.764220491628188,-0.8745935380302936,24.31449137669119,15.684061603534882,-0.4047490917666481,-1.4799342101892508
75500.0,42.90799277457581,23.370823486188446,-0.7285848716830388,-1.1154970998639497,35.87553406997037,28.8340693237684,0.325491702725774,-1.4482915486673118,1573899.4547590844,913113.2968378449,0.38398809529362127,0.0013198211968324849,18.00850933162801,9.921569008623747,-0.4184699542271646,-1.1408003295534508,155.3828768847908,77.37432806553096,-0.7367127981981603,-0.9023205378940738,24.42000684640497,15.663896652620167,-0.39425292331010786,-1.48433139670905
76000.0,42.869165150664266,23.48875603019798,-0.7115537354737689,-1.1355154063119022,36.32173398063977,28.966736771097352,0.3217526729023239,-1.4463335091094247,1561986.879194564,911472.3674237324,0.39032972513733916,-0.01105940512118693,18.01823921775742,9.995327287491204,-0.407384744341739,-1.1483812756020981,155.0145492042891,77.97531113110998,-0.7092051047681326,-0.9300475377578542,24.525522316118753,15.643731701705452,-0.38375675485356764,-1.4887285832288493
76500.0,42.830337526752714,23.606688574207514,-0.694522599264499,-1.1555337127598544,36.76793389130918,29.099404218426304,0.31801364307887386,-1.4443754695515376,1550074.3036300438,909831.43800962,0.39667135498105704,-0.023438631439206343,18.027969103886832,10.069085566358662,-0.3962995344563134,-1.1559622216507455,154.64622152378743,78.57629419668899,-0.6816974113381049,-0.9577745376216344,24.631037785832532,15.623566750790737,-0.3732605863970274,-1.4931257697486484
77000.0,42.79150990284116,23.72462111821705,-0.6774914630552291,-1.1755520192078068,37.214133801978576,29.23207166575526,0.3142746132554238,-1.4424174299936505,1538161.7280655236,908190.5085955076,0.40301298482477493,-0.03581785775722576,18.037698990016246,10.14284384522612,-0.38521432457088783,-1.1635431676993928,154.27789384328574,79.177277262268,-0.6541897179080772,-0.9855015374854148,24.736553255546312,15.603401799876021,-0.36276441794048725,-1.4975229562684478
77500.0,42.75268227892961,23.842553662226585,-0.6604603268459592,-1.1955703256557593,37.66033371264798,29.364739113084212,0.31053558343197374,-1.4404593904357634,1526249.1525010031,906549.5791813952,0.4093546146684928,-0.04819708407524517,18.04742887614566,10.216602124093578,-0.3741291146854622,-1.1711241137480402,153.90956616278405,79.77826032784702,-0.6266820244780495,-1.0132285373491952,24.842068725260095,15.583236848961306,-0.352268249483947,-1.501920142788247
78000.0,42.71385465501807,23.96048620623612,-0.6434291906366894,-1.2155886321037115,38.10653362331738,29.497406560413165,0.3067965536085237,-1.4385013508778766,1514336.576936483,904908.6497672828,0.4156962445122107,-0.06057631039326458,18.057158762275073,10.290360402961037,-0.3630439048000366,-1.1787050597966873,153.54123848228238,80.37924339342605,-0.599174331048022,-1.0409555372129753,24.947584194973874,15.56307189804659,-0.3417720810274068,-1.5063173293080463
78500.0,42.67502703110652,24.078418750245653,-0.6263980544274195,-1.235606938551664,38.55273353398679,29.630074007742117,0.3030575237850736,-1.4365433113199895,1502424.0013719627,903267.7203531703,0.4220378743559286,-0.072955536711284,18.066888648404483,10.364118681828494,-0.351958694914611,-1.1862860058453346,153.1729108017807,80.98022645900507,-0.5716666376179943,-1.0686825370767556,25.053099664687654,15.542906947131875,-0.3312759125708666,-1.5107145158278454
79000.0,42.636199407194965,24.196351294255187,-0.6093669182181496,-1.2556252449996164,38.99893344465619,29.76274145507107,0.2993184939616236,-1.4345852717621024,1490511.4258074423,901626.790939058,0.4283795041996465,-0.08533476302930341,18.076618534533896,10.437876960695952,-0.34087348502918546,-1.193866951893982,152.804583121279,81.58120952458408,-0.5441589441879666,-1.096409536940536,25.158615134401437,15.52274199621716,-0.32077974411432636,-1.5151117023476448
79500.0,42.59737178328342,24.31428383826472,-0.5923357820088797,-1.2756435514475688,39.445133355325595,29.89540890240002,0.2955794641381735,-1.4326272322042153,1478598.850242922,899985.8615249456,0.4347211340433644,-0.09771398934732282,18.08634842066331,10.51163523956341,-0.32978827514375986,-1.2014478979426293,152.4362554407773,82.1821925901631,-0.5166512507579389,-1.1241365368043161,25.264130604115216,15.502577045302445,-0.3102835756577862,-1.519508888867444
80000.0,42.55854415937187,24.432216382274255,-0.5753046457996098,-1.2956618578955212,39.891333265995,30.028076349728977,0.29184043431472345,-1.4306691926463282,1466686.2746784016,898344.9321108331,0.4410627638870823,-0.11009321566534225,18.09607830679272,10.585393518430868,-0.31870306525833425,-1.2090288439912766,152.0679277602756,82.78317565574211,-0.48914355732791126,-1.1518635366680965,25.369646073828996,15.48241209438773,-0.29978740720124597,-1.5239060753872433
80500.0,42.51971653546032,24.550148926283793,-0.55827350959034,-1.3156801643434735,40.3375331766644,30.16074379705793,0.2881014044912734,-1.428711153088441,1454773.6991138814,896704.0026967207,0.4474043937308002,-0.12247244198336166,18.105808192922133,10.659151797298327,-0.30761785537290864,-1.216609790039924,151.69960007977394,83.38415872132113,-0.4616358638978836,-1.1795905365318768,25.47516154354278,15.462247143473013,-0.28929123874470575,-1.5283032619070425
81000.0,42.480888911548774,24.668081470293327,-0.5412423733810701,-1.335698470791426,40.7837330873338,30.29341124438688,0.2843623746678233,-1.426753113530554,1442861.1235493612,895063.0732826083,0.4537460235745181,-0.13485166830138107,18.115538079051547,10.732910076165783,-0.29653264548748304,-1.2241907360885713,151.33127239927225,83.98514178690014,-0.4341281704678559,-1.207317536395657,25.580677013256558,15.442082192558297,-0.2787950702881655,-1.5327004484268416
81500.0,42.44206128763722,24.78601401430286,-0.5242112371718002,-1.3557167772393783,41.22993299800321,30.426078691715833,0.2806233448443733,-1.424795073972667,1430948.5479848408,893422.143868496,0.460087653418236,-0.14723089461940048,18.12526796518096,10.806668355033242,-0.28544743560205743,-1.2317716821372187,150.96294471877056,84.58612485247916,-0.4066204770378282,-1.2350445362594373,25.68619248297034,15.421917241643582,-0.2682989018316253,-1.537097634946641
82000.0,42.40323366372567,24.903946558312395,-0.5071801009625303,-1.3757350836873306,41.676132908672614,30.558746139044786,0.2768843150209232,-1.4228370344147798,1419035.9724203206,891781.2144543835,0.4664292832619539,-0.1596101209374199,18.134997851310374,10.880426633900699,-0.2743622257166318,-1.239352628185866,150.5946170382689,85.18710791805817,-0.3791127836078006,-1.2627715361232177,25.79170795268412,15.401752290728867,-0.2578027333750851,-1.5414948214664401
82500.0,42.36440603981413,25.02187910232193,-0.4901489647532604,-1.395753390135283,42.12233281934201,30.691413586373738,0.27314528519747316,-1.420878994856893,1407123.3968558004,890140.285040271,0.47277091310567176,-0.17198934725543932,18.144727737439784,10.954184912768158,-0.2632770158312063,-1.2469335742345131,150.2262893577672,85.7880909836372,-0.3516050901777729,-1.2904985359869978,25.8972234223979,15.381587339814152,-0.24730656491854489,-1.5458920079862395
83000.0,42.32557841590258,25.139811646331463,-0.47311782854399054,-1.4157716965832354,42.56853273001142,30.82408103370269,0.26940625537402313,-1.4189209552990059,1395210.82129128,888499.3556261586,0.47911254294938965,-0.18436857357345873,18.154457623569197,11.027943191635616,-0.25219180594578067,-1.2545145202831605,149.8579616772655,86.38907404921622,-0.32409739674774524,-1.3182255358507782,26.002738892111683,15.361422388899436,-0.23681039646200466,-1.5502891945060386
83500.0,42.286750791991025,25.257744190341,-0.45608669233472066,-1.4357900030311879,43.01473264068082,30.956748481031646,0.26566722555057304,-1.4169629157411188,1383298.2457267598,886858.4262120463,0.48545417279310754,-0.19674779989147814,18.16418750969861,11.101701470503073,-0.24110659606035506,-1.2620954663318078,149.4896339967638,86.99005711479523,-0.29658970331771756,-1.3459525357145585,26.108254361825463,15.341257437984721,-0.22631422800546444,-1.554686381025838
84000.0,42.247923168079474,25.375676734350535,-0.4390555561254508,-1.4558083094791403,43.460932551350226,31.089415928360598,0.261928195727123,-1.4150048761832317,1371385.6701622396,885217.4967979338,0.49179580263682543,-0.20912702620949755,18.17391739582802,11.175459749370532,-0.23002138617492948,-1.2696764123804551,149.12130631626212,87.59104018037425,-0.2690820098876899,-1.3736795355783389,26.213769831539242,15.321092487070006,-0.21581805954892425,-1.5590835675456372
84500.0,42.20909554416793,25.49360927836007,-0.4220244199161809,-1.4758266159270925,43.90713246201963,31.22208337568955,0.2581891659036729,-1.4130468366253446,1359473.0945977191,883576.5673838214,0.4981374324805433,-0.221506252527517,18.183647281957434,11.249218028237989,-0.21893617628950388,-1.2772573584291025,148.75297863576046,88.19202324595327,-0.24157431645766225,-1.4014065354421192,26.319285301253025,15.30092753615529,-0.20532189109238402,-1.5634807540654365
85000.0,42.17026792025638,25.611541822369603,-0.404993283706911,-1.495844922375045,44.35333237268903,31.354750823018502,0.2544501360802229,-1.4110887970674575,1347560.519033199,881935.637969709,0.5044790623242612,-0.2338854788455364,18.193377168086847,11.322976307105447,-0.2078509664040783,-1.2848383044777498,148.38465095525876,88.79300631153228,-0.2140666230276346,-1.4291335353058994,26.424800770966804,15.280762585240575,-0.1948257226358438,-1.5678779405852357
85500.0,42.064950278530475,25.697684429197917,-0.39024158516504565,-1.5013300838907295,44.68708168851802,31.529913538056118,0.24524209821045825,-1.4127275483803274,1340117.2593670415,880810.020322801,0.5165069410658857,-0.2409372454252795,18.297570157902996,11.34055626610045,-0.20148974604714984,-1.281118727834066,148.58416835180253,88.93945589146695,-0.20645997716335468,-1.4241952436807244,26.45517120066832,15.293567104456695,-0.19918370700449342,-1.5535971743281392
86000.0,41.95963263680458,25.783827036026235,-0.3754898866231803,-1.506815245406414,45.02083100434701,31.705076253093733,0.23603406034069363,-1.4143662996931976,1332673.9997008843,879684.4026758929,0.52853481980751,-0.24798901200502263,18.40176314771914,11.358136225095453,-0.19512852569022138,-1.2773991511903824,148.78368574834627,89.08590547140162,-0.19885333129907473,-1.4192569520555494,26.485541630369838,15.306371623672815,-0.20354169137314307,-1.5393164080710424
86500.0,41.854314995078674,25.86996964285455,-0.3607381880813149,-1.5123004069220987,45.354580320176,31.88023896813135,0.226826022470929,-1.4160050510060675,1325230.740034727,878558.785028985,0.5405626985491345,-0.2550407785847657,18.505956137535286,11.375716184090455,-0.18876730533329295,-1.2736795745466987,148.98320314489004,89.23235505133627,-0.1912466854347948,-1.4143186604303744,26.51591206007135,15.319176142888935,-0.2078996757417927,-1.525035641813946
87000.0,41.74899735335277,25.956112249682867,-0.34598648953944955,-1.5177855684377832,45.68832963600499,32.05540168316897,0.21761798460116438,-1.4176438023189377,1317787.4803685695,877433.167382077,0.5525905772907589,-0.26209254516450886,18.610149127351434,11.393296143085458,-0.18240608497636449,-1.269959997903015,149.1827205414338,89.37880463127094,-0.18364003957051486,-1.4093803688051993,26.546282489772867,15.331980662105053,-0.21225766011044234,-1.5107548755568494
87500.0,41.64367971162687,26.04225485651118,-0.33123479099758424,-1.5232707299534678,46.022078951833976,32.23056439820658,0.20840994673139973,-1.4192825536318077,1310344.2207024123,876307.5497351689,0.5646184560323834,-0.26914431174425196,18.714342117167583,11.410876102080461,-0.17604486461943603,-1.2662404212593312,149.38223793797758,89.5252542112056,-0.17603339370623494,-1.4044420771800243,26.576652919474384,15.344785181321173,-0.21661564447909196,-1.4964741092997527
88000.0,41.53836206990097,26.128397463339496,-0.3164830924557189,-1.5287558914691524,46.355828267662964,32.4057271132442,0.1992019088616351,-1.4209213049446776,1302900.961036255,875181.9320882609,0.5766463347740077,-0.27619607832399506,18.818535106983727,11.428456061075464,-0.16968364426250757,-1.2625208446156475,149.58175533452132,89.67170379114027,-0.168426747841955,-1.3995037855548493,26.6070233491759,15.357589700537293,-0.2209736288477416,-1.4821933430426562
88500.0,41.433044428175066,26.214540070167814,-0.3017313939138535,-1.534241052984837,46.68957758349195,32.58088982828181,0.18999387099187048,-1.4225600562575478,1295457.7013700975,874056.314441353,0.5886742135156322,-0.28324784490373817,18.922728096799872,11.446036020070466,-0.1633224239055791,-1.2588012679719638,149.7812727310651,89.81815337107493,-0.16082010197767507,-1.3945654939296743,26.637393778877417,15.370394219753413,-0.22533161321639122,-1.4679125767855596
89000.0,41.32772678644917,26.30068267699613,-0.28697969537198814,-1.5397262145005215,47.02332689932094,32.75605254331943,0.18078583312210586,-1.4241988075704177,1288014.4417039403,872930.6967944449,0.6007020922572566,-0.29029961148348127,19.02692108661602,11.46361597906547,-0.15696120354865065,-1.25508169132828,149.98079012760886,89.9646029510096,-0.15321345611339515,-1.3896272023044993,26.667764208578934,15.383198738969533,-0.22968959758504087,-1.453631810528463
89500.0,41.222409144723265,26.386825283824443,-0.2722279968301228,-1.545211376016206,47.35707621514993,32.93121525835704,0.17157779525234124,-1.4258375588832877,1280571.1820377829,871805.0791475369,0.612729970998881,-0.2973513780632244,19.13111407643217,11.481195938060472,-0.1505999831917222,-1.2513621146845963,150.18030752415262,90.11105253094426,-0.1456068102491152,-1.384688910679324,26.69813463828045,15.396003258185651,-0.2340475819536905,-1.4393510442713664
90000.0,41.11709150299736,26.47296789065276,-0.2574762982882574,-1.5506965375318906,47.69082553097893,33.10637797339466,0.1623697573825766,-1.4274763101961578,1273127.9223716254,870679.4615006289,0.6247578497405055,-0.3044031446429675,19.235307066248314,11.498775897055474,-0.14423876283479375,-1.2476425380409129,150.37982492069636,90.25750211087893,-0.13800016438483526,-1.379750619054149,26.728505067981963,15.40880777740177,-0.2384055663223401,-1.4250702780142699
90500.0,41.011773861271465,26.559110497481075,-0.24272459974639207,-1.5561816990475752,48.024574846807916,33.28154068843227,0.153161719512812,-1.4291150615090278,1265684.6627054682,869553.8438537208,0.6367857284821299,-0.31145491122271063,19.33950005606446,11.516355856050478,-0.13787754247786527,-1.2439229613972291,150.57934231724013,90.4039516908136,-0.13039351852055533,-1.374812327428974,26.75887549768348,15.42161229661789,-0.24276355069098976,-1.4107895117571732
91000.0,40.90645621954556,26.645253104309393,-0.2279729012045267,-1.5616668605632598,48.358324162636904,33.45670340346989,0.14395368164304734,-1.430753812821898,1258241.4030393108,868428.2262068129,0.6488136072237544,-0.31850667780245373,19.443693045880607,11.53393581504548,-0.13151632212093683,-1.2402033847535454,150.7788597137839,90.55040127074825,-0.12278687265627541,-1.369874035803799,26.789245927384997,15.43441681583401,-0.24712153505963938,-1.3965087455000766
91500.0,40.80113857781966,26.731395711137708,-0.21322120266266134,-1.5671520220789443,48.69207347846589,33.63186611850751,0.13474564377328274,-1.432392564134768,1250798.1433731534,867302.6085599049,0.6608414859653787,-0.32555844438219683,19.547886035696756,11.551515774040482,-0.12515510176400838,-1.2364838081098617,150.97837711032764,90.69685085068292,-0.11518022679199548,-1.364935744178624,26.819616357086513,15.44722133505013,-0.251479519428289,-1.3822279792429801
92000.0,40.69582093609376,26.817538317966026,-0.198469504120796,-1.572637183594629,49.02582279429488,33.807028833545125,0.1255376059035181,-1.4340313154476378,1243354.8837069962,866176.9909129968,0.6728693647070032,-0.33261021096194,19.6520790255129,11.569095733035486,-0.11879388140707992,-1.232764231466178,151.1778945068714,90.84330043061759,-0.10757358092771555,-1.359997452553449,26.84998678678803,15.46002585426625,-0.25583750379693865,-1.3679472129858834
92500.0,40.590503294367856,26.90368092479434,-0.18371780557893064,-1.5781223451103135,49.35957211012387,33.98219154858274,0.11632956803375347,-1.435670066760508,1235911.6240408388,865051.3732660888,0.6848972434486276,-0.33966197754168304,19.756272015329046,11.586675692030488,-0.11243266105015147,-1.2290446548224943,151.37741190341518,90.98975001055226,-0.09996693506343561,-1.355059160928274,26.880357216489543,15.47283037348237,-0.2601954881655883,-1.3536664467287869
93000.0,40.48518565264195,26.989823531622655,-0.16896610703706527,-1.583607506625998,49.69332142595286,34.157354263620356,0.10712153016398884,-1.437308818073378,1228468.3643746814,863925.7556191809,0.696925122190252,-0.3467137441214262,19.860465005145194,11.60425565102549,-0.10607144069322301,-1.2253250781788105,151.57692929995895,91.13619959048691,-0.09236028919915568,-1.350120869303099,26.91072764619106,15.485634892698489,-0.2645534725342379,-1.3393856804716904
93500.0,40.379868010916056,27.075966138450973,-0.1542144084951999,-1.5890926681416826,50.02707074178185,34.33251697865797,0.09791349229422422,-1.4389475693862481,1221025.1047085242,862800.1379722728,0.7089530009318765,-0.3537655107011693,19.964657994961343,11.621835610020494,-0.09971022033629455,-1.2216055015351268,151.7764466965027,91.28264917042158,-0.08475364333487576,-1.345182577677924,26.941098075892576,15.498439411914608,-0.26891145690288754,-1.3251049142145936
94000.0,40.27455036919015,27.162108745279287,-0.1394627099533345,-1.5945778296573672,50.36082005761084,34.507679693695586,0.0887054544244596,-1.440586320699118,1213581.8450423668,861674.5203253648,0.7209808796735009,-0.3608172772809124,20.068850984777487,11.639415569015496,-0.0933489999793661,-1.217885924891443,151.97596409304646,91.42909875035625,-0.0771469974705958,-1.340244286052749,26.971468505594093,15.511243931130728,-0.2732694412715372,-1.3108241479574971
94500.0,39.89354995988284,27.24613068111947,-0.10564429319957458,-1.5897845752761566,50.69955451093511,34.81317423950696,0.09374417748477666,-1.4427458370496897,1199969.5118129507,862279.5887049123,0.7112683694775769,-0.4210977161817908,20.042922705636467,11.733266486307013,-0.06363078979946468,-1.2176658512886278,151.95051984969575,91.46401589768251,-0.051671528290532426,-1.3256687075125213,26.67254308356078,15.613718804441953,-0.2515674678286001,-1.325559893627871
95000.0,39.51254955057553,27.33015261695966,-0.07182587644581466,-1.584991320894946,51.03828896425938,35.118668785318334,0.09878290054509374,-1.4449053534002614,1186357.1785835347,862884.65708446,0.7015558592816528,-0.48137815508266923,20.016994426495447,11.827117403598532,-0.033912579619563274,-1.2174457776858127,151.92507560634505,91.49893304500878,-0.02619605911046905,-1.3110931289722936,26.37361766152747,15.716193677753179,-0.22986549438566306,-1.3402956392982446
95500.0,39.131549141268216,27.414174552799842,-0.03800745969205474,-1.5801980665137354,51.37702341758365,35.424163331129705,0.1038216236054108,-1.447064869750833,1172744.8453541186,863489.7254640076,0.6918433490857288,-0.5416585939835477,19.991066147354427,11.920968320890049,-0.004194369439661866,-1.2172257040829975,151.89963136299434,91.53385019233505,-0.0007205899304056768,-1.2965175504320658,26.074692239494155,15.818668551064404,-0.20816352094272597,-1.3550313849686184
96000.0,38.75054873196091,27.49819648864003,-0.004189042938294807,-1.5754048121325246,51.71575787090792,35.72965787694108,0.10886034666572789,-1.4492243861014047,1159132.5121247023,864094.7938435551,0.6821308388898047,-0.6019390328844261,19.965137868213407,12.014819238181566,0.025523840740239556,-1.2170056304801824,151.87418711964366,91.56876733966132,0.02475487924965769,-1.2819419718918381,25.775766817460845,15.92114342437563,-0.1864615474997889,-1.369767130638992
96500.0,38.3695483226536,27.582218424480214,0.029629373815465126,-1.570611557751314,52.05449232423219,36.035152422752454,0.11389906972604495,-1.4513839024519763,1145520.1788952863,864699.8622231027,0.6724183286938807,-0.6622194717853045,19.939209589072387,12.108670155473083,0.05524205092014098,-1.2167855568773671,151.84874287629296,91.60368448698759,0.05023034842972106,-1.2673663933516104,25.47684139542753,16.023618297686856,-0.16475957405685185,-1.3845028763093659
97000.0,37.98854791334629,27.6662403603204,0.06344779056922503,-1.5658183033701034,52.393226777556464,36.34064696856383,0.11893779278636202,-1.453543418802548,1131907.8456658702,865304.9306026504,0.6627058184979566,-0.7224999106861829,19.913281309931367,12.202521072764602,0.08496026110004237,-1.216565483274552,151.82329863294225,91.63860163431386,0.07570581760978444,-1.2527908148113827,25.17791597339422,16.12609317099808,-0.14305760061391476,-1.3992386219797395
97500.0,37.607547504038976,27.750262296160585,0.097266207322985,-1.5610250489888928,52.731961230880735,36.6461415143752,0.1239765158466791,-1.4557029351531197,1118295.5124364542,865909.998982198,0.6529933083020326,-0.7827803495870613,19.887353030790347,12.29637199005612,0.1146784712799438,-1.2163454096717368,151.79785438959155,91.67351878164013,0.1011812867898478,-1.238215236271155,24.878990551360907,16.228568044309306,-0.1213556271709777,-1.4139743676501133
98000.0,36.02476269182345,27.405843903807796,0.1863931219088199,-1.4780600193453812,51.340391437908174,37.68505897313585,0.17781239526307127,-1.4806028436892902,1106434.7425994715,872515.1234456477,0.5924692841702177,-0.9209053515063267,18.968434168312825,12.646427278992052,0.2770362016876854,-1.1701636682189502,145.2847809122672,92.44775355997457,0.22451047283020464,-1.174194307529619,23.447652519530365,15.82302495592796,0.030924890350790185,-1.409072197952687
98500.0,34.44197787960791,27.061425511455006,0.27552003649465484,-1.3950949897018698,49.94882164493562,38.723976431896496,0.23164827467946342,-1.5055027522254607,1094573.9727624885,879120.2479090974,0.5319452600384027,-1.059030353425592,18.049515305835307,12.996482567927984,0.439393932095427,-1.123981926766164,138.77170743494287,93.22198833830903,0.3478396588705615,-1.110173378788083,22.016314487699827,15.417481867546611,0.18320540787255807,-1.4041700282552605
99000.0,32.85919306739238,26.717007119102217,0.3646469510804898,-1.3121299600583582,48.55725185196306,39.762893890657146,0.2854841540958556,-1.5304026607616312,1082713.2029255058,885725.372372547,0.4714212359065878,-1.1971553553448575,17.130596443357785,13.346537856863916,0.6017516625031686,-1.0778001853133774,132.2586339576185,93.99622311664348,0.4711688449109183,-1.0461524500465471,20.584976455869285,15.011938779165265,0.335485925394326,-1.3992678585578342
99500.0,26.80019182811957,23.064593953850977,0.6217271556312768,-0.8286771124309453,45.59620124533415,33.58193987736088,0.5096026662877919,-1.1743401466760612,1122528.569093826,801011.4263632989,0.1501306477346638,-1.3078605434476915,14.737318349956256,12.69586101282232,0.8195043137054965,-0.6286429682228447,108.5635710861475,84.19870337141049,0.8957272609510558,-0.2821906491102748,15.10536536757045,11.784195088223642,0.713662059764822,-0.7534184086730193
100000.0,21.89731617279784,19.14544300754195,0.580720564148962,-0.8200704847803748,39.15253820146576,27.17826837792038,0.5496501401790319,-0.8614820274817716,1227735.670363749,799769.1953458204,0.0059702610238568,-1.180293223707226,12.1244900299461,10.83944778110571,0.8272091053128061,-0.5537709163931863,88.02716246787898,68.68936988367182,0.9133810833636048,0.0186601206577559,11.64657358470462,8.428019966524891,0.7504150498252259,-0.2781626043719538
100500.0,19.667588356854164,17.113698360889106,0.4875487437437681,-1.010702191398308,31.31082299248568,23.917784793579752,0.6593246848628985,-0.6088048044744871,1169793.193984468,788705.5253163959,-0.108349168425094,-1.26959589965852,10.821504381579526,9.304681904819684,0.9406409509289324,-0.2714487409044914,79.79365361285168,59.40042806230735,0.8925319878815632,0.0305246187975432,9.952450435412294,7.102458823852219,0.4056944538932863,-0.8102030408538647
101000.0,16.660747235023653,14.580766577640976,0.4562217359260334,-1.1807414857188625,18.36020041188829,17.87542149535436,1.4352885355639615,1.115804588444293,1081559.5934901012,778049.2126010163,-0.0701671921851002,-1.4491583743095844,7.507800908399352,7.182273547849085,1.5193712127808865,1.7313104128235066,61.47265245807088,49.51290730194627,0.894607141189586,0.4344431039971907,9.152515871175222,7.106033646384167,0.482703807031642,-1.005931970862794
101500.0,14.74322563065994,14.248511043117093,0.609515786515614,-1.092767507725961,22.03982832568784,12.786855649133887,-0.1271078003085396,-0.993996794786661,930211.5355788076,763622.736539941,0.1848050140896804,-1.492300795442847,6.234785422569055,4.576023372708131,0.5829548041048581,-0.2262345412078863,50.72223121045044,40.879624010189005,0.6028546263597108,-0.9425701213198948,10.887408027923748,9.71556798820844,0.4808745154885823,-1.3000741083815492
102000.0,16.318895654472325,16.473899374584782,0.5762804865889156,-1.2389133162083406,31.004156025038235,22.791702969944453,0.3179217217406838,-1.2650406614700602,637902.2313217107,613206.2346043836,0.6400600343769708,-0.7265808997642673,7.905476090416678,7.085988472903251,0.7225787376426434,-0.848895820016883,55.72697077968747,54.43367645142259,0.7584673365345337,-0.9631040672894292,12.647456946098414,12.53296832840384,0.5026558828802121,-1.4825044150585325
102500.0,14.760578007555344,17.506973946486685,0.9304903008440284,-0.7200475125240438,29.939653545604514,29.46785909870461,0.6724563281010608,-1.1755022203367569,408544.3290935724,417594.7867198408,0.6688945979820731,-0.9693810573690148,8.634898035396478,9.719929643512735,0.8827850117492173,-0.8839417509895076,53.243658819966015,65.64785401363822,1.0526128825145578,-0.5728904567445743,10.515954523191622,11.99240177881793,1.0294013845194787,-0.5090661296108512
103000.0,10.853162471569876,14.475569405185848,1.4427222276541185,0.8904607512664016,21.968599754658364,26.1251204034933,1.3359829316912892,0.4169462712053624,365549.8930357661,411711.4060242892,0.8664848325742156,-0.6687123490384526,6.69840292422519,9.02383866936251,1.4789276296402722,0.6772407636166169,39.478910359282814,58.47539350492802,1.6424918611451638,1.296629878918635,7.411076747594527,9.136867884726612,1.398242865079177,1.0019104763578524
103500.0,6.757172199304112,8.973200977342762,1.6513687303260316,2.4350350638884235,15.52356820226485,16.892445474955718,1.530872726028119,2.0982757910460546,350535.5936508985,410233.07341920666,0.8767594938631894,-0.7530129521408715,4.44301882176302,5.82391284216777,2.279243679313151,4.515942524860335,25.536043910725585,38.34582650679099,2.1576485962872227,4.323129531203072,5.122244266782057,5.773502578630323,1.059174264355495,-0.0410596086791708
104000.0,4.778464077747981,6.238406009044236,1.1891517743937292,-0.105630800637873,11.132235320637792,11.224921616979152,0.9142189066854212,-0.6878380311346488,248460.8719605776,333152.5943617011,1.354810643350801,0.6549537338064786,3.1749477717331773,3.113339808797557,1.1844992829486314,0.5594504674205796,16.28163821377102,20.96851004606998,1.3482819462738054,0.6826985413731008,4.260637023200137,5.248911148149448,1.089967106536319,-0.4231390345710744
104500.0,4.373032710698982,6.652223886459228,1.4427470545316925,0.453240513315285,11.00548049823294,12.430189971245694,1.2581040732760005,0.1488934277799622,141385.8980177797,200974.87542503345,1.7245789941894225,2.7035278452104192,3.349673402672624,3.693650271240438,1.192864330864422,-0.0453821522583504,15.252670648549838,21.934526776185685,1.5206091872279,0.74066518841469,4.068356026669772,5.463754171174264,1.431270305027636,0.6092009766763216
105000.0,2.742109486393154,4.7691300604659554,2.323387300221294,4.575109618517315,9.434431416358205,11.617056075767504,1.9027422333957156,2.8069994446884188,93418.28169692744,132976.8501526924,1.4615609184617824,0.7267000237504742,2.6401110441105105,3.576256244954749,1.960868907908016,2.8201853707346416,13.519590688181314,20.76877721736385,2.241291324655182,4.007507262310419,2.566805253198331,3.7019408892340975,2.254827613149724,4.737902533980542
105500.0,1.5119556360228106,2.2141748307464337,2.141834149311078,5.084733738903607,4.924703600516846,6.405904339793375,2.9196584894157893,9.294103577341456,73375.92163767257,115250.7145633497,1.8135039066190133,1.9742186555739147,2.014430365389225,2.070545470282466,2.439322463926139,6.997840303743489,7.937415241845038,12.770748609267898,3.2259817778696496,10.471269958405363,1.3892615669579989,1.3834719316019617,2.032903173058449,6.090554200943632
106000.0,1.1165187826544822,1.4660138463177488,1.778596501278493,1.801688473103856,5.1553963561294776,2.9595847986231263,0.1260119429416754,-0.8750486108401896,41387.59031310971,72280.10711419047,2.8064443766194347,9.205645545025796,1.175542746560675,0.8777333423469946,1.3477136044665476,2.3790501228955296,5.35841784587781,4.950320842208831,1.6448583317122725,3.392348144769032,1.640675774907844,1.2150071906067246,1.0193045031996923,0.6240997449407177
106500.0,1.0118635555374489,1.176008648020178,2.1282646880174982,4.196404567280821,4.502006587445107,4.171766382077957,1.550984194317267,2.598426940506537,21785.890437803817,33617.805112971386,1.9112150101597465,2.328895542703421,1.7440668509007389,1.0974012941082465,0.3433347087904145,-0.2471636673768014,6.881529569246511,4.9809157973973965,0.7405351749153952,0.4101738281996039,1.3572856491372116,1.421570121651951,2.018618079295689,3.928963346189329
107000.0,0.6118839481590294,0.6249804601915344,2.6632673035100782,10.028050596329969,5.772572195399517,4.604433577960098,1.4466439569335108,2.5378425261255906,16094.86034521995,23392.536209091388,2.244231237378953,4.414559924898573,1.598404481538913,1.258621155662654,1.296782466558687,1.627357084903326,8.469526852520433,6.921526126090845,1.2443647724524194,1.4842755379022368,1.1110541606395246,0.996213463098818,1.8636788778538944,4.642187649857832
107500.0,0.5906401727761061,0.3674908188889062,0.2003086808912134,-1.070471365942422,4.113593665144454,3.348595959072939,1.580422198221073,3.3398327183683456,13297.212900915029,12092.043197767847,1.6094486740188585,2.557243704898359,2.021156725448904,1.1828732439039114,0.5524775606693222,0.1912118003747092,10.26409116836008,7.0964603115926455,0.7505417562066374,0.4434093139443842,0.6988280585385819,0.4916019848577176,0.8503697600084802,0.6758693597173124
108000.0,0.4021634941092753,0.2559439124541744,0.3295519377735791,-0.724074017513574,3.1035205684364127,2.0607920312045764,0.4035637634225172,-0.8320926248339484,9455.70248902103,8382.967695187415,1.546698694111475,2.204115672533577,1.4934753984846407,1.1856130969322007,1.166702157774134,1.5168876414027093,6.935967351605296,5.426935950763202,0.8512080511929269,-0.0602244435391092,0.6827475646432998,0.4777341537437778,0.7239281043806954,-0.1927106773517395
108500.0,0.3843222986204879,0.2972363135361186,0.503139589008151,-0.9361784932438532,3.732539047236003,3.198632002396346,1.763678906427792,3.9310133810729297,9147.886833728562,5170.937125005097,0.2927046859028638,-0.3517890835618544,1.4622644628907442,1.2380441775137367,1.3659303891601855,2.022906824247995,6.317890903187712,5.4488578584524,0.9929334282268428,-0.0092242104088002,0.8295865620562497,0.6414410652778627,1.224053324236704,1.6097085600548144
109000.0,0.3375231911936939,0.3197095724184144,1.818915932353128,3.8112917162824,4.806733634163907,4.475319556122412,1.3275461039189218,1.049236596844521,11026.23651450511,9406.766999113916,0.909582276718419,-0.2249734171232731,2.1363966954668894,1.646402503537086,1.2402834860929852,1.4669117082184844,10.16456031483198,8.925194596826213,1.687229040216885,3.112642769266848,0.8393095047528532,0.6384573318034413,0.8368078762957142,0.2764931822063481
109500.0,0.5233949623059752,0.5194697259620737,0.9949050006557028,-0.3203194665830904,4.365371471137238,2.772262566823,0.3919626102257437,-0.2905117608966963,11237.085649844612,8136.783949145655,0.7122368057539644,-0.2247912745595073,2.4421510303462357,2.0151671328723144,0.8008500045201703,-0.5138820195719394,11.611044636136144,11.784208458726654,1.1905740334541957,0.2585373919932436,0.8516509260599849,0.5428142201474616,0.0939921481927689,-1.3329693029993768
110000.0,0.5524486138629483,0.5225297142657527,0.7806105778035126,-0.7587822999869873,4.547153016028026,4.294893796748767,1.5096690175469103,1.9215692281050183,14135.69760722796,9590.480234364277,0.5285305743650354,-0.3678372581854123,2.6640213539075,2.272709088436607,0.783284009061159,-0.660136280487305,13.933040636973988,12.214872687997005,0.8570921584723984,-0.6271846732552238,0.963374806421064,0.7719101164068053,0.7611479343374626,-0.4403356518502477
110500.0,0.8097634071759834,0.8113532162033875,1.1670734736148003,0.3259091743731246,6.561501865447034,6.125564721126242,0.7955811187700479,-0.7341202200118966,20973.598220311207,13971.71275090713,0.495707668462293,-0.7385080189698221,3.7728860232212575,3.7182445000127786,1.1639588427314005,0.1910217872546042,19.920167675230584,18.92267538405176,1.2374198106114591,0.5403509300080587,1.1593333620196504,0.8719109684551,0.345554600271466,-1.2645303253808324
111000.0,1.15913306699939,1.1015197047651146,0.5301117659509261,-1.3854347706504149,4.257595997561861,3.1353489429286965,0.7677866213050377,-0.2112561207252996,21483.37718368556,17736.198377103425,0.5973681916265011,-1.0283461267911622,5.065132800057332,4.6649624643101575,0.5262139916497832,-1.3590262436599776,27.888336850597724,24.926881256975125,0.4613986746078194,-1.3902983786471017,0.79143442745447,0.6060411393385944,1.068025331569414,0.7101720856321276
111500.0,0.9366487726284248,0.8020071244471532,0.813267270630992,-0.3942947333383624,7.509878250269262,6.726973258622253,0.7391223443919875,-0.8865854415076595,28194.19244077337,24422.81268502902,0.7013436105366501,-0.8692536143124712,4.253176801623888,3.69922864394075,0.9246738133494948,-0.1236232934700378,21.77738988816176,17.108312103115498,0.8525042435393437,-0.0149429972897032,1.414060866667681,0.9621122444682628,0.1768657530314883,-1.2934072554409817
112000.0,2.011649678225469,1.4928162883494012,0.0009800700634668,-1.692256033104007,7.588357577074934,5.292006024553968,0.6599170604638409,-0.4602958552061849,37620.43381048463,26679.22979578312,0.4501121036488811,-0.9079081451218594,8.958419604040474,6.359376281715393,-0.0586614758607852,-1.666621612346746,47.70222887329709,30.771691814033,-0.1075033540013347,-1.5197121717146092,0.8311383407875208,0.5450644778575849,0.3331133568534712,-0.8806782334514756
112500.0,1.1901998210863396,0.9092861012885848,0.46765342593918,-1.0239196429165995,6.038782707780689,4.213950992154319,0.3158986406069428,-0.9392049346631676,38200.83416633838,28645.105265802387,0.4046083629950802,-1.068230742339941,4.866858196322157,3.4901588521723976,0.2637779783832431,-1.1623686848291372,26.52777573080068,18.604170867881464,0.3457252119454478,-0.9826361593085404,1.581652330373643,0.8948546064818068,-0.0602501637834483,-0.965934189516735
113000.0,1.8827026411552448,0.9665596238769087,-0.250649216257282,-0.7003712373061366,9.485725259957295,6.265256807499109,0.0148435990256857,-1.4577454023727918,68508.1711237698,35698.82779088382,-0.3093967654058466,-1.2002304955345664,8.705360111161347,4.738391983156932,-0.1649684939216225,-0.8728751949945015,43.08163541112864,19.881512354494102,-0.5533794763632639,-0.5257186934543951,1.0973112603525907,0.7811966605405829,0.4907394966457298,-0.7408887685099748
113500.0,2.0163746911601597,1.072017715303701,-0.32543320417139704,-0.8763619993584301,9.38723305369858,6.1870804655126195,0.08781521974745694,-1.4099981917310183,65334.44066255487,35012.11912843501,-0.250420331821978,-1.1827999433352936,8.954629599986575,5.09180363138531,-0.17455515296200477,-1.0344035594350283,44.60310246649796,21.522628944527405,-0.45946130801214,-0.736633470566573,1.0873697297686513,0.7730397525033342,0.43631818431895125,-0.9328931178919262
114000.0,2.1500467411650743,1.1774758067304933,-0.4002171920855121,-1.0523527614107235,9.288740847439866,6.108904123526129,0.16078684046922817,-1.362250981089245,62160.710201339934,34325.41046598621,-0.19144389823810942,-1.1653693911360206,9.203899088811804,5.445215279613687,-0.18414181200238702,-1.195931923875555,46.12456952186728,23.163745534560707,-0.36554313966101615,-0.9475482476787509,1.0774281991847119,0.7648828444660857,0.38189687199217265,-1.1248974672738776
114500.0,2.283718791169989,1.2829338981572855,-0.4750011799996272,-1.228343523463017,9.190248641181151,6.030727781539639,0.2337584611909994,-1.3145037704474714,58986.979740125,33638.701803537406,-0.1324674646542408,-1.1479388389367478,9.453168577637031,5.798626927842065,-0.1937284710427693,-1.3574602883160818,47.6460365772366,24.80486212459401,-0.2716249713098922,-1.1584630247909289,1.0674866686007725,0.756725936428837,0.3274755596653941,-1.316901816655829
115000.0,2.268794290951109,1.3090293909826796,-0.45565798345762915,-1.2975297498120733,9.91007085372151,5.87545894328642,0.1065066014796239,-1.258380650302286,63668.10756675017,31355.262122844542,-0.2831358458115656,-0.8625842552652302,9.325064537867688,5.727744806073749,-0.2508985005028159,-1.3539786360908361,46.65274330234528,26.283970021631287,-0.219001059870589,-1.325583392399155,1.0975453139932632,0.9007933688626177,0.5029792871874439,-1.131385300682736
115500.0,2.25386979073223,1.3351248838080736,-0.4363147869156311,-1.3667159761611298,10.629893066261872,5.720190105033201,-0.0207452582317516,-1.2022575301571006,68349.23539337533,29071.82244215168,-0.4338042269688903,-0.5772296715937126,9.196960498098344,5.656862684305432,-0.3080685299628626,-1.3504969838655907,45.65945002745396,27.763077918668564,-0.1663771484312858,-1.4927037600073811,1.127603959385754,1.0448608012963985,0.6784830147094936,-0.945868784709643
116000.0,2.253389645603534,1.2091820124288126,-0.2427367872743469,-1.5475178891300203,9.436210876001343,5.365206425013061,-0.0456975095923688,-1.368521970146713,56653.14817936653,32847.157460151764,0.7225726830982176,0.3703188110732029,8.823210628258709,5.023937245662641,-0.2343028071295023,-1.5525023778373823,46.59538352972715,25.88626516412041,-0.1370568569456071,-1.4535760600624836,1.0920356660737125,0.8607596867610984,0.7713772812777288,-0.7394312713535083
116500.0,1.9395959128817708,1.3443228724476126,-0.0323560778757994,-1.696003734228519,7.808701974437935,4.53636732093994,0.2088917476906736,-0.8817291473941844,46327.53153021159,24059.525655665147,0.2626664770205899,-0.6285051731591977,7.435617790075662,5.178392685767702,-0.0986882865389876,-1.6420525992445998,42.157748985794846,28.097345460630866,0.0164098208420924,-1.5948681340770618,1.006647533024897,0.4422236340061432,-0.3500536235538877,-1.1801473108592413
117000.0,1.5241766694078285,1.172769724845946,0.4334582642971316,-1.267740034895302,5.037339896422016,3.9798951342268425,0.7873902379410105,-0.5047358236963442,23941.890158995466,27346.857765482244,2.241149776004304,5.128149925719226,5.480557121313424,4.360640309664013,0.6267576814282407,-0.8592925681670875,33.89432869219526,24.625229517031777,0.3531892973656962,-1.2323330645084012,1.223203754757404,0.8815714848156627,0.4915632794865033,-0.9392578758679035
117500.0,1.228625546537912,0.902331810470926,0.333371513644388,-1.0434718705427186,4.077384931660911,2.714487089600599,0.5239085191028112,-0.3025814894598015,51003.98896063167,29463.737268798843,0.166033746625342,-0.6722341753923766,5.358888668785898,4.0283733086110445,0.3958270630234418,-1.1018420277571812,23.569349135415926,16.82746401366914,0.5908514364922665,-0.4139007163735542,1.6230541033843275,1.0470569334362672,0.3376337480896779,-0.9301867668711644
118000.0,1.041940140355239,0.8848558253277767,0.7342473509463742,-0.8375292213487797,5.604979532497394,4.2089029470223815,0.3682698216052553,-1.165572683518128,66620.78057777157,35937.06600787882,-0.2005718750002278,-1.4278153879686326,4.851708160708015,4.399323593490691,0.8052046393550495,-0.7410315381640302,21.5186785566635,17.549904747743874,0.7542972695708356,-0.7987531960475542,1.0613193143877533,0.7528884245807688,0.6128903464993057,-0.2614057054293028
118500.0,0.9450515209194496,0.7712255160843247,0.626003853865397,-0.9924295567684372,6.484770845121988,4.413090777089433,0.4739027589086182,-1.316610262486631,56939.8874072149,35073.20481243482,-0.1378666529372791,-1.378123154926321,3.4514728888050703,3.0577719963747017,0.8299962898129924,-0.8432229559347508,19.31548848197863,18.05960243830417,0.691450871040508,-1.1131633178999014,0.8908122866119307,0.5235667518519177,0.2147565898754667,-1.3050489358831068
119000.0,0.8767394955536589,0.6574597539678046,0.5277675039976187,-1.0834763983789155,5.357744096250808,4.119188041863074,0.7493209815939392,-0.834376997490935,37217.18146845278,30166.19033821394,0.6963785305590127,-0.7201913201501786,2.716915948381867,1.8949170524240604,0.4338268997383335,-0.935929980343674,18.080724304741967,16.295400097912577,0.7170637283663499,-1.0694178398102887,1.2090818800699636,0.8747686184919783,0.5123229620556307,-0.6414455826793133
119500.0,0.9095070362503654,0.710536889388322,0.5465114010515842,-1.066725108510837,2.9069588007834555,2.4897659230112104,1.2711902790335834,1.3589064708197558,30324.18212611505,22293.66434322217,0.6528250990531352,-0.5195771309860064,3.986676708229523,3.26406507343956,0.7110258290729665,-0.5862603051423139,16.807787703613553,14.549279190355357,0.6785993540774962,-0.9084356226587676,1.8170316207596868,1.4374619334676415,0.261224122518717,-1.4707801814712094
120000.0,0.6604651430779165,0.5562896149690921,0.7783362766099305,-0.5228522200951193,3.4532743730287905,2.236709992191497,0.4443216039492585,-0.7415075128698407,37346.89109208702,28453.49115960597,0.4356806843923839,-0.8770743606851372,3.17401700615969,2.530154750054581,0.9142404513249393,0.0356898704459101,13.86904430128352,9.679668888256463,0.6241647813518904,-0.5721061454969174,1.6314997977103176,1.0379504335010816,0.1412113132162396,-1.108003512306954
120500.0,0.3766709196306372,0.3226353524200898,1.1950516006361207,1.13192047007131,3.0255369995691046,2.756512892357009,0.7674976591188075,-0.8628957859541755,32378.196837461302,39617.40771082892,1.5870488906404046,1.303983224097391,2.436558990889317,2.3757344904817903,1.5378652272626234,1.8799049346028929,9.101034889959442,6.54252013410711,0.685394733409491,-0.4009188611195493,1.21039744744132,0.98217786787216,0.832522700377385,-0.3527390825646148
121000.0,0.5976538895915703,0.4668786630414558,0.5823215593180824,-0.9635867383359904,1.881381578544993,1.6378963416285208,1.1953237195653084,0.9662251974179412,27686.238316993768,30241.06737800368,1.48276223147408,1.92052445592362,2.6947781393025454,2.5320241611270458,1.496293321254552,1.7129701094486809,11.815545454221985,8.521441475284663,0.5223304483992631,-0.8440959878103302,2.2987077987981404,1.320767155616354,-0.0895360478088418,-1.367575572702464
121500.0,0.5953411646848069,0.4646723854645844,0.523660273961504,-0.8367748989533399,1.604431895326401,1.5305943176447605,0.8409434137059814,-0.691124837008303,25044.62347796705,35679.54170349052,2.2934538275311165,5.307036095789398,3.45573796501874,2.723727871815165,1.1138733135980083,0.4418508707715656,10.373268988559266,6.447989747103551,0.5062414585734916,-0.4267450740517788,1.3054283704931813,0.8622026074595106,0.5028083320622407,-0.5466365799836765
122000.0,0.5437036447773516,0.4359555150025403,0.775328715516111,-0.5812520344343337,1.5261371204969432,1.2723933753522283,1.1193615253839608,0.2641073558168254,53563.18855618985,68205.93124615484,1.3781684850278175,0.8449708237627287,2.7713848514567627,2.4000705145844323,1.280955432648727,1.0714916436198123,12.010480123591496,9.580140982051253,0.7752843297328834,-0.4362393845542418,1.7504622397248188,0.9993014521020176,0.0631983827200996,-0.9798618481762458
122500.0,0.8891641553392902,0.61256564095325,0.055067912128371,-1.46787051123277,1.0915428834334058,0.7176808645820696,0.446110449354063,-0.5558028613533272,60893.92775691909,66499.58541725599,0.92645597140264,-0.5159234636883467,3.8485244512828256,2.92411968170266,0.6892926888367353,-0.305912466549409,16.202919847613654,10.853042128932394,0.1833100281260352,-1.317855809685018,1.6025584593493127,1.1601050939435067,0.3821618214698654,-1.102867579117965
123000.0,0.6242662013623544,0.5616408380483288,0.7644786967938417,-0.7205305860083082,1.5360389804979158,0.9836921764900548,0.1023153190782409,-1.1115944643070437,72365.84248007431,72876.04566600094,0.871718425975418,-0.4124852071424785,3.3634883995218234,2.781406733402174,0.9951782230011575,0.2676062949108768,11.675458320264722,8.654623563987718,0.6519467414099697,-0.5030424456293705,1.85536009073812,1.302200759783933,0.2570609943850953,-1.1529523664788153
123500.0,0.7085515776481045,0.5028423520350663,0.6156038987067214,-0.5701244862525208,1.4586984188006276,0.953278256501954,0.4364611699114831,-0.8409407480448512,125760.30140515648,110463.429644125,0.6141799858745388,-0.6867900026262372,5.015941516137351,2.6595603257788616,-0.1324900257026008,-0.8659493351907832,18.173499182021125,14.597279193873415,0.6125857015546403,-0.8132314895477193,1.4217852335164929,1.177321022875012,0.862899058422215,-0.4034992702574014
124000.0,1.0490019403593964,0.8039593937120096,0.1921986273659429,-1.554632055350858,1.0778217299179402,0.9002931913266753,0.7126522413307922,-0.6344300908823848,184229.84492984336,125356.76987513564,-0.0428509978266652,-1.2409311180699694,5.0914900197348905,3.2069116503829105,0.0711706791366528,-1.2792488015765635,23.080096955956463,15.561006898904656,0.0700695446427421,-1.333540758912224,1.7487851503351812,1.209837746590122,0.4720443023158425,-0.7152416123474725
124500.0,0.5558489072756302,0.440810081726078,0.8632306083526379,0.0445781112233665,1.294235834942394,0.8057257337558703,0.4594211617718275,-0.3843224538065466,190632.1244643944,146252.06120421525,0.640318253864428,-0.2644591749772531,3.0008736974271337,2.1361128420701205,0.5583724778276414,-0.6010635053504161,16.32163515659584,12.1696175932033,0.7729162454340225,-0.0136121840336729,1.707481832099724,1.201955860151133,0.6714296675628433,-0.3765382081487871
125000.0,0.9299705002042984,0.5497884202266154,0.2039622508480198,-0.7317627387134675,0.9590203471658248,0.751570003422629,0.7824866726586636,-0.3902155671194407,385276.3699163232,143015.5218061125,-0.068974147821967,0.3757000607033545,4.140441373510961,3.304509559231988,0.3319926260620592,-1.4918353031749807,31.602140399684902,17.45920509632149,-0.1295896370893544,-1.0068541310574606,0.960585347348656,0.7835319107823407,1.221305924578672,1.0194524854292766
125500.0,0.791388558054621,0.6980390643132856,0.8289985588812228,-0.6358519628956927,1.056400980885367,0.8645363064186575,0.7927056484144698,-0.2910414881786209,207729.9548294297,145489.363196992,0.6291089505655988,-0.2188036339405012,2.966259972283264,2.431995201290447,1.0015396432049963,0.1561494912633727,23.116052729112447,16.148558308447832,0.3460463653220885,-0.9879703860929396,1.5612616245479425,1.172530778138354,0.6030093139474878,-0.7434375256362378
126000.0,0.5372322830657592,0.3883940197386825,0.8686334014264138,0.5001917027983418,0.6822484299797632,0.5389207989168934,1.2132655815473845,1.1878362853724775,173582.55907225673,131918.30415989188,0.2581491722667157,-1.155159894513712,1.9102618512097,1.2666277582283667,0.2351956573166225,-1.2192324721158456,16.085281825925396,12.747980106808182,1.039396176481763,0.4033795616373483,0.9412394883700044,0.6493225159300738,0.4314649720698319,-0.4150977893029774
126500.0,0.4412103691732185,0.3196128920575723,0.6045203231202285,-0.4205416193351832,1.2496354503738412,0.8447682695875411,0.3023873663616975,-1.1718769354853416,153327.91134881257,111820.64482710154,0.1381409519944663,-1.2576474244453706,2.609773194100821,2.118357020925155,0.7868387057330022,-0.4038305752187927,25.83130087821593,16.561747226169707,0.3732321746024793,-0.9271450536815288,0.9900562681676308,0.9271049279639518,0.8221277667983733,-0.6218497407340262
127000.0,0.5512809627382677,0.5445685882773411,0.9675290915511752,-0.5057638601052648,1.0069839535634215,0.8681331128502093,0.8969705903976414,-0.1461723160293115,108107.9870745865,98149.13554515544,0.6911136629428769,-0.5406897191921196,2.3905708979150315,2.702308069421867,1.2923119952930084,0.2045652186459272,24.18685275322296,20.159606265026454,0.8681152404477784,-0.5191966909697734,0.6288087186794015,0.5820384651286261,1.3095646279106337,1.2157908083850255
127500.0,0.4865174973318504,0.4397903030369829,1.2648881829598924,0.6634061557001143,1.605443888683634,0.7302764300642753,-0.4885004394083735,-0.8125434808930971,62126.071922808354,57024.67683813871,0.6379917706538392,-0.8360240749928582,1.8199642061106405,1.60810341205702,1.6065324575867623,2.548555613249029,19.524992029634728,11.956360120865885,0.6010295701523602,-0.2745960074194875,0.5651923814750422,0.5765128794562226,1.1082560777844397,0.0108363097406791
128000.0,0.2494619172558139,0.2216343985442773,1.8450480691526796,3.570360510791032,1.081702009007334,0.7461886119037812,0.6074748814250178,-0.1938046652313159,53964.21629920481,49653.07088166328,0.8871246674487634,-0.247610719610424,1.0650628278317693,0.8146927560309646,0.9742924238353268,0.485759541357337,13.872858164126264,10.472787373572078,0.5870929680633915,-0.6294826460155849,0.5697455649757259,0.5108514755265694,1.130076257430408,0.3275708100013346
128500.0,0.3686644383954545,0.3277824671832685,1.040062300595291,-0.0536929192809623,1.46177440267445,0.8911973257922614,0.1642400515754025,-1.1005747659234166,48024.09052622554,55359.57400393342,1.5021163858729512,1.1822923788507769,1.83010938460583,1.7702657841882323,1.187956106460908,0.1713928851855999,21.620377143657517,18.378840235530035,0.8247417925875852,-0.4992824590545992,0.4264745250518639,0.2752124254074988,0.5100218478226627,-0.2067963664023091
129000.0,0.414372605068105,0.3836149918722212,0.9483710781510506,-0.4236897774239296,1.816256538564218,0.9945592501474708,-0.2098221413378921,-1.213750062984234,27836.70337736791,33215.981592784265,2.339669830582026,5.488280409914857,1.7104578977186724,1.7281673238512392,1.329028598683122,0.7428678331810863,16.937050057614268,15.860904667898325,1.096101137339413,0.276139393291043,0.55986575200436,0.3862022436036067,0.5457137965430738,-0.6779149945676539
129500.0,0.2236265923233753,0.2214647781906244,1.5031768212547982,1.7446238908599376,1.0304177508296115,0.6688090916833556,0.6338537895095386,-0.0176249556959136,18451.058377929243,16010.811436299708,0.9570653102765024,0.514649346533365,0.7233943788963613,0.7792463905834579,2.261065651808241,6.011013248122476,6.418725460019259,5.902955371564929,1.576182823434547,3.147977950795692,0.3388238086503161,0.2745055225891711,0.9620212426000992,0.2418012884183125
130000.0,0.2422881213428548,0.1984068147695571,1.2950688632233431,0.9781078974544392,1.3025764123272694,0.8202270940168662,0.4334939373500291,-0.78719420328963,23483.522954325235,22215.057403218,1.2823381613262803,0.8746241852308447,1.110505576105714,0.9065947398242488,0.8606155551557699,-0.2941890565579013,14.409036203290276,11.854636113852472,0.7496084033370003,-0.5744731562087031,0.3616422646888862,0.2432448798249069,0.5451512002665304,-0.6016669240459898
130500.0,0.3568875231724703,0.2921758967393167,0.6084422031937927,-1.1774713539542554,1.5505658972481555,0.8368392773677292,-0.1689201166170048,-0.7472896089919061,22937.82317447134,16555.310882166472,1.3406852983723092,1.8645943141782908,1.6364077262000656,1.210900110587643,0.4690254250971324,-1.1631155207207804,18.19699969349814,13.565676717256055,0.6060091630272407,-0.887979991153101,0.4596898690660858,0.3181868934842991,0.3621336312276249,-1.0069521938999415
131000.0,0.2490940461312832,0.2184296913342209,1.109551232072113,0.5123030620498441,0.8440985239040654,0.580286275485272,0.5290524090587218,-0.5618857308947702,12958.952551572344,11091.204436771204,1.768480355112535,4.546584756379258,0.9511966111406316,0.8225197460327937,1.3746992970993144,1.305738638826914,10.325500264800375,7.800379662126941,1.163327819106394,1.312719345389728,0.2921750956424025,0.2136321549114427,0.9011462353986296,0.295723632583468
131500.0,0.2019780022505996,0.1792075519923772,1.7166832158587182,3.6111160748508224,1.320847119365708,0.8575364218909266,0.1107388506369612,-1.3668240970295205,20304.14332322017,16532.909881104137,0.7879299178529174,-0.5595572376076787,0.9264809899217904,0.6154332483016066,0.7105688397107887,-0.0916798620005279,10.917956648479766,7.169958467892337,0.5707186824292896,-0.3600821778842675,0.4041939532312565,0.264177676158857,0.4585843377197693,-0.7275955142362309
132000.0,0.3226270114008709,0.2384070714312708,0.6391316185632137,-0.645344062086989,0.933924229709706,0.6111369744761186,0.5398620276316973,-0.468226739051198,19317.639235812923,14940.710897929648,0.6551329664804526,-0.787998101181905,1.0100230254871436,0.7911515291021183,0.4477049105908951,-1.085040411550477,12.01719223578516,8.79675799686029,0.3403641843659484,-1.213788661569586,0.423762799106572,0.3178719910847259,0.6686831837129622,-0.6678218483821263
132500.0,0.2706269811894995,0.2224359850253008,0.9107835993340964,0.4191526619026682,0.7853561203324326,0.5576568278816882,0.5585326778457192,-0.5435782984738631,17416.626069727845,12695.157143660814,0.6560941949188684,-0.3463788503767766,0.6178953387675185,0.4983353124100557,1.707483033384266,4.872725954357124,6.232686049264831,5.085514776447984,1.0666525883085582,1.106182649934517,0.2584900757961424,0.1850071011270044,0.643075875411706,-0.2448757216444752
133000.0,0.3313126218071843,0.226421712500661,0.6809951559062123,0.1248719730857952,1.054225890431307,0.7440824266200345,0.435038339749947,-0.9922690874690994,32868.32179813087,21840.9833593146,0.2664942834160579,-1.18270733069028,0.962969749427908,0.6938011926808025,0.902356496544339,0.417053371769867,9.559323754706904,7.3540952775357935,0.7144386384906568,-0.510502526023707,0.4448079023848148,0.4068897943887715,0.8136077686728542,-0.7580429159334581
133500.0,0.4778578716486402,0.3356421762286636,0.3570033393136442,-1.2117136672125557,0.7031236576721394,0.4934449112679126,0.5520388208899422,-0.5574760180820104,35610.13279060852,22811.538849091296,0.05402715164362,-1.440319250668474,1.0380557752544015,0.711594353765571,0.6409511379147556,-0.0903252746846687,10.726673884167411,7.253523554229672,0.3634463003203669,-0.7916328188140893,0.6061491949531831,0.4567257959042595,0.333797908590045,-1.354345656029451
134000.0,0.3823024703221084,0.2811609515185707,0.7677078710250326,-0.1678614007848597,0.7945664770405345,0.4943412869717802,0.4141466960947244,-0.5946921461247028,28213.669550899467,19457.34194624507,0.5886558940353424,-0.5878769156024388,0.8297339896271823,0.6070180824688687,1.083677896955508,1.5761629604214829,7.01754180510066,5.81682826553106,1.4352385455874477,3.314006003662164,0.400939005694591,0.2630389572196427,0.213021721661878,-1.2093433993805265
134500.0,0.571556577302754,0.3583180463792768,0.1783006273666125,-1.0327167248435685,1.1863943003019437,0.5823324613647123,-0.2477817973712832,-0.6373372633385217,51868.15033446481,30566.81195306292,-0.2392603541542154,-1.3792571974411534,1.407209918098294,0.8138770291928643,-0.0439007327378019,-1.2489392194937976,13.478982918241169,7.614705001197663,-0.1208013115874539,-1.0016966808007863,0.7005861906460757,0.4453998702875565,0.397980587877429,-0.574926251939917
135000.0,0.5198855011772021,0.3512931669890634,0.4771531280676276,-0.7135629067026494,1.0447349225508928,0.698455220415228,0.8265186778833643,1.1195528045594465,42165.33492619816,28719.11648417236,0.2569047525615671,-1.2228117402651242,1.0136430593245875,0.6892255838528845,0.4251545833974347,-0.7473047460881528,10.07871463432041,6.066272901244466,0.1460486032819687,-1.0285867848715815,0.9764998542544387,0.5286735203557789,0.0795883036536711,-0.82283975843949
135500.0,0.4603083067133423,0.3511775437117728,0.4456472638155463,-1.0803986742843836,1.2657325746786272,0.7955459867404719,0.0844415353008636,-0.862202319589934,36557.255327851024,24447.80004658667,0.3099598633646206,-1.0862722830315237,1.2194314360321066,0.8306205684015067,0.1826266405439013,-1.3114396825022878,9.638377372844774,7.258575944074581,0.3074070859813252,-1.241514062576844,0.6079269950362757,0.4314345515369638,0.6018193884599681,0.0001737485650648
136000.0,0.5263045270508547,0.3254263031774267,0.2545810113380375,-0.7614610991244342,0.8082879876594976,0.5921292749710427,0.6426822758557164,-0.4183248548453711,38373.40086416909,25796.05399646793,0.8205882060114597,0.9220462453424916,1.087615106528174,0.6244734854929416,0.0246459162563842,-0.9531334891728336,7.34785248416891,4.689641644686996,0.3514926591870274,-0.7209579136127315,0.6708992532931837,0.4697570265237999,0.8542842196915705,0.1074942283665345
136500.0,0.3840903381744455,0.2688639252885632,0.728885749062636,-0.2297369392632027,1.295683629482283,0.7595262564765297,0.3675934426335525,-0.492072711726784,44020.82801133918,37631.17251606301,1.2415970550110207,0.6814315499723889,0.9951656476392882,0.6739749016317004,0.4769785168482339,-0.7346070246783252,8.80644251867931,6.786716786961652,0.7138338081622481,-0.2318987728708865,0.8404585493691,0.7383381696495017,0.828786470995043,-0.7364161045159046
137000.0,0.4322653416692391,0.3059106765864423,0.4025279348379832,-1.0526523354957973,0.9705364186124168,0.7560702033735537,0.6589568660926175,-0.4526303686556856,33203.95424995231,31383.28830802249,1.354779980307017,1.1635604400965551,0.8967356113420015,0.6258091789233193,0.4838323749762207,-0.6751983419576013,7.646617358606148,6.986780898213711,1.1999092307144397,0.6161680263483076,0.6220159088299714,0.5334992227458857,0.9495598041553628,0.0218790677992006
137500.0,0.242430000927982,0.1632475926530537,0.5312386016471787,-0.4192385007968493,0.9033629892306853,0.7426749346104332,0.7468540469726047,-0.3247444490180795,24487.021499182345,16290.95355694987,0.829898073834129,0.3725453745008984,0.6015319193372619,0.4430961550196143,0.8566791943017236,0.2697814945496435,7.6125426620154,5.204844705689123,0.9912854577167,0.6497213998395841,0.4879937151472653,0.3612153765662166,1.2622337518062097,1.876453467293154
138000.0,0.3993242690940391,0.2471219203815656,0.2147766054958431,-0.8932446677778945,1.0676318600572052,0.8201271649358384,0.7348431257012852,-0.5704420953885703,39183.7764041654,37320.89491866027,1.879011502769824,3.421614608179267,0.9282414751377546,0.585877511886487,0.6964391394205972,0.6822151298176911,8.810456078672518,6.64576209989811,1.2488682190885954,2.0756141299092485,0.8492156584851077,0.8521510213039408,0.9803885966236152,-0.5039011681983476
138500.0,0.392525593546104,0.3603590361011033,1.3978079238920669,1.4549908720612956,1.1341738450253842,1.0303242894883455,0.9383744673141776,-0.2316715850674708,57374.29785540561,57329.83678306356,1.352941117017744,0.705177277335292,1.0945623444055654,1.0237031681107716,1.427992301506428,1.4994113109322873,12.454180527440531,11.099460389956702,1.121760910820048,0.4745062928250467,1.020245803170876,0.821330031256772,0.4981959140356044,-1.1113053437973153
139000.0,0.502812878406729,0.3759939422965014,0.6312565975528307,-0.5691589591667316,1.7350998851498889,1.1327396557353224,-0.0269936917327817,-1.4891742380823252,54927.55017447499,40235.157859489074,0.7822180023464597,-0.0571418608066736,1.3158010328113317,1.0966844214617228,0.7730810390352167,-0.5868728596334312,15.90145019082742,11.873819891786312,0.666660084381513,-0.5228684515276858,0.5336095946079942,0.4108344180036888,0.8699083548018839,-0.0085931147716245
139500.0,0.4150903939080537,0.3522864611772702,0.797121583554219,-0.6163537495832538,0.8929367749862474,0.6049755851224652,0.5994008373461748,-0.4294537633254038,32296.63607277664,31197.68317700608,1.7480979862604376,4.715452858665328,1.385994672431351,0.930915914016894,0.2994460027963403,-1.132427275572726,16.810400070347203,11.068527518847262,0.6472669604928087,0.6177570944907682,1.0392163080241217,0.8659966300695184,0.854147702361658,-0.4513117564396762
140000.0,0.4088435781827528,0.4357227206166503,1.8782752423862863,3.128527536840317,1.538766519796802,1.0152455495637325,0.4578919769891562,-0.3094599467156702,64123.829221324646,71133.85251513199,1.5423595763956042,1.3342469446669716,1.5329603244026289,1.2396652781486417,1.507295748067936,2.476540975502063,17.669215184777357,12.771459893680111,1.1918992566111228,1.7155527044171857,1.3303951553035624,0.9440676187309228,0.4635686354432962,-0.92622710406728
140500.0,0.7202956336404651,0.7619580113138742,1.1213381311332449,-0.384745895673563,2.2847245689626887,1.388985372425805,0.443941619752602,-0.3793119909078686,95685.76906222524,85971.32088216933,0.8864152266045517,-0.4178354010339116,2.599499319308228,2.044323490849817,0.9562674944246148,-0.2137002497280127,28.882044210226347,18.14198566146755,0.4514769468824193,-0.621188214007621,0.8808254621049728,0.571083079127051,0.4969765204599681,-0.7677751908160637
141000.0,0.8060220054529806,0.7488156338351106,0.6976558857969146,-1.0664427167413952,2.1029097130938217,1.5042648929920033,0.4935782908480161,-0.8446068873824855,76894.59372753151,50022.87226353927,0.6503326454439663,0.0572810692457634,2.6857897428142468,2.181604758012407,0.5413746002503124,-1.1815922839899573,27.74705104070016,20.483090393868725,0.4206918869119202,-1.2194312661307585,1.4870355451364814,1.064731414406023,0.5357267730104853,-0.7221375517209374
141500.0,0.6105423510690002,0.5312797248250272,0.8522422999822874,-0.0590437435996529,2.0920941701869227,1.6281228753449466,0.7568325458109935,-0.38558397071656,75574.99455258517,59913.16364255065,0.8763016011295022,0.1146194654608252,2.2634743001999182,1.55938012472361,0.4416144485469643,-0.952323407163683,24.18221185605741,17.266499786873077,0.2280063885222288,-1.2571306757815546,1.6607167404724454,1.1384274416678932,0.2903314471953387,-1.0074226750804536
142000.0,1.06832381601826,1.1236039175561958,0.8504246009212186,-0.898991453441516,2.5628403636422448,1.9181145321064688,0.8965499763393558,0.01022757152904,137211.63365923928,93963.32433871724,0.6684989681997009,-0.6071731919230676,3.1032920622834066,3.050793449303586,0.9002999696158079,-0.6663927306294579,27.89143242346716,26.06128344344539,0.949719362894586,-0.4771336393232324,1.6467883821808682,1.0499192733924796,0.2734370803128015,-0.9782196803025176
142500.0,1.3811863141244456,1.0863003155421844,0.2499180535734893,-1.467925594742392,2.8239869690462687,2.137992025268263,0.8775281271378332,0.3462637606890122,115298.89461102228,83616.59209723954,0.7235312951933403,-0.4943992597359687,4.282972302971407,3.3627209571658407,0.1951426262458988,-1.5817561834223617,41.38474658874488,33.0411520502574,0.1089162361106352,-1.6834254627962544,2.29786578625985,1.7458479879006172,0.3295643650896487,-1.3745114892689387
143000.0,0.7979894130411909,0.4979650053374228,0.1449206932830997,-1.1424052026730824,2.733033408445286,1.935811230750293,1.1563488329522429,1.2309856482912558,46367.30657207159,36542.31212842716,1.2578836639086028,1.8374398139906871,2.075692325650662,1.3313220236281749,0.511714460690756,-0.3299675990204487,19.61558111486316,14.250577053164315,0.871321247338558,0.0216879407893708,1.7601389286438436,1.2331561992470494,0.596577450313177,-0.3413862954514637
143500.0,1.930667082003921,1.0177350336706918,-0.1956664908182946,-0.9979086240471516,3.3823164649253536,2.889295499592863,0.7814907022548135,-0.562867083641446,97619.888238138,88455.06224003034,0.9107562347898488,-0.2924666802714668,4.823052109605036,2.810520725358091,0.0428409818239279,-1.1623704949981652,42.72507371877365,26.02601532344645,0.1323611339279482,-1.1841778719264295,3.73214777552302,1.6696880417758413,-0.5985776094980008,-0.632326229355566
144000.0,1.4234819843108957,1.008802449023057,0.4348076153805603,-0.9144149923183362,2.774454158175608,2.425116479459984,1.311989809550975,0.9468567168283184,93068.37884055644,89031.22056808531,1.201728054991266,0.2325995169401356,3.870233901020758,2.935879498781353,0.5022940277699846,-1.0929811144254211,36.68012822943376,27.81440178048348,0.4034602117059281,-1.3233065067784202,2.2225779320371504,1.5798485073829442,0.3120699772682017,-1.1036857792816257
144500.0,0.9075811109206968,0.6283276979497403,0.3294422706154401,-0.9453028800873642,2.778880523838604,1.9524710316609053,1.0877027939185042,1.0118032586949628,41227.27994631889,30071.42808916643,1.160754144540368,1.769911706670397,2.3734240168257488,1.6440851115568784,0.4739146831449026,-0.7548589299404416,22.27419041966894,15.616928055348202,0.5536411920353027,-0.5530140849289551,2.5084538696054595,1.5090480026028117,0.0326621286105933,-0.9408990216613828
145000.0,1.1993818118081878,1.0288211236219973,0.3269965444241978,-1.51153674601515,2.7323290584594377,2.1042259006628896,0.7892965639169348,-0.4331905424790503,79918.56036120956,77728.2429444867,1.4096263932292337,1.0679412678959146,3.0098518453184284,2.4845187380593443,0.3660674691599698,-1.4736008261239748,27.02567696496523,21.774853379628237,0.4312691502381556,-1.3731612177227288,2.522426785109559,1.7302666236424673,0.30542100264997,-1.0969744250402629
145500.0,0.8759217369750582,0.9484965722146672,1.0861226049759274,-0.3694041378901844,1.8081031150221616,1.482637615856816,0.8254288535045528,0.0297805343393018,96479.30058610966,114897.42729372696,1.1974496444719636,-0.1436759353900667,2.344109552598714,2.262175328293707,0.8680835445993534,-0.7008415648662241,20.211986845268687,18.52641423783872,0.7619940520760412,-0.8673355531099425,1.169168587464946,0.8170533044274968,0.6866662989807325,-0.2827700282575458
146000.0,0.5302814719634623,0.4626043784173304,0.8801007010615459,-0.1214609550222012,1.3732514555441382,1.4635797586339774,1.1971874972527667,0.2834529263415382,76877.28677978904,65718.4160500138,1.2793629859402724,0.9983153444530376,1.5494181484139624,1.2696368252103811,0.576768850445128,-0.9296657459373332,16.15989916873034,13.069161599001491,0.5522868806058516,-1.0120419695383869,1.8064652724569283,1.3534915587884904,0.5619310692740817,-0.9813391236336756
146500.0,0.6377422145419104,0.5518494178602211,0.7529465966099299,-0.7032148543134866,1.1520980235554472,1.046430755675651,0.6926415828152077,-0.8320353264080911,66791.83002804792,57863.77681019872,1.68822803918504,3.4802032008327526,1.7358098505682726,1.41980007558346,0.6868640885080951,-0.7912843612526537,15.938774513992072,12.095881871643131,0.6744019556084401,-0.6855735075127423,2.069230036195257,1.2987961677305424,0.44103715698998,-0.7526484144395549
147000.0,0.6533749733676986,0.7102224483076999,1.1782789191787515,-0.1247230465878947,1.3034134031575484,1.0336505204737887,0.7132190684520721,-0.5479370247358473,138256.20380575236,132482.91161795994,1.2015070663356615,0.3300575945629824,1.8707996438469008,1.662631024589429,1.0190817019275265,-0.3076764589652287,16.55414055806999,12.106819892920267,0.5689729311092258,-0.732064735683637,1.2995402292993938,0.9006840856886248,0.5692709358933888,-0.2388210173753671
147500.0,0.3431455150496583,0.3921782327463097,1.918652802015276,3.174647325105881,1.6880047824880229,1.1153737436420297,0.6492858684211112,-0.0962024525861622,168400.05804977924,122353.58830108448,0.5418019541451122,-0.5553507593144138,0.8825359337695553,0.8934143340435532,1.606891637854572,2.2493532420742337,7.411605221270617,6.516344984769411,1.098893870722268,0.8778399803789672,2.042953585546028,1.174347031012909,0.1699570609338097,-0.7597305163020645
148000.0,0.3511530738730868,0.277719630976412,1.319715505664481,1.8293241735914425,1.3457910105038111,1.020779849114981,1.2337642068707997,1.850304003224391,92716.01994836588,63206.07878416816,0.2546719916552374,-1.1566039445953509,1.2347354966588546,0.9640123516424935,1.5891404945554577,2.520557936781044,12.854739186894427,10.124089929232063,1.0855450595276956,0.7631987629749357,1.830898833735334,1.4887731884579802,0.642900730187898,-0.8929771989541901
148500.0,0.5811034058312734,0.5750795318186838,1.1902894757326643,-0.0100637221329265,1.958738293684632,1.3360609191148096,0.5420071732899263,-0.4040953518030781,190555.15080622875,108714.58002510834,0.7951633983174433,0.7978145522317153,1.8160918376822996,1.926367884861909,1.2650790693081602,0.1686937522488563,16.51747506620331,16.813949193192347,1.2088010719971474,0.0646529369262904,1.1787216165906214,0.9487511517518512,0.8107029400938934,-0.356611038536466
149000.0,0.6235849965914142,0.4095084431354894,0.7875136856394591,0.1130435636618081,2.650856875516537,1.7306832322063133,0.4732950428334971,-0.5959190335367253,208825.48687461077,166043.7735255517,0.9456501731444898,-0.1277128062316643,1.8796065748324595,1.3808051611961487,0.876353865094034,0.1167267006600099,18.46948816980813,11.647544605565518,0.3320689932299892,-0.7152347737938678,2.153750894983072,1.6470408858963352,0.4171237350460803,-1.107556759184576
149500.0,0.4134466380891916,0.3237536253002452,1.0587925433358236,1.3118278206910243,3.0378272053223743,2.0250422721448125,0.2247882877307165,-1.1678160539543652,168601.48442968432,131474.95735184452,0.9038939830649024,0.0841702769947154,1.4270694257488126,1.299625100025734,1.666494815489691,3.570785875338565,15.282580665014722,12.867212778714409,1.2608958378810635,1.862858328868268,2.868741317581951,1.875013016883721,0.1797259516894015,-1.157977173394409
150000.0,0.7688500736578291,0.5197421945145073,0.2946084930086441,-1.1186776417284203,3.654054217169203,2.0180659983200195,-0.0058712692096463,-0.9832534450390216,156965.9382389761,133483.8909320575,1.1812478944752849,1.4763827796224058,2.7574181384795677,2.1121897375550183,0.7231316191650061,-0.5943245844183882,28.4845543525182,20.786119183028987,0.715837683849687,-0.7561609964610003,2.60738663603171,1.5718828133491587,0.2273871966372365,-0.8132111845267311
150500.0,0.7608448867901624,0.4838089162738741,0.2124272646658728,-1.1662643750345532,2.9694721688748884,2.169425451479876,0.6193236044316973,-0.4116804924852904,201224.72890540343,158938.92906070416,0.6205787023530539,-0.6994752471481265,2.9127410846390336,2.0113734858816787,0.5300837749519888,-0.894174111965996,29.34833513541595,19.67644041352996,0.3115832996542469,-1.122378585913943,2.349705067572064,1.6423980351650316,0.3661012053090968,-0.981863302835854
151000.0,0.2974788075147444,0.2545471196911782,0.9802990703609228,0.1674334516905298,3.951363986481906,3.525565154667209,0.6051702897319503,-1.082703861377471,187728.8623362665,160512.95083132776,0.858796112240049,-0.3365540598251177,1.3877102940512156,1.1576573693879828,0.8770316608625601,-0.3525882308379446,14.020445904880065,11.205376365172928,0.8373157283719819,-0.2706444304047575,3.003681968862693,2.1824075535477045,0.3397497241894313,-1.1231988164889724
151500.0,0.5836592321556767,0.4362298414046184,0.32393672033821,-1.188116925247812,4.735026485065768,3.2527965435842265,0.1006208095980177,-1.289547534578482,141759.49141809894,104384.52465116075,0.840856100534084,0.0427422617439976,1.801541950799586,1.5354534104513158,0.8500795641025928,-0.2154940734224011,23.1963352711655,17.579981585961686,0.5372525312403881,-0.8216121272413424,2.2408869035770493,1.8396094037480375,0.4650690429229656,-0.9631661649918608
152000.0,0.7069268456217492,0.438258415264696,0.1177912255966593,-1.2999139258593593,3.5937784419150254,2.7403146942539456,0.8019040392471419,0.0235906713777858,156713.40155503247,112473.29080781346,0.6755249848571245,-0.3800571928595824,2.8359137868551323,2.2854841589735604,0.4384877050454778,-1.3130399061243585,30.960299707964136,22.45661694289905,0.3144565341503951,-1.3526173161017918,1.3230854215374763,1.1287004108346628,0.7635567049682663,-0.359879094306835
152500.0,0.4470885621161143,0.3180882792652364,0.6833443717238221,-0.401566764418372,6.719774714874732,3.4780461760492365,-0.0568323664668251,-0.5422539194128286,234159.6510437652,136307.66302106093,0.143250167903714,-0.9397327127567254,2.196993607021876,1.4913216871093309,0.7226926967411728,-0.1788933128651111,20.16689075437022,15.117750850435044,0.6134053917422823,-0.6176909837821061,2.89650088127003,1.8450206461657697,0.1417824179035715,-1.0437015702025512
153000.0,0.5100067047665136,0.29824893893721743,0.22964708599798783,-0.28524372677818033,8.059674098873758,3.081630802419234,-0.04448601602191557,-0.24182571595220786,270819.5540128495,118658.00788282734,-0.07893018723278603,-0.6906342973957628,1.6541413328255703,1.1664653128419606,1.075879641790419,0.8534824588059615,17.88426914879775,12.43774591619728,0.6286549901782773,-0.506179591293728,3.3007239161437103,1.774724990144719,-0.024862840407693404,-1.0773167699591988
153500.0,0.5729248474169129,0.2784095986091984,-0.22405019972784646,-0.16892068913798866,9.399573482872784,2.6852154287892307,-0.03213966557700604,0.058602487508412904,307479.4569819338,101008.35274459375,-0.301110542369286,-0.44153588203480004,1.1112890586292645,0.8416089385745905,1.4290665868396655,1.8858582304770342,15.60164754322528,9.757740981959515,0.6439045886142722,-0.39466819880534987,3.7049469510173902,1.7044293341236683,-0.1915080987189583,-1.1109319697158462
154000.0,0.6358429900673122,0.2585702582811794,-0.6777474854536808,-0.052597651497797,10.73947286687181,2.288800055159228,-0.0197933151320965,0.3590306909690337,344139.3599510181,83358.69760636018,-0.5232908975057861,-0.1924374666738373,0.5684367844329586,0.5167525643072203,1.782253531888912,2.9182340021481066,13.31902593765281,7.07773604772175,0.6591541870502673,-0.2831568063169718,4.109169985891071,1.6341336781026177,-0.3581533570302232,-1.1445471694724938
154500.0,0.6379469808241105,0.2756013916143719,-0.549163194179495,-0.24638134172545118,9.896134033455281,2.628785272088926,-0.036863163697469975,0.11914949597294561,314726.7210096014,91878.56039215263,-0.3683047579005371,-0.2933121011412617,0.8438023125041199,0.6658391527223945,1.430200508657952,1.9759992623841809,15.899911583710937,8.420193070394424,0.5091654589426329,-0.40312281073790557,3.8003879117529062,1.654734004754379,-0.186308701588216,-1.087391710156368
155000.0,0.6400509715809088,0.29263252494756437,-0.4205789029053091,-0.44016503195310536,9.052795200038753,2.968770489018624,-0.05393301226284345,-0.12073169902314246,285314.0820681846,100398.42317794508,-0.2133186182952882,-0.3941867356086861,1.119167840575281,0.8149257411375685,1.0781474854269917,1.033764522620255,18.480797229769063,9.762650093067098,0.3591767308349984,-0.5230888151588393,3.491605837614742,1.6753343314061404,-0.014464046146208775,-1.0302362508402423
155500.0,0.6421549623377072,0.3096636582807568,-0.2919946116311232,-0.6339487221807596,8.209456366622225,3.3087557059483217,-0.07100286082821693,-0.3606128940192305,255901.44312676787,108918.28596373752,-0.05833247869003927,-0.4950613700761105,1.3945333686464423,0.9640123295527427,0.7260944621960315,0.09152978285632907,21.061682875827188,11.105107115739772,0.20918800272736393,-0.6430548195797731,3.1828237634765775,1.6959346580579018,0.15738060929579845,-0.9730807915241164
156000.0,0.6442589530945055,0.3266947916139493,-0.1634103203569373,-0.8277324124084138,7.366117533205697,3.64874092287802,-0.0880727093935904,-0.6004940890153185,226488.80418535112,117438.14874952998,0.0966536609152096,-0.5959360045435349,1.6698988967176036,1.113098917967917,0.3740414389650716,-0.8507049569075966,23.642568521885316,12.447564138412446,0.0591992746197295,-0.7630208240007068,2.874041689338413,1.7165349847096631,0.3292252647378056,-0.9159253322079906
156500.0,0.4887316645978698,0.29552569496006,0.0113512523122478,-1.253008311413799,3.976828102037888,3.0035831412503105,0.4205295138904451,-0.8687253407081124,126725.91531656682,93245.7423040667,0.4002787571186126,-0.9527977991881786,2.486488127611444,1.6271706719776964,0.220502733829466,-1.3314587484497755,25.26549324897851,16.403386652539037,0.2139064548488454,-1.3004879343558975,1.2717123512451425,1.0121785328868598,0.5347024262611482,-0.9340772305466158
157000.0,0.3592149822516188,0.2300908277007943,0.5960692440337901,0.011697964802825,4.410688374518091,2.9227547085560293,-0.0063229285851956,-1.2664413175312963,168128.48281625938,108154.27588958222,0.0011774511654625,-1.271973192738828,1.5059101257613292,1.4170896867620673,1.1490516010596716,0.195595559704746,15.172605735068611,11.44316965333622,1.0921381870654487,0.5927555894752681,1.9572185399743869,1.3629931160896305,0.1627574030173138,-1.2422594382797778
157500.0,0.3307159928196363,0.2519781926078112,0.7826051748187733,0.2871060498297808,3.2980838124772363,2.9249857787854547,0.7235509045660805,-0.6721661380789166,117201.10511513408,103315.57357125945,0.8875691945094403,-0.3985041757044647,1.263067296056476,0.9162354630509036,0.7990603094679368,0.1192362602284915,13.58281925686743,10.397346064323292,1.2790123528710269,2.556938328589087,1.7141304980578722,1.4190706540179088,0.7309189558633631,-0.5029121369654241
158000.0,0.2741343186109935,0.2255592096325119,2.348117502601192,9.270640808950755,2.141495643559418,1.8365359229184408,0.842488866527488,-0.2175734201077435,75651.10805276436,55029.03939195183,0.6428607144784826,-0.4830508463042187,1.632054052893033,0.9570122189031182,0.707212577240396,0.6605257884457276,15.413049178593576,12.869193442677814,0.7941516861012184,0.054707487500087,1.3027025595403197,1.0388428685346365,0.717443200435148,-0.2486974346883466
158500.0,0.4051804161822052,0.3191075639505216,1.8355917386382024,4.9441670830337054,1.621945532124752,1.4758497998634137,0.9126348967509288,-0.3801485884539817,86245.03581777902,71088.09086518662,0.4914748660206317,-1.1533096896578576,1.457933790133394,1.1667813448588515,1.244873623592201,1.5744951805758216,10.357874574955282,11.06884045487461,1.9763578252603813,4.916404344062787,1.4156854524093936,0.819659376403231,-0.0262408963984187,-1.1322091498698623
159000.0,0.2941936415800414,0.246160322345271,2.1932344481286696,7.199663483159375,2.0333054496300487,1.848102085170734,0.9672425456142631,-0.1693765117447454,82522.86246265963,79737.22752949042,0.7757764020746449,-0.9485292789362028,1.264114618620765,0.901108087743224,1.1594997271819747,2.141850219538597,9.07317674314998,10.201548778712995,2.091832137458782,5.455306312449167,1.1833484307791848,0.7421168639851119,0.1398913114085358,-0.9935414875504844
159500.0,0.245953557841496,0.1734477100445491,1.896181696317669,6.895830633317349,1.545425887227636,1.238470783608184,1.1842369070570322,1.4073950065367162,57681.701540963775,46548.299107145234,1.4204870248664547,1.6510615342658514,0.642422837907079,0.6240936415372851,2.9023957247880072,11.06209315702724,12.417347304865055,10.033931808780553,1.453163148479949,3.295235283545926,1.213467526029723,0.8591838976390143,0.3425082440360391,-1.0791744583059892
160000.0,0.3016099885919418,0.2097194849890139,1.355099792576994,3.0185625664423865,1.2576747832187194,0.8916778085157332,0.5420570160318978,-0.5420027258148372,43911.82311841936,34992.75895578299,1.1198908722850935,0.9907944144279576,0.959546115957812,0.7318157297403884,1.358134252139384,3.1380355163421765,7.985482418784598,8.362582172138147,2.778922687296682,9.052214250701144,0.8138460803399611,0.6042449166728272,0.8154158508029783,0.1308208475357277
160500.0,0.1740391896678801,0.1919818756514717,3.1284714687358672,12.213354631424757,2.244417951047839,1.3264044556615893,0.1301416170753336,-0.8488316616447142,56245.04168608971,40963.101744136016,0.6935350553275806,-0.6038203885743347,0.8750875816074253,0.784730413082383,1.455366538390955,2.552182129333035,9.52911047281469,6.976705244704241,1.1142282469717368,2.0728663831851533,0.8296533358666175,0.6759416121387787,0.813416229516615,-0.301894573165459
161000.0,0.2638760439835541,0.1962419299166584,1.2400461253759638,2.736399866911965,2.19751534224166,1.1817735464179575,-0.0265102674104212,-0.892503594604817,38785.53524874352,27754.83053761449,0.8308774156033006,0.2475350065725812,1.078145665661662,0.7167126606737235,1.107167588322449,2.1441737043954454,8.385167311949624,5.64366260714779,0.4564722140268306,-0.3076547897481796,0.6333528216865357,0.4356428892752906,0.7699917324914594,0.008956412755448
161500.0,0.2277761114508767,0.1664941243728651,0.8835922617636246,0.589429357077504,1.6131721451330008,1.1824249085462997,0.6087837254333839,-0.4624153189255859,39429.19256506142,29335.91279106786,0.8188182569931576,0.0671060383261306,1.1342705353584142,0.8458489294098059,1.2195196180425505,1.1710368900590329,7.716035888606001,4.358962767342256,0.2349287473442245,-0.177482835639664,0.8361612575961593,0.5310263542314604,0.4005575460862732,-0.4783410026210073
162000.0,0.1964091469953674,0.1312496045821743,1.3170373748520623,2.6633545349815257,2.637801995205892,1.498436319819028,0.0782767132685841,-1.081370281601396,54735.33596978445,39348.26487838816,0.2958467619415345,-1.2401178334446954,1.10561889141279,0.7530121344007853,0.4915404322433998,-0.5282803463034411,5.768491303223238,3.8626927597779326,0.7040222992604549,0.4545686145652632,0.5308394307330764,0.3137309297176646,0.3565509921111576,-0.2993711704707347
162500.0,0.1808009069385014,0.1381473570896542,1.0772183070635817,1.0014575690151402,2.791964168735672,1.6098792535715245,-0.1228418322858154,-1.2549157606167027,51551.20368419415,38768.41463641022,0.43720770753353,-1.1614760382491958,1.3666022113888652,0.7633364675697611,-0.2353715813471883,-1.2696108151360788,6.26588813541875,3.7159217827174342,0.3305261879045608,-0.4451155882247857,0.5591107372061046,0.4421677306595015,0.7113671638162438,-0.5069849500536714
163000.0,0.1323950487494756,0.1061587892746825,1.332426961568972,2.1452060118085123,1.3549368171781406,0.9397851556677176,0.5621532591634448,-0.7152122537629171,59539.65529212992,37728.8306275647,0.3128268480285251,-0.7378382541011446,0.7597923155258854,0.5579654884160504,0.7474599293099236,0.0274235689177246,4.516527452653847,3.408617080747862,0.5389039985988887,-0.7286298866673211,0.4136383482345525,0.2973984287516796,0.9980808309259852,0.6974835685898708
163500.0,0.1962935979343632,0.111415032483086,0.4197955461442769,-0.1001290564922707,2.685344589386009,2.0125399142778377,0.1434966752425065,-1.569031587628965,92214.70952044484,56096.87241563381,0.192875698323948,-1.1653129052765576,1.2140711509038475,0.7521930262012307,0.3480528716428732,-0.6979614321370766,4.46740772959774,3.128348521745777,0.5101174238075382,-0.5781420680639795,0.4756099514044052,0.3877767032016764,0.9437015702097444,-0.1195778238970857
164000.0,0.1751158561709865,0.1220548259600033,0.8660939832627187,0.5602134715764597,2.3905003119682684,1.825807807511208,0.3528725421713513,-1.2769607057489367,73382.7869460746,53216.49812766494,0.5686093131960555,-0.6717245585988016,1.339700359970885,0.736024654326735,0.2080744039832453,-0.2450918032720221,4.9851961974249726,3.4875299992691318,0.6179319799436563,-0.0566497409695312,0.3957152350210549,0.3472359338723922,1.1912491434915211,0.768235207490485
164500.0,0.2344697374807999,0.1466850349264577,0.987346016325052,1.6837521362517238,1.348875998388797,1.076926559261036,0.9678057509924672,0.0637517845031001,104974.54244138504,63389.54154192998,0.2661195890118175,-1.0056578802721434,1.1619108698317555,0.8182295810813892,0.9423570551799484,1.162562037904105,6.090885493431677,4.049386425043609,0.9444108623237648,0.9628037710041624,0.593039993634693,0.4251376417704224,0.5608973539191354,-0.6860772915444864
165000.0,0.2173875070165828,0.1683390246938153,0.7533383280179516,-0.1722310428598805,2.2633940241075874,1.5845726473308406,0.148335897177797,-1.3652631803419537,106969.46245591406,65521.42976892197,0.1837454297510075,-1.0199969879319426,1.0914091387803462,0.8046604110251732,0.8721969535546029,0.155443124163392,5.024170419879249,4.489461477132303,0.9369664492979456,-0.0051182774206495,0.7745303865140962,0.4507467201494482,0.1206566156853588,-1.0263377864112853
165500.0,0.2739934954175777,0.1651666967312055,0.6443866754177857,0.1832142973002346,2.042840731522411,1.3837793008284036,0.6197378945057885,-0.5538673541590922,80117.06137674066,63370.68372867031,0.8916050323923432,0.0005300095961455,1.1220619833160053,0.7941413878115186,0.6868692637895675,-0.1923248012510034,6.633865520292712,4.3341331850134885,0.5319110671981879,-0.594213546237869,0.6672528664131473,0.5117777710933562,0.9189495610857086,0.2406239184048906
166000.0,0.2638840243977778,0.1780862794810969,0.922241721185441,0.7066437325226871,2.333919975466428,1.4469230860218207,0.0410002722142316,-1.258670742968648,125224.09082722312,82861.18142161309,0.306800113846364,-0.8287067116096618,1.3491400582654465,0.947146889853204,0.5788286701935669,-0.56532653197308,5.803405397815503,4.647608997252017,0.9374419719513104,0.2086967940572566,0.997861659823066,0.6933186090984986,0.2959204680511068,-1.1390632474675078
166500.0,0.206769442428406,0.1488973633259049,0.8842427093796381,0.156843840412669,1.7894952872369254,1.4842381225922685,0.9123637657408258,-0.0140921865211605,92323.400130237,83465.63182879734,1.6933958960306716,2.6356835627938766,1.4733489406235027,0.9424958498322722,0.4565651237991054,-0.7437323997006935,7.014885361081745,5.2137462431555095,0.5961213748838501,-0.5039838412782873,1.2728049093821912,0.8040262507743962,0.0632760199251663,-0.9997875065099336
167000.0,0.2392295775748041,0.2093054954296015,0.949783377703356,-0.205444677943015,2.8464778913397866,1.5978872804328828,-0.0537572730371976,-0.9392437417851496,140615.48399400228,79552.76616155887,0.3372703625497441,0.649110332097901,1.4117295530970717,1.0987806987364654,0.6656240914887821,-0.7335687297305613,8.459109160577512,5.463745493049823,0.420843339427333,-0.4068407840635677,1.7583850732124535,0.8852543702696165,-0.273467613257526,-0.6907422955771594
167500.0,0.3155319532478512,0.2239626400633254,0.6074268358579619,-0.7100486086713067,2.107753006333249,1.4258219862292634,0.3721149216735722,-0.9490767432183312,127536.18609704962,76696.89504635643,0.3179014170875164,-0.6235391691091627,1.351863753729757,1.103444722183749,0.8079759663128349,-0.326816073833259,8.001704855985231,5.495077451015208,0.4478997209701728,-0.5692209612373147,0.8655848012545438,0.7597792194340522,1.2582450375037486,1.110681430725248
168000.0,0.3328804584741419,0.2062110708211511,0.5881267347882152,0.2443671065049284,2.266679909388574,1.2580824784855722,0.0963494998724033,-0.8835769429853699,115540.18246006987,79922.58602156566,0.5100849408886879,-0.7973430977142031,1.8932707240091096,1.410263275321697,0.5925205065245642,-0.5144231555355501,9.489243762753864,6.9676362344660685,0.6101648301690792,-0.5457534129233639,1.4767728368561746,0.851924650558387,-0.1725022085587517,-0.906307399338691
168500.0,0.5039367250188677,0.4309970711643094,1.1720150563822576,0.8393737884089987,1.4579815360946915,1.097082375062797,0.6331083265531859,-0.619521017103267,141996.22355697333,111389.75461375096,0.7348301064801332,-0.5101162287098293,2.340223683860435,1.5218071122772354,0.5406578783862406,-0.5488293681878331,14.21081269876664,9.94565529490511,0.7736335190423355,-0.005156218336336,1.0114005729825657,0.7259895948957262,0.3048520731007798,-1.0880278285929788
169000.0,0.6663019124130581,0.5736524510361594,0.7275093345354607,-0.8885005802544752,2.1195859130888097,1.5239914324445192,0.5253660753239526,-0.6991360382534908,183218.37281533115,123130.38959437914,0.0585422477566754,-1.3667826310450273,2.106346368292426,1.3615338129849657,0.3936223630834341,-0.6740648347512193,14.587124140957812,11.093052066143745,0.543800209714903,-0.9164818939401806,0.953916733776578,0.7828190800310448,0.8920355233138756,-0.0533049496741924
169500.0,0.7132275775720527,0.5095053630182086,0.2750899170513446,-1.4136652322423495,2.5718739359672136,1.6345656092247665,-0.0044381616072475,-1.3713414033565126,159195.02862684478,103030.34351310327,0.5515492121873568,-0.3973322257678924,2.229784647960409,1.5618336592390896,0.6724204187970313,-0.172736081399933,15.304232219855791,10.171312780847003,0.3372406388717317,-1.023264098688324,0.8738805236270002,0.6929085908464134,1.1724758871828411,0.9800348417619222
170000.0,0.6751107632185733,0.4549083392209584,0.5668750059629968,-0.0453777382314601,1.755662430155523,1.2579574135089695,0.7297822253153607,-0.2366820008554429,257933.7052401173,161273.07938518998,0.2039582903297271,-1.000059291017875,3.2800678488507558,1.946912658505367,0.303995150723772,-0.6297046935565183,17.43849853362331,10.996492589383632,0.4694707934361363,-0.1123854789102574,1.2293325851359709,0.9665922132078048,0.892829750699386,-0.1699516514037609
170500.0,1.0936985390380665,0.8325784563008023,0.4366555602961319,-1.0464487155733138,2.4843651245188485,1.6700066473249835,0.5831294189639756,-0.6206004039146182,333964.0625085956,172157.52455242095,-0.3482353297710319,-0.904110536143098,3.941739864258208,2.475516440762209,0.016700877473982,-1.3003765763091637,25.58919499011609,17.55255849617981,0.2637348427464558,-1.0417128980502246,1.1814313822634968,1.1600492163786555,1.1764191712764769,0.2449363267397721
171000.0,1.1406893013701425,0.8073395708611399,0.1746001597993902,-1.2160532112953009,3.449592328095778,2.313732992194656,0.3299848639793708,-1.0961876807090642,236000.75692993915,155159.05283629047,0.344313958407338,-0.7511997126667169,3.4497010525995653,2.245293906144083,0.1811199685680145,-1.217491513968909,24.875179374434392,16.03166319648725,0.0776054787622165,-1.180293299046106,0.9001676068585815,0.8865341910862236,1.4905105872992483,1.7075173430532944
171500.0,0.6206064718106689,0.4069228179328681,0.3495029868557574,-0.6200502857812245,3.028228673285749,2.0208990492438,0.6266158339079481,-0.3619794812828649,227175.6757758329,146942.78327050584,0.1731384092602816,-1.1187409179471195,2.699131041879516,1.8709562213748208,0.3988356970854149,-0.9022205466553084,14.846251706395934,9.65586109322355,0.3254939559490051,-0.6182566263065223,0.9733805640637408,0.8463724133605875,1.7014819479248136,3.057479574171605
172000.0,1.1122423046714258,0.7322551345778537,0.1240393247924514,-1.2289035112237603,3.260964826374114,2.123275279038889,0.6060138943133994,-0.3628246985675085,209218.91855997004,139459.55138838664,0.0860135526285713,-1.4353434707991408,3.674616873259693,2.676281929132529,0.171715254295494,-1.599639749071734,23.6696897005124,15.91488897618067,0.2420972253249034,-1.214113607001534,0.9236362394598454,0.8189473087348338,1.361528454273813,1.4387579654797644
172500.0,0.7682702979539416,0.7003101942974305,1.2767477042528232,0.9374279900207982,4.417747694877129,2.741487226056044,0.4305109443899754,-0.5551881103815126,113608.75368478462,87938.38524387483,0.8610221286363748,0.2348494554485749,1.9136745698992004,1.7894438481615027,1.156030305119757,0.6646272270521476,14.123667263546858,15.710582126851437,1.589923353582951,1.7233507318516983,0.9505055106090852,0.6025035302522401,0.5603822869850209,0.2619841563222578
173000.0,0.7721623452679154,0.4743719618230516,0.1603304882841534,-1.020291933971001,3.8003007577693952,3.261818020299596,1.1555911091637836,0.6718735839648544,92217.5581177461,79355.15780116225,0.7262675401580002,-0.776810046298428,1.6736280261383556,1.6612283738141995,1.0284583052204144,-0.1005485735072464,13.03552454759782,9.745126892123912,0.899739701742443,0.0981538307478055,0.5443237656374943,0.452949952303069,1.1723793474871542,0.7834686021412649
173500.0,0.6897300082320474,0.5245579710405758,0.6416647449328433,-0.4816714910162902,3.462613896679429,3.381068336936024,1.2971099363701983,0.8241147040006163,72100.12096402426,57171.39837387489,0.787025373573165,-0.2721265950031739,1.6138674585173605,1.4720120919439346,1.266854715409064,0.979221626709772,14.27740302611863,11.798097798073984,1.1842822723111364,1.3389101172772522,0.7290346849963013,0.4625251027570915,0.1647136403638365,-1.012027406843376
174000.0,0.7348976071633233,0.5946260206573335,1.0117343583764424,0.58774068099487,4.0137757073774525,3.0051459919624763,0.8321532177672297,0.015890162917131,54504.16661123494,39297.81230097632,0.7243107631885267,-0.0068232633997542,1.4270573488701124,1.499660433138313,1.5011088907892751,1.692384635235079,16.82375065820739,15.9087849955261,1.402649539361173,1.2284086917577977,0.4603293366397612,0.3846738221274934,1.185882015814791,0.9523100041544716
174500.0,0.8062438240570522,0.5056622784115569,0.027641765116902,-1.3121902486941963,2.9235343449143003,2.60189958956516,1.2336366310546436,0.9595649340907516,59591.84924623407,41930.93317193431,0.7420483324222585,0.9145681238386903,1.7327286079887785,1.4594387028157223,0.7323773156005859,-0.6154086194715793,19.28729646622993,14.217938102328583,0.2531572867691015,-1.307977781978178,0.4229355917859269,0.2710565381584541,0.068461915463766,-1.1685320911510404
175000.0,0.8259776579414904,0.7250700874865683,0.8261570411709737,-0.4565662842696274,2.9418309498229065,2.1021410660234743,1.011995333802203,0.4496859248128553,55001.10694495569,43941.26537871327,1.5603747675609176,2.796812367639985,2.0395982816743072,2.397883036853442,1.4270894904319584,0.9879994611858244,22.289260740394344,20.95430208934185,1.110663375367036,0.1466795418758084,0.3401497360124496,0.2786895793066775,1.1780086379501762,0.7142169965037501
175500.0,0.7356779945627808,0.7522761157009885,0.9386017616926714,-0.4788970125224154,2.3944126369332017,1.9718573456959405,0.796018997670866,-0.3545659976278261,56543.14678682263,40449.02371244384,0.3537905011681284,-1.1048251362265298,2.689148058571646,2.6309431379748007,0.8319396852829947,-0.6938942937183117,20.281600429332865,21.121029602077744,1.016068425804597,-0.2341300441157314,0.2145232038516056,0.1505605334836097,1.1108810008736816,1.8408018252356413
176000.0,1.0082441851412505,0.8735701253565026,0.5913420758867807,-1.0782917870748607,2.984145806303449,2.327560474375725,0.9735047795275096,0.350377281950732,49397.901516505895,39811.538017290935,0.8566540010895413,-0.3640156671271661,3.654571113154608,3.4530038787059985,0.90083843174684,-0.4818331314085666,28.525102798359622,25.675748203210905,0.7213847386604052,-0.7969346357470446,0.2493632936446059,0.2006642029197416,1.0549275248728345,0.8090209044812284
176500.0,0.8156097175812139,0.5845824419277689,0.6782105794135938,-0.2410534281922469,2.9221093156579383,2.376459639388437,0.9185058202833634,0.0875595219203875,59579.84235918508,39920.48374538696,0.4980411495302099,-0.5877883215357285,3.326427066272071,2.590898861142093,0.9015683795821946,0.1954327661289907,20.19086054814813,17.298428827034638,1.1618862088098778,0.8359625905611279,0.2094952031248927,0.2138399502525027,1.5719779243181622,2.1456786625227355
177000.0,0.9116664037193392,0.6685294198921021,0.3633396899251391,-1.1550420011649714,2.5129560369929336,1.819112263398984,0.7415908596283288,-0.1917056160876042,51637.302114735445,32950.12552536915,0.3048644067993157,-0.7231314680009633,4.055762605129953,3.02666776351304,0.4313750483840096,-0.9329639120538956,25.822185660477928,20.18859395269503,0.5480673098505552,-0.92977632569399,0.1875619680962813,0.1433054823804871,0.8918589270611982,0.2745786809990322
177500.0,0.6833080391471437,0.6263375830614576,0.9386207520627238,-0.1106594301539121,2.3643205107276564,1.8480959854347696,0.9975582579501876,0.5011396547815696,46213.82444382866,39409.609425358736,1.2273914436021054,0.8916295348502588,2.368500166603214,2.3573610988843954,1.5337201314598068,2.2902100514859383,16.50785968786156,15.529877635166132,1.3486620356056933,1.6826902412513505,0.3482610096989933,0.2805683113412349,0.967907802796086,0.4959439373752214
178000.0,0.4929452918384623,0.5008307715656592,1.4275355477397444,1.359463047365037,2.5557379488723706,1.984375484836364,1.1674820288427878,1.116828395263142,28696.997894624248,22793.456782598623,0.8323449255705204,-0.1328283284327485,1.7277771707142204,1.5578766468314114,1.064365113540175,0.4519308507051747,12.72524509809144,10.266425799332646,1.045152605954474,0.561199839033069,0.4541518138375684,0.2735708920102924,0.681919467017759,0.7871117040148339
178500.0,0.726245994817404,0.5728899619585476,0.8251625460794622,-0.1885336895315292,3.161459406387242,1.9577414241376865,0.2447287583837444,-0.7666731377989038,44366.673110000345,34671.49347056407,1.0612509014242697,0.6776800644069096,1.4473711409586112,1.7105338318170271,1.8718601304115092,2.920241092668479,14.486112346060738,12.243727193620558,1.253862785094607,1.0633166164284855,0.4937720087926512,0.4117537569246653,1.1046026276473222,0.6518926023831493
179000.0,0.999589098387362,0.6367371377904786,0.2401147026300124,-1.0943485879456545,3.9672821072765134,2.6373512967611754,0.4539229596116634,-0.7776603180370136,47158.07902033394,30449.179241508275,0.4862668112599789,-0.3445269160174518,0.949313349105454,0.8444174257000747,1.3445501467544796,2.242000725311096,14.312540489694149,10.32764122387509,0.7101451943436482,-0.4816382303326345,0.6648938488626821,0.4461883466082273,0.4320734762146435,-0.6478335711926895
179500.0,0.7442142337175187,0.6223625903728384,0.5649355609805622,-1.0907909039302464,3.6137336657911887,2.550486018658946,0.4910468844023305,-0.8259027299111543,39601.77460988487,29120.22458476802,0.6039961839267934,-0.4748587026452178,1.0859822091737477,0.7936928165209571,0.8991375813042086,0.5792652344184623,15.061043886447624,10.51208235912202,0.3173959059417921,-1.039097117243302,0.5090197577007571,0.4445456464746772,1.32593200570144,1.399663456392651
180000.0,0.7082370308257921,0.5294637030883987,0.6192511717446785,-0.4784397290713316,2.8289342987381074,1.8163856160446112,0.3577113617638585,-0.7621222041420745,47384.74554184223,33279.91948462098,0.6747405014901975,-0.2445709117441183,1.2121724386798585,0.9937236983689948,1.120998495570089,0.8347456472808195,12.518884163543165,8.224165221641773,0.3338630508461193,-0.9222158218890488,0.6975206630479429,0.6173066602165171,0.8213942671682009,-0.5501913477038833
180500.0,0.469523185037649,0.3206180582806692,0.5688307195915997,-0.2738626800896697,2.1625387359215105,1.6394710394947327,0.9398952022474316,0.4901779433152207,34976.70726835714,27175.896285421768,0.9256675163040876,0.4914009070057852,1.0964357132607356,0.8790517093630773,1.6250313722184866,3.408864150100245,9.381347036475995,7.269289560449274,0.9183842755401892,0.2091068317906383,0.50809609332907,0.4499178286797163,1.128333082175201,0.4525922844817596
181000.0,0.4784862001477628,0.3543917747006453,0.9720184208784504,0.584351020877079,1.82654195978458,1.3521949081786262,0.6262179107020716,-0.5750942522884057,46254.55962848257,33016.99955943858,0.8134804496691915,0.2077017524956081,1.0965319373106617,0.8236626032900674,1.0822923091233203,0.8312939943916255,9.916694917259283,7.04529167293114,0.5270609312005785,-0.6814174503398536,0.6282550218699737,0.4957950761121384,0.9105873151530636,-0.2873713698159634
181500.0,0.3840624748696007,0.3068569667399597,1.0492933007435783,1.0694012330681204,1.602706972509078,1.243710247181259,1.0169258034973905,0.7877765331285507,49453.05448086398,28030.78621812268,0.4272375090803447,-0.0869128627276074,1.357683283888298,1.0695629695884754,0.4108205838643791,-1.1841624812807503,9.408447183521684,7.415363096612491,0.7060101009782755,-0.5315743562379156,0.3947713685888198,0.2920509781901441,0.8168789544458084,-0.1219190212009775
182000.0,0.339032317438829,0.2512628901281825,0.7026443117102553,-0.1982046619184885,1.382219996837306,1.064974132138573,0.7476712398852565,-0.3057903070120678,38153.23197021116,32458.61786360237,1.1956147916159927,0.9447670812579024,1.102735496961358,0.9461642806359636,0.986597009214122,-0.0636532688296682,10.519016760509247,7.247109415052765,0.4808816579409923,-0.597350757880287,0.3749552626550341,0.3173645194396622,1.0397053779358785,0.2795713972838154
182500.0,0.578530151867028,0.3332484824996681,0.0066819583766542,-0.9293842540956052,1.420954761724006,0.9745201249096944,0.4603072018277387,-0.6018628664945038,54582.80180428668,38038.8147222985,0.4161451892856977,-0.761301896174778,1.6745131474622794,1.1542491319433583,0.4304976494670978,-0.8834958696494057,16.878803151822474,9.639801891570968,-0.0037468518985406,-0.9291830333195504,0.4144121392540704,0.2976760043414693,0.7357229681232581,-0.3411412093044053
183000.0,0.4239988375884682,0.3037308973536325,0.7025857644767375,0.2802229031129792,1.7131987372725257,1.1952797567571634,0.8349774850962288,0.4654205070221273,64828.61048797541,42942.08571160599,0.3895173066304284,-0.5002302683508946,1.6777311616526207,1.2491073276062696,0.6467026344373101,-0.5477659179391843,14.682971950537183,9.87343734321875,0.3249691366546018,-0.9194090402961868,0.3207989469232709,0.245778977970193,0.9744958318821588,0.4757795752140681
183500.0,0.321670519839735,0.2400821919069481,0.9350243342221384,0.7691298133217961,2.5701181360691514,1.735944409851527,0.4934743426151152,-0.7300537568886218,59586.49528897023,41209.07861791555,0.6540969975672154,0.058358170156608,1.2006791695284738,1.1132032688427256,1.2767712772175133,0.9059891609273788,9.947057402219125,7.280471728604923,0.7210463231671163,-0.1774785725262688,0.5723743326530338,0.4790964991565281,0.8194353073138171,-0.3566311064094236
184000.0,0.2720113742981114,0.202979921077111,1.3458026852870757,2.437770197438379,2.9626073309900667,2.128583694571961,0.4280719484601281,-0.9363560943865488,51343.3166844765,34368.739450259345,0.5697477043510257,-0.3854866866480901,1.8287653285998773,1.7663171040417107,0.8905676902747843,-0.590541598316348,12.18601139258399,9.207198016122517,0.6158155101283319,-0.7709533129690076,0.4270425088915359,0.3489493233426134,0.906500612235345,-0.0824075616792106
184500.0,0.2779349895228012,0.2681737376643911,1.5132126095848175,1.8355799263505064,4.658875150426937,3.1836786255854026,0.2711290682127021,-1.2608288189250818,44177.30069510167,31768.24608132455,0.576868752788961,-0.6332199865142161,2.229932943318768,2.057735428008231,0.9558060679732158,-0.3541870747868136,9.937589891508482,8.657303831842086,0.8851842916621699,-0.3807929835314487,0.6657985885840174,0.5957426518846639,1.174407477487064,0.4901915532847627
185000.0,0.2901344521424122,0.3322013461652617,1.842366188455464,2.9558813980604954,4.599103686626235,3.2644084515878893,0.4886502584362393,-0.754576155246689,44385.28782653373,32200.373838386426,0.6931359782048052,-0.2655069715160083,2.4552656188281485,1.7767502693983792,0.5957519235553062,-0.6423734116848818,8.78203204303754,6.885997374776031,0.7900636665783831,-0.2628560044239236,0.3891498708370035,0.3462153691101042,1.7606422208508792,3.896554134090911
185500.0,0.4729786518049844,0.5330594036324374,1.8826320298916677,2.803915358278495,7.7393899496572285,4.107678036974094,-0.2276382742585469,-0.8157506121574349,44986.89321742738,29575.509600902016,0.7194640380694551,0.318777287752654,3.623880572129235,1.7914846320284687,-0.3783122965537061,-1.0187175076555728,11.848551878279489,7.045179098954124,0.1067768915274465,-1.1992739014980378,0.5856701897327845,0.4870959292370103,1.1739967588725917,0.7302522506558815
186000.0,0.356300221185842,0.4199110150561413,2.1465670766797977,4.419026806550028,5.496465495844287,3.855505918757003,0.6839376654061583,-0.0618721440449228,31514.374212426894,23414.933953876174,1.0495064780356445,1.0726927628509335,2.0499179756700463,1.479942462557762,0.4037926259491868,-1.02957969098916,9.36230805463592,5.936472251321372,0.2027129935196388,-0.7861496277287752,0.4199720260128211,0.4221096216213134,1.7365487125361356,2.775156549234988
186500.0,0.2604503539477538,0.2236605148970502,1.2882683305013007,1.7953041486368484,4.81362824781764,3.523489195203372,0.6521977721087985,-0.5927033888802651,37788.57608327278,26212.29845770135,0.616804099641834,-0.1707445243262135,1.8370939372285828,1.1767524808257852,0.1703366181491381,-1.1115004788629,7.835901404601837,5.013057387625016,0.3173300817335882,-1.0087571104967097,0.395117090012998,0.2775077023088755,0.6804860965911108,-0.3528442644757992
187000.0,0.3115388834282978,0.2329480489313969,0.4326136677497052,-1.169594138896905,3.9994484825607777,2.876196165181705,0.7088097623982447,-0.3985206282970139,26208.569116041093,22891.90251355583,1.0946198973177033,0.5266848599669434,1.243783277617475,0.7882745615269178,0.1111790354544971,-1.1374676543313966,7.642580997394493,4.871067817899117,0.3410761978411781,-0.7205559321710022,0.4033063612373346,0.331950295285809,0.889659406433667,-0.2080857296735407
187500.0,0.3084282029300964,0.1951765099331534,0.3878201288097307,-0.8257942498811621,2.7034076599206225,2.101616939504632,0.8628741899817288,0.0837511005855393,34350.151989222,25266.229669290275,0.6992442024920931,-0.2894521896804765,0.6996065344470247,0.5005653453811224,0.5663970654132424,-0.5615020505714075,7.2094669021806785,5.237906019572399,0.7390844903150512,-0.4038356119795621,0.2168206944627775,0.1634594283865359,1.3773579685740975,2.0871078197226947
188000.0,0.3890078510489503,0.2429761136334956,0.1095513587095294,-1.192302155908305,3.6802239894556457,2.3419576390770027,0.3260349771806735,-0.7788007908006853,46103.7295041053,28744.244811185272,0.4882047279798347,-0.4037893786635336,0.716829232529075,0.4918566128432998,0.555780702888194,-0.5609696289283157,9.15064308151431,6.5287482967053325,0.3640892760636355,-1.0909580709887352,0.2223415246159029,0.1588953484592359,0.840378736543629,0.2484841551046064
188500.0,0.2979408960464985,0.2228619037866961,0.8858539163227602,0.1930373030177912,3.024357818738833,2.0759318988642264,0.2865360085400343,-1.144238455521301,44767.9854418745,29558.30127783706,0.5418849493779117,-0.6229322203957137,0.8767727164382546,0.5944432560876358,0.4657051407847842,-0.7597396034436681,12.658888434120092,8.45584888860144,0.2312710755753904,-1.171539070292224,0.203571715532511,0.1832897401882361,1.221346540936219,1.2934476255876026
189000.0,0.3555542367648776,0.2209696092674478,0.330561471396289,-0.7103126595689147,2.435788487065857,1.5651216058033512,0.5291304085632313,-0.3027033729199653,48219.80144421898,33058.36181168444,0.5940489708942306,-0.2403079551296123,0.9676202230896436,0.6668817228648197,0.57681934620227,-0.6238512344236931,11.112353737136436,7.747846246936236,0.4495154436423191,-0.8581614704452152,0.2485870438848859,0.2009810396233329,0.7814306470699781,-0.2641333107666486
189500.0,0.3727457551763103,0.2467586611420942,0.4281454727731182,-0.7243468376882101,1.8927857408668955,1.440219962194527,0.5612053629471856,-0.7756696046463869,53587.845400453385,39975.76662970159,0.744326534259028,0.2553498020373337,1.072928968732861,0.7212087452542656,0.4958580012375794,-0.6708513568511458,12.284937287443872,8.736103960263854,0.5312737233737702,-0.9000603469173907,0.2953712467045411,0.2206435929793065,0.8925363282306452,0.3446203911024672
190000.0,0.3881408018050223,0.2564186626073808,0.3161300867971137,-0.8764254213551022,1.7784942626850375,1.1259144625075257,0.4333522617175854,-0.5736952687445038,69928.6715940952,46565.67664717607,0.7573121487143877,0.7340357918810052,1.330263446761309,0.8620817031519252,0.1801567569002614,-1.0329424014112514,11.405679187400873,7.990943590951055,0.3536207840379123,-1.0877989768864254,0.5598622769006205,0.3840024902732407,0.92100050584082,1.2284870714456764
190500.0,0.4616725770390299,0.4334565483094018,1.1327899783454356,0.0817586436653248,1.5431433840098292,1.2437041071344126,1.1330395688188368,1.204063333199621,91317.69230610137,81859.59921869644,1.1218863014173757,0.0460454853183343,1.3444573182559905,1.1933010111061728,1.1287512499375885,0.4751385363395175,10.208101495369654,7.468366978862567,0.6179736925953779,-0.2183886203488638,1.0433392254471678,0.6882575474207426,0.3567817196406872,-0.9846176934312298
191000.0,0.5122474407914118,0.4273113294320771,1.0994647187988416,0.653160233365178,1.5586194931514998,1.1854129716240125,0.8195171691826256,-0.1335859551154068,106069.7316821898,98104.1263507305,1.4642358929906731,2.160672973419513,1.5512763750648673,1.238454655826034,1.0535506338111602,0.3075174360891477,12.523358379245703,9.233625287920312,0.8008147345521619,-0.1523356760355212,1.6072011628235654,1.0688524906727732,0.4163158731219821,-0.544694113332143
191500.0,1.0167673215567594,0.8254900956132606,0.5448726387375575,-1.114062377102884,2.4200719343010784,1.76164715960914,0.7142554383272747,-0.3916242037094384,200861.83363528355,179918.04922022705,0.6407188697764282,-1.1108522997266643,2.798449049444628,2.2822932136313168,0.6404818665697019,-0.946782700290564,20.48281832400537,15.805936573681034,0.5638220354576641,-0.942168028001532,2.5961704091574376,1.6771576297827324,0.0391034542049577,-1.3169569219366462
192000.0,1.0453773728309728,0.7478191345844966,0.5058795933275836,-0.8574049925744975,3.132653302443419,2.138696985144144,0.6212403628539968,-0.3383287380614326,202183.7603778159,176229.43989625658,1.0464271880926277,0.3427431557011857,2.878056846592108,1.937666731253058,0.4153170737964264,-0.8158052852684903,21.14906588670368,13.823795066573878,0.3313973562859831,-0.8174086535831706,2.692207467362428,1.843488970392668,0.495747841843775,-0.5813633174466344
192500.0,1.5271664573296746,1.088030035465829,0.1286474939958621,-1.4063820033029766,4.56317746284244,2.8738278834576425,0.2183129268093232,-0.988208679872423,314081.99994822167,224160.3401624028,0.3539103620635926,-1.1231069884415814,4.335700246404868,3.0015613958616023,0.0827479086143313,-1.361609668469662,30.95104001059325,20.599362772505675,0.1002185317092763,-1.3173186449310037,3.348630373315288,2.453584921025656,0.3438767951016943,-1.244722241779295
193000.0,1.3044085991786916,1.027529777292448,0.6183903316733222,-0.7955727788161102,5.097322211502892,3.498258532410924,0.4765243047246575,-0.8700858922362924,292326.8195562744,213710.60577052663,0.5107774718431145,-0.8107088767843553,3.367039701779925,2.83165948728326,0.7557568445540159,-0.585887924279938,24.321190477032783,19.88567625086556,0.6689490623983637,-0.7104707178541503,2.797729232762002,2.428296201123941,0.8200272250991114,-0.6804519789418157
193500.0,0.8898269774862845,0.790667433414071,1.073673308874452,0.2714521620891177,6.46883781883587,4.596997958466296,0.2668345278284188,-1.237479963623081,191656.58109865067,168365.26993650247,1.1426555287176448,0.6175511258857957,2.6532087834728477,2.2360735058725463,0.9056823492778128,-0.1614199365207533,19.78465046247758,15.335942215331592,0.7359718673779619,-0.3850891132789655,2.0574621403709377,1.9599381801366424,1.2165677740032357,0.5692449583448744
194000.0,1.0826644509722243,0.785072449294073,0.7773726360910111,0.1110591970213201,6.144682639424723,4.403047439085974,0.7636417904015681,-0.1226659411026798,243033.77360547628,172457.75026109806,0.4333428291290405,-1.0942222773804977,3.351310519152821,2.3102775482976643,0.4581287084182416,-0.6246031190319483,25.56928508304763,16.357439332008596,0.2067349819988925,-0.8582700633041935,2.612425722813553,1.9588241491559275,0.5234422760948704,-1.0878170824605171
194500.0,1.0372101840434846,0.823598681742673,0.8100970323556672,-0.2963827122351308,5.772674571531338,4.049028164209987,0.5225011661707775,-0.667775942249984,133885.92710124076,100068.72058483958,0.6417934268884816,-0.235065624035728,2.7436895732079147,1.9982505371289512,0.667971127104956,-0.4094530812922348,20.344587479501914,14.690452320298284,0.5884296445387013,-0.6215743611806901,1.3961620337377567,1.1779410752236503,1.1295718182900585,1.0839420278369714
195000.0,1.214508792549706,0.845471848711156,0.559570584221057,-0.5646854729539941,7.0681234821512415,5.086747713210437,0.4547560629726755,-0.8092022882556216,127436.38046505568,115102.54725380822,0.953874050915594,-0.3637546201938915,2.35248410154442,1.793390683814462,0.8493490345093676,0.1158137525787079,17.393758182973833,13.682421077583452,0.7335681503009133,-0.3360520276842944,1.580991597293225,1.4648742231787706,0.8733484423408006,-0.4507575409019111
195500.0,0.797342943538716,0.6675504321800922,1.062041960335613,0.462639087995242,7.510738598908161,5.814902695111637,0.9447508611408948,0.3235227712652979,75802.17940733452,62931.53506407158,1.585709225390971,2.8222055719997856,1.757044934367122,1.5487056361195832,1.291164973432397,1.3858900998699726,13.16499002718189,10.78906582555015,1.088235633816219,0.8579298029273565,1.2295573567876024,1.0322677960088436,1.2000633006170287,1.1531319772689228
196000.0,1.0403617750377845,0.8616173964595664,1.079872356530761,0.5245309690514319,8.231474974599074,5.851489886331286,0.5324365485624496,-0.6756896820599154,98307.841552046,70075.17864934905,0.6455083982846463,-0.5958894218239483,2.2298504926228926,1.9897573688601669,0.9342689589437656,-0.1563987812940048,16.07340776109514,13.46712334218604,0.8341040308591371,-0.357175903881739,1.534660655906234,1.0161210972480044,0.3083279258469161,-0.9869681651450612
196500.0,1.221394961572764,1.0181242795379255,1.2125761297354642,0.8874385167962369,11.011551277988096,9.801799447598222,0.8323408322100131,-0.5996027302304658,88656.33426973493,60380.90729172657,0.5157969254119951,-0.6747102625763515,2.007912068720312,1.638885304456384,1.4592294917308373,2.148045042959348,14.135025637329823,10.7881184557525,1.2959027403981922,1.6676543071979977,2.2152332957948784,1.0854812348736405,-0.1826904338376037,-0.6605145196120947
197000.0,1.1868180553477214,0.8953167788803343,0.8845464623441932,0.3980702207405748,9.787057982023937,7.296538567953469,0.7447515673789566,-0.2112242581120429,64286.269229559744,46191.44483255876,0.5077031875915051,-0.6674767929718013,2.3219422155876277,1.8798257448075704,0.9677800811701516,0.1478036202311505,15.205795090085292,11.603942038160596,0.9735523076562932,0.5325557053887482,1.380663438656935,0.9847236093328532,0.9146674578987184,0.271321064287084
197500.0,1.6856065153242286,1.4001697448439785,0.7822841553371591,-0.4265845322073311,14.781896962464986,12.101199437116348,0.6006986344854359,-0.7910414001172463,88821.43094270818,64267.53446568308,0.46458146573676,-0.8381504230045711,2.496144477524187,2.280665554204504,0.990786671053256,-0.0075450904650535,17.101388277035866,14.20214191564267,0.9057140666994332,0.0449896568291792,1.6295705196970507,1.0466905661265993,0.2056648149287084,-1.0980390111137108
198000.0,1.4277877363497098,1.4705673063180589,1.3917682139599707,0.9491336449896716,14.03777123802754,13.052350761768883,0.936159358586472,-0.2713206652049509,81805.38618855394,71732.83102969508,1.0845860503419564,0.2489102067387163,2.8559860075065946,2.247995142142804,1.1317719255342875,1.0468632308100698,19.844045361636528,14.894777667685158,0.8249466491608674,0.2777182653207952,0.9756544479418064,0.8449686430625103,1.4412123858937722,1.8587419880902945
198500.0,1.1684619218662449,1.3428890177333663,1.6760951356846203,1.9192122645580243,12.219573396050254,9.086799498718726,1.029262498178725,0.99062631432323,64085.40601853017,56170.24110653088,1.5507915616190924,2.026533103557368,2.628883012621753,2.026853275272844,0.9595192200002116,0.7022466066404136,18.95617649302408,13.68454684665212,0.8798829967355156,0.6805831143055578,1.6316563457035222,1.267279415610813,0.4917638330940745,-0.9529191855140496
199000.0,1.765311218431562,1.6267131545182998,0.8962331701813964,-0.3622212153050754,13.772559949337396,11.895606234105388,0.9306145643520424,-0.1567054728086474,95194.31064988772,78538.53333736543,0.8461230520430928,-0.3789964792667444,4.09300244814464,3.112199650078043,0.5691909213581262,-0.6631476281033382,29.62097697014461,21.54121308694752,0.3890438918763586,-0.974051967438212,1.6780306531257123,1.3366535621353102,1.264818286882315,1.1668668058099012
199500.0,1.751752241212738,1.4563604165106216,0.8348146004080503,-0.384653236781916,12.810227162027283,11.29150933183844,0.6747247555745167,-0.7692535691075255,91305.92137613152,81762.36705808506,0.8825178130013663,-0.5318607947671508,6.348529494463434,3.5202769451922427,-0.1722106345781944,-1.0078945100140808,45.37196172499461,23.53546433832708,-0.3416992742892124,-1.018558586782749,2.312878337500488,1.457810671524258,0.2440159729163033,-1.0480332363124223
200000.0,1.419413281412069,1.159160357348512,0.6011752870808346,-0.7691798290815717,9.975985451096856,7.633335390498956,0.6746213461297047,-0.3858979727105556,92682.03663138449,66625.0602932437,0.4391141410436441,-0.9849639973558896,4.7880904296619535,3.6953443946972255,0.3886126715396307,-1.2487523240258185,33.985374839223404,25.407346318009537,0.3577372219231856,-1.221765457798937,1.878532042979717,1.755644497313649,1.4690582061939896,1.861397685822033
200500.0,0.9526952634805824,0.7550202339026604,0.4957580251937221,-1.0694200193044223,6.297404700412408,5.320318758064832,0.6370371346694278,-0.7033640436700779,86675.85954453277,57189.90562394072,0.4120543803033695,-0.7428198819596763,3.3468173719794425,2.761832523377218,0.6127738077427248,-0.9066225397258204,23.222440032115337,20.08365092314935,0.9452854311033768,-0.144113908851899,2.361976458366437,2.3839295619205125,1.2828721077472776,1.0259374219076491
201000.0,0.6114684338522799,0.5855421247539342,1.4203158261198252,1.6695672972972746,4.776577335376082,3.832232026661468,0.7986999293944328,-0.3111394028602667,79635.26487250779,55654.76135288093,0.730059180324596,0.2263615123170841,2.1217753545038693,1.8805812512958373,1.3489929282323758,2.003138243036777,16.18597923143686,15.702451825561,1.4152914901516649,1.4967126653745595,4.336574786840751,3.3241546340812507,0.2900541601157901,-1.2832999055548802
201500.0,0.4973870173645082,0.4807686538537509,1.6093491590686244,2.257370358532235,4.66242845831505,3.328107560209979,0.4394846305227284,-0.7982616477547464,56718.74562658083,42510.3255806253,0.840013571221159,-0.0244230375374607,1.4205935486407315,1.2174480303584805,1.4498766676371544,1.849416386874398,13.778717338045354,11.203156504405746,1.1242009915030426,1.1023422627299722,5.60307003743404,3.900249553797287,0.0889050789384911,-1.4055410142467406
202000.0,0.5440420467787245,0.4265103087313311,0.6656142324849752,-0.4862051013304747,2.4485686031696283,1.930751543117002,0.8285658518083211,-0.0631782040376878,54245.83750948162,37664.74076335448,0.7947480274439725,0.0467438138479474,1.3161815552840872,1.0440266724815366,0.9022274849910952,0.0460251752242784,10.979769168015943,7.969442847506269,0.4730645839026013,-0.9586416351815196,2.995423136767854,2.8905311392351547,0.949857142385225,-0.2966519855514127
202500.0,0.6533514375266897,0.4114751186188377,0.2589270616000977,-0.8367438021869207,1.876029588983054,1.3066831865531423,0.8430172208130587,0.4612055461496362,62318.92467333482,44757.4261892034,0.5382330695328023,-0.640765996548224,1.2631010101886504,0.8758588736312456,0.5404262779395049,-0.6175940562331914,9.883455249287511,7.6469210728130275,0.8377405957862961,-0.234407372336916,2.387102815625148,1.5851951090017735,0.4620731044765163,-0.5923811622661708
203000.0,0.568815851069889,0.4853027752423933,1.005355320096027,0.1095286946542493,1.409595971585047,0.9703149070090036,0.6943730784200919,-0.0877573905543362,54163.71349100003,48864.836886707344,1.1790825088309156,0.5164845648388665,1.5596782690373745,1.2296180708904234,0.9283395751062076,0.0644272620408803,12.090872312369866,9.940423637847363,1.0810178507309165,0.5026895108263609,1.834999091336928,1.5002242056546364,0.779831542893774,-0.3386572433646697
203500.0,0.6019459027841348,0.4972022258816443,1.0092502142618227,0.2645948297656066,1.618861162519356,1.1582557426402706,0.542620558492426,-0.6095235440376316,69412.62850255755,56168.16003028775,0.9758516191728022,0.3367713103448735,2.095903805406244,1.5921371663363717,0.623427847415362,-0.7797915877768871,17.233004578716255,13.846158577111934,0.8257719830564089,-0.3628986456027663,2.143420103179145,2.1704949102593463,1.2069604227241129,0.3755086017323088
204000.0,0.6855808637947359,0.5147487296679875,0.8541584502215692,0.060562707400348,1.9339339987266897,1.6219616414144813,1.0437839215483715,0.1387333778315715,100063.10878578402,70037.20502121645,0.6528310914672729,-0.3422598465223321,2.225826005329885,1.509249729890246,0.5109447515118982,-0.620119042512655,17.262740063752535,13.121935117656552,0.7037740224048487,-0.5241098625378058,3.899017310696775,3.0609826239177385,0.6348922015166355,-0.6926671470616985
204500.0,0.6860016028265604,0.5504408269697725,0.6898961897892759,-0.6012689189241618,2.247779096140801,1.7709737430934944,0.8899948021517725,-0.225395156838688,108421.91915400652,91521.06771850854,1.0163417373957546,0.329657138606596,2.437016124014014,2.2410235994824883,1.0078696852316722,0.0509043604345582,15.9166070351652,13.862272582071302,0.9579952654313328,-0.0638817876583015,4.291146876179638,3.302262422279392,0.6194460098159232,-0.5831682533712903
205000.0,0.8658306346628047,0.6410512909759707,0.6438984034317222,-0.5261289412943988,2.937967266610802,2.273743014111344,0.6334990781141914,-0.6812647487361763,183732.87904173465,129329.48125667634,0.8538734996910635,0.726155845577205,4.646740598300988,3.2595228641354117,0.1799496695991284,-1.2647419504485382,26.662689022996165,17.764689352446144,0.2097788242737116,-1.142212030002663,4.210117314723452,3.480174026136327,0.8742467644335153,-0.2552778566515878
205500.0,0.8483290208145816,0.7462865655779877,0.9143663718547984,-0.2680221401136839,3.2085957253355963,2.298943614443492,0.8000992335433604,0.0915037198093142,144281.10258678268,98102.49915995524,0.6878639138057487,-0.0550545231644998,3.8436322637806177,2.7285873030910976,0.3037769856956509,-1.0914905015890384,23.751718566329867,16.30400035393101,0.2988046442752448,-1.0690944627447592,3.760582089280932,3.8049025169962873,0.996570173043821,-0.3602427730194009
206000.0,0.7598330194977255,0.7130596796337617,0.9525423744348346,-0.2989217032103632,4.690432275697726,3.747059671737382,1.0078101403220852,0.6255858822835263,99755.04632694594,80001.52570156848,1.0534222780948468,0.8928792466535698,2.009270445742345,1.4228017922451812,0.4586146775530091,-0.748543920986271,13.224217760988578,9.86927871363415,0.6430286386211804,-0.5196731749010772,3.5329675350401213,3.188244293560115,0.9301384350434442,-0.2625111906987101
206500.0,0.61278537318065,0.5124060965840148,0.9722707550310656,0.2976163132200087,4.428149863239625,3.413020062523957,1.234640919545828,1.4679982712393749,99524.78676957924,70678.47217235739,0.7261894080424466,-0.0027204488525995,1.1330322041454184,0.9481579988120188,1.1892197374697038,1.1348933704666069,9.45895969911798,6.672281567193256,0.7071268351674909,0.0221040339118077,2.3736504345663536,2.1419410938718206,1.287992822522848,1.8805558849012511
207000.0,0.5155349671673124,0.463998335615048,1.7662623707392306,3.745492314279272,2.784643681759328,2.0041334105174387,0.6873649154250445,-0.1577227387993129,160325.05720732192,132462.79197700444,0.9799928598214046,0.0767887758317469,1.3226140758194012,0.9855004995556954,1.049596095631622,0.9370187419476474,8.717749960520264,6.700425294952683,1.7038543615062185,5.3507150478903736,2.8828799906259044,2.2155736270933883,1.054967117385956,1.0345530820586832
207500.0,1.1124980550181902,0.748909756293177,0.453638961351789,-0.6990865322524478,2.0516887990492383,1.3992939733943786,0.5418835626917113,-0.4372280057476287,312942.83993765764,220917.7007197769,0.6819882584477159,0.0100259967449791,2.92149866482635,2.0191016940908915,0.4838057962093118,-0.6979577873503229,23.134857856529152,15.624686041921445,0.7290095274959539,0.3916152797522469,4.226179296442291,2.842531182732318,0.3514628830314886,-0.7624062648645307
208000.0,1.7747831940372012,1.2515631341998203,0.3373401626604337,-1.18265724195226,2.824893158430273,2.3166709897605857,1.1935471557168,1.4272704796951343,500464.4683938083,318949.8094622959,0.2520307072225806,-0.9120228826387468,4.651704435549865,3.154720297560241,0.3177647249334772,-1.0651624635662482,35.91377356868248,22.772329026013637,0.1695292362787825,-1.1266577331427134,3.613294767327397,2.5814012346970143,0.7422707318312501,-0.0853130551180543
208500.0,1.9505303762588608,1.436375049774974,0.5591914401412161,-0.7048102088449806,4.132426849124741,2.909662237480179,0.9981613165633164,0.9500549776619076,499100.4784645329,354348.0719648296,0.4026618155455,-1.0003751193943284,4.967387878263148,3.839282220873959,0.6530504930821469,-0.5952022361766263,36.97850701053641,28.92797628584206,0.6805341385042466,-0.5887438414676534,3.035984725228164,2.1606219193525584,0.6345499441219042,-0.2020801297832815
209000.0,2.266115465724961,1.6074041647740414,0.2809515593541639,-1.1399129396006489,3.785763701100615,2.8281862475402693,0.8083566435382163,0.1271131109397112,526012.353593071,385091.7714165504,0.5104540480426742,-0.857459434630683,5.134492771863114,3.904308589579908,0.4868219039117524,-0.8667272292284158,38.426115712276655,29.582709315359605,0.5388458295598857,-0.7853606732111977,2.8568164454003027,1.8992481293134744,0.3572591119814399,-0.9835673689852792
209500.0,2.5672427612300126,1.710354419633808,0.2145301906359662,-1.0864815181945786,4.593258142182852,3.581120076369334,0.8420913507232023,-0.1326638574414014,581027.319729806,409672.1717210296,0.4599658944214222,-0.7657335521793902,5.456784733510695,3.5729370719647453,0.1614265625032879,-1.231969663432026,40.80950790629834,26.7881014344216,0.2286510191226883,-1.136735748046275,2.3274849631890997,1.6265703765363615,0.2969632248424158,-1.0888902925945343
210000.0,1.276221222329113,0.9024215927682844,0.480365079191876,-0.6280126813169429,4.1029454500156834,3.2213772271353904,0.9081913665406084,0.3310839189853638,349064.2692073832,239221.2118463095,0.507739550294571,-0.4191869037017195,2.934466884005694,2.2018646297710736,0.5129135645034129,-0.9745935795807577,22.74015056181072,17.07202298009373,0.4816815669517442,-1.0907860278819452,2.253076478453416,1.530777019860945,0.3697585814325078,-0.9409591689277153
210500.0,0.8043931995278002,0.6439727526401104,1.1778023067733785,0.989815493972798,3.6390287985165215,2.710737878958501,0.7731303266088666,0.0581815709886135,295086.4677405282,213740.1807455788,0.9422466391645016,0.6412404060080017,1.8577044138871543,1.6530391880336783,1.3740840902728042,1.5713015639898869,14.909330338461556,14.91351236099013,1.8221577121871817,3.3174526517471508,2.946155649278458,2.057120076680322,0.3448129567958825,-1.1959237893435717
211000.0,0.6144816147043752,0.6689354869615655,2.4620226109080576,7.20575105473975,3.467096062057482,3.0629967545989927,1.420531082691656,1.737960432956096,257302.2235887874,237469.4534555872,1.750900206323365,3.8706548643602297,1.6310171364002797,1.6631172775673366,2.138511717848276,5.66976175953341,15.853459348224298,15.99073464209956,1.89417022880108,4.290115353261395,2.3952340481905363,2.349376265922559,1.6282422133720145,2.9015488940525307
211500.0,1.1277885825547938,0.8398909896881661,0.8544028000935437,0.3801120163597664,3.428752419658688,2.801578152210756,0.9787241922402468,0.250693234356814,386544.0242694708,284267.8227749118,0.7634593504636794,0.0102924206859662,2.8703773634795926,1.9429894420624163,0.7778010305208946,0.7420426654475651,26.010536492415845,18.703319561966616,0.9113614293614102,0.9792473342642958,3.0750763777946366,2.46607564907286,1.0374593123958644,0.6439281479317636
212000.0,1.7709873984099564,1.166935077787303,0.2828413934686409,-0.9507941297043336,3.851818768497191,2.803692558069598,0.8410864756898485,0.1873748908978507,613767.0282775591,395262.530718235,0.1503262843002751,-1.0889445930846282,3.791206635195693,2.621983298348303,0.4519826626150903,-0.6940040726597698,31.36921253187567,22.80892535250068,0.6389222925080033,-0.3831372544318396,4.845200072659526,3.274489293652565,0.3606946264859226,-0.8111549439959251
212500.0,1.3794961582926657,1.117051239522022,0.3971635031964488,-1.2069607164142042,2.8893266326693605,2.098600900800478,0.4208317943970981,-1.06639491400337,472395.3411533444,379065.1505169825,0.2993875535908183,-1.3098989098199754,2.962260801662369,2.240684499858881,0.3623420942032274,-1.1756153686695967,24.56224612593837,18.99230334176496,0.4572528554864542,-1.0623103185387872,3.7124701273208007,3.0096040948593896,0.3262635750637221,-1.262573876268063
213000.0,0.7568713439316587,0.6201615186396222,0.5452967820616217,-0.9282328038775204,2.2882686915877275,1.633384482531015,0.4989491431403229,-0.6746715565889119,243188.11296715093,211904.12015399124,0.6733026452153933,-0.8468600229696879,2.001275994276128,1.3473125362623108,0.3292058602691617,-0.8396245590241094,17.630133005142817,11.953795134861002,0.2876108121349216,-0.9762097366936908,1.8384419295536167,1.6298160300128577,0.6878236676289274,-0.8291481529869515
213500.0,0.4875795387719125,0.4009002755565588,1.079296953191829,0.4990311913150891,2.335850270793452,1.517659016519372,0.540238611339253,-0.3823865908012345,175380.20826921175,123496.59628582328,0.7719524867431873,0.0297414431712326,1.6656919317917611,1.412024076020882,1.200626399248117,0.7571331884327286,17.626910730227475,12.980147079127486,0.7643626946697278,-0.0571326096357425,1.5858434609595204,1.133716218218433,0.9415501741441294,0.5131168099173125
214000.0,0.435216615791807,0.3514499150072232,0.8942839401106142,-0.0259161158232177,2.1887489861077607,1.4214696315930262,0.3699171199138263,-0.6423085891233242,177247.4117170345,133230.65489019983,0.6031677737985378,-0.6758473163404535,2.10743020543893,1.2872108716742654,0.2921659104097214,-0.7496332173623927,23.520027608643996,14.042023514902906,0.095821893854789,-1.0948832012381873,1.983707684906142,1.492644193057319,0.6684898569026856,-0.6066467505354263
214500.0,0.3254618708291188,0.255748034307121,0.7457997463701886,-0.163897342543672,2.1717422096908225,1.614093800401805,0.7902733015715778,-0.154844121659869,110503.56657252158,85726.19545680114,0.616637878199749,-0.4572906560006613,2.010540775831142,1.400390770571712,0.2256308644444418,-1.172416356137254,24.461142966334865,16.94430485510804,0.2160788973536338,-1.2997655986943426,1.103664868858596,0.8544498282448919,0.7230306061382212,-0.1480208209734796
215000.0,0.3325626473230728,0.2504916173346541,0.5913233111030821,-0.8206728235137817,1.76478047620496,1.30831130742217,0.8302786911754235,0.1379167925044719,86724.77982526057,57148.06563225245,0.577262847413752,-0.2345449735502685,1.860565754096416,1.3134808419511343,0.5205873869123637,-0.4868833285906775,21.011119856003003,15.130599796403684,0.3115042389786698,-1.2065310718598057,0.5550819115820144,0.4492836250395075,0.8568638480666991,-0.2016720181816222
215500.0,0.3040818178367234,0.1978266373611054,0.4206173071119843,-0.6284498468726909,1.5937989256563203,1.1288937801145211,0.5743585027382573,-0.5907680291097668,63702.9258828008,42592.08504731838,0.5678962947018148,-0.2869265480516048,1.4425496785588932,1.2211513631695732,1.1300053767008105,0.5991946895100111,15.14946581068703,10.247353633517802,0.4244593802453085,-0.8660213561547687,0.4345667406319149,0.3529444959605211,1.0542059493312248,0.7563644720044604
216000.0,0.3823682470610657,0.2680828323509521,0.4977372188207149,-0.7058364996486515,1.8422500752942443,1.362118023392992,0.5034811536757002,-0.8338841801501613,81397.25821400443,65050.81112677703,0.6784656612511265,-0.5608311160396502,1.770372233662083,1.310192319098637,0.888482749900741,0.0766252167725709,15.208046427426147,11.061730437949835,0.7274767841389946,-0.1002842111398671,0.71670959603187,0.5481416935847904,0.8730564553078112,0.122956133748393
216500.0,0.4571811718704212,0.3293976315640848,0.4970689415447587,-0.7835080238115522,2.715758908242864,1.6045249079448003,0.0298400249439354,-1.1044537478535743,132193.99049670636,96750.82405044488,0.7628812930934745,-0.0196440256496037,1.8960527933754625,1.3152659517549043,0.4030814866773882,-0.8895107796759998,17.285591451585674,12.688493161790548,0.4649823252559522,-0.8793909431541884,1.3625640194699846,0.979460136262338,0.8296223384794043,0.2249400670153361
217000.0,0.4910659473260709,0.4003956542345518,0.773382164610969,-0.477968208931824,2.613135041338836,2.1307856960503955,0.9778911991317144,0.3024237427131067,160137.19242368249,132815.42398845838,1.1194214335751924,0.6101200559744151,2.172780884193505,1.5664803325261467,0.5450591097483923,-0.6687013237651334,21.501592111314505,15.181995159059204,0.4317859224814009,-0.8089503361994419,1.583115800385749,1.3642816257504495,1.2281736920313155,0.9054128240808068
217500.0,0.9798942840687718,0.6847047560446573,0.572582687008124,-0.3618711960270504,4.082717376708553,3.1518835366452227,0.7632939304498201,-0.3361538678464382,339612.0280200124,245868.8096206892,0.6103399012407171,-0.3357446919528919,2.1335726808850124,1.6791566022534568,0.8311896359672303,-0.1386683390524865,17.95493862517491,14.12361513397687,0.937955411329194,0.2417789928586429,3.1498915221284807,2.244219550298013,0.6876308380474168,-0.1615561493163513
218000.0,1.5016475057074974,0.9413670522690474,0.3302372614149836,-0.6983846249931647,5.263041755082651,3.657009254392863,0.6120327438827768,-0.4564962097449045,568399.0189147795,356963.89923782763,0.3278378787083137,-0.6802754186353042,2.8146312571583554,1.8885289361570412,0.6571087164607411,-0.1061651271346044,20.562361128526483,14.678204955491791,0.579862580173022,-0.6035471851642202,4.421164031716516,2.860223293051219,0.3709590548526827,-0.704219874314985
218500.0,1.2577538904170424,0.87281884356896,0.5978524003044057,-0.3173657717259415,4.793789614820812,3.4759414442825256,0.7219721988550237,-0.1853007563385356,466312.0606994119,342189.33873471257,0.7313962731264163,-0.0272968976170755,2.690928613763783,1.9211255170361847,0.7199996464947176,-0.2383476550483387,19.56918108212999,13.636479810256672,0.7861686854744818,0.060916825862769,3.577079139181655,2.644542107607622,0.8013168229355823,0.0983115994584107
219000.0,1.3797389293420326,1.1005559750586558,0.9521174630136308,0.2240220844854876,5.453322024292709,3.7916527583771953,0.5357434459397873,-0.628945857266968,524944.1928900307,435657.2610065801,1.018891652658388,0.3131888495515498,3.3221931135335594,3.1408975125715446,1.0708517577380627,0.3003671360989144,22.50249199062745,20.776934404297105,1.1173415787471552,0.4147992153326636,3.999722855234559,3.025608380912726,0.7508772761953065,-0.325113681290798
219500.0,1.6066360653375922,1.6802580365562412,1.6227208935653017,2.115449441488341,5.716288809029674,4.793062162366241,1.2959219851479384,1.4960449179214717,604940.5530942059,622155.814263521,1.4890438784860132,1.575552723989702,3.762743633639394,4.113353383469103,1.6824307112704535,2.084347063510557,24.77559935379632,27.492842033334757,1.6134766620601095,1.7916005754413025,4.459671988123354,4.29494866414075,1.3760918905889306,1.2674112770514032
220000.0,2.163724951078443,2.0768634679233906,1.2849532041973089,0.8521908180630575,7.27510643889269,6.336243768200571,1.1123614942242277,0.5991490142627272,699740.855154969,713884.1179587357,1.3411594244584275,0.9158220497589088,4.68555574563521,4.58478703857792,1.4340835047736058,1.3459632930113905,30.44201397966251,29.78170704821884,1.4377847576300526,1.358898926226792,5.06285049014806,5.089003809947424,1.3560428162382414,1.0009673193372557
220500.0,2.134599940935696,1.6432216335540963,0.6657169156044723,-0.356766266527547,7.578852523282492,5.581300032170735,0.5863449815639034,-0.4683374861022749,680898.3613534921,543675.807098184,0.773790563351778,-0.2317667634308762,4.620557701808363,3.5326834233666946,0.8208036461565419,0.2128887599775293,29.232215849513743,23.04503225957678,0.9567005864016112,0.5094023648803532,5.296067713159043,4.10084605374993,0.7001654873861906,-0.3789139515297628
221000.0,1.7086128294574077,1.435530462241501,0.5497859331533868,-0.9703143383896532,5.744769532087131,4.607290499797736,0.5651989739608535,-0.7724678031505348,550787.2417684299,470221.22867964784,0.5620299638255198,-0.9052763958144988,3.6722804665810136,2.9150823844276554,0.6163805748512281,-0.6600015870486171,23.856235845212023,19.63715302015067,0.6760569441009158,-0.476335075978374,4.424343814171953,3.7188099685543112,0.5784603533321943,-0.909465038177204
221500.0,1.917371609386019,1.566322302826356,0.5370861878983769,-0.800094847996045,5.825920191614538,4.578127399545391,0.5898937652485735,-0.7421385441642232,664666.6005332565,533567.9688720049,0.614480463896423,-0.6192057873406855,4.452429930734569,3.693346461065584,0.84462884160475,0.0722877511695032,29.734612426761505,24.290398825677023,0.8697622863384408,0.1797599926935738,5.113444692140117,4.007166804740001,0.5694539549872395,-0.7284843719852288
222000.0,1.875530085445308,1.457405404838639,0.9617221311555112,0.603278217479899,5.235854079525035,4.251257338947126,0.9259105553295878,0.0681020200496718,694947.9537845214,556138.9281487579,0.9437074963627096,0.4859645885538426,4.801527863034012,3.5610847063663744,0.9539093338852854,0.813753905332407,33.43930674481162,25.033121735572596,1.03725859811909,1.103363802197629,5.057124390102506,4.150280952469098,1.0355643389214229,0.590146106574295
222500.0,2.1567234801500894,1.4958559029061274,0.5707696053579712,-0.3444398830026802,5.488479187287366,3.9483312865469946,0.5136923938616234,-0.6067518354343044,798056.7881003029,564327.7872490741,0.5127120120697959,-0.5186566116837352,5.491958449205857,3.700220415085223,0.4502098256903026,-0.5355242434288887,39.53707325248581,26.78541014943196,0.4811095333987623,-0.4677298816532702,5.353109053153154,3.894276562058956,0.6143727144470467,-0.2031946610253845
223000.0,2.5492064939979597,1.937876222581576,0.8157868744760349,0.2719279931275591,6.746960500291848,4.94069582483121,0.5561406516332229,-0.5213747471758245,880291.3880823853,645623.1762707046,0.6008429961973699,-0.3003356164103139,6.553260891531393,4.903988233792008,0.7783390105430951,0.1895118907714135,45.35476774888527,32.925252777789616,0.6868010521450418,-0.0415974787916457,5.654498395842762,3.97689431282343,0.4266337398920257,-0.77518791791422
223500.0,2.968165170532292,2.5297975108805684,0.9263923173859614,0.0525233545184828,7.877657143703357,6.062509902172335,0.5478075589150426,-0.7187266771199763,994092.948677524,837990.1186054741,0.7561645332728345,-0.402531352805112,7.238641179284602,5.916322998136363,0.8534915519182812,0.0749490816280573,51.66357377148079,40.251009251398834,0.7231750362643008,-0.1956954410766513,6.146579626685613,4.876157377490717,0.6644428358132407,-0.5016824980421677
224000.0,2.6370651144250385,2.046007057267859,0.839359756957621,0.0807985679641105,7.180171572612525,5.463536015529268,0.4945920005543291,-0.8006425327250764,844554.3138200226,707362.9755092438,0.9422849799794264,0.0957359035789577,6.263604245229624,4.458276328509834,0.5888569162901583,-0.2362957475388754,46.44238285959386,32.083745830331914,0.399023723794267,-0.6772688092198917,5.346027968780005,4.816909329448678,1.1035400427299351,0.332727042831793
224500.0,1.604509405552926,1.3435051039493238,0.837332171719353,-0.2265562664631772,4.298810311423109,3.830452648447261,0.92143021012329,-0.1605419094500297,527619.4067899246,499609.1048648543,0.9003433601544862,-0.0921365555308613,3.851052177651191,3.0385230080997165,0.8949847365330567,0.2859791851299555,29.939058728050128,25.61101525571769,1.2398673739446235,1.255566702447462,4.032221165089963,3.777462048510183,1.1181047609777135,0.3425717273370972
225000.0,1.5247080720513146,1.3674539815002236,1.0928930556500005,0.4246605142243052,3.626298514041925,3.075967552788172,1.226146908824278,1.2657942445685784,529953.1300022792,460990.6904085039,1.132093534933756,0.8527679462098576,3.707929429383666,3.314802232365653,1.1710203766102854,0.6663855168655775,30.90650738758511,26.80100702169341,1.0644893891021323,0.3747259892955745,4.233578298938534,3.3618623256458644,0.815664421298647,-0.1105794305006497
225500.0,2.203097475267899,1.7500781204780769,0.9112759738681706,0.1375286551985142,5.986130783731848,4.322414373507164,0.452147183876342,-0.7338374515608508,805805.7341846761,608282.5667822998,0.64033450790659,-0.370005504263565,5.344951059649882,3.9891776033869992,0.7082173416263393,-0.2911117912899188,39.012565468245526,30.302900932115858,0.795166069035835,-0.2406590436537388,6.1735770740673415,4.614577863515331,0.5090210502261123,-0.8044153853947686
226000.0,2.187346992959589,1.5137473782980295,0.4684509670607748,-0.6539692317566561,6.56772246308208,5.211888529983456,0.7235895780332303,-0.4508276001204789,835312.5242982692,589564.7826261545,0.3395542437629024,-1.0989605392908113,5.415913765097474,3.631265843766137,0.4017265686152526,-0.7956467578270137,37.67548556108096,26.116358360331905,0.4731672313337357,-0.7227464225062556,6.417778060748485,4.5626318596068245,0.392092118768306,-1.0252249152818902
226500.0,1.7218927063402645,1.205827961723666,0.4560516299127427,-0.8619666401430193,6.101587808885094,4.925176038850855,0.9135071828899723,-0.0180985331082532,672451.3149162079,488212.97171202506,0.6220589367751787,-0.5124891030581011,4.379995730835879,3.0635590534134747,0.4655826399473732,-0.8440976835910301,30.43512810402094,21.12949179882333,0.4679074601941056,-0.8034822250823797,5.235971905308968,3.747184749611784,0.5705823594528242,-0.5915081757582641
227000.0,1.5297918121398335,1.1471793599819498,0.6054773054941495,-0.6865198144648841,6.959189136595714,4.450312697913819,0.360235969844927,-0.5387803047111612,582062.3694724147,456249.49726242287,0.7360102994575923,-0.4128977059262642,3.927040221272606,2.8084862866078915,0.58614832755306,-0.6060234428254452,25.17207315301075,19.16464446911193,0.6317212622071915,-0.7338893324893458,4.99400694838086,3.5761660943067546,0.5403317419734517,-0.7317417645856454
227500.0,1.64851901892601,1.173041575836363,0.4525797163461011,-0.7860620519870007,6.481097686601391,5.101321000144426,0.5252349496915402,-0.7706924639748056,643873.5784948883,446104.6824987949,0.3317334985493154,-0.9870717885538248,4.411599333705808,3.017356038680016,0.456248227214852,-0.6176807871153231,27.16939282950256,20.97157987358238,0.5981851744879533,-0.7013391462362213,5.409858875479129,3.6161288478265146,0.2288861623493878,-1.097078624924867
228000.0,1.370178332501047,1.1022815941441475,0.7035790017233532,-0.574193550198534,7.380801573774795,5.534897582841775,0.3969190021470752,-1.0203966772841877,543268.9132283464,432264.7406024609,0.6224713902893645,-0.6286584039308551,3.5643942486401965,2.7322406153961856,0.6355894202659014,-0.7372904251390082,25.448666276680697,19.937263654566117,0.6933980350901341,-0.592997425804513,4.694304901369318,3.710139082675504,0.6845100066210619,-0.5393082814471679
228500.0,1.3670450854094744,1.0409168513460243,0.8244160362509264,0.033083041434736,7.897514942912366,5.622934596157825,0.8187998321063131,-0.0350956819134826,572183.9738063485,386859.80643137,0.4923376565865396,-0.5125775217662936,3.383377104985241,2.544499690594014,0.7050995522606305,-0.3999304689799805,26.226686731916757,19.93526046216499,0.5725171514306665,-0.6912059554999073,5.006125256496325,3.2646245242146748,0.4049062244861207,-0.5205835048745171
229000.0,1.5249019245987687,1.1626196250905787,0.6809236838223569,-0.5863713291113806,6.7973045154425416,6.856165209879097,1.2584831257517797,0.3167626596073338,490404.33204171335,410823.1820252423,0.8635932174511772,-0.3481022220649921,4.2617383012264725,2.886833587224047,0.4262451185179608,-0.8114362725706181,30.476591383383905,20.326953240692976,0.3962282637440358,-0.8189964153100493,4.2040009232027815,3.7560636632240656,0.958314685302716,-0.1863615997022583
229500.0,1.7987672891437927,1.141733878596567,0.2091548808188528,-1.0174152130663698,9.169927764293648,6.5261927172156,0.5375275459126717,-0.922479929299779,577680.1861835559,375362.8745507439,0.3714395958869677,-0.7598891537256076,5.904157952875335,3.3399993788635465,-0.0640881713016529,-0.9915055397720168,38.46831915589413,22.856005141792465,-0.0138328377472749,-1.2322166654022275,4.914740706460221,3.211509479664288,0.5318890689751492,-0.5706542779549686
230000.0,1.3434763664189178,0.9204144228807414,0.3534357096435457,-1.0681214437479245,5.97990007873505,4.092721675807531,0.4267245581788987,-0.7239182341845303,426178.8008403191,310870.03390789294,0.4684876577684737,-0.7682292894090739,4.296355738620869,2.878495262756028,0.1726278272251113,-1.1868064907450078,29.21731594736974,18.62884202174589,0.1605174729595834,-1.1298812410570245,3.648996659617551,2.6294845006964,0.5878304243782992,-0.5956846651487346
230500.0,1.038374530691192,0.925307211249546,0.8768577328421636,-0.3348919265183636,5.045385312630805,4.038759476777464,1.1616044637872451,0.7863550982872622,312976.3324657289,282141.8805527909,1.0476961111218608,0.2730821244053687,3.470039545475983,2.876832700223933,0.9285361826042196,-0.184208389901594,25.823809219777257,21.661479145289643,0.8086494012920469,-0.6332105602362597,2.510272716247216,2.0532800774963134,0.8984138603038914,-0.0592420143907275
231000.0,0.6904978100095711,0.6100831119123785,0.8796904255118827,-0.5026889370959107,4.130908454744582,2.8340011223007324,0.4866738934020269,-0.6806397367769783,257856.3188691745,229072.23944087623,0.9633897473185216,-0.1501845580647258,2.313332124146138,1.8667002884685584,0.7938163646762604,-0.622604165022389,16.992488986460145,13.043434590690644,0.7400420151343723,-0.4306773014509222,2.4171034043037154,1.740664320040055,0.804797183448896,-0.0526331685593621
231500.0,0.4691918553506625,0.3814053638722499,1.2356124132577602,1.321996800542366,3.279693140839769,2.1971035998257245,0.5357699367036156,-0.5900900613148061,198909.07086740172,163262.32314648989,1.1265348554800951,0.5609764157767048,1.5506031546392267,1.3342444522127128,1.211488148549463,1.1494563620938836,13.90592154208788,11.639824964610185,1.0603805032028824,0.6260264673712892,2.258353532513732,1.619008209162632,0.602260664106731,-0.5520669597944585
232000.0,0.4660851221170664,0.3884818151366946,1.792394371996867,4.342119752498989,3.600511732805048,2.169484429240065,0.186819015205534,-0.8907854546537521,211418.9450850056,151098.49757526885,0.638205530289324,-0.2235868334467414,1.4282548188839754,1.3272785278732195,2.080415793364138,5.704749652843022,11.030118446429483,9.091155384791534,1.527607030671102,3.372817971904695,2.3285993928870936,1.4647844993483603,0.3114768524912801,-0.809407827565241
232500.0,0.5456647573473087,0.4033407266115913,1.1915709510348214,2.327897602796725,4.555914593495624,2.7381965770451684,0.0364272339601158,-1.1971023619150931,265484.671046164,187653.7764136404,0.5275573961054199,-0.7308011046518756,1.8819550270112653,1.4470943885373255,1.2371042005262962,1.8428424626490152,15.147842617966996,10.223893114727082,0.6108287176858779,-0.1475374013123587,2.9755306745600394,1.7842115742114348,0.0586274125289666,-1.0979889967424843
233000.0,0.7210040209158709,0.4412467618373569,0.4217455148463144,-0.5036982625210955,3.963000847080101,2.664586871232524,0.1731654963858927,-1.3148696317511075,299050.62523776985,213368.82846115576,0.2469867500509986,-1.275052143757928,2.706583842932047,1.612175406814729,0.148890887603289,-0.7796332989242445,24.00950570874613,13.52978512772062,-0.0434180638659521,-0.9375183837102848,2.7012023709393254,1.799103063876161,0.3407984013540046,-0.9657512371077708
233500.0,0.6345719439960426,0.4556619332232435,0.8327760214709703,0.0568123745383286,3.038313683925255,1.8673806660012715,0.3560884596959895,-0.573040550204535,258667.779446974,166855.38530294824,0.2658099865570064,-0.8786008005943207,2.490865677397655,1.6579633344357971,0.4740845382864267,-0.6008395555460035,22.59513003706303,14.505236578466,0.4532113968126255,-0.619622663677772,2.50758231665216,1.7284251674164797,0.4489636261091703,-0.7858720431213664
234000.0,0.844385148592639,0.7570646309805098,1.287068963881373,1.000457471307465,3.344116676945152,2.3894811144049464,0.7499836893779742,-0.0443996511985682,197988.9778640717,132605.66027469875,0.4415936269122046,-0.8242736177934673,2.707905956500273,2.210953932850204,1.2010276953381764,1.051021775077734,21.970836919784336,16.789448441175608,0.9807653034813636,0.4809420276770888,2.3717751083894987,1.8491731351710072,0.9760120434738891,0.2967920468987697
234500.0,0.622147834834606,0.5020018401670142,1.603219015016312,3.399394235658764,3.07886123661966,2.524631371312512,1.1731878986822954,1.446563881766246,129652.80958108976,98044.86702515626,0.8192497762037871,-0.2463511827803257,2.363182797715077,1.5385333645998132,0.6696447577675375,0.4474885763566436,16.43360718543893,11.347111143468624,0.8192551491048036,0.4795307473827424,2.215871318615425,2.038750627249038,1.2293107860436938,0.5492626981890951
235000.0,1.110908211086984,0.8918386083820531,1.0555699579260127,0.4548568435826836,5.406623764733504,3.5221312330694303,0.2017467636071928,-1.0418140177024764,131287.9373452322,94191.93862916034,0.7184034291352909,-0.4664466858222145,3.8108362103705087,2.6815652127853373,0.4926563743013606,-0.6930504568346776,27.10240455628424,19.10919952465609,0.43677995534536,-0.7570740081907683,3.0137647636748235,2.906614920540568,0.8503366283688284,-0.6804973238384449
235500.0,1.050232700236291,0.7802651799668052,0.8127439967427097,-0.2100651284062684,5.736516235591006,4.922393915566617,0.7531415259185887,-0.6195384771918531,175866.68778503875,102886.86198952344,-0.0218924253479222,-1.1084550575643402,3.525737457161304,2.508075410316931,0.4720602138524636,-0.7819611336128318,25.507997762246458,17.857540524599546,0.3668007674557674,-0.8605047731360354,2.3014911261336266,1.640991735085079,0.7421800358484795,-0.2578940172948827
236000.0,0.7973331999575349,0.6587117482139682,1.046254371912129,0.4295102982571972,3.939664514680409,3.322013584643066,1.0630499911678992,0.2543469779889751,141711.16853462625,93898.57550135648,0.3528114824234193,-0.9664137889815518,2.524458359145328,1.85790823732518,0.4713848772929602,-0.8646126968350769,19.83357051573441,13.754979853492673,0.3798510498213166,-0.9786648214877752,1.8367647485008671,1.7315016348260002,1.5824422290703537,2.278510908623372
236500.0,0.8185509547978673,0.5658684752383795,0.3909893136016185,-0.9326171514674302,6.0432553178246575,5.633057740917441,0.9356128084437716,-0.4984119937344897,171658.913640319,115285.21873381946,0.4177373357658525,-0.8696053698171724,1.983968279314225,1.5400426705735526,0.9273183276156204,0.1702302428854691,16.338864355804386,11.268039202361496,0.5914403595403369,-0.5598260007348741,1.1930991021543067,0.8749259309167522,0.8514574683014751,0.2760511472642384
237000.0,0.7551104376182672,0.6282980919723355,1.113438666031141,0.9755206079851,4.963795908264147,4.545638006423513,1.128902943764838,0.2653712922575661,158923.9891600607,131531.92849909872,1.2641417173610732,1.3998884326401697,2.332486816482888,1.6825552718322794,0.8599970347087504,0.4703614140770904,16.216719946916797,12.132225139753862,1.0192531799949816,1.1921562758831057,1.6989654156454594,1.3438422480014784,1.03881820160667,0.6504588061752696
237500.0,0.7580872267028254,0.6992420556374641,1.6661137076658643,2.8076608045752662,4.407284306546084,3.934396596445891,1.3800755521869148,1.5427322926200846,176864.72199744152,138022.93482584422,1.059090274772568,0.9973530958671102,2.801512507989672,1.9656569788689264,0.6637369462868284,-0.0531036984328814,21.31930713261877,14.00905687016008,0.7306064886149612,0.4529860921239099,1.567803121132734,1.206309521043384,0.855732810792277,0.4790242243207618
238000.0,0.6300019988684047,0.4770200449546405,0.9689650634032336,0.7322851908103516,5.04835271006198,3.720787361469923,0.5774330444146438,-0.8312672050224834,176712.44955709646,142344.65055559174,0.4926333622660266,-1.10355598124679,2.312028488431284,1.7688614627155848,0.9130163610662948,0.3030155965530272,17.165113607472165,14.322766533740506,1.0466252271385474,0.4450683519137119,1.8016597188490928,1.238992600798986,0.2332238431534113,-1.1426577694946638
238500.0,0.8224591115914835,0.5316312492883906,0.4110238776618684,-0.8229440058604469,3.521880842840014,2.4176439782946857,0.5202112596179777,-0.6641785690349256,158720.44983903776,122571.43896244826,0.6381349433454729,-0.713701674367984,3.212612735503229,2.067614032090621,0.3215693168287638,-0.7247451499342974,19.54109202417109,13.802769367171551,0.5756159103676495,-0.3499913618690313,1.734593157304828,1.1869311154150612,0.579105056339329,-0.4280790120865743
239000.0,1.056129867690303,0.8194585309693408,0.7384877507478265,-0.2342052434823149,3.3253159585428134,2.142850792814869,0.2963802151274641,-0.8276059980744606,175210.88084975997,123227.6501911442,0.5096996024751086,-0.6696295193850221,4.021617329008127,2.7430221050223422,0.5179746754266527,-0.6341520901768947,28.39957249676069,18.05275072024781,0.5553965640833204,-0.2171272838644182,2.2038095936421285,1.6150120011231957,0.6485649690130194,-0.5660379147922989
239500.0,1.38322689569573,0.9842674569555512,0.8787848235318736,0.3904765991678793,3.4909888968685885,2.8253246449952334,0.6764581754140983,-0.6873764424037359,191738.7013798728,128958.5784553794,0.4156976438522795,-0.8410781474159368,4.716005039770767,3.4321730902163745,0.8795423072652093,0.3373411681101945,30.767333097473763,24.766991717939707,1.0077556481444356,0.6641699912575594,2.7786871365906745,2.001538138595547,0.644911473470372,-0.4722325197273456
240000.0,1.6052544270730564,1.0433561524217805,0.7709906285089957,0.486828009044459,3.900315734360537,3.0169831594059,0.7740022184593136,-0.3650066348975351,125733.574575232,99815.564827776,0.7918049982111326,-0.4247335908077758,5.312336941246028,3.5333707449996727,0.9359876729305014,1.054297596130808,33.81303476926019,23.65313044693877,1.214992865418068,2.0963070775841146,2.5414801299366707,1.819446960812012,0.5859494694413689,-0.6762929743585673
240500.0,2.0458924176967974,1.3723189016773012,0.5405002180272238,-0.3325009991822001,3.33058358105055,2.372406441072018,0.6974017158742005,-0.404553738288175,106684.32653617492,81041.64208278405,0.7641111856309674,-0.1682746383931834,6.631792228250922,4.691824309710292,0.8040558123018765,0.3214838071278008,39.92339978683062,30.09048963971014,1.12301978151983,1.2197556481164007,2.320917744270064,1.5026447573573152,0.4921451327562661,-0.4646432927817985
241000.0,2.287666812794777,1.595083231055017,0.3675737715185413,-1.017326715777984,2.730878277634679,1.8413419632415104,0.4736765748940094,-0.5923801526730643,109450.8202282306,77293.44812053864,0.5785345176302565,-0.6794002984297736,7.926645434645012,5.463631118608284,0.3660378456695811,-1.0440221810984471,46.04225105333914,32.85114009007017,0.5067926666219772,-0.7254742157851624,2.519001006776862,1.6404573610792,0.1846488582189357,-1.1134514617786546
241500.0,2.0180351431662165,1.565438083696769,0.5903303344146559,-0.6201420320531827,2.51114147001865,1.6092256605885475,0.416755239561896,-0.6088654031063854,134657.77820716525,99702.75420073264,0.5275154773981264,-0.712747573888239,7.052274383151533,5.388781976589501,0.5396272885923563,-0.7414883518010753,43.638615914373865,32.58098581073062,0.5057709004686728,-0.749108480679705,1.9034209388867125,1.5194964185690367,0.5402832823140823,-0.920836896631048
242000.0,2.156229683818826,1.671125396488944,0.8115272060676623,-0.1935832105005066,4.367200993685824,2.799515403968927,0.3308244085259814,-0.9570541105698628,289995.86594106164,194535.95669375663,0.5735340593898285,-0.1444743067146414,7.706775713011405,6.169235144256662,0.7853780222526628,-0.3462332848949629,48.99786992494654,36.526590526139735,0.7413641904154056,-0.2955719585385963,3.244980182998971,2.4596895781060715,0.7446384634126343,0.0150075277885481
242500.0,2.504072640713966,1.8138184163287263,0.4041369938728336,-0.943630011978858,6.326826602080459,4.205479619968592,0.2340953551180862,-1.02627761834797,424969.07191784383,306687.8345496403,0.5385698504538813,-0.6073491268702544,9.111813772003398,6.540578585272409,0.3583182189318837,-1.0338926616206725,59.37025215811368,43.01834424538874,0.4414152766633765,-0.9615222670839922,4.545279158800908,3.9800519553834017,0.969127477604649,0.0565295853548319
243000.0,2.216075530332984,1.5117065144684023,0.2259322620929552,-1.1094167304567235,7.8459542264955395,5.253070542896443,0.1823644380416914,-1.317534389922336,533086.8950560152,332312.62464130006,0.3060205934895334,-0.7602048372138719,7.299843579878418,5.3064532443643975,0.3689560007509018,-1.0718507187525426,54.30670696636962,38.960767048602506,0.3268767861043231,-1.0904138298040094,5.526512291489713,4.057493575570723,0.6896874231051264,-0.3879137215719965
243500.0,1.4284626803270597,1.1069923444291283,0.565517349675412,-0.6414378598141326,9.609292746142865,7.16751022429522,0.2087784600710815,-1.384870542270243,400115.06270696153,307319.5841272155,0.3980816342133916,-0.990097343956851,4.487390513494609,3.696282925404853,0.6954785797839541,-0.61148287742648,34.90375022814213,28.928757756797847,0.6534979140284622,-0.7121753285413481,4.994042157700986,3.56757756628344,0.3037621885495001,-0.9463725161050802
244000.0,1.032172359207315,0.9131055843450984,1.0393459198909698,0.0457265053536395,8.405373890879481,7.076948170337944,0.9513091770838326,0.2963423310320223,284706.9164358255,248535.0034166204,0.9924364940556982,0.1148726355238598,3.342227847776841,3.067328100947813,0.8962634132319863,-0.4313539929080709,29.411066087909216,25.307894610072264,0.8967025092437044,-0.322334929460391,3.176345337581436,2.8490289494652035,1.196198540839695,0.7892552638799168
244500.0,1.4225193937833511,1.02074888329765,0.4453627744701393,-0.8064816190509236,11.212149611528217,8.555759824757855,0.5893489111605056,-0.6593070633009517,505831.6385473349,369750.8469629361,0.2408848245055083,-1.32381479988906,3.663910079714451,2.922642017735268,0.7102486132586867,-0.3833023563173792,38.13192235906033,28.09123720475789,0.3935311988940825,-1.0130673134206474,5.646369210375806,4.139999361969976,0.2710002050450359,-1.2842113200074057
245000.0,1.866948212093136,1.2921243368613342,0.5920532220800915,-0.3333347316198765,12.755953826026634,9.82402787375756,0.7545988023967376,-0.3640519290077844,669865.9600256676,453938.5427575272,0.476863012496032,-0.6011744453113645,4.991599259574457,3.4907414960618026,0.7293047235913422,-0.0078489183172885,49.62047403148396,33.09138412892383,0.5213523150602921,-0.4131569166922744,7.406787422733505,4.9635322715767245,0.4395693058489094,-0.6812889087749463
245500.0,2.377100183481189,1.8002131305636253,0.348465014902461,-1.050355931692628,14.21378976159676,11.93289112460665,0.5780828430032825,-0.9140422290797056,823765.8922662791,675790.3475473255,0.4175778582481422,-1.1742779602592872,6.059151386062705,4.822830651123248,0.5674842034236309,-0.6896193918667302,58.67874194144839,46.620768150751054,0.5237559326584095,-0.8432319277682789,8.658056430240505,7.183224338515441,0.4760298402189128,-1.140767630970911
246000.0,2.6833707547410457,1.8017053809755668,0.1692140189264362,-1.288929962380845,17.96984755567616,12.480950427095667,0.2195041318867329,-1.1548953822468602,998939.4414790404,676497.1695146945,0.155804560565855,-1.345849308374682,7.376446406617121,4.664835888124404,0.2798039972384114,-0.8435238852053679,71.37713640239312,45.91804980888449,0.2209155685471899,-0.916366501593464,10.721133981735566,7.45271164327145,0.1469148151269308,-1.348171451901087
246500.0,1.7746509413247915,1.3040297777652985,0.5064378187110767,-0.7670169004999696,13.328927877318105,9.76359736813692,0.6692834935521279,-0.4288070973049436,686985.8131721809,503348.75952660944,0.3290421902278768,-1.2169156097398075,5.100312246506016,3.802937363043368,0.6513314251710317,-0.5371800580920643,50.36452653054856,36.675037855816,0.6087932225209233,-0.507100690209147,7.750465658160785,5.762145476427161,0.3130703307183334,-1.261659827079765
247000.0,1.361157818381166,1.2742392446195174,1.039825951451093,-0.0291200383357654,8.716562474295978,7.36824568709711,0.6633902447981087,-0.896612123986285,443089.6787356814,419092.51179807086,0.9197413811494598,-0.2138239738613547,3.477483010977481,2.878926492800288,0.557034242960919,-1.0691016698959588,36.70874989163344,29.43675556789314,0.5984153735156938,-0.9319546666844404,4.8060590939678525,4.3490196960916725,0.8908354384413207,-0.2785482523097973
247500.0,0.6452708067014284,0.5598833937704325,1.5557466892740477,3.3945334667850435,4.751348738180712,4.012117168497719,0.957774968149304,-0.1641946155024638,206180.23727223385,188635.6202550488,1.0078530589966257,-0.0394673337496525,1.972755121744576,1.5310509840025908,0.9274745601731476,0.2535513075748041,20.37032917522578,16.124396361842273,0.8203649818042392,-0.2817543861896765,2.6381774394190853,2.675141079778561,1.15027421665419,0.2821425015719869
248000.0,0.8399398578680941,0.9100014602402752,1.347410384962634,0.6976096532174694,5.092483904733174,3.4971353364479936,0.691240919032955,-0.1030591495963442,202509.7649563377,198734.24394322964,1.703333475034148,2.5566232403306177,1.7889203822049384,1.6515499907911158,0.931371636390642,-0.3070749458309274,20.80849293004677,18.474203210412863,0.9983989531241064,0.0186187749552093,2.1107614324946025,1.956855582617253,1.1268867623311198,0.4483232612830417
248500.0,0.6082782853152566,0.5142153256422721,1.2334464618401482,1.0852350631761647,4.150638189056504,3.451400213020478,0.6834695576157506,-0.8035854009198169,183910.4339130476,122489.30561009474,0.2781280939635652,-1.0439645829404498,1.8893427769871125,1.4076867081472768,0.7621366988334612,-0.1282089190810889,18.237451852161453,14.019709782292818,0.898456750054935,0.1827142388458065,1.7201735377300138,1.2013065199061388,0.4438513362955609,-0.9210988831248784
249000.0,0.9359507568809592,0.7427863161999969,0.8271748416375988,-0.4187291133928803,6.139458951486545,4.753092145338801,0.5228005267835241,-0.9799881992886736,242714.13535390637,141010.41808117792,-0.1296578860868743,-1.0482350226672286,2.7580545984814173,1.799778529163243,0.1642451480769605,-1.122748053315195,25.89350809763483,19.617974867729107,0.4921655406829162,-0.9696568361913692,2.1269565027912867,1.5247102130440504,0.7024811041683741,-0.0909897450314325
249500.0,0.9049259028707962,0.7375302226795541,0.8454957690886885,-0.2678397795502181,5.593420757802181,3.988670979406504,0.8726807745485184,0.3540242381131153,196424.3389807228,129653.66908774064,0.4772845342568838,-0.4091138532486931,2.6086558496761696,1.9416015632887464,0.7764217574794855,-0.2613333077946569,27.20413442862306,20.955132866168903,0.7715095109723975,-0.3578549429614202,2.1818745859202355,1.594484090161051,0.5469529050898682,-0.7002057391084291
250000.0,0.9146261229151909,0.6139504034139945,0.5326583113732714,-0.6215601464141041,7.351022819406578,4.6940592475424765,0.4461603785655177,-0.6440534874493955,191442.28678074383,127167.72092311156,0.4882550462585259,-0.7308152855170222,2.571159954901287,1.8398191050125947,0.5678263600365253,-0.6296401836294789,26.369753726329478,17.947738633760245,0.4925663176594848,-0.7312196708101983,3.3510360299184514,2.355195608319782,0.6775593862184518,-0.4170882298021521
250500.0,1.0814947584883865,0.8294537521629067,0.7641183819540467,-0.3821435858024351,5.777501955979955,4.272568376761317,0.7036048558800422,-0.3166046061851268,161329.46318423186,103157.19130518578,0.5909095709623763,-0.2565894092540821,3.339188452096516,2.6319557173733448,0.8020913231659664,-0.381623202427686,32.98141683673162,24.63100211126412,0.7040662793038804,-0.4563428685723529,2.6275194104417907,1.9123674327179356,0.9187965619081676,0.8846988788351373
251000.0,1.1201496888725493,1.0501262900894428,1.004918822401312,-0.0733722938730068,5.5221840329708725,3.771398709609764,0.6800225263970968,-0.0423169328653165,149352.239750861,139442.53053161962,1.620410840005905,2.4344508780792102,3.315720901736782,3.3189561474389646,1.2069425139250547,0.4292657862737332,27.335587243659024,26.973726536530595,1.2159035148666095,0.51773747584082,4.266700717835854,3.2865437786737126,0.63369998434056,-0.8746881856770048
251500.0,1.396852688645433,1.026558341280767,0.802218259613453,0.0340826840995247,6.976365968743408,4.9260236473266525,0.3676564863152874,-0.8797940463081582,316823.1177240631,249088.2210662043,1.0937356324581573,0.5003489599304896,4.257412014695201,3.366200541232713,0.8854885630392917,-0.0784586200464239,34.65797252151645,28.785937787115703,0.9956600990519564,0.0665692768779262,5.019080722199639,3.609595009900962,0.5374469168948793,-0.6508092944756716
252000.0,1.9176713004280688,1.3747306705172866,0.4774089954702022,-0.9757917315632548,8.125053250810735,5.773682605996722,0.4867330933035965,-0.7749541674324307,444142.3915232298,299065.4343919942,0.5034663984952195,-0.61956136015232,5.970403263157475,4.473217138558161,0.4424135993570819,-1.1369709510952628,46.59682342691231,34.36983323972704,0.3794475133554121,-1.1672866895462122,5.710283175670619,4.0188190788869615,0.4599247947475931,-0.8828109636710999
252500.0,2.033069359931881,1.4214707564111986,0.3011095707144672,-1.1190869825802172,9.506834580887594,6.585322354552718,0.4929511313346978,-0.5437741952371793,667479.5809740899,448472.9826262322,0.3691421706747611,-0.900364303991394,5.862968498208014,4.280718581686753,0.4904218754718019,-0.9922675776588514,44.228440470422,30.054062103514056,0.4062922836669799,-0.9633504253167192,6.357061351312131,4.499093780337147,0.3444002697481407,-1.0237113678186822
253000.0,1.5773063437822776,1.0818494795730145,0.4201949902814232,-0.6801353267026524,9.011857341654377,5.8088704820089605,0.3103426634413568,-0.8484795834439072,562085.7328011396,394398.9769888482,0.3247004301890675,-1.0112491541194566,4.667570809987984,3.295550483125929,0.5841959448326571,-0.3806740068570602,37.269828799257866,25.511309653575484,0.3632710997041428,-0.8091395029423931,5.459011717321905,3.8475402375742607,0.4809648540399526,-0.800002589252713
253500.0,1.4961510355506749,1.2430053665729588,0.6059310076709097,-0.9674046698045804,6.099655235954661,3.83575437885976,0.3535587355849441,-0.4687635933901384,461637.2522840581,344762.25022170774,0.2357411449680128,-1.3606858112120792,4.539871792072586,3.846800091708179,0.6115635327831304,-1.0247094016716738,32.10787720050105,25.196717412244865,0.5356163595329658,-0.9979914381477846,3.665728717454568,3.0789209114006355,0.6634842567426681,-0.925319298442092
254000.0,0.9725456855722434,0.9015308197005716,1.2280856416320447,0.7885848456117719,3.934052663682272,2.698945586738274,0.799303973528744,0.1839395599595716,351117.83490894747,356877.17222332023,1.6121752306863917,2.0185598953578223,3.1853968715228658,2.7242524250241464,0.8569812345615152,-0.3370078662023053,22.017645059004018,18.64307022608809,0.7598196357408458,-0.676953305068313,2.617095869681214,2.2519001837984525,1.1977091182325703,0.9970066217814808
254500.0,0.7893542707290441,0.8054078606786879,1.572490576809288,1.9850348063002168,4.258766909570039,2.925770580709732,0.2936329267661603,-1.1319069502280483,340841.4770701979,335672.76974933484,1.4570941687851116,1.5151100828020443,2.515198364404555,2.0060585733341627,1.1941918383625063,1.3271351866193708,17.415785812499525,11.907304811741268,0.5749518242644927,-0.4314028247809616,3.3959528474577967,3.1375127045084024,1.1957622077941936,0.3596923289525753
255000.0,1.329685557142205,1.0117902155670295,0.6823891438997872,-0.5578220510946283,6.215627190329925,3.642898682278378,-0.0341872625412154,-1.2285798095047018,675036.1073856533,587343.8289751853,1.0114953028028555,-0.0758234596654583,3.076530371657748,2.4427591804012967,0.6001488397840204,-0.865643120933933,20.504460755562786,14.246369702431506,0.4865796311785043,-0.8335207463539005,4.540235857522557,3.690882436711631,1.088380606770449,0.3928602741106819
255500.0,1.2114956186739705,0.9590300792928332,0.8299164004657316,-0.272335574335063,6.609335925797006,4.312256426468382,0.3276147410015588,-1.0198502475613471,687658.3578538063,520713.35216313193,1.0051906967850126,0.6214949270190844,2.7912466242836667,2.3507412094849465,0.9452226761047764,0.1735530486586092,20.2404062565432,16.761804625019987,1.212150898802362,1.1210628476219515,4.283856343114086,2.867509980931347,0.632645834126614,-0.0134499795001072
256000.0,1.1791429289641668,1.0917377701385045,0.993829757857669,-0.0781418248817757,6.031462827634629,4.239902598349979,0.7210240493605905,-0.1267599454107002,793313.2863404099,649079.6421340718,0.7562610145281609,-0.4413107352828223,3.3257043180952994,2.45384619291966,0.8617623555628882,0.1105440878510397,22.58574527447055,18.359907901423203,0.9473694306526972,0.0887171434866762,4.5241738737517165,3.8110678454035303,0.7234097356871656,-0.397531664772238
256500.0,1.124115817378749,0.8752447572429671,0.7762876571522805,-0.1923582405670827,5.842670791908986,4.722195944663704,1.1480179677786946,1.1115524210441858,645833.2645163917,553980.4115680048,0.5704445230000238,-1.0552131884010016,2.9129530901914795,1.8154152050131764,0.6171737804419659,0.088090526114144,20.56535891339137,15.400135727035051,0.8544836337215242,-0.1628168883172525,3.3358325062620837,2.5235717460861293,0.8978889520932238,0.2014557369003102
257000.0,1.2121563221907,1.025610705988686,1.6257038871457636,2.641627414267824,6.745244563905167,5.525906843105865,1.2379659431183858,1.4280473288866684,436760.0740503424,318063.74133374344,0.5751089348022137,-0.4972871252254549,2.815156936835125,2.550864130364625,1.3536826348821254,1.391015710798139,21.67027732853839,18.61741373083785,1.092046039250773,0.6088776090529731,4.868674408999597,3.388918143340952,0.6017431968268567,-0.3350299991930314
257500.0,1.429625729666547,1.3902503826576968,1.5783004084460015,2.1204746686888294,7.682521043680063,5.721642491230064,0.8421880592775227,0.249044814559959,351045.2526278439,251415.784184939,0.7800550480871882,0.1043932362480308,3.867148956532469,3.599216692403152,1.5170662116673497,2.053319941445356,24.993013704236496,22.38706873553541,1.376858311998744,1.732664270147929,5.119509785419439,3.641331137901931,0.5702607942504575,-0.6737637863944768
258000.0,1.43820753278548,1.5437322843515815,1.4198600503323875,1.2011858087716414,7.916680473036769,5.1461926301067535,0.2812774051106264,-0.9530544090660596,255170.36871150072,218688.56942478652,1.0055558484603386,0.3011242372799545,4.737511227144799,4.400134069159649,1.1702587264561712,0.648957360825364,29.818192882130525,26.476772108606088,1.2098215206662986,0.8694914347883445,5.101776528893825,4.135585890887618,0.7477559462843862,-0.6237032715268871
258500.0,1.0726804606322686,0.9145422989524608,1.0871949667169618,0.5026421629258402,7.460313128160898,5.192995121558777,0.4943605129830049,-0.8963528982222724,180641.1987600909,140716.3880689709,0.8266312362586733,-0.2052224587922486,3.627787149563404,2.790695225004148,0.8956166176402041,0.1023606548469442,24.092057450137236,18.67480015089248,0.9271389026834717,0.3178101357120235,5.302834876276288,3.971155517219316,0.6546187770907773,-0.6283435109265625
259000.0,0.8717965030034918,0.5992236659429653,0.6064304644777094,-0.3628618589850663,7.488680666612791,5.280218225629831,0.3702205098583017,-1.0214661934396556,146107.9029562421,107975.7561652511,0.8258539682631957,-0.0816634025019822,2.392264365897171,1.9555749678323773,0.9694949426613592,0.2306407350095409,20.668397589220348,14.858296926145918,0.8579387594193678,0.2318939661302828,4.503858984335341,3.125935599469246,0.5768050257698538,-0.6044412089965081
259500.0,1.0125397527242477,0.7966235867315593,0.537136721682346,-0.7587199938044198,5.382234469482459,3.549856608528553,0.5452636138784958,-0.6300933076691311,128935.9831851188,97286.57308933366,0.7626346442061377,-0.3518273153391238,2.994326226408605,1.956276109645531,0.6176639994550102,-0.0951956527989197,25.452157922275088,18.54786835443997,0.4494255196773419,-0.7366758494599877,3.018071681223543,2.420845993191078,0.7529023159551325,-0.4459473660598685
260000.0,1.108531923408716,0.925153654704137,0.6792619202055772,-0.7453312017473581,4.64108502692665,3.170624454625476,0.4622662178955111,-0.826615056491955,152666.10466111664,95626.58378634966,0.144816996864901,-1.0799706643466462,3.320970448735555,2.4148601490037884,0.427040024503891,-0.987147769302018,25.328503375567493,21.07036813875363,0.6751332098466067,-0.7988895543162475,1.950510954024071,1.647254288803458,1.087939962162077,0.3432475562251662
260500.0,1.061009084978499,0.7706497789105663,0.5702256495875611,-0.6186244776067791,3.834393108757461,2.586997812961558,0.4352989297455555,-0.7986991835771065,138168.9203434502,94101.10788789549,0.1737746854692494,-1.2687324166132905,2.8514406802868133,1.9770389241733413,0.5223089782488402,-0.6869600778689442,22.06261018210169,17.467827850052476,0.8132127061408019,-0.2258591467852606,1.494842875438183,1.178965554060739,0.9022424269776153,0.1471816269786039
261000.0,1.0966411290898812,0.8224344249228153,0.5936553362228155,-0.6347090531965782,3.850452943186136,2.762287547093946,0.9122971917124224,0.5787563059589687,76876.66819548303,56647.59130468672,0.7953763432103871,-0.0025277492314148,3.0242411059010115,2.1836059471239224,0.4758510414859382,-0.8628176266648979,22.86674257774713,17.632665665691587,0.6281122337184593,-0.6586083615162899,1.41052935968244,1.0007284725313492,0.5720522690831613,-0.5132229977396201
261500.0,1.465002611512529,1.2119835746759873,0.6639211115970386,-0.5870180599782207,4.8002345528337935,3.571517965969324,0.8112602723486234,0.0987546428787773,112230.96201063774,77541.02892597552,0.5506555353111985,-0.8423004519288462,3.9513350246567778,3.3311975302157717,0.8355613730823774,-0.2471685281516924,29.22359570118019,22.62054900618404,0.5703058545368834,-0.6837520463019233,1.5512871942640545,1.2240298722386524,0.5567372364588584,-0.8044730983023878
262000.0,1.6123642507833216,1.1426181371606494,0.5240843313657134,-0.7430479567594896,7.453282498014064,5.386461662251027,0.6931863705087311,-0.420594324805208,99433.39268925007,63053.771505722936,0.3116182865054971,-0.5450524852133709,4.494026816672717,3.1457032255918445,0.4311186829990487,-0.8553628340242239,35.31209135220948,25.412370115869795,0.5667973914659047,-0.5778135122168959,1.7561282451509783,1.341237603659618,0.4979052956337398,-0.9682496358843148
262500.0,1.3931616575581611,1.1233837768854356,0.84149869993295,-0.230410017967436,9.444513352878882,9.082947589057008,1.5066698118000523,2.345168254283622,93750.10249645928,64920.35703316712,0.3968032871119342,-0.8814676374831003,3.8553235225465023,3.031434587248849,0.7356516063304058,-0.3972626444534093,32.315940118302855,26.059256296942173,0.6257431670489361,-0.3425612204709489,1.8693626641017849,1.3517531138465817,0.4164735211524163,-0.933995844880568
263000.0,1.4894946416223411,1.2467293830431654,0.3809076763144272,-1.3614619464305215,20.360048619866507,23.972648600919115,0.983244296385432,-0.4438962546353471,83499.23953419,52525.56697831435,0.3577955590997955,-0.5816927932280245,4.901890782057085,4.591889003133281,0.7746554812687522,-0.7148850549227732,48.66102458589332,58.22606771066,1.3515056720371614,0.5309243626481766,1.752219471691486,1.3783155726296326,0.365220556810596,-1.3519536871336286
263500.0,1.2446171474716603,1.20868258642968,1.0392948038323568,0.0537008829848488,32.610060927830496,37.275036826276896,0.9884984484551664,-0.3682564518173583,65397.48557703814,46939.86024531176,0.8387727807914362,0.3861984597649974,4.66192706088096,4.608686464448101,1.3915142959329916,1.5513397186695714,49.18371240937278,54.23214506176247,1.637239819642576,3.0314179694990573,1.1360413968029694,0.853675510336866,0.8266579590360941,0.0033965959370472
264000.0,1.3931265797574426,1.2141476450178263,1.0368608999367783,0.136884125380484,65.07537900046262,63.58757464195445,0.5885533602116151,-1.15644792271069,76235.54234361096,52024.4426054248,0.577918064106019,-0.3693527516077504,9.494862610566326,8.093890710534161,0.4555992043212306,-1.2238109063374496,112.49838410661128,107.92805713899712,0.6743078722875582,-0.9743911040182556,1.401156674067056,1.217077220826138,0.8995719247764715,-0.514008518532
264500.0,1.9256266279527896,1.8021654056978664,1.2135731991513952,0.6619804313565942,75.35281679932662,59.82665780992839,0.48348255374249,-1.0703397427015535,92464.44368113724,60041.42500250628,0.0995357997046479,-1.2624257647086952,11.147067869376672,8.625956152956498,0.4442634314581153,-1.0527060475977097,118.21523581367728,91.78607641841312,0.4200618885363772,-1.0861362528849008,1.0997126871339615,0.8798043053651047,0.7635463651839832,-0.3532958022756398
265000.0,2.6654602855996474,2.0345961953850558,0.3689818626300459,-1.1908187601734843,137.77297546406675,85.0005196343657,-0.2023317814175254,-1.5008037694640166,68916.99227032326,48414.01879801598,0.47535639028963,-0.6618861383373593,18.46410679264505,11.908023432532843,-0.0550962297588662,-1.5091199685394154,215.3473433551786,139.92597424548322,-0.0404341895183912,-1.5106044198860855,1.8401050407877584,1.042802697146689,-0.1424169727365372,-1.1599428821631117
265500.0,2.4576924010736523,1.389039242805317,-0.1719417471759453,-1.049280217367045,151.54757433106818,75.34313779613092,-0.7497336541188754,-0.77602763736519,116591.25712191766,60663.95601448499,-0.3751671457463668,-0.8980513921705984,22.66561836422985,10.648115476315873,-0.9529295979008044,-0.272863633486998,246.8617077457738,118.90146600647972,-0.9061259804532198,-0.5132165677454514,1.5095215351332063,1.097464493580245,0.6406975662682599,-0.5613138329612437
266000.0,1.3307201734202254,0.9739351446000228,0.6347473770147742,-0.5092883099850996,75.20783782798159,52.07691349897298,0.1463245179117241,-1.414870735626094,175034.94319868993,50133.90786599481,-1.1348205083828478,1.4470298860460984,11.838433522905255,7.543003267729354,0.0230773501885401,-1.1193573004385085,123.63530982383448,82.79147852478039,-0.0075375592469989,-1.4082404118266056,1.1938340810879156,0.9717217524533044,1.813559879628257,5.901244162070931
266500.0,2.011460221370293,1.4542201693182268,0.7964315456607195,-0.1164372253173802,60.94753142029855,48.08800270259161,0.4301553276976666,-1.1255897543306053,140475.441263021,55531.58604239224,-0.844128439990203,-0.2729929692626616,7.939872884591523,6.062647252249507,0.61022222247069,-0.6276552560301947,90.26233876047915,69.47584048840396,0.5898131050706613,-0.8526700476209541,2.156016363508685,1.234626678958443,0.5410629619920048,-0.1835881106663448
267000.0,2.467410620207753,1.7607926410262253,0.6456362309676631,-0.5546409509292278,72.74143760600644,54.593307190939015,0.2906752244030706,-1.2955387320744378,119689.75277453405,52429.64779329809,-0.5998990661122602,-0.557397436321444,10.38976554433389,6.725941365647541,0.07594848355133721,-0.8061743805456565,113.55826710320298,79.00686102467822,0.24685651698863137,-1.087498738334097,2.385190489215331,1.2568472965045288,0.4985055932771013,-0.45363589830818807
267500.0,2.9233610190452124,2.067365112734224,0.4948409162746067,-0.9928446765410754,84.53534379171433,61.09861167928643,0.1511951211084746,-1.4654877098182704,98904.0642860471,49327.70954420394,-0.3556696922343174,-0.8418019033802264,12.839658204076256,7.389235479045576,-0.4583252553680157,-0.9846935050611184,136.85419544592682,88.53788156095246,-0.0961000710933986,-1.32232742904724,2.6143646149219766,1.2790679140506145,0.4559482245621978,-0.7236836859500313
268000.0,3.098895973407534,2.160623337887693,0.44484991943521135,-1.0602255639971172,89.25506804585736,62.244880099802835,0.07721564336180058,-1.4259076422639767,90587.49669602886,47460.558264912,-0.1961481919412729,-0.821796906436643,13.906229682512441,7.639302970941724,-0.48441660281684645,-1.0428426418539212,146.05712226982484,90.44394450994065,-0.16696415694666766,-1.3218931677500463,2.791516721907567,1.2606327847653553,0.5063457812623606,-0.6271930168076488
268500.0,3.2744309277698553,2.253881563041162,0.39485892259581606,-1.1276064514531587,93.97479230000039,63.391148520319234,0.003236165615126546,-1.386327574709683,82270.92910601062,45593.40698562006,-0.036626691648228404,-0.8017919094930597,14.972801160948627,7.8893704628378725,-0.5105079502656772,-1.100991778646724,155.26004909372287,92.35000745892884,-0.2378282427999367,-1.3214589064528528,2.968668828893158,1.242197655480096,0.5567433379625235,-0.5307023476652665
269000.0,3.449965882132177,2.347139788194631,0.3448679257564207,-1.1949873389092005,98.69451655414342,64.53741694083564,-0.0707433121315475,-1.3467475071553894,73954.36151599238,43726.25570632811,0.1228948086448161,-0.7817869125494763,16.039372639384812,8.13943795473402,-0.536599297714508,-1.159140915439527,164.4629759176209,94.25607040791704,-0.3086923286532057,-1.321024645155659,3.145820935878749,1.2237625261948368,0.6071408946626864,-0.434211678522884
269500.0,3.9156808544487776,2.7835551119063124,0.0818206894208725,-1.4234019945231495,111.60434000071535,78.66375121967022,-0.1338396885443871,-1.5303114803797833,59911.24834749208,40480.010819635085,0.2347792317089911,-1.2014124143004594,18.754178599375376,12.12899673080246,-0.2992406764156726,-1.5214326162049086,188.5835544974286,127.2057083064295,-0.2519118052326918,-1.5530408038371064,1.8762222015019123,1.0876442091870158,0.1040887410329743,-0.7128630276906867
270000.0,3.183402172016862,2.5962018632231763,0.3682774229912095,-1.242306979914237,99.098403280291,83.72505625962627,0.2630251314165018,-1.6036019538222457,90278.25724637316,54795.00190345262,0.2103114325521064,-1.179022706648028,16.779937131971217,13.313715913457166,0.1997293249212605,-1.6978151368304577,170.2440021029602,140.6530050113269,0.2748624575896125,-1.6082824559413398,1.921528643213916,1.2203249214978942,0.5079882083461205,-0.4337231521990254
270500.0,1.6038411032004671,1.3512528666494623,0.9711201952257572,0.1987054761330626,59.278935240476926,58.72633816209603,0.8853564654585246,-0.2502884803846776,74688.55547142368,63766.24853865552,0.4289072668926224,-1.3880999281084552,9.161315857658822,8.57940276815032,0.9694660640944132,-0.0273811384255329,98.36717532708028,96.93164900863472,1.0187880930515942,0.1254949675468641,1.2608079620989598,1.0885912353962732,1.1739016871768608,0.8574018467892897
271000.0,2.432938742873057,2.159661266123568,0.5607864241809174,-1.0526493592552535,42.27650857569939,45.86420675568281,0.8199731039398732,-0.9141927710629916,41079.11453012469,38533.25217028735,0.7332085441962686,-0.8805803938796877,8.220640692955618,8.36814789735377,0.6851305747270257,-1.1709211024580397,74.48306188317999,79.32018640059479,0.7943529081651028,-0.9807078683273378,1.5838645445440842,1.106520701899851,0.4159582558892526,-0.8051779136980799
271500.0,1.844065007301246,1.540777754938201,1.3273237014777872,1.7885534385135022,32.6198415899364,39.87197372309321,1.3699938105308198,0.6520419374292499,48507.5130637337,39907.810482907975,0.6542976281647145,-0.8798662820622365,6.754429038727011,6.686002006660612,1.332074207612029,0.8290030548748049,60.076303679156695,70.4825985972991,1.4355627108568745,0.8485014032738167,1.5420858154818755,1.0621415723042047,1.061059850240539,1.4694749508516898
272000.0,1.4258408755206606,0.972613939991707,0.1740302324299149,-1.213857600197443,17.11070053615145,16.821398601953387,1.35833975445565,1.408525412306588,28905.134792036937,22646.939035861946,1.1243638598461685,1.179260138109652,4.005544648255195,2.943499060916366,0.6630099948398054,-0.3192092684452894,33.1894776267277,28.907915544591717,1.2024509128951937,1.206953660379126,1.8738884751922609,1.236721988296011,0.5928416524193508,-0.1174370264294344
272500.0,1.2203096591346128,1.1362513876345162,1.0066618486758656,0.1840262557393392,12.17645531521179,15.997854471109363,1.7705072986751151,1.8757379666236185,28258.756617424628,22213.631741507397,0.6260798713625941,-0.726448870700724,3.148359910109856,3.2523139908158654,1.378208945128873,1.0026644414799524,26.0345900515508,30.92701224404268,1.59395164706113,1.413800419431814,1.3730563883356235,0.9550344941997512,0.300930034379559,-1.0582806969577585
273000.0,0.8783065746785248,0.6005948076351197,0.3564141427441967,-0.8427255277239243,6.599015199974476,5.502300884185687,1.236196336783061,1.6812300458169958,19053.14653138324,12695.913879661588,0.1918769113986465,-1.0079294158344627,2.0705619601246648,1.3758914664883013,0.3678061466336847,-0.8292009010295631,17.206946659514067,11.587860711667648,0.4924696662585527,-0.2208422547042983,1.80621467469546,1.1221131947568628,0.0538497431436364,-1.12515859996623
273500.0,0.7667173230212034,0.5622850529096184,0.6542884421914057,-0.3517267719849677,4.580390756443126,4.561875054897857,1.7401374226584334,2.829596155648316,16352.69355985993,11367.060429567622,0.4965643832966082,-0.6276805584624281,1.7312681923532645,1.4068012338434754,0.7648366559864695,-0.3340562753644196,14.595027586252725,12.247895997644024,0.8361809612217883,-0.1734878756406597,1.356380862243809,1.1022397225877796,0.7796458563576657,-0.5040179273867866
274000.0,0.5338915571813123,0.3927223140693266,0.7563669780462383,-0.2243643707399627,3.6651362112948034,2.5783979997492863,0.4005962070921645,-0.90327993454189,10341.515464690585,6517.472180176433,0.2869904859265638,-0.8758021736710209,1.511785956462239,1.1444553192585758,0.7110963345393643,-0.352261396599169,12.511401908217858,9.71190500169158,0.7782823112376799,-0.3053823237264006,1.1982890725143172,0.8885737788553644,0.7160649589873903,-0.3086634341803496
274500.0,0.5296118877213744,0.3778030992228731,0.6426499412085271,-0.4217343782905862,2.708583779509943,2.088917237358266,0.7205443502247159,-0.4508684883799359,8043.048221767389,6112.731646559629,0.9422554787107644,0.4792468175289506,1.5021167763374257,1.1375401840878696,0.8643640745552086,0.1898571032244569,12.884271782603934,9.530066858811036,0.7206825611241953,-0.3140645856734121,1.205452531619034,0.8725630407401594,0.6448040970231557,-0.4511578111510763
275000.0,0.4671440573603704,0.364341898882325,0.82102219236207,-0.2393409925510639,3.200857977205612,1.9189665727980063,0.0245633477497689,-1.0611342466989238,8944.174338184184,7887.951928106369,1.3679277726104218,1.2805545942948608,1.809585986248133,1.2004625259383666,0.4525805583093142,-0.6518719327586027,14.237704742123704,8.94937153805883,0.1790104550542303,-1.0584412939130703,1.3814576695026837,0.9425092226231342,0.5392282729235655,-0.3493941442584036
275500.0,0.6857927376960086,0.4629364702733764,0.491080997041142,-0.3782013395378567,2.566946101050985,1.5946470717059218,0.3537306128198751,-0.72654031764564,9373.013684049269,7828.78400912578,1.2522565576374725,1.0836863560449157,1.678077634725566,1.1524661060437495,0.4451809976893802,-0.8780981522846751,9.942913853838563,6.914473223642384,0.4897247845238178,-0.8105848790367829,1.0259903741675305,0.7378079204904108,0.4094494654350079,-0.8596021669244833
276000.0,0.73492147519088,0.5321858044350021,1.2963908470393275,3.4776521147022645,3.0882542637829573,2.3252858137479477,0.9550050292449768,0.5065789125429774,10287.088053184198,7194.49127542911,0.7532501779075356,0.5639489112546046,1.6757957496635467,1.0862485641177402,0.4059955145100394,-0.7076551631838641,8.707723427948798,5.551109224354351,0.4207833034487005,-0.6349915641344945,0.8567421593380999,0.6123765552106282,0.508338486406613,-0.7523683377781554
276500.0,1.180229950465034,0.9965401590149616,1.113782692847033,0.5387811625125893,4.040496754337886,2.8524067160822435,0.9049148160871164,0.4703033285790652,16672.66782878681,10838.364365345567,0.3076927355891239,-0.9183420901543666,2.483508490136052,1.653646973277396,0.3574003375926387,-0.8586443046570835,10.922489334303991,6.506440711875042,0.0227098942510266,-1.1128463817046794,1.2173910353379207,0.9182986059849813,1.0390438307909176,0.7598381894438444
277000.0,1.2724062966090233,1.4259391755883075,1.8211114719527537,2.6021277636428604,3.212580881749754,2.1001201428565035,0.3242318021488299,-0.7876151627846801,17602.846788741546,14936.937532575512,1.2416389129719636,1.0180487918856231,2.4715202286295628,2.196567222918869,1.3747323498293145,1.5080131779062675,13.357343660492894,9.55330479540986,0.4729504212950042,-0.7205234162424716,1.3179513242187002,0.9935947024950612,0.557846098172438,-0.8261590172808688
277500.0,1.16469507294495,1.321060119966412,1.6367185714588792,2.0127717130386804,3.027405096609498,2.2641166312648933,0.558461216021235,-0.8075256531092441,15185.098704485124,14392.013337105867,1.345034634242551,1.2152341074015167,2.0834247725141277,2.0995799616256794,1.5738013149149217,1.9968771976428328,11.383258088267691,8.152245134016942,0.5715119050701507,-0.6183393972591174,2.070922799736141,1.4380924581853496,0.2552195311934158,-1.0432080222753812
278000.0,1.7787889140327504,1.7262455696623251,1.1886948732049576,0.3631637837260237,3.983757332373763,2.6401787432016546,0.7192102823775414,0.3811698086224577,21102.954963519947,18500.690700448515,1.142456200781662,0.3718001515684959,3.104533407665512,2.560976946445078,1.040293504749332,0.3498818671485515,14.301158024593663,10.23383924585415,0.5758624516429487,-0.690235477923721,1.6260629855208846,1.2054232962092604,0.506821375691537,-0.8128132046220489
278500.0,1.504976883464554,1.3455625390825612,0.9100859036690409,-0.1741442733628746,2.9580193169914133,1.849862815981368,0.6708478904326209,0.935607580661784,19789.398791971216,15385.581763568782,0.7740562959594418,-0.3555076571454889,2.419161111942302,1.966995065080988,0.8600196640156574,-0.0559729019539667,11.263127540152242,7.999082552684555,0.4188492294404518,-0.8520994462710267,0.8852856348472974,0.7469440983950923,1.433007948932144,2.495005765995315
279000.0,0.995967532812465,0.9155034500460666,1.6263472796290843,3.5519816318662034,1.7993766608661064,1.2703189039755642,0.4941825738377282,-0.8882915999187402,15127.398671855624,10862.217523792797,0.8580593875775132,0.8997640779428577,1.7053709990613313,1.5210999303678727,1.4763751351957408,2.768853661509451,7.625227287652861,6.337034156731038,0.7908665730099106,-0.2965084026586355,1.0471146271955216,0.866556397014124,0.925077025451753,0.032730760407484
279500.0,0.874779162349712,0.7185250587783247,1.050904312399039,0.7206662608144536,1.6414749118231142,1.203790096997097,0.7759130958618639,0.0400465343798135,13279.319393335429,9582.289698659504,0.7365105923765838,0.1624174014378887,1.542141411600109,1.2187923950156092,0.9013323235443974,0.5457464092152455,8.535233478043484,5.530647391176154,0.4500690674856023,-0.5768720278762856,1.109455795920107,0.7941024404693436,0.6897757594496334,-0.2468758957204651
280000.0,0.5290177666330371,0.4431285071011393,1.902223483043313,5.542060180490335,1.8589892260644816,1.14719820136624,0.4908470249581363,-0.3633289519418254,9125.670670186357,7185.103437680053,1.1965253181835376,1.6911159760379046,1.1286358334904618,0.950804675882749,1.5741472734663424,3.394954954304411,8.288265114676378,6.209489543996867,0.7214573554942074,-0.2143059660263766,1.1024726579518205,0.8081072323143735,0.3805371642274894,-0.9902454608688842
280500.0,0.5884585515982625,0.5371004582007409,1.1988015824804206,0.6410220208231157,1.7165505422160026,1.182137411987099,0.8633485351891921,0.4844436336624218,10612.071776737324,9882.364182733814,1.2934250608516884,1.033115582575646,1.294635771481136,1.275660087427165,1.3256075416853574,1.071105637611332,9.93403870837332,7.794569497744352,0.7448258380230406,-0.3955358925648684,1.6011513967284554,1.0818627306776911,0.3772898527244235,-0.9104542851511956
281000.0,0.717072402958856,0.5025863221927144,0.6264492244161983,-0.5261132535820785,1.026452867377191,0.7905567350036701,1.0496944152668923,1.0090464335711422,14854.18014093025,11012.821593442311,0.5137260423571428,-0.8182428830906829,1.8491442765908412,1.383040226083332,0.6646697615821721,-0.664308891986324,13.683841390657705,9.321316123685678,0.252807603898219,-1.102891812968767,1.0724415578392548,0.8871833498285885,1.2412178820887971,1.231758950483722
281500.0,0.952672968969934,0.6804079087771628,0.2414427392116966,-1.314074303035138,0.8172533484539999,0.5831553177694401,0.4099219997711517,-0.9420926527829514,19396.843845810454,13377.107938695508,0.2115260396598297,-1.3012043380359462,2.395325614985233,1.930681926212182,0.4526673846817053,-1.256812230951682,13.00781032696919,9.29284203514058,0.2792912662122346,-1.1893401944711,1.298772673543371,1.110587795357947,1.0922064313106363,0.246397294848629
282000.0,0.6259324509936832,0.5766112290451066,0.9406694079484994,-0.3057351219181035,0.9163461912557034,0.594016426270736,0.5306577309797992,-0.2240545662340882,11634.199127772714,9249.384667339433,0.6706208736294336,-0.7003317690239985,1.5412602200610446,1.3513941113011323,0.7801677363927273,-0.5808988617866229,7.544411404238649,6.7729781425848845,0.6961304153595312,-0.6301461107924573,1.2979862101707569,0.9505618834463312,0.6078768199126025,-0.5882907313995038
282500.0,0.7363114915296239,0.5585708228177346,0.6792770003408417,-0.5674422660012799,1.195969759220451,1.0839103494218374,0.8020700728553125,-0.7191082435144978,12141.929431103892,10045.629852286773,0.7566172508224004,-0.608762788373284,2.124954268663565,1.69723991809037,0.7108830703656785,-0.6164345626996544,7.5238539898701084,6.945616535653962,0.9699675149578636,-0.2973515747900346,0.8543804268171815,0.737552664229635,1.2597293797452425,1.6292701301928734
283000.0,0.5789357006755995,0.4656660988656335,0.7318148507298624,-0.5427218744717877,1.3166617822376758,1.2992737065136477,0.9919584684603496,-0.2360091647271285,7562.974355908219,5917.578314067937,0.8616879335542307,-0.1000269588865978,1.5649643148709562,1.383656707048971,1.0378016387167783,0.169397413419793,5.683412214344042,5.031549935344105,1.0429680673416348,0.0170451773875734,0.704326443496219,0.6654427671489987,1.1649513276903276,0.6046834766371991
283500.0,0.3994434449984436,0.3137243498097396,1.0686091684060914,0.682155982888371,1.9892984217649043,1.4723174835883543,0.7786474524574121,-0.1066868316137266,5377.636309314382,4131.7210886824805,0.8078319313516231,-0.0624302334991133,1.005321164926931,0.9911950599330406,1.7702134416384658,2.8009289524067,4.109694575311173,3.956008637699996,1.581535165126002,2.3204515857631263,0.6517529125588033,0.4961479053251857,0.7246333357745282,-0.3400531067273982
284000.0,0.5397206090523899,0.351262612138885,0.4910308624298361,-0.3188940576837242,3.5338935524806505,2.3804226569729705,0.3996962258114555,-0.8456624560564525,7657.560012408661,5271.382178913823,0.7202385458506269,0.2239515510936929,1.293113317458917,0.892941528380052,0.6398556901290253,-0.0216742772459732,4.001790880340638,3.307887930600021,1.315587029519047,2.0767860272260963,0.7668945259540921,0.5134850871463545,0.5195904356315687,-0.4187097068630629
284500.0,0.5927126403693332,0.3720894413377069,0.1085220676206054,-1.2529891558177977,3.742598842488419,2.5730679234001395,0.4708020750298414,-0.7839076802986784,8233.914334792207,5280.904481511642,0.2889939432383526,-0.8366976100267749,1.584551516851912,1.0219431266142789,0.1650010956584655,-1.2133551394753652,5.809992421341599,4.309339927833276,0.6157085626145083,-0.4512039210971208,0.7837986788750483,0.4819867979009196,0.1783998251928481,-1.0206811415910373
285000.0,0.6213407183094577,0.3834034243895895,0.1892995953901061,-1.0502203984365943,3.511317686824168,2.2827023390296923,0.2951973030827025,-0.9369746499189616,7834.113927962204,5619.781726030217,0.4718632265056787,-0.8305777904556835,1.452710530834273,0.9959100819832896,0.3111772359624501,-1.1540755300830905,5.050030199654691,4.171423378910904,0.8210724161263122,-0.5213979426740569,0.7599806726784065,0.5092675477968239,0.3339219959238604,-0.9419785843824098
285500.0,0.4392899488668452,0.3399031855985387,0.735166195945363,-0.4790414087371388,2.25155895636578,1.896186317030757,1.0302185852618382,0.2084021844395573,8613.400369284014,5984.534336438315,0.4363484687862136,-0.8353973639459871,1.0700166292548876,0.7543114690183905,0.5481293924516318,-0.6282847894355741,5.227820023880081,3.388022808474671,0.401603591297175,-0.7773615266751595,0.5946534368661304,0.4059117802628928,0.462322336337397,-0.4858055077643883
286000.0,0.3220921022409332,0.2700311821472492,0.9025949559143058,-0.1625838796884382,2.5596180155284487,1.8122987069443643,0.6046179244561007,-0.4644100019990489,8871.425649793331,5967.450630480589,0.3571460535285639,-0.7848517287446732,0.7449070335688868,0.540778573294297,0.5586339377863305,-0.7097319589294901,3.8572515644145873,3.3976447200105238,1.2165105160920366,0.9200966063213256,0.4347832137392462,0.2894993515656822,0.4173277929102293,-0.7987729445027747
286500.0,0.2597906296615127,0.2018560906917672,0.8594339124696279,0.0215365359306622,2.3856760562180326,1.8803837643815908,0.795204201064777,-0.2616571729830461,10880.062966617048,7035.451109606976,0.4895963247518942,0.057425766298516,0.5553579381477225,0.4117627160200695,0.7204152831465322,-0.3420397850886862,3.488840372457429,3.461441465879398,1.664280020948519,2.259957750594742,0.4839160867600473,0.3136194405470445,0.4234272953110998,-0.584309813529531
287000.0,0.3080231123936328,0.2250641948898916,0.6943347728401805,-0.2985402593116446,2.6328206344014884,1.8953322271344897,0.5231445283806918,-0.927632921921944,15787.751456687904,11733.004396444228,0.7463641671923218,0.0018224010002891,0.6937584484148809,0.4723928826581473,0.8486981511506902,0.3840760663769158,3.933463594240819,3.391157369841368,2.065702325431463,5.165625210617339,0.5232594532229146,0.3906126437558496,0.6896142252785339,-0.382270336756866
287500.0,0.3005474215007003,0.2278637801171474,0.6777706779748942,-0.4089865023863579,2.538836089552861,1.8180114330850288,0.6950702553519872,0.001232995434937,16549.948279158845,12469.581163925328,0.8226085150761251,0.0799915335281289,0.6412598119917899,0.4926558869976454,0.6320142086667974,-0.6564620485888724,4.549635529829587,3.937817394473873,1.3842461167153193,1.7448530327096892,0.5239540834140584,0.3766907431699427,0.7297770692052078,-0.1988502728775407
288000.0,0.2849834662413953,0.2164557753529467,0.6245185812854074,-0.5733599131350293,2.6810252921800646,1.862850256092134,0.6615236237727221,-0.2033745781956177,15052.751103665272,12856.411750067036,1.1012430629802592,0.4579976344521084,0.7829261972668167,0.7349615815223891,0.9695327284951208,-0.3971815899477597,6.356570409806929,5.302800937762804,0.8612663523582829,-0.1602026103118881,0.6613649977577122,0.4272062183418488,0.2220426390752321,-0.9736125827093725
288500.0,0.3426431251994418,0.2560671652871997,0.553321300246874,-0.7384090619095818,4.895582919523288,3.3641840004519232,0.2848256236157901,-0.9939299910061026,24637.291776878905,20274.167760821103,0.6224244171826345,-0.7975224593550907,1.1645692621193031,1.0315278725686985,0.6770094468472211,-0.9441712611838406,6.699765813334296,5.129413291853264,0.6117893494224532,-0.737686207618661,0.6011602886830737,0.429942834026668,0.4103911847747617,-0.8932244752024348
289000.0,0.338687115252973,0.2572061348283639,0.6073007842344337,-0.7860730748491997,5.028819998633461,3.4835747337460456,0.4384070263235393,-0.6384194972467849,33882.034368432105,21267.78634646877,0.1646739571007383,-1.0920713321584825,1.2720636329308923,1.0872223796976788,0.6326129651583601,-1.0039568812778292,5.489369988145832,4.13102030150046,0.7150045633344518,-0.2753349208267566,0.4827751691330549,0.3597510982497131,0.9479340535684788,0.6731946364881982
289500.0,0.2702648044892554,0.2019263773335729,0.5143606526755257,-0.7966879864375969,3.121082834463176,2.1912919167694715,0.7516287080199779,0.1306281242356153,24245.642773878957,19421.048574398847,0.5165087044445287,-1.0010170572853845,1.117844695943223,0.8447822505259782,0.3856184419595469,-1.1383843666055793,3.3069001541341367,2.712957515274998,0.9689135971155186,0.3088991666604355,0.3889207531167302,0.3527374312566558,1.5584613591013263,2.4800992949510405
290000.0,0.230386340280421,0.1897200016625848,1.0085185488758373,0.6722289544547264,2.0720926631840166,1.6109460696293554,0.7569420237897196,-0.2225950012301689,17653.731698269854,13413.68831625037,0.5638466266272841,-0.6141408993612565,0.71397306291453,0.546971223272431,0.6971955173491654,-0.1867576561245116,2.11199738810318,2.277063312022151,1.7891749523613016,2.9920986591695984,0.4712385023923817,0.4390069144839129,1.7427842734890977,2.8922544669368184
290500.0,0.4110971724907654,0.3284154790944472,0.7270930299983277,-0.3825038054734739,2.1052404240237896,1.304706491690141,0.3200277200819206,-0.6800996176166678,19200.781182912237,14679.641801675369,0.5527154474016394,-0.8883562909543974,0.7116102738333323,0.6067468521521971,0.9597689618452884,0.1836288704703044,3.555449414277457,3.0352921782470395,1.0096623489426069,0.3075194595419961,0.6746535556208408,0.542935606984108,0.911131858312339,0.2592911570978522
291000.0,0.5670036425524687,0.5038011523277228,0.7507674751476304,-0.519521025936891,1.2984851439562852,0.8819456087117167,0.3795114043801214,-0.845153764065564,12729.790476058995,9672.59380256743,0.6787282824772031,-0.438576227923718,1.029818062560952,0.8565275981554658,0.7152992369252178,-0.6209315205364176,4.902055416151173,4.211935664496922,1.3937235336959524,1.9066385863449036,0.7272934621067993,0.537867360390177,0.5905140966790982,-0.8335241782430431
291500.0,0.7213033218754544,0.5871230378834973,0.6431593768767647,-0.9177646542471608,0.7863507345083253,0.5575079860481331,0.7087963414374665,-0.1846195410603548,12860.813902711196,9127.513615354495,0.777738711813888,0.135938566711312,1.328135462183436,0.902481140565298,0.4811721870352761,-0.8230202149892336,6.155347279718366,4.675808416876868,0.6150256983243408,-0.7019047436570713,0.767711284650293,0.5706360081853992,0.4861600578636616,-1.0015480243931427
292000.0,0.8105837199286562,0.6769067778509,0.3588488681810944,-1.435174215822856,0.8740259185318674,0.6216479823222795,0.833538375609604,0.6265605316017253,15338.937729769084,9395.260245363184,0.2404572128854406,-0.6434171801619355,1.4445069529033605,1.1532425836693936,0.285536551244021,-1.5426405145939472,9.271132810579168,7.567019941888043,0.9575384909782686,0.0080505676789179,0.9865334226656812,0.5997519536486847,0.0972244294825832,-1.202752603124816
292500.0,0.4052298190532938,0.3974783224921282,0.8226797328564817,-0.5027762747320925,1.1559674166362364,0.8973791095075039,0.7046443492688639,-0.269787092803198,10544.998542415851,9000.706314833897,1.1049234312589191,0.694468158912692,0.8615708148613431,0.701716031997799,0.6021002262417248,-0.9784541870184024,7.817693221469778,5.811288008163256,0.9317207359002232,0.8539551377730819,0.6210865186457676,0.4366082630702294,0.3641258928765886,-1.1089486614608224
293000.0,0.3774061538937944,0.4390709024993858,1.3893186048608166,0.5764719973348802,1.8933169426561596,1.5686368750571678,0.6152668094383674,-0.9870839256390256,14153.42718705877,9832.808481808908,0.6436261486570917,-0.3714681144735596,0.6884212306360069,0.6591128020201847,1.2764620559202182,0.7070651627742994,12.967030034302727,9.983031615332017,0.5898667694440831,-0.7245784687386263,0.4664998917707582,0.405927940851559,1.009069314903374,0.189837345071405
293500.0,0.2655380041452754,0.2539901401270862,1.4255107416836814,1.3435063745658224,2.715203306528569,2.124007531361771,0.5166979738451875,-0.9439850650260642,14361.31881421779,10222.786244813582,0.9220194469227092,0.5335163622417189,0.5706190187300586,0.4398093318333301,0.7027870046796421,-0.434143931375949,13.086562882852007,8.81182325340177,0.4184455247454994,-0.7476279713977401,0.4289876363683462,0.2795486691527746,0.2899882906499992,-1.0194926374413744
294000.0,0.3051214652137465,0.2720206458843485,0.8065959527230088,-0.3989827358759648,4.550889931460497,2.706059138468178,-0.0918317212206283,-1.133672042759054,19855.662156824965,14224.209409682482,0.7005698949680916,-0.3119807458675057,0.6550049308855511,0.4323605523972589,0.379493488617794,-0.8710858579200376,15.0239316556705,10.658545685351282,0.3668847502292466,-1.1942900026499654,0.4439420613880869,0.3225532936099636,0.8793625634601144,0.1588393463165687
294500.0,0.4388388603033809,0.282918612569556,0.0764519370529102,-1.3403193518939287,3.8952438862247303,2.822322991808722,0.3830788445579229,-1.054882796398876,30051.08968125206,18721.893944913987,0.366120105445563,-0.7986341088315276,0.8104682724685248,0.4490341486351422,0.0198538373899609,-0.9270121141067906,14.348523128289898,9.72046685788482,0.4782602418823696,-0.6575354010167707,0.5163835346163507,0.4274413882920767,0.954783495793918,0.0130477706280354
295000.0,0.3349282966093744,0.2399050822509184,0.4687138113406947,-0.81909051672109,2.9386991691695843,2.141991007045297,0.494692430170958,-0.9122002721277362,32069.34764223754,21232.94120092868,0.3480656467802952,-0.9618491703098891,0.7433216983496089,0.4819598360235709,0.1513484815972932,-1.136013631431793,10.820764358464269,9.828058490003295,0.9611711896082628,-0.2563135424128617,0.6085721936147257,0.4803551382379625,0.6833732984026314,-0.6849533317867271
295500.0,0.3099557596592227,0.2429867390854168,0.5309878532456043,-1.02303691512853,2.823546907104065,2.08637918184083,0.5459169992606203,-0.7051897285175919,26058.978642764767,17022.45923593833,0.3830772844912292,-0.8034145262400227,0.5521490339080555,0.3665154668029566,0.337869171732329,-0.8864605757243593,9.018140990885025,7.747154310771476,1.1949881486644425,0.7225461700857148,0.6397688696184293,0.4388703783305008,0.2973823485496103,-1.1157754564230034
296000.0,0.2247901999223075,0.1773934500105262,0.8817265656625617,0.244686258620518,2.042715555388921,1.5093060701891363,0.450914291154911,-1.044058767306147,26946.774628011248,18847.098770337965,0.6253268545739962,-0.4298359419014508,0.6980586363733586,0.4390035230916085,0.1092110578096766,-1.1406701968524835,8.25574201075898,6.919595059817538,1.0194528348336709,0.3983632656045883,0.6269732253312236,0.4732839797524174,0.8675788555176478,0.0526308474020296
296500.0,0.2172895152559979,0.1831507221488838,1.3427698898659988,1.6675010974708968,1.309566785521906,0.9302233057656286,0.5921097967912962,-0.5690888916623877,26922.72548403935,17371.596611412464,0.7949668556656156,1.1998278756758278,0.6692374507396993,0.5441168219312406,1.3153261591583785,1.4300013722458775,8.617077859506786,6.524204982153293,0.6008586653415644,-0.4922001278603112,0.6336754912774428,0.4470356397950263,0.8906556706961193,0.5406649910886134
297000.0,0.2146696601903667,0.1716617227467863,1.0835914838727136,0.8585132733017069,1.0565132574108071,0.7260953135015877,0.6106786193822349,-0.4810709978565262,19247.68811770393,11770.202829127307,0.4680307417361967,0.1046471204086105,0.7336070403482982,0.6124705435398176,1.0875767636759912,0.750294931397903,6.637669899416784,5.17323069847242,0.8646350549337976,-0.1345359845235045,0.5719780820371049,0.3755405602169206,0.3477645038093124,-0.9199606101147824
297500.0,0.2715509609375617,0.1917021839169707,0.4926826346323952,-0.5432576689224584,1.1680141448013803,0.8306783060772107,0.7072107783784971,-0.129051202152806,19372.670999776463,13224.752050751496,0.5585815866742976,-0.2486946708819362,0.5697893993418507,0.438987393936542,1.0680266925255766,0.7760888374655592,7.334036982225395,5.142570170481914,1.0201490258624732,1.438693544283037,0.5216017293102175,0.3755254468151643,0.7169379142839529,-0.121261028752575
298000.0,0.3082715675592855,0.2122081872936306,0.9896562820786704,1.262487342339731,1.1165005938822925,0.869832847416113,1.046594657927654,0.7753573336655171,20410.632886644333,15592.1786360045,1.1198650780997306,1.2443062352339131,0.9089675013892738,0.6815580043131699,0.967964760207768,0.5800275518056233,7.247814076950314,6.260095931566807,1.4728677783092612,2.183172863386809,0.8829878224660869,0.5543147712252123,0.3479630238843818,-0.5494428641149018
298500.0,0.2861591107894298,0.2530259096281642,1.3930621363632074,1.671919155111785,1.3054825791431603,1.1363254102461802,1.1704612062910684,0.8486635257160859,27062.94460132177,16685.226154324308,0.2015973874208361,-0.905693810830828,1.2218926861990576,1.160656973268879,1.2086145817631135,0.6304636906053718,7.075171868205931,6.287385661567729,1.0308510429558864,0.1467388185479494,1.1538557555023154,0.8875523475233702,0.5715972907349612,-0.8060651085368957
299000.0,0.2586033418770858,0.2041512157512032,1.1481503717573684,1.251259303281124,1.998002325965735,1.353458010788991,0.730186577157689,-0.0111027112771169,31841.536212821607,22663.64600017545,0.7885339115847682,0.0863652569226438,1.2104344045548792,0.9132711590444912,1.0234795747697856,0.7951258732395456,8.099363920549099,7.0753130408252245,1.4403435706528167,2.1078189533408844,0.8918655200149267,0.7242431713443724,0.9685522117724916,0.0896695456992988
299500.0,0.2713058312399771,0.190293287440748,0.5229226775854338,-0.6710477687319569,2.1181121644642817,1.6367523198152398,0.9861097313466488,0.4331001854183367,58858.998770147766,40604.929278037336,0.4295723347515269,-0.6878226030884922,0.9816456018345828,0.7179219128786246,0.582542580743101,-0.625494514376506,12.182006496132828,10.504458907702494,0.8617286643913595,-0.4268322174357744,0.6368525962621779,0.5384799497098026,1.1001361725674113,0.6052923109017083
300000.0,0.3177994845423535,0.2251916459116245,0.6197641407938013,-0.5279511605310265,4.740297520644634,3.6278703361603912,0.8541311495841982,-0.0469503673019136,102789.11485862956,63540.83555019099,0.2969425092166429,-0.274011828243093,1.2108375596052128,0.9139375423503684,0.5116159094738748,-0.9059715235788222,17.508116321562856,13.485146819000448,0.5122457040070989,-1.0593159973078183,0.6797959127915181,0.4178184175807908,0.2537101193917914,-0.6715625864098507
300500.0,0.2772619535902698,0.2189316678218911,0.7789277378084368,-0.4261087926243414,6.606557062415372,4.845120056071801,0.4243830029473827,-0.9242265128951472,61894.94943722696,50234.69784057096,0.4218347261922209,-1.0517530043400996,1.1016373634629788,0.905347812002454,0.6193857831584212,-0.9468883992899562,17.20548741412633,11.887732283277945,0.2928995062992043,-1.14171362456756,0.4324526156667407,0.3453800167219071,0.7760872452961739,-0.3597162201294845
301000.0,0.2776946838714066,0.1707796644879951,0.1607224379864023,-1.1230034983099302,7.297095814679676,5.343405108645089,0.3484304815403954,-1.0745086045609131,30100.19065025906,27332.98529078004,1.0012905332477224,-0.0267159481342988,0.8535783043725922,0.5766533048535876,0.3135188168185605,-0.9731878149123552,10.838300532069368,7.783511086618303,0.5067372236709552,-0.7273067024722044,0.3681382699169601,0.2482105719184641,0.6243581853747336,-0.1609841439609525
301500.0,0.2151616969984993,0.1383274474341883,0.4479700986074386,-0.4990344646990485,5.8009142785574985,5.037078354536658,1.1075505053538743,0.6245451855798496,13434.706332073622,12756.72324555959,1.3040604219496768,1.112063380285954,0.5044199717691655,0.3982851491876525,1.0379463416081651,0.8512158183634004,6.234838832115927,4.467335387711535,0.7035851591144956,0.0005779755723529,0.4224644569435572,0.3321685093971955,0.8560479338032694,0.0305366083254332
302000.0,0.1945142117149332,0.1350363333326907,0.630297764359346,-0.2453048079314994,5.917221682307227,5.897952549592392,1.3645171107308802,0.9469747394375232,13835.26927918535,12184.212477791596,1.1930672269605382,0.9100415187899517,0.6199265340348776,0.4356686564775506,0.6115735470135719,-0.5261210258564848,5.4763064249472215,4.011879791869339,0.8094368920870496,0.7141247256528414,0.5897636571128195,0.421667007363961,0.5729707691257268,-0.5643982868582782
302500.0,0.3020785827336961,0.2036630408116011,0.5968403722161107,-0.2278115934121656,9.885938619765716,9.539306169535728,1.273332439764441,0.6600729562526393,29968.87482523167,23856.931108801346,0.9201809406239856,0.3027548474631301,1.306633079640155,1.1417889173069735,1.0382333838753104,0.2983808886532761,11.262880329256708,9.76059911909493,0.932804025959725,-0.1109853363795485,1.0703178393583792,0.8949097247306536,1.3494888155445246,1.7549373983711858
303000.0,0.377016886021329,0.3472877328787233,1.4227193534622855,1.6537154481141876,19.351273584476058,17.471197502034965,0.562134966105788,-1.0366891508026694,43129.14847820525,30650.37892752393,0.6555180967080483,-0.3588330783303308,3.045079556312262,2.496708724222167,0.5793034899684815,-0.6254999691153418,23.361355423171997,19.16487091826941,0.5591918916639295,-0.9358049254654928,2.051830305475162,1.5827285212222848,0.9891432049130324,0.81895894350412
303500.0,0.4742348107592006,0.4094166644080347,1.4697564492843849,2.54104833919396,30.70050657728157,18.7144038177802,-0.0683777166464094,-1.3015359048165145,49342.527514295536,36714.223336526906,0.8549023676730715,0.5799412207399959,5.166886797135198,3.3236077798987176,0.1675388681875152,-1.0866282752804022,37.481583785624906,23.639855910845323,0.4462809296208983,-0.1832730104292319,2.5648267338309547,1.8940410906923453,0.6441760933625857,-0.5847160549237591
304000.0,0.6713929961648547,0.4696331526711207,0.7587374989022982,0.1738923037751201,20.925696554565192,14.315147008602292,0.2906357325825671,-1.0256618158606572,64259.71716038753,43400.95532470126,0.5406912838533431,-0.3320095712485096,3.741659365351268,3.007651690608589,0.9624284415198772,0.2686055484373515,27.27083818201175,19.59671974610442,0.5496413017515803,-0.5204736459575225,3.7870258819341274,2.857321136962521,0.4467701402521637,-1.0941907150298904
304500.0,0.8315154491174481,0.5767250370627328,0.4271085533545026,-0.9496123417466432,15.414197463693904,11.121138667680516,0.7087788818586654,-0.2002859275469664,75834.6779129573,47995.99656919239,0.264837047401962,-0.5005051990708309,2.9660421327951068,2.72267052596131,1.214500466176624,0.6601722455975239,24.696279237287737,16.650841193996797,0.5917557682458711,0.0787313844553478,4.668984237599725,3.3567595128264185,0.257438096647835,-1.2941231438844225
305000.0,0.6503218208807299,0.4793173498253157,0.3551346704639158,-1.1413955325172225,8.299767205085656,6.320578432702519,0.861667627353649,0.0939079037005026,58580.363637178605,42836.71053596799,0.8332790447372926,0.2525402258474951,2.6625370277654383,2.2637410731247813,1.0396925461499282,0.1701534170176475,16.173857574629903,11.39450258097368,0.6238158695148387,-0.4991507156141606,4.397397245207544,3.3630460149456773,0.3532545111998538,-1.2206395031219652
305500.0,0.4292174322361878,0.2996111219677344,0.4398931003873391,-0.7807507155723714,6.069607135343819,4.227083313151611,0.5178682974526325,-0.4341160405405118,50587.46647216363,41346.77709641209,0.914441043292212,0.0438253298800952,1.7546998559988898,1.3714000271039346,0.8193683120296262,0.1512633151605573,14.440455372296547,11.41302586191372,0.8773049048628305,-0.0734163231595483,3.483309446895632,2.7234691541084164,0.5842226820392207,-0.7157462031317436
306000.0,0.3519608940431164,0.262216942049131,0.7328443952781933,-0.3487047690449287,3.947876402150418,2.953835959487015,0.8753568095016234,0.2119212813559565,50482.21880661491,39301.35369602117,0.4872947542086078,-0.9277768096678144,1.1456886439420275,0.9142990388930364,0.8100326396335589,-0.2198352771442024,13.43955939069033,10.435856742319595,0.7355415503701876,-0.2829711381493278,2.709944841548016,2.049500954946297,0.6919686967419802,-0.3829599883886478
306500.0,0.2989066006597434,0.2223301476961036,0.943355235770958,0.4489587360840086,3.641518798784214,2.604401457313966,0.6416215144934246,-0.2962641354050084,37211.77049074378,27046.005882373585,0.5476446246388225,-0.7147331563186228,1.2379020667298308,0.8460979282061186,0.3441155551428205,-0.983201782777857,10.3004854077461,6.659232624507884,0.2799067507698169,-0.8989308494956223,2.4996392988492024,2.09298373751808,0.7810993722104487,-0.4667260962958068
307000.0,0.3011455260923957,0.2358415125786025,1.0601351317401708,1.015775568660632,3.415112785275076,2.663447524128511,0.8022705140754253,-0.4989078234337558,37751.20413637474,25762.232092544014,0.2926427143456805,-1.1345039603911864,1.150760647763322,0.7634065327143571,0.2635151298645627,-1.0942809989955455,10.150930979392218,6.740383483857096,0.3146394216886161,-0.9765121094441468,2.5868997735321915,2.040597749916354,0.5100543457693252,-1.110165970313819
307500.0,0.3941566201179431,0.2600280391581451,0.6312796403583928,0.0283116940304899,3.003797052507952,2.139841512484225,0.4350169448243255,-0.9311443037750022,36988.874490769136,26129.61909723445,0.4345386467069043,-0.9342176497963984,0.7420922346275379,0.5419363918371312,0.7131634271306169,-0.2408942929765385,10.403948404680548,7.131628120868505,0.6748398989100918,-0.0760323544432757,2.5544128342955257,1.808904754955808,0.4232513517838993,-0.8977789752918097
308000.0,0.2937374608544665,0.2146503583060306,0.7582412459958308,-0.0338447803970485,2.3961535297166177,1.594244825869512,0.5168951290543594,-0.664294005066806,36045.52307945038,25283.21622049338,0.5681721384640147,-0.3617056081834371,0.854403606059973,0.5728627989472997,0.3260097776135423,-0.8863108113652989,6.576191322701414,4.822835103246942,0.7723762892173434,0.0317127130854077,2.242898520695157,1.622289418444243,0.5583426345482033,-0.6782604585604779
308500.0,0.2870803579231805,0.187448589674728,0.565243688167772,-0.2248138125408578,1.6387929629165283,1.22117923047092,0.9061777374939616,0.5441699326831904,21289.183376480945,14678.481659635776,0.6297087307909441,0.0037792430790486,1.1905533466595584,0.8299085415750733,0.6910998115555785,-0.0734376060855277,5.892158905048164,4.335281114890311,1.0100421324746036,0.798029323758743,1.904235304353384,1.2533050869588769,0.1148885377721722,-1.194966448149276
309000.0,0.2769907986046783,0.172750311526018,0.3175526113704984,-0.3861555795118514,1.1119220303235042,0.7761469428873737,0.6668609692972779,0.1447981265178013,10635.427427642544,8021.286702333881,0.7305305376814072,-0.2032589527221477,0.8954958789784336,0.7829797923107984,1.2562826190002685,1.0160537004232264,3.509246834718806,2.464551369782844,0.5223555279171886,-0.5911090691524721,1.2371974850543537,0.8888781643874345,0.5356705238409784,-0.8020060656502075
309500.0,0.2303780645782488,0.1825106739982422,1.0232878370224407,1.05581364043075,1.0386064881770376,0.7257065139915942,0.6599280283436083,-0.0488029249654293,9166.648871257064,7728.585802214477,1.1026592098134087,0.8368766823691911,0.7209162282528114,0.5654700003518294,1.022932573972537,0.5671290297801739,3.268867650983982,2.661375522325684,1.0406205616588209,0.5682605174181838,1.166348876225989,0.7777252256110327,0.6976894662756642,0.5593560894778817
310000.0,0.2693908410412181,0.1949821724548365,1.0028756445175944,1.036683586060667,0.8894868035513761,0.7759025247947856,1.5209670296888695,2.908119078937069,10548.737356069749,9403.25610725553,1.4851493527112622,1.9644825291216632,0.8011884976451443,0.5201467871086423,0.7019389419992784,0.4074556825939361,6.311449507713261,5.000695787781442,1.1703327716300438,1.1432562982138306,1.3103289142926973,1.1802854772582798,1.4701130732796623,1.7830786380050627
310500.0,0.3371516632775955,0.2859919983577937,1.301845593148225,1.5471226667666906,1.1100420053516078,0.8007505812288703,0.8069642753395041,-0.0531299358567567,11151.473171465674,10954.06577127396,1.7928979431915832,3.0551298245071354,0.5770263859236878,0.3863231122385236,0.3641664105492058,-0.902772473214598,9.250638815094062,6.886525917130604,0.8644779343645276,0.3781608321155882,0.96370712557708,0.856366598558632,1.594408320694244,2.8982104410481693
311000.0,0.3186027067965044,0.2709376931473414,1.1964197801099137,1.0873024135616562,1.962731793289628,1.2311004366030285,0.2733354444789507,-0.821114274029958,21235.93516476226,17640.899286995053,1.0195590130762788,0.3567031258856499,0.7274945344140878,0.5269907885778067,0.9745962283153976,0.8712836257180436,10.164790649920873,7.174295485882368,0.7423250826871528,0.2103235355859394,0.6772987542187231,0.4843000810445113,0.7449578915931657,-0.1486504530676682
311500.0,0.322990828591852,0.235931580131578,1.0102335658806372,1.0489270360661438,2.454799200493663,1.7950693019750037,0.5019866168763739,-0.8095593738684648,29300.350925364837,19820.03286623093,0.5240297310720294,-0.6046787190505261,0.8908957843587333,0.7452640891069969,1.0618625536529158,0.464770542815577,9.30550136936951,7.044461575421112,0.9676054286265008,0.4511195146645756,0.7209119677236572,0.6180375596255876,1.009009197581437,0.1053700297602446
312000.0,0.315559302433864,0.2411041924754328,0.7428893895968142,-0.1186146450138427,3.3413049850403667,2.21172007029524,0.3109377816288378,-1.017444455143985,23935.444145005727,15910.493129993418,0.6938900715658662,0.4714921279439474,0.9780196629692584,0.7667185788751957,1.0491963555267645,0.5248429651199991,8.395970321368322,6.5180678532034495,0.8495322107230054,0.2550411057612569,0.9343194160884372,0.7852086174985374,1.1645674365102,0.6674508940080783
312500.0,0.3690643762567301,0.2961352566750581,0.9352862536970684,0.1438570949639115,2.8545046819485864,2.2452396979066096,0.7708819933283265,-0.3168979800770639,17868.388325909313,13089.567822489702,0.6894053975412765,-0.3833449466418352,1.2225717882392264,0.8562075641792597,0.5074529021612615,-0.5173831729618055,10.186238325635996,6.492088322309743,0.2294863641967673,-1.0120229515913703,1.1329178100166124,0.956175514407743,1.3124276237926733,1.141032540561727
313000.0,0.5307180632538293,0.4152802887823886,0.5585282066663901,-0.9343747994309032,2.748698590856997,2.082992617276004,0.8941401037830374,0.1019705907070815,24821.90370964113,15367.800346467811,0.2552617155310969,-0.6970064082645062,1.7527216618042898,1.2537982085862225,0.5373567416004059,-0.5549127551744366,12.650230457236304,7.940259665596106,0.1598581430401681,-1.1467020618854014,1.08404636393896,1.1015791289498862,1.3983759584020143,0.9172952333607144
313500.0,0.5037890245895378,0.3610726531827242,0.5587418275733822,-0.6043900522025942,2.573757611002413,2.0251836722690832,0.8029412265346698,-0.2221016531756805,23670.14414730956,16492.849230548665,0.5602990648664544,-0.408946591354216,1.498026424858119,1.1031639572111491,0.7881305877149248,0.038634250591254,10.578604371499438,6.978318777320028,0.3495138896807829,-0.9100813674903444,1.0541016056134072,0.9156443898269582,1.0667778902403624,0.1612915585499381
314000.0,0.4493250592463391,0.3506446248021947,0.6031458002993325,-0.7290241932989638,2.2805957496943714,1.6367624275117754,1.0657673191982582,0.9451002002891008,18468.236540923976,13533.47475251005,0.7688796921520877,0.0548620851385726,1.1801294529464088,0.8478828941513001,0.6136105541306917,-0.4429288263385569,7.770049433430565,6.185281560397336,0.9184287914294388,0.1998218033452912,1.1753198578205606,0.7932993020277911,0.3512898764889385,-0.9257878047448488
314500.0,0.4531076683427228,0.3295985132902967,0.6751844982530237,-0.5074744390675257,2.079415717902888,1.6091892882728691,1.183895775041097,1.5348494019996908,22651.1850495316,16586.44970645616,0.5203058116225151,-0.6706438186486339,1.3558146474353576,0.8795996134160133,0.1861324520155372,-1.0376947096164588,8.32780462083126,7.04181228668923,1.3420281042037037,1.3330566841575069,1.1497611821768332,0.9578531028169922,0.8000031190668608,-0.5152778704419845
315000.0,0.4946579201932548,0.3523711351382508,0.5143745093725354,-0.8100397657498313,3.197977214293485,2.1433960822643607,0.3711307958297046,-0.8204905736181196,29775.28641158343,21109.424607621524,1.1114136041926015,1.9654388682077224,1.3884286828849153,0.9749717468820044,0.5354122367335951,-0.7282182895269984,9.028844896687463,7.76439584963611,1.4068117113379908,1.686749029950036,0.99136659973661,0.7564592044985969,0.9107104108731552,0.3296488043521246
315500.0,0.4843313976838218,0.3642167231813095,0.749015800312645,-0.2414756204324728,3.8661869667953863,2.422798467216568,0.0699752338486297,-1.1895914431097028,55531.09390575991,64169.14583525105,1.9401579394503865,3.7436300959630806,1.5376006716948276,1.2063142708918284,0.7677722133959384,-0.3540794431017473,11.337754110944738,9.838591755127108,1.3463094125367727,1.249076341440828,1.1472826503026676,0.8858748691498596,0.6092253147981161,-0.7432547130473162
316000.0,0.642623783182651,0.4313946783415879,0.5131869431457686,-0.4448678919386259,1.9777758175802191,1.7992148097406242,1.1440212096135476,0.5391924607957361,122225.8229690384,102495.09923260126,1.2874297517170132,1.5718462801416049,2.6468203500208243,1.7271776162781998,0.2919796541657306,-0.8421646763079327,19.63396977913915,13.495268130282769,0.5087783563978748,-0.5213842317276134,1.309222413345701,1.00069519686961,0.9740554121744056,0.6863790269123018
316500.0,1.0081996601918557,0.6319239195758937,0.0749676026218881,-1.1917270231572972,3.061677315323329,1.885128540598029,0.2172596452040061,-0.8989357907471471,183481.48034106105,121884.97595316968,0.5836258225094978,0.0090609003605544,4.621024280165774,3.028536224317199,0.1088785243578005,-1.3207959725285143,37.23695502303353,24.717056911247127,0.1548258293304489,-1.275326904839208,1.9196176381569865,1.326787956230247,0.3922360536103526,-0.6287458143947848
317000.0,0.7828265984297552,0.518371299991747,0.2811137920601018,-1.1566412840719742,2.563421193158956,1.855921227701555,0.7407663743314272,-0.2049918751593171,138413.55476725806,98596.05900851903,0.5165510513607827,-0.7436945521567959,3.540946257070769,2.48369596448889,0.3612086559077122,-1.1335028492816377,29.98497308591393,21.702827182691127,0.4436851374901372,-1.0617892476911532,1.602214875168101,1.2770793023321974,0.9048711063066548,-0.000234337687341
317500.0,0.4675246888601816,0.3340239158968534,0.701853872945932,-0.042432459944079,2.1566399639972333,1.7413771078447062,0.942015460885124,0.2103292422546006,70614.11574027227,60926.96647580671,0.898337106841651,-0.2724691522225959,1.633176052035127,1.245540238495492,0.6789348662621062,-0.564503277544731,15.321775046959663,12.355560160281168,0.8665569443234041,-0.1402575211466437,1.3366884541723356,1.1229556616071132,1.053304278415768,0.4395643377767424
318000.0,0.4387253868575251,0.3328617164501538,1.1780522635847812,1.5656216309549125,2.7654282742027902,2.005943641961056,0.6864672257749602,-0.2024226505168864,58562.98221359228,46135.8233208215,0.9755675326142028,0.5555823778622764,1.2910710809694237,1.069588287485025,1.4872903051316182,2.7491156800879644,12.470621693911276,8.874862943548951,0.744334677860501,0.1164597504698257,1.4875368367342536,1.0591956767101829,0.432531520358964,-0.906650424522276
318500.0,0.6329434426993956,0.4275697617247645,0.4818380341931005,-0.6881969329851763,1.8274408373703213,1.530539972997533,1.1748689755099757,1.1005797449627757,87536.55612890425,61217.84911969547,0.520954647043214,-0.3643928647077143,2.1110672979293743,1.4103928866973348,0.4661584404789063,-0.4530907837161497,14.954692288432248,10.294814871486512,0.4381152646420486,-0.8019137845103894,1.8409358328109773,1.4094132256342284,0.7685196384637254,-0.1777891457297671
319000.0,0.7879637703538381,0.5145121448715336,0.2816117982331315,-1.0085105386365711,2.200720629690571,1.8149410303706968,0.8854010647002015,-0.1211808884758554,130260.53707866889,103671.38768908418,0.4835174900394836,-1.09269041333233,2.7303722773558032,1.846014582381332,0.2740341737910756,-1.1696802579038663,20.86210650342974,14.590277954672914,0.3007325593271728,-1.232385516664595,2.1533916717347146,1.614155354204628,0.7271046179335381,-0.3337629424813095
319500.0,0.628736663773406,0.4491014912790192,0.4275589795121521,-0.9673585038389496,2.8895645123243883,1.973835969698477,0.6970409440986635,-0.1676770363455766,115163.9875786747,90517.4569786176,0.7662539738887681,-0.2998901501932307,2.114430931294766,1.4551550464461702,0.3552039607849571,-0.9844005949461994,17.676679604748987,12.972847194546391,0.6403517989761303,-0.4736743347945928,1.7633758517627969,1.28700177173261,0.7436912667753,-0.1990923007930019
320000.0,0.4842937495827059,0.3499531639133341,0.5044009158994726,-0.8912805222750815,2.409036067991617,1.651774899640566,0.4434993582929745,-0.7343981044950745,67309.34063183253,62804.526199010106,1.5091035624062012,1.880017145599834,1.12034645872741,0.909106359652422,0.8854893846607206,-0.0748174815582314,10.71036537761871,9.850389450544922,1.437470254164266,1.477322631992072,0.9686840748238946,0.779491773479751,1.037713339405449,0.4887638928870506
320500.0,0.3673997558900814,0.304995436883896,0.8782712455521479,-0.2993139398436462,2.0799353468715167,1.606873919052402,1.0152989009627424,0.6993304459480223,59284.69154512004,45287.37942825746,1.011174666111743,1.2705872877970448,0.7519565052240978,0.6325036042851161,1.1135668416993694,0.7290504300577272,8.16092215030966,8.423586321558526,1.4616114464492946,1.3824229154572365,1.1368545182112468,0.8259497161059476,0.5380261362243258,-0.6001396687834042
321000.0,0.3571239569791495,0.2604270850554113,0.5429162668036028,-0.6782028562336779,3.427937000533796,2.679241786360766,1.26781486810899,1.839711830992126,34375.45728958061,25726.952144483654,0.974827719167612,1.045189475808514,0.9021604650425576,0.6652133919382756,1.1394113059845514,1.687702915554091,8.811679114367875,6.064243787095152,0.6028371165541373,-0.2588065078064456,1.304353382254849,1.0456539970457597,0.8896545778934073,-0.0054642917362746
321500.0,0.385682998878535,0.2719437847749479,0.5693451486249479,-0.6724577587327998,4.029240856504102,3.3088191875830195,1.1048078167045214,0.9574975003024696,30967.343419844525,24553.977883579377,1.0084413853977754,0.4805001248821989,1.0915745473828022,0.8602826517335801,1.00495710534933,0.7257537324994918,8.410847032434948,6.049369456792645,0.7889769724906679,0.248842616130148,1.4777703711854775,1.0273305990740254,0.5831994045854733,-0.3973261313445002
322000.0,0.506505903211036,0.3626004912590088,0.4827229699376586,-0.887068163826108,3.046902810480242,2.280898256374265,0.6179246039664389,-0.7083275633128459,34129.09628222753,28323.6575611915,1.2431994088941387,1.0742750343598342,1.3680635501527851,0.8831131410731589,0.3184785708191141,-0.9642175654872625,8.718488620497633,6.029094816151878,0.4951218054755741,-0.7072887845128419,1.2145630570187256,0.8517183194192848,0.5766507794368052,-0.426009718994472
322500.0,0.5535108773537419,0.4572159938442889,0.8768774029572382,-0.3536783769825979,2.448606699339249,1.745398543418479,0.5169595112431534,-0.7216050182909535,45896.51466866192,34941.543502706685,0.8292998072683114,0.1741842988609701,1.327572085100705,1.0228388190006117,0.6843171888772356,-0.723525390051873,9.05692532158973,6.71187298299397,0.6255301714984779,-0.6896548135605021,0.8848776069906857,0.7260664155939252,0.9170313566494128,0.1129265009006608
323000.0,0.5822298389177212,0.4685397872863798,0.9106553378342946,0.0784195461239734,2.1304060861820613,1.6780036816603623,0.7711386109931497,-0.2506469686753378,54805.50981253487,36780.93334464254,0.4097384250252066,-0.6662643040770315,1.3223409263371346,0.9666330587326846,0.6352392216788871,-0.6428504813222626,10.0431539363113,6.523184754638987,0.2452287665663265,-1.117321944435266,0.9437174172403272,0.7046030272351584,0.796802460294144,-0.0759016052829455
323500.0,0.4656813001865402,0.4060567015197875,1.294222040532491,1.7399760395982975,2.157821386202028,1.6661450390414891,0.8786638444966349,-0.0001090636325988,31785.838083886803,25621.217215919198,0.7816061691845063,-0.2048802121768909,1.0154042997876307,0.7083142972096828,0.5911065099974528,-0.5092902981645637,6.70094854789372,5.146538214180013,0.8080814052316416,0.0682738050427245,1.2840338299635912,0.9220468094662784,0.5604365253862047,-0.5332994777778426
324000.0,0.5505440818485028,0.5075991857133864,1.6206108076960624,2.769990800877318,2.86082671427197,2.127852582867699,0.8505713865979098,0.1312254707149609,17550.789183972618,14551.104033635787,1.405999801637351,2.0202687617848616,1.3773930358322404,1.147204301764138,1.4121676362724909,2.482754295460489,10.663154740271796,7.93561119009964,0.7669061561431038,0.1485584786004867,2.34044902191132,1.6406092985438518,0.3068956110781567,-1.2222981538567832
324500.0,1.2827324984315902,0.9951183540430268,0.7047364799862832,-0.3074953782622107,3.758089797925589,2.693890586740354,0.6668266222347186,-0.409184716524547,29123.355050572005,22703.734733349676,0.7782842313333624,-0.4610169360687646,2.9968959808961446,2.2409761727978066,0.5504493273435639,-0.6383121964719876,22.96323251465541,17.361495801991214,0.5022007792709169,-0.8684567612526952,2.585922154643409,2.2671657910802785,1.0357628477318874,0.0776632323836898
325000.0,1.3051748090702149,1.145377033876964,0.8265515009684898,-0.3145898558125823,4.951930150091481,3.627749169025343,0.6541546947427035,-0.4123695162802234,40343.10530827233,37888.056523062594,1.196808379967334,0.6489501650203944,2.885551198121807,2.5859907997951868,0.8517633311650556,-0.3029191461799243,24.11900952822782,21.62810962780569,0.9737461564602988,0.0942365184624138,2.708016864703313,2.3592053749813817,1.1371564534411929,0.5824743374132364
325500.0,1.1124620404190129,1.031222471903962,1.1535807362630237,0.6195419039442163,4.639945040427946,3.7542832486855975,0.7692670345308333,-0.5391679737178761,50070.13998910887,47731.648900890126,1.0489489197224386,-0.1299175570091897,2.635783898478317,2.3877974575310352,1.1405275093890237,0.614731234164489,22.995280412680387,20.337739084569574,1.0886210535458214,0.4600955994791782,2.786361224113315,1.8457803111360465,0.4790298802781971,-0.3847281405544085
326000.0,0.9202612996930104,0.7267915735084107,0.7710758047610888,-0.2175274286891624,3.8236144161485695,2.520130158493311,0.4452204402106282,-0.8082642628658245,47654.30015712288,41935.16723086471,0.9376654160279098,-0.2782858890301893,2.2823834981961464,1.841566640869441,0.7611870895263623,-0.3437388295293613,19.41389905342832,14.780021993450472,0.6207923485583935,-0.5974263111655778,1.5350200198633983,1.1011154474196274,0.7384096983082884,-0.0442461375228346
326500.0,0.5676155467056362,0.4954134631941918,0.9810802363961482,0.0215496536437682,2.469827498177302,1.7540430648731555,0.9233537145995122,1.4348834536138746,42037.24392695125,30618.35020157541,0.5986324713598153,-0.5776533728762665,1.7401521588259354,1.3821247463462254,0.8459188128268988,-0.2721392351570859,12.79633691512557,10.2876817395474,0.907427378664798,-0.0386126399116024,1.61525938872222,1.0090090899508604,0.1524143421005904,-1.0269888370152394
327000.0,0.4770530095151048,0.3826672995752928,0.8868137988830456,-0.0097566557797397,1.7699665819506,1.2638582086216383,0.8721944228617025,0.9246007110279088,27408.987780182964,20365.59349023545,0.7570848861252539,-0.3387828773252801,1.2795117436175574,1.0271801993249925,0.8477974371785194,-0.1282086846007626,8.958785295445152,7.6358983636029985,0.983376866028651,0.2738961918530482,1.6616723465812078,1.1576729001765311,0.3768156835055007,-1.0404117672630009
327500.0,0.4575122208946641,0.2957622083507531,0.4629082601296277,-0.5211463450982525,2.361124071023004,1.439030016925624,0.2468059445449602,-0.6488062042042175,26681.635777574764,18108.689039284392,0.5632377125587963,-0.4619181354390664,0.98706717315268,0.7610222240355831,0.7089592327042988,-0.4864795681825469,7.354789008839534,6.199354905126052,1.1322378023363446,0.8210728735566617,1.7140379211832983,1.2198136181633894,0.3873889285586454,-1.0339346692378366
328000.0,0.4627135598839149,0.2988525261705922,0.248941249332995,-0.9218123294563992,2.310736925989193,1.690106217483155,0.3981452552469379,-1.090493465147755,29729.29268593981,21733.77322897378,0.5480793900470137,-0.6447816814959015,1.1555268568552932,0.7828203897142754,0.5908712809072217,-0.2559473925063322,7.453387195400424,6.395896081536273,1.2080440440583864,1.0697302958046038,1.8448157382206856,1.3521039189791837,0.6273178674111071,-0.2405230298487035
328500.0,0.4119376379715972,0.3240785977817372,0.9089084339385498,0.2856390459654618,1.9326697915517983,1.41788707907924,0.7024973007155777,-0.3903988710814561,28597.03777596735,20614.34774231036,0.78978998665549,0.0126202831013544,1.1142327101775789,0.8648491412963346,0.9368702462895128,0.5299919858476967,6.919028245807159,5.73972808927364,1.4774068325515763,2.209600339788424,1.8239991281396724,1.4182012211234556,1.0998129513572954,0.8264577796088317
329000.0,0.3998848929465955,0.3505200985882188,1.2818780495277662,1.2372973376849885,1.7704651764582389,1.1927284891849683,0.4210411852216512,-0.688776849745711,35098.99048797626,25776.555631837982,0.629359011256621,-0.6799436609261131,1.0246027542686054,0.8235430062746559,1.1577317810102437,1.15628737537633,6.845020033428269,6.03244856580309,1.3082212419727446,1.282577709031553,1.2497830771161,1.2322997606603154,1.3781876344740207,1.1911882384598549
329500.0,0.3759379180655301,0.3614516977108965,1.5861652781078446,2.02360931226331,1.7196560227923838,1.2768755221141084,0.6429615428860502,-0.454795350402561,34883.208799996355,23169.930152743676,0.4427822317277843,-0.7820430013755026,1.146037005620031,0.9504285881200965,1.089705628757863,0.7917154245789217,8.510608301222517,7.813754131412419,1.1657544734835863,0.7595371743296746,1.1404773794074927,1.0048799864521725,1.2220423779878062,0.7103461759170022
330000.0,0.3632407269538393,0.3713473439942934,1.477864690352216,1.4808861989015956,1.6898431919175845,1.1019428233529016,0.5163233709731979,-0.3607176759127233,25033.50848727209,18856.159783789142,0.7633403785678224,-0.0923687286229926,1.1286116316206554,0.9102721611525628,0.9527702165679396,0.3760070713907923,8.368650594805972,7.400520014921925,1.284220813359053,1.1627896178523098,1.244478755406902,1.0232473648889346,1.0478635840028758,0.610363327001485
330500.0,0.4527827873338195,0.4047111749062564,1.5598336045416117,2.264069431215522,1.7054905035833785,1.1470552837739174,0.3657963868922487,-0.7848599604283146,30644.52138791,21713.65870255881,0.5045687041834906,-0.7204554664534437,1.3852778545684894,1.1390833594112657,1.0061355068839075,0.660585819943377,7.400798899786522,6.013207478762223,0.8410765741337636,0.1660147815598147,1.7142042660075087,1.3726699914062988,0.933730096976563,0.2611528396973015
331000.0,0.693016777985016,0.6272899540012019,1.42808724010515,1.5112026438256674,2.252822571387781,1.5066255916402598,0.5975025302278042,-0.1558604129252794,57688.9171474008,36322.085207121934,0.1546369862922968,-1.0194377761330773,2.219532053820316,1.8296161269227469,1.1770804226896388,1.0266455811105055,11.80195981644628,8.58979789708257,0.780309972671498,0.1478856709599449,2.302880959924976,1.6545559609219962,0.8517923878393626,0.5838917596629645
331500.0,0.7815223942522876,0.709113090426883,1.2301455986780805,0.8366715869215771,2.6388018174615184,1.9932401317699036,0.9982497712660192,0.6880045204432674,57659.48795529142,39765.57519270765,0.3618843805339125,-0.8757569919279331,2.216712879936851,2.0121783183886937,1.467328255111098,1.6870073526358258,14.264544040121711,11.064158121939654,0.7431741109463662,-0.297468194274717,2.2415381720081875,1.7944772506273514,1.0693731628305896,0.9473463988529898
332000.0,0.6797519643294457,0.4934551259201508,0.7796041342480764,0.1307545767947071,2.754146509823715,2.3558813763613657,1.2589821751930133,1.075539072360578,45179.33303977094,29723.22601540179,0.2411188205895053,-1.0264997881179796,1.9354147913948607,1.5297238471723644,1.256298037147701,1.3025889083787767,14.282081589165069,9.448381818948071,0.5127637076854458,-0.4378765409661969,2.396678055848184,2.073937856172384,0.9913015276181056,0.1399100379922027
332500.0,0.4645835053952717,0.3713102229616133,1.2999780052397338,1.8731976082789084,2.55355361922692,2.09717570898509,0.8832389980882847,-0.0893755886562512,40910.04973329565,29989.6939076166,0.7212947839697935,-0.2663923473361675,1.3333411310964625,1.1175078486951415,1.1886320888088426,0.8782906919587714,12.32555808427922,9.460196963580408,1.1033096318621505,1.0376739629570988,2.223744559971334,1.899525437503925,0.9252751884135526,-0.005076948292312
333000.0,0.47737587841477,0.3919123478432927,1.3141535428821192,1.7908805069410372,1.5857049638004872,1.0845340752720352,0.4415613178453961,-0.7584758557863602,36404.70762384887,33018.37961642733,0.9779327085979924,-0.0534550145423042,1.4750888005782448,1.1281056391441169,0.9372734386377448,0.1382973121623121,13.978606501694909,10.966207311759277,1.0363889621547449,0.7873812923259065,1.6854845659629845,1.2180114530265498,0.6250316424993326,-0.521694698033027
333500.0,0.430369465958186,0.4547284573893584,1.7620390199406888,3.033034841340295,1.8731034193541616,1.6336741399058772,0.9909573319994684,0.0932502555315966,39878.12400671022,38115.21065724333,1.607462223019977,2.4076178618377453,1.1691344947278997,0.977922834172697,1.0071476967255988,0.3161449656181205,12.848331421353263,12.258845540292562,1.673255632907372,2.8832695743425782,1.4600255502756916,1.1356322935462213,0.8217560317393322,0.1127687918592963
334000.0,0.6413361735287585,0.6309736131084445,1.3359147201829695,1.2302801303777091,2.932114072512721,2.0442783500889594,0.5580228221038723,-0.4807915025745526,84621.21109131277,81201.86185596879,0.9559812880879822,-0.3002796254722777,1.420868215512032,1.1582383676028227,1.2178147621676054,1.334754725228894,15.696915574594176,16.522241932009052,1.4573215840688567,1.338247245616989,1.6703528903913172,1.2463803094536654,0.5960224926738387,-0.6027073892638053
334500.0,0.9829007826648616,0.833489940865894,0.7417420999132813,-0.6044130281824929,3.523687455748414,2.3022575185623806,0.4148789990354601,-0.75311632505775,193471.22018141305,119705.10701121,0.0584136110648931,-1.1568380346070322,2.196009917980839,1.6633217991376763,0.4637183177355541,-0.9645833059558004,23.82809104267069,20.31164984843217,0.9579960700972988,-0.0733583921430742,1.9173006773557328,1.3469320752448417,0.5795306119640316,-0.3692482734664604
335000.0,0.9796947970908269,0.7713106900435258,0.4264503753710936,-1.1330956158027528,2.8862720770530297,2.360777237519416,0.9190470938456308,-0.0487219469584911,165989.15050459298,114226.535955471,0.2416317381274508,-1.1089574353406897,2.3143256004407204,1.6337486919887116,0.4619244988998683,-0.7619640983726375,24.47903291920581,18.304811356200148,0.4871572317418901,-1.0275995528666986,1.585304402800956,1.2855724953938057,1.04848028733275,0.5597332361582597
335500.0,0.5370982493390065,0.4106572027484225,0.8266212548105124,0.0480074248446986,3.2015240858803886,2.6761817870690874,0.8977952380230082,-0.1480736561577802,97249.81303291173,70540.48475004306,0.7041718627723558,-0.2185568182930044,1.971609397305752,1.389637587000885,0.597134291310965,-0.5286361601215694,15.744145450521444,11.607265717952307,0.7312088958276307,-0.2036071022556185,1.8020249687633845,1.4559108915842844,0.7038344510514368,-0.3816767519056268
336000.0,0.5236824011392679,0.379169672850365,0.8661860011062984,0.5722468333968354,3.714997323352046,2.9042116014541715,0.746102374938024,-0.4782769461269227,103873.40225421316,67852.6917101938,0.5535834925289999,-0.1574822985688464,2.583761162062503,1.633953137678074,0.3553019772300653,-0.6284934535113371,15.95597871304584,9.500946392248595,0.1160915826510465,-1.0352468076243906,2.4137070723083776,1.589717950554967,0.2792333931764602,-1.0242297803893048
336500.0,0.4374240489327348,0.3412578257086197,0.9666213044917464,0.3045998540044432,3.426259989602608,2.580470000966101,0.7018988568955855,-0.4998453988698577,77194.41024612293,49836.31875278344,0.4265014910802017,-0.3952859311732446,1.9287067642937203,1.4459370556599802,0.8805856989005381,0.4291288697591651,10.93488802960399,7.968245548509169,0.8225319775116852,0.565701508767928,1.9363150736867831,1.3580871672362589,0.2706816254138859,-1.199720752947559
337000.0,0.3569952237644893,0.2954615754028931,1.158926194226941,0.5892620474419599,2.763020079511628,1.890295936458072,0.580720557260901,-0.2617515310884202,57070.77505456938,39187.50979423042,0.6007149998448431,-0.3106433312125611,1.153875690254753,0.9561077322124464,1.3403962617120646,1.7289780489903128,8.731663880449249,7.426475382903097,1.481041933057568,2.6023114076887435,1.3595703498627096,0.973260798521606,0.6947534187800218,-0.2045974598841256
337500.0,0.3138082377772051,0.2409271905109532,0.6722133065950847,-0.5203258223759635,2.1541516132957232,1.7840832791714334,1.271953521396443,1.0904527361623622,40761.99251782063,27024.133228199757,0.4512501367242286,-0.574207625718179,1.033375814507831,0.8703387047092616,1.5009877557221745,2.909386312279844,10.392046393854466,7.7697266166565795,0.9905163091646748,0.7919729355757115,2.057496952101109,1.2306292719721312,0.0596011691852899,-1.0752860911614583
338000.0,0.3368311304914283,0.269697380506337,0.7594180102548672,-0.4469139067820684,2.010712342017906,1.4729265375050251,0.6402510534718496,-0.2807062229216863,36152.078209510415,29136.334629832592,1.0376927775832794,0.709229713299754,1.210993231606256,0.9054408498467962,0.7600188101039856,-0.0763669401498887,9.888918342904017,7.633559494994318,0.8298366768520109,0.2849795691287276,1.7938268349611304,1.4913012411475657,0.8884651964994824,-0.1523771073039568
338500.0,0.6108602095330407,0.4429278360315185,0.6258660846049482,-0.5318724839940718,2.0825278943736127,1.4624950723075845,0.4453000773064879,-0.7382359516901582,45541.16497472186,32562.78459746466,0.8072825186822995,0.0536423849142386,2.0263611906054755,1.2549421987508944,0.2080609166739081,-1.042376420513829,11.179016017019617,7.5821017875134675,0.5647699789377896,-0.4870024220966535,1.3154378967777862,1.2569399283600646,1.2732072084271235,0.9254706092118954
339000.0,0.5763081976472564,0.4479727474886413,0.9375380833054584,0.2799838956653753,2.2356660970626723,1.7489579726243123,1.2425009183887892,1.4455906204015605,39790.76984697058,30433.068587638736,0.6910511354226965,-0.591466525773519,1.7532066256461514,1.18529498006918,0.2774538196447943,-1.1273198111002607,9.544837319230105,6.353257569309241,0.495992367895148,-0.671360536851783,0.7794517676718484,0.7588378125687503,1.6019889697495295,2.735262734227792
339500.0,0.4318946456459582,0.3801160526963665,1.2563862301068467,1.1367732679596934,2.879143209225827,3.001616197445372,1.3966851729503458,1.158101681062777,38039.27053849502,24434.622620057653,0.2594655955462446,-1.0648914641555445,1.2841268592183332,0.907833017104571,0.5530217812014707,-0.5931186787362712,7.955424756366352,5.784805544590977,0.6854376773696802,-0.1982043500803416,0.9195249522495256,0.8621511229234841,1.4980805564872106,2.209653091607229
340000.0,0.5036120906075024,0.3921767132183025,0.804274295964075,-0.0209546374175118,3.7412062556617234,3.368268355654056,1.3328091334252672,1.2178778435874813,41573.58310446765,30216.62905264116,0.91269625693681,0.6853690655534628,1.803528532322128,1.2591688660944,0.4254843844034162,-0.8402304776137939,12.79440450660498,9.147757583459985,0.5687577905547064,-0.6169954463580449,1.460421189577655,1.1315538020289446,1.23194518525752,1.6381747200717562
340500.0,0.6540646160109403,0.5300744220063071,0.6743780824139275,-0.6472084769621698,3.7723544478421047,2.6749252046891794,0.7164672764657799,0.0447182397485228,52997.16703791665,35496.398627449256,0.2981602281739151,-1.02244324942811,2.724568175090637,2.078712216241837,0.490582693486114,-1.0830683817618438,21.160388268939357,15.419455559877528,0.3878408795784213,-1.139892434733866,1.5471586418101289,1.3644414776152274,1.2897896706805714,1.4057046101928077
341000.0,0.7738715054030295,0.5290996449710048,0.2819370225499923,-1.1884863869323867,3.9330803127907,2.7561104882576526,0.4762146957322082,-0.8528424272870829,54970.64616103212,36653.53164840368,0.350402824227203,-0.9661785199379064,3.3575429243424937,2.2727022238254806,0.3809205969913847,-0.9614328971383684,24.53927222245025,16.877265853784408,0.4271566541649538,-0.8571441747227744,1.6254098546397826,1.3138586846106728,1.1025788228037006,0.682679871301219
341500.0,0.758928188522068,0.5861889678834561,0.7441713186481339,-0.1824630681186199,5.384586391182108,3.613000635572397,0.4657408019158478,-0.7471909059922539,34260.369335948344,26700.719498201808,0.7364255576687827,-0.4842349871864839,2.4369453208675025,2.19390957840026,0.9549459377659768,-0.1731061136841161,18.811033230616445,16.362895226739028,0.8378920259602202,-0.3509924127053039,1.187291971331187,0.9075090355063504,0.8224363047007932,0.2695977995002074
342000.0,0.9332862723790182,0.7414223020791324,0.954766595246204,0.1711534896011004,7.06488092555572,5.04540587916843,0.4332528427717073,-0.8070941948165546,35990.5792455269,23378.74804420607,0.4503427151476828,-0.6558454333487336,2.699896772819723,1.865411915771459,0.5295614323192166,-0.5708551397499537,19.203595299625817,12.47319835995731,0.3398793746219193,-0.8150795458020577,0.8923191419509136,0.7037574009321782,0.9093048280751964,0.3069824410993202
342500.0,0.674402321306302,0.5482853381638281,1.150811559157319,0.7294466648354172,7.030387377935891,5.884303136081149,1.150622404579719,0.7479303218695188,27375.61701915913,26433.243489530338,1.2810370404564222,0.8283490448877866,1.873252215200212,1.4067398008583112,0.765096330070225,-0.049866966029517,12.751666239057707,8.341972242946847,0.4129347848499496,-0.6238468105518065,1.5150716257943582,1.2776121716399955,1.0890148017558496,0.6614205534404376
343000.0,0.6315398564695135,0.5352272192125451,0.7066356107330002,-0.8277333087513954,9.15543510865992,5.873296417714453,0.4578789480062851,-0.3314416373328046,33608.85774724615,26982.492300822567,0.7034647623211205,-0.519162608293072,1.571582466675584,1.1198752191781691,0.487099383815163,-0.9689219035556568,7.9099680259846386,5.641397341734421,0.8112603834517805,0.2758638637880337,2.226560714088789,1.707050981916612,0.8448197987681467,-0.1681342446748388
343500.0,0.6609311361885266,0.683792670358461,1.2320205370998314,0.2170477728024691,7.66550761112211,5.461662794797937,0.6879517995930167,-0.2834000679103945,31387.10797865159,22158.06940857936,0.4498315392471224,-0.8735722348896786,1.6623430833413255,1.400902859130172,1.1557226299262386,0.7029619767054576,8.933288828173431,6.834586135660341,0.855260330512322,0.1481811222532432,1.4619625063905533,1.195839969701612,1.0788715614264568,0.7815632174828617
344000.0,0.8183276460311754,0.6824538300065939,0.8935645002236438,-0.1384687532800632,7.8290219670219425,5.184791969708125,0.3811774944367039,-0.7572786030678569,26040.30531688121,20882.285108741304,0.879287590600903,-0.1189938658013054,1.863740384313106,1.7380423563970864,1.1246996293230236,0.2873193882461673,14.346710542629031,9.966101812751685,0.6002959869555181,-0.4348941983758672,1.1304164420087957,0.8294104701466746,0.7360031794521044,-0.2426688461979713
344500.0,0.7870709509113556,0.5903503354196359,0.5852073746642913,-0.5341720881385683,7.472824488778492,5.740301378666777,0.4585466737756788,-1.13655836768715,21820.136437441302,18789.7447621987,0.9283843312633572,-0.123128034573503,1.9296428182883976,1.885864685606249,1.112967201648272,0.1022784586653102,15.635252018884197,12.251048965807518,0.8506726585922608,-0.0814874483720773,0.9123939199009212,0.6017380498350979,0.3088464963553489,-1.0227210285477344
345000.0,0.5986674477225586,0.44193197215079,0.5438846981815882,-0.7206460845138651,7.305804454632791,5.6582732534931,0.5922241402120043,-0.786471801971028,30554.92041499118,24851.797373731573,0.7627016906321236,-0.3091467461293145,2.742333871119365,2.250008737754464,0.7294744550500446,-0.6226563150700613,21.075529338442315,15.89628015817908,0.664504604655633,-0.5817149221523383,0.8594955262764931,0.5959675954676142,0.4520807943161143,-0.859986411399885
345500.0,0.4907840400113875,0.3595073015238013,0.5777283111120602,-0.7493650607458853,9.437594137041378,7.031254781053748,0.8482686219948089,0.0969946670071713,45904.64983336903,37149.89330428774,0.9305673736157466,0.0605573172092088,3.696693082578947,3.030400152548917,0.7976452570049096,-0.1423483264238876,29.087489996006287,24.522872877917628,0.8704844631483276,-0.0474994114653735,0.7675377306856338,0.5479636977563438,0.413980381226474,-0.9035063097948745
346000.0,0.4297026560823709,0.3180441481143301,0.6174775872076727,-0.6676897389769629,12.246291744092227,10.17437127036498,0.8538938648340656,-0.1375570185677226,55898.20727950475,45719.34082206632,0.7313003113041157,-0.5889651682388166,3.843081600350962,3.5112483917883712,1.0766716590223513,0.2074511626795954,30.448022264050287,27.20218499107536,1.0177781060741535,0.1116566991592571,0.7965595110709314,0.5828744948566741,0.6210434328549668,-0.4754156807126151
346500.0,0.4549548389853031,0.5219923264898106,1.3003686149453535,0.4291878665994093,12.295606466337968,9.328638238509711,0.7523982194128648,-0.1793528950370326,46809.381433891154,33557.02250187711,0.3479127976869952,-1.0882886773737823,2.589822682548033,2.1715785267076577,1.1329608665661648,1.0315032462775813,20.5476246462692,15.795670691297396,0.934795866028095,0.7440548275572811,1.4852133661267657,1.297925997514674,1.0605932862069536,0.2214548124044766
347000.0,0.7800068870251314,0.7841586271569569,1.057946018467417,-0.1902809933929079,9.336188765762095,6.32338150635822,0.3101395835298514,-1.020039051920908,45811.73298287791,33015.19279625965,0.8535642761883601,0.3972186734134588,2.8286995196358533,2.2201179753678737,0.5552168856980212,-0.8629303033374853,21.376604572268736,16.667075819950895,0.5801524808968056,-0.7257808269955337,2.617477035113972,2.369564834888841,0.7779086244429747,-0.7671241730689125
347500.0,0.9057069672872348,0.7795499571727061,0.8085252836744522,-0.5406062984453484,5.715019785628426,4.327827497934836,0.8286146687285059,0.1360347459675379,40952.825069246566,31702.725536062928,1.0101083070962105,0.5180098280477434,2.625911209014944,2.0595000791159905,0.6742146395436205,-0.6590858449121031,19.268325805737582,15.14195628965634,0.8406633082088482,-0.0634520867527301,3.0106285285016425,2.409666764408047,0.494152638906311,-1.1101073896116191
348000.0,0.6873487757012676,0.5496712886613994,0.7586130511128486,-0.336395082424699,5.054518566871918,3.4704619206612373,0.5234058402990212,-0.5791550755888091,59165.24004178182,41122.18792520002,0.5146447797121125,-0.633981573403863,1.8913016463279,1.4299032639165212,0.5127836836739761,-0.7283053781565045,11.76592164662444,10.537617098998432,1.179311881609502,0.5922908540781613,2.480893241462426,1.6697297316522572,0.38336950362945,-0.8197448424115157
348500.0,0.605170670392698,0.4177950831167053,0.4499854939492449,-0.702711378615898,6.2086772110586725,3.7998268494690177,0.1358837650569742,-1.0380829330931844,64929.00813304643,49696.973498569794,0.641904863784491,-0.6600569299230674,1.794832146580965,1.1834482033560385,0.3600498147966843,-0.6997352866724316,11.159697509369416,8.126175168353784,0.7140244229456271,-0.2403225644614672,2.0322641891999185,1.463303750157577,0.5720306428138809,-0.5663372152595261
349000.0,0.8989310371519791,0.6160026412364837,0.354188791532417,-1.051110324322538,5.217356104669029,4.184842220975016,0.8671489274348058,0.1259113065952988,94848.59519481615,71603.83604751308,0.5951154719476213,-0.6749061493281285,2.749553341220273,1.752829035459572,0.306654250583251,-0.8788914963584458,19.02826865565973,11.634706356610897,0.1579610246283952,-0.8999878986126131,2.8193166074623304,1.929492929376872,0.531212823061055,-0.210881750181672
349500.0,0.9511179342762772,0.6695980881195491,0.4301648160640794,-0.9276336642157266,9.295389151474582,6.423286631616625,0.3622262205376618,-0.9672981900995894,111738.00289875458,79193.17692236514,0.4304984389909003,-0.9947937947558144,2.511493323111879,1.6570063830920674,0.493082317513112,-0.3289540427469739,18.018484430417825,12.798115533020257,0.5944148067567219,-0.359714381428367,4.290774954369299,3.333690396544128,0.5568427805121926,-0.8437972486258429
350000.0,0.6458593590263002,0.4574796208789837,0.5082079690451985,-0.5636129399367027,8.933737858066026,6.615456523085865,0.6448814260861471,-0.453418757952984,82280.09776917138,62874.38315717675,0.811726442056251,-0.0161852262501547,2.11463606985248,1.5936086537038123,0.7895702017077536,0.0685359482732423,20.111248335458555,14.045048591911474,0.4854146269770333,-0.7029962527351725,3.490967794298079,3.244390867308641,1.0172509090127635,0.054681948109577
350500.0,0.4745091263585224,0.3221936102588249,0.4000096005718915,-0.8613596066244531,8.03297612210224,5.77995193455993,0.668550530007258,-0.3606072101004409,77695.20016197902,62066.054654786414,0.7103033665354381,-0.605918334713246,2.886540083900885,1.9814347732059947,0.4280917108341472,-0.7150756586043916,32.2820687893363,23.11313976917942,0.6235358445513084,-0.4075537086517236,3.530788925139111,2.665944594262796,0.5574042877305538,-0.7419317273266062
351000.0,0.3499853423511344,0.249505740151622,0.4824329077362247,-0.8861193374778433,5.688805255878394,4.183865316348526,0.5952811166169858,-0.5624226378207164,80437.0404094534,56994.86453700478,0.3742804510514604,-0.9307084332313792,2.2816044447901462,1.8893842429275425,1.0368655860595235,0.5616598364826237,25.89454930510302,23.16838854406639,1.2270049799412184,0.834139725561617,2.1768460782714016,1.6769275172118057,0.816384558195773,-0.1377836995058889
351500.0,0.2840744617948509,0.1991694611255414,0.5110216341235593,-0.5397823292221333,4.1583963879224015,3.1022928848661846,0.6277810731048358,-0.5146373693342192,49745.28184155172,38052.37072721725,0.6651945400981849,-0.5152734332294884,1.5949752532667274,1.1420491423947774,0.7458285347365162,0.0317058403233456,15.678401423645182,11.896620481500388,1.1782968800274305,1.6261747163184657,1.657878657116383,1.5187300953936909,1.145282913373759,0.6417305318506163
352000.0,0.5271720609284705,0.3918934925625118,0.5793367636089727,-0.6330154603419267,6.272458552783797,4.1091582606028085,0.4871089400697242,-0.5391111919961058,38573.98799947357,33949.36566432075,1.068210601705338,0.5107084202440522,2.1208226596419646,1.6706545643078756,0.7323247838234419,-0.4998258395618964,17.818569694881692,12.872923035628196,0.4843996785143434,-0.8524872323955299,2.294492136957604,2.157823486345962,1.1574318863827615,0.5057547118084269
352500.0,0.9564072294402994,0.6779854170939345,0.388344064966544,-0.9820782430612716,9.076218116951546,6.720554508428834,0.6345505536448698,-0.312639166356143,47576.36871296981,34361.94218310221,0.6325934721402842,-0.5459886777825949,2.677827595088238,2.114189596730993,0.92610380504296,0.0106813770916094,22.69529116794354,14.90696356153851,0.2456627911160756,-1.1574874142637632,3.466484327944578,2.862008535578806,0.9225069482000336,0.0367349638136333
353000.0,1.0091214501541734,0.8018674155016252,0.723491609474797,-0.6663864208574544,10.253841003912305,6.542216918031094,0.2087349322124928,-1.034541915212978,50141.98026889042,42878.54676852466,1.0051095648940662,0.2220369516258782,2.6266075676837604,2.3833743675929187,1.0981118373026844,0.2961824511933999,19.41868118624143,14.330152533586896,0.6427523613195355,-0.4341148686089675,3.7034671785749538,3.351411885440929,0.8602217584472116,-0.3972648707656714
353500.0,0.7088714602083498,0.5870971942523452,1.0537280537908251,0.3575531038652215,9.718332567148328,6.732558443555188,0.4697413339933654,-0.7321185204866665,39583.24200855896,36009.994712101376,1.4961395311195875,1.7214944503084595,2.373825623054033,1.9914587266853527,1.032480930095378,0.3516640915077516,16.306732922583503,12.912464681098427,0.948639495676068,0.3063990905665616,3.248401249651744,2.975130704195954,0.8079466179591458,-0.5509783634842527
354000.0,0.3198844522190791,0.2635945505913807,1.318417758164388,1.6199964458786935,8.344645693203551,7.458389505466241,1.2428625340254995,1.06897509782688,27140.36393975995,21825.235060778978,1.3489308796274773,2.1598784449718096,1.5894348790741668,1.2888646437903883,1.1956754384941737,1.1286170309055752,13.034406717142248,9.057770937310751,0.8960903991992138,0.7491031019366119,1.4723277097217684,1.1755475015400585,0.9569075522189552,0.2782342879852231
354500.0,0.2563936583073655,0.2586328515727291,1.9206963685283829,3.7358558258979375,4.7485740195746455,3.5439267524912994,0.7152853256490325,-0.2908066751076443,32678.464098678367,23223.301338136007,0.8061269751327519,0.1204105913788735,1.0912414959999268,0.901320411372526,1.3684018973629763,1.771679228680192,8.821392821853001,7.356681621805759,1.3196932964754997,2.062555581782253,1.1744803856008204,0.8598480408854358,0.6278023912293166,-0.5434955957344845
355000.0,0.2421460174922388,0.1983200586696515,1.2900140947292658,2.1731530279292617,7.133116261712277,5.741891904709544,1.0051126038791178,0.1865569612673332,46338.77222477332,32662.64027817472,0.4145686997123271,-0.9493099062177036,1.0092644510534956,0.6241161703927437,0.4123118039018344,-0.3502136157740252,6.032865542465505,4.966150429719399,1.2308801102492508,1.7953696507427086,1.0693609835889506,0.8187115988223059,0.6960791596678029,-0.3862168313886078
355500.0,0.269352137785198,0.1967086061110872,1.0417913487002688,1.0139222667496115,11.931421899552078,8.816157811510083,0.4642633043582238,-0.9991296167585118,54920.32736107092,37459.36157645224,0.3496473256019844,-0.913119891620338,1.219718727283315,1.2016832261901704,1.7082388340649837,2.5986831672892743,12.415944779837725,10.330687558750222,1.3238727307031886,1.7056519656201743,1.892319648293876,1.6610656365897545,1.025246437286616,0.3031897525474738
356000.0,0.2429071087887228,0.1847431895457243,0.8048692878703313,-0.0380989516121763,9.72119638074916,7.335514828542486,0.6246433683659892,-0.5024182577940506,42498.13388345505,32164.015219002536,0.5749324115461392,-0.7260161510401675,1.253592589199815,1.047487213835728,1.2354380368870244,1.4021966109955892,16.768407166673416,11.435292060187336,0.5412885489028025,-0.4117052751914767,2.448788180379158,2.2332738225503954,1.0806489892279036,0.2099556292371005
356500.0,0.2462521430658458,0.1844801822549356,0.6981463612391564,-0.3835700839766551,5.817109398638332,4.302748411077447,0.7436423402253096,-0.1863982883121528,36667.02108559238,25263.084860940005,0.4851971159714913,-0.5943916127585824,1.198416464009884,0.8673795333977786,0.563948479904217,-0.67999212470031,12.926590931570916,11.28293813505603,1.0941685361092317,0.806640610247698,2.208359826210242,1.9442477826594329,1.193268570627727,0.637100376152103
357000.0,0.3454085574736953,0.2328977176961289,0.5427016234671574,-0.5167124958974312,3.9127604241014415,2.7811475593947548,0.7020833408874982,-0.1409592748711814,43613.917712613074,35064.67437033833,1.017335358273911,0.46437632638921,1.5327726576425906,0.9923552013733712,0.3292019558988539,-0.8385929160547936,15.272405880941696,10.317331357982434,0.5975103657866572,-0.3025439558918612,2.056144040922148,1.6612777597299373,0.6580762449162999,-0.5823197745754309
357500.0,0.5642007866540455,0.4328620645851129,0.6108183728903137,-0.6517241475306843,4.564350636785487,2.969298743315895,0.3347736476269379,-0.8589900427637902,64765.68462825196,53198.4452922462,0.8856268090849676,-0.1409571085293093,1.9185910513755755,1.5032713541533835,0.7625344878654432,-0.3744285008192891,17.293012294176325,13.005243712326775,0.610355301776992,-0.6073674109843097,1.5178041517454834,1.297721150231201,1.0818218262774455,0.3524727724383956
358000.0,0.7558015508039756,0.5126285338698109,0.3371002966453645,-1.0499028500838017,5.437605092309427,3.617815201710671,0.3704051410964802,-0.8997549415012567,72084.16475109314,52083.93895843668,0.7288201075231835,-0.1470116352162445,2.286747071549636,1.5449052200969982,0.3788663218918209,-0.944174248769916,16.40700821072604,11.995129556266887,0.5968767568611792,-0.5533256596267182,1.85179148903569,1.5345537684951511,1.0477476264537902,0.5246924516611133
358500.0,0.818427160839921,0.5487228465532885,0.2530153087151857,-1.1495554036555893,7.0381578469867465,4.778687769353047,0.3206041153760626,-1.0009245589843212,79471.9447337766,55454.69823019301,0.7173165229343413,-0.0884271973812476,2.417557527910959,1.7557623596172842,0.5400305663015058,-0.7443620339923704,16.758380278162765,11.14613759529093,0.2944596813458933,-1.0625913198436605,2.798469991796104,2.3114763098217157,0.6883694508740591,-0.5869107331209169
359000.0,0.6526859353343972,0.457398496204373,0.4468120775402522,-0.813814139964089,5.733970330344218,4.341610014788048,0.7456585235469939,-0.3179746448764438,126879.79257292848,92802.33686178764,0.5651296499517094,-0.6416741746200421,1.878236250238631,1.5599590894975013,0.9665642580476468,0.2113790582636259,13.082163277768911,9.635783680496916,0.6034568390109999,-0.5016865139687257,2.852582237419624,2.559893985433383,1.0356989800906795,0.0646508345881402
359500.0,0.786754649766765,0.6003222819259674,0.7792347305527156,-0.1215956606944894,5.384844940180066,3.620737058843419,0.5126523699845991,-0.6002690719071082,153338.2474593822,124034.63356778742,0.6615148551087602,-0.666744692364948,1.898517628252273,1.5318410296889362,1.0201490109900528,0.2605633707938937,14.71833106076886,10.76892191438173,0.7116366232293786,-0.3289751211317209,3.5783842497403846,2.6284764464966592,0.4544164293703217,-0.8520723198090336
360000.0,0.8532562553912486,0.6127883017523165,0.5200630482381184,-0.6802447031494929,5.892422595778412,4.0548601013989805,0.7308486311792851,0.2745016669658566,191568.4369203693,128178.81772898408,0.2815510585144862,-1.0708750038905843,2.379803406615248,1.5397859186570064,0.4320269762645641,-0.773461558683044,18.654363434502397,12.240003366461387,0.2809052065961909,-0.8765720707998388,2.7895553246529503,2.199056958667464,0.7792882768275058,-0.3843890733902579
360500.0,0.5783264823855259,0.4279259647773834,0.7203057846157721,-0.2822083920363329,4.967336932875396,3.848369464421581,0.9522639171487104,0.2350247974376356,108544.97853078644,98633.99385285225,0.894860318554708,-0.4695500042089695,1.531964190284744,1.1507632724336545,0.658162142023827,-0.5517483888247998,12.707454576444764,8.773450873602533,0.3665079425581692,-1.0691985331851102,1.8012098989732332,1.5724063589606905,1.078470048410965,0.409228216003294
361000.0,0.3864242336494184,0.3069749858895387,0.92442597443773,0.1667283357843447,4.232352010056421,3.2776475570521737,1.0341337411650735,0.7533664436763554,59522.307044656416,53091.226026822056,1.0846351354709491,0.4311108015415388,1.2270284887229816,0.8501354955100167,0.4700251033773155,-0.7647489948229445,11.550137809772618,7.731128629288795,0.4376371488741137,-0.6682616454632448,2.211468766292294,1.920721187755837,0.8120794803068799,-0.4045675406014393
361500.0,0.696308481864176,0.5357515295946462,0.9303138775311022,0.5807045016838734,5.082766375393927,3.2950223511969976,0.3831784694647475,-0.4871322081946383,71740.5806265551,52175.41938787158,0.7232865367135708,-0.2277667016758902,1.5399756753350038,1.1743664756585996,0.9838324096553996,0.9255307681588318,13.604002662661427,9.530496455800906,0.6210405671132057,-0.3112178532079928,4.065177498781057,3.0208181943364685,0.3846939622135621,-1.086631262614711
362000.0,1.116484552761425,0.9274240350760394,0.7167095184362292,-0.5969631419566594,7.615622123484082,4.824338274131671,0.3486466199063008,-0.723784263346654,74463.40810490865,63943.28488990571,1.1258284297462704,0.6601919608483757,2.3604072729050487,1.7574824056374423,0.717163384723423,-0.2550564010657341,16.296837329750094,11.872151029344234,0.6539274066893603,-0.3896182873253093,3.812810811982556,2.9861157568628114,0.6705335376089118,-0.5998211625228613
362500.0,1.0466129819628898,0.8045446549843539,0.6936799579795145,-0.1718315999959232,7.618731728256624,5.6097240367052645,0.6521223924480883,-0.2905467367859651,82888.4417175148,60684.27545963938,0.7373710214357485,-0.2188554443762682,2.991721829176307,1.95732526817356,0.2502133070631178,-1.0459628391189877,18.702547270091536,12.60062131655272,0.497823907447,-0.5452480208692676,4.286782294328076,3.339572766517408,0.6413468423846743,-0.5729674661905944
363000.0,0.8252948211608746,0.5640836168533327,0.3380382821094195,-0.9284882159522329,7.945212908647614,5.647117012189954,0.5715797695439214,-0.6811067381497637,111091.27859254827,83625.35286458104,0.720206035159249,-0.4956170074802135,2.413678113622739,1.6813988486713445,0.6688492694126684,-0.2129402582423889,20.597330338741315,15.163919180377237,0.5984103293164513,-0.6435624990493709,4.840279991684866,3.548952061283388,0.4269813438668082,-0.9252232761957208
363500.0,0.6226478462612508,0.4740188875973279,0.7580833205754642,-0.1274896853325606,6.790100422482236,4.845002585040835,0.5653412149512177,-0.7116597091826318,75898.03335692044,67542.14797275039,1.1848762153384853,0.6551770627021973,1.9207599188727733,1.5250154932640998,0.8798675065768111,-0.0036724621158632,15.29804973493926,10.804275276658911,0.4615554569623811,-0.78727199528559,2.94878741427025,2.509691937902852,0.836795610857015,-0.2955652429273421
364000.0,0.5278987275765584,0.400276629061546,0.7595351806970596,-0.2189506557708052,6.910336325042867,4.578993922296685,0.2427419149603107,-1.1297236424372283,70467.9961515642,52842.289312231616,0.9325417606353588,0.3094143296797451,2.115409467971065,1.5719539872116797,0.6843259480117916,-0.3604032650493414,14.744478271835662,10.570383062815711,0.6115454072946496,-0.5821405886250517,2.6529154764437006,2.077785920670418,1.0254794925003496,0.8762436269756257
364500.0,0.4588656571507402,0.340727352359098,0.9354912373522972,0.8490567671212643,4.644373988414185,3.348732483027519,0.5845136045730693,-0.4572947448841797,69009.67593111485,45930.971258357895,0.4381131566238449,-0.6761516091632447,2.1868428916978884,1.4188661698858416,0.4410217781546564,-0.5871917469402494,21.72407443646564,17.82340678599924,1.1220921394177512,0.9160100943355228,2.1358484766101737,2.091238732728661,1.4999945488970865,1.8990963997757409
365000.0,0.4884471974052667,0.3631144764684741,0.9318833902669096,0.7274837516324313,3.625547330242248,2.579685306465891,0.6256635635184354,-0.346902662675324,93089.05758791514,61891.197512193874,0.2921872050494087,-0.9298593339710104,2.029632923784398,1.4590395617515577,0.5878279274478343,-0.5015601432573824,20.924618662949143,16.47546509633067,1.0897358963319022,1.0298908909546671,3.243468971224841,2.6240256715566246,0.8770308405017142,-0.035832137423386
365500.0,0.6766418664179948,0.4604747767793252,0.5409182517447234,-0.2713255612632959,5.289894837447919,3.603580775516816,0.4653504625539876,-0.6058238912407901,120559.892344603,82952.56388977029,0.5168329511208615,-0.6436338580128966,3.13087639556044,2.0276656975400047,0.247194573996547,-1.0458522969160318,29.64448194216892,19.008705314731326,0.236522103680632,-0.9041133772464236,3.718860770472259,3.271544646949504,0.7636413614045807,-0.6982973163000898
366000.0,0.726620968496638,0.4977658542489845,0.5657908836857027,-0.4168379802661892,6.093616021406338,3.8991878367510826,0.4112712450243361,-0.6994914522128224,101678.8929557574,76213.9373384203,0.9003166220828686,0.2417171987627275,3.265615150244477,2.5312812413220014,0.5971026312772107,-0.91173938612687,27.31372948187725,21.64595623749877,0.7452269028522243,-0.4846155553341993,3.106646143018685,2.6914285385154217,0.7262950718096775,-0.6785422755446175
366500.0,0.584315767386597,0.5343432742913913,1.31816812656158,1.0012434083553252,4.474049304430093,3.004769574986358,0.4987534752963089,-0.5959077704656242,87746.67276064058,65245.15468319022,0.7588617857813194,-0.080429068768296,2.618979305576084,2.144082356602988,1.2184286527980086,1.3783564760147993,19.76194062361313,19.67389037683117,1.8199771805728615,3.1344318550801225,2.142737407488944,1.4759193132071218,0.5506345051722842,-0.4795911427860222
367000.0,0.4604249640382923,0.4084191388507737,1.4105291037906889,1.8475424164778635,4.965262532426081,3.7290240615861823,1.015010759597304,1.224600231463303,108403.16892468031,74276.2211385025,0.6257346365557929,-0.3738127796193025,2.986027600008848,2.3868190355336085,0.975399170961607,0.2986469588400608,25.768958673086736,22.00818938382232,1.1872040527398695,0.769773425761155,1.3299482289868028,1.0337091956920912,0.6137852762046809,-0.6686020078732233
367500.0,0.4576908155005192,0.3226561836216838,0.8159732658232955,0.5307683072039673,4.803729472956297,3.321089429231479,0.8262064128135027,0.8083142686095495,90480.50541482808,75251.3384797851,0.9522600051492512,0.0596699092390453,3.035064480741587,2.32611826147652,0.7785108852999276,-0.1423753366144335,30.24919978811867,23.16227681100419,0.6565251634081175,-0.6159422164647559,1.353222750323128,1.0430719806906843,0.8410014581459396,-0.1443413516993841
368000.0,0.7219221654746352,0.5280557846114247,0.7228721294907839,-0.0666610102849585,4.255399121151841,2.9050232575070645,0.5529229880903577,-0.4361737233475158,109646.6325660698,89423.890428923,0.9627124551767056,0.1508049409037424,3.133489552126201,2.3291867915681284,0.6686371209887089,-0.5056290233383667,30.644171316442836,24.50100986470511,0.9092198177002524,0.0473790893440102,2.385959833828438,1.9606338621885937,1.0321591948339608,0.5714106719401468
368500.0,0.889439671862974,0.7364041343544632,0.9636672585967192,0.0705498091003389,4.994560675720037,3.246216928150821,0.4654662456911158,-0.4443023798765093,114330.08162956216,93828.234696536,0.9998514618770376,0.1320337275095484,3.401364182431857,2.680935455995181,0.6868445718480883,-0.5255067560694471,34.60231150066163,28.86642470371789,0.8653408327658704,-0.1326616613472691,3.285559365136921,3.0061182183258888,1.056829053940475,0.2075123759617057
369000.0,0.7442194422995745,0.7688373152274838,1.3875113602951226,0.9971800057197876,4.043983333030369,2.695068070837009,0.4766468331424842,-0.5450617169216287,84110.38033932184,70000.57271233958,1.1184203166677764,0.6856224209566917,2.257782387413588,2.122293643203116,1.3696410631126934,1.131906230124529,23.160450144848387,24.133975420618302,1.502023032789054,1.3632316800895392,3.0118020709590407,3.24802957793776,1.349173011018202,0.8720694833823499
369500.0,0.8685206833536033,0.8453658860241657,1.248520305935375,0.5824606355739168,4.182323751243505,2.7756308557182363,0.4262987506671236,-0.8093560991991287,100812.2169968757,68655.42868926097,0.5533749948621718,-0.4334892284574176,2.308343546400472,2.1716857269868437,1.2038241814012298,0.4778783700852593,24.009466668105105,24.531071022558912,1.3647132708244392,0.9010692217571092,2.9181545141396845,3.175434145228523,1.3781097541063738,0.8768365641899987
370000.0,0.8809395016606735,0.7392391920415049,1.111121774392411,0.6522961832108511,3.82120633276605,2.85155320657396,1.0946230027833883,1.5226109674071786,85617.1807727901,64135.63057117107,0.6620533649261383,-0.320158438435004,2.296626406169621,1.7789329314122289,0.9420207363962791,0.2630032542923648,25.58575188542657,21.122253000459853,1.0961640035695517,0.5844396746139391,3.344125510391065,2.9473965775156885,0.7919212851611629,-0.4934392953980975
370500.0,0.813429128596952,0.6404805757577533,0.9303773505115196,0.4703389772816537,2.9947531509460585,2.224183947144676,0.9654396898914008,0.5956255187701069,93036.2232882684,72729.61123525955,1.0566399719661894,0.6450536836471952,2.113738188103104,1.4972363211169974,0.7043928438474012,0.0058431531904745,21.399181621543303,16.274198919094403,0.9604037356858456,0.4575838068472504,3.108119347668492,2.384245126754152,0.5189468117532299,-0.9618399474575288
371000.0,1.085334874749286,0.8125249932876787,1.0730543494649585,0.8489765328763146,4.485136057336789,3.4028105012403365,0.7406168435528554,-0.3747629801571057,157004.0252922767,119759.0791522683,0.898284875379134,0.2419111627925465,3.0557372194670074,2.287389589564855,0.9244325271363024,0.464556897295266,28.678746536690237,22.81699951974953,1.0959650485038337,0.8225334683410925,2.7912846535572,2.119587795315652,0.7069269977827382,-0.2194315671552735
371500.0,0.9714000975610176,0.8718168535734577,1.350406360773322,1.2972229125311,4.803678393373063,3.757160233394868,0.7475424802845759,-0.4242241056696629,223037.69475548976,151993.88600578217,0.3712270942471241,-0.7549885155786167,3.279622345437427,2.769292413847194,1.105880833302876,0.5278905856227696,36.72178347784189,30.436296901353696,0.9879514018005982,0.2418056530123751,2.673717113634822,2.080586909563031,0.7298294059043552,-0.4752906739252163
372000.0,1.0013372723703389,0.8584172868272084,1.2752117451454257,1.183182852889261,5.4703346281658725,4.212898580564216,0.7331321624314486,-0.4365382993262257,137031.7236993014,113898.924075763,0.9500657375326504,0.1466633652288882,2.917446433441864,2.222963903051625,0.9837611441472096,0.4021087662722311,29.00775242830434,24.23082517916515,1.067325611680662,0.6165999869207184,2.3748414414529706,1.815359049642371,0.6904371710479662,-0.2798824354545379
372500.0,1.0920724033613458,0.8415316557725548,1.0276028553878007,0.5911468143589609,4.797347509390152,3.2607071076509047,0.687165946916146,-0.0271281190998502,152800.0310151925,112191.321641271,0.7650344807040829,0.082475333146915,3.125452247160659,2.130096133049669,0.4933439356912776,-0.6681811456916407,25.7022080293118,18.118391256139216,0.6486357287398113,-0.4351243467809045,3.337646751527237,2.484351115363565,0.6061939535851782,-0.4697319012600314
373000.0,0.8906025795532105,0.6481207208383974,0.688242486063228,-0.2478988321310615,3.902963387169829,3.1185410569215626,1.1816335944278336,1.1629988448238482,128210.85422910318,82725.72209591507,0.3501408139166708,-0.7491115169608134,3.1349647967791654,2.424936037481042,0.8967804705537102,0.147976371950687,26.321498487619618,19.558557028363406,0.74223167751847,-0.1519745375200658,2.7861592497439136,2.318491064834182,0.986960991050614,0.3694751330753822
373500.0,1.0773940290052315,0.6894390095579706,0.059473535274816,-1.3029650362768082,4.351489248979636,2.83264137945366,0.4222888051981896,-0.3516329686069523,160267.68029840395,102558.53430667488,0.1608212365685948,-1.1385087915837806,4.274918894515559,2.871721947145941,0.2316008156463135,-1.0719874411362815,35.255653124207726,23.60160840043445,0.2552371794355397,-1.0171522702655358,2.1680747511592493,1.854368366187096,1.146556598387722,0.649582345719244
374000.0,0.9411099982234886,0.6328094024614703,0.4084969960450556,-0.8775456923707896,5.796651013217452,3.826705898620833,0.4941023947336295,-0.5379497043762789,157583.009764042,117049.07353371274,0.7176616941046388,-0.1534683018980049,3.778254761652336,2.688551042484972,0.5425193744497502,-0.5992237761704451,30.281935786550008,21.44519889411011,0.6431466080897678,-0.3338178162952534,2.0925084112599666,1.500396205446423,0.6672960085830759,-0.2843608280006791
374500.0,0.7466717132614107,0.6254289445677131,0.7898085146333177,-0.3910694085751922,5.037937483786547,3.2414668513799487,0.4371129532836236,-0.5998892716459578,159229.91795379322,152245.35067768468,1.3639576030140337,1.310115405308513,3.531857473504685,2.9583214814528103,0.7544464783308628,-0.610607254660831,28.059375532436743,23.379856108876005,0.7488681553200236,-0.4959194661615598,2.113280740315658,1.719489181383375,0.9194568844841612,0.0398410923470704
375000.0,0.7119166457631987,0.5703259654572034,1.1399237761439929,1.1093123382467116,4.3146544032949095,3.2689856521807115,0.9296374815477808,0.4739545010260726,232858.74229812788,178596.8629912145,1.0559835423910269,0.6125349306305137,3.1344748875176878,2.585864381143532,1.0274193963397018,0.4677372653320524,25.06475267829853,20.710070321849955,1.1254653265210657,0.7576817937155726,2.8209807326978185,2.295488009036477,0.8705106017445563,-0.2316496026802972
375500.0,0.7422882375339779,0.6309243559842329,0.7999986773247246,-0.4044508106801001,3.10801637075724,2.0746273917249254,0.7486443089776826,0.4413251400446176,241960.0964618037,218111.3562767631,0.9174036926158732,-0.3569492225955697,3.092617605245072,2.5682870624295755,0.8340086206852998,-0.2186647839592792,24.014902668033503,20.22417074423071,0.9455899671549852,0.100415167289511,2.242121803077871,1.746557139010523,0.7498193720477851,-0.3539124542117946
376000.0,0.7484332063855363,0.5498798633302567,0.6457175875115764,-0.3914795390003962,5.077304890136214,5.348129382974453,1.869822994926404,3.2995310839899767,205094.7347724712,168956.7523756109,0.7134512963412883,-0.5740862363908108,2.8075104578968104,2.1709840869322843,0.5980087383399161,-0.6311784062851347,20.65695233749285,16.18695500204231,0.7471440601502501,-0.3397409200385954,2.2425548662535126,1.6478637321664116,0.8358651993659816,0.6601699620303996
376500.0,0.7277119064572936,0.5138162998649877,0.4909533356989837,-0.7888716544519769,4.993714903817088,5.452663998644832,1.7702804628059277,2.7441584534212264,134759.6287664057,95382.21654174489,0.5461412020623995,-0.620413228169677,2.280833453041796,1.5028912881566858,0.3572672846014816,-0.968493789915811,16.65284605271206,11.021709056151265,0.4930139373205413,-0.5595792414296787,2.370728641419572,1.928068283344489,0.981018329611506,0.6507586017639042
377000.0,1.0762296484934908,0.6774982828637416,0.1339341252085582,-1.1473363228289524,3.616113009092588,3.195991346012307,1.5163561909573433,2.5343636065673154,122716.20944872207,91475.89564357237,1.0388290973834668,0.770749690455061,3.188489718871494,2.001852989778296,0.2294911510312754,-0.8210181460702568,25.10776216500589,15.879604698312315,0.2838387357576487,-0.7670376854913785,2.872828679422585,2.239594885892022,0.8348257560959995,0.2986620976420715
377500.0,0.9116813440136678,0.620747602242177,0.4379841098059412,-0.8108397909561194,5.010532556533282,4.988754749971781,1.8001378369945058,3.1497147054946453,115867.89331195908,83253.10564369198,0.7954266723259247,0.4367080939280696,2.846534562731374,2.188396730739285,0.7998535796232944,-0.2301695673580712,24.39527160366258,18.08344660099639,0.6911848674463478,-0.4376859278836993,3.367672480765337,2.4656406184646857,0.5898882350043336,-0.4332322334005027
378000.0,0.7852824250100873,0.6203206671556335,0.8761393027731131,-0.0288197666060545,5.224962413986183,4.446152908405269,1.494573535451327,2.425923648502235,133899.47694746236,88164.71355206706,0.4760518066519624,-0.3473330497628142,3.0831342051217074,1.9366686015094277,0.318457604556551,-0.7957817407009582,23.92451309714264,14.828500824096578,0.3642346450138647,-0.753509938843302,2.689222635901136,2.0236143282304573,0.7085385177241067,-0.411959058492501
378500.0,0.6035057116103233,0.4381786996918571,0.6720883773856758,-0.0604733867868465,4.191515284605427,2.903691703247025,0.6858471005204174,-0.0812444572782675,159311.4654089615,109734.10207870162,0.3892491324889908,-0.8321335569677264,3.040884111049631,2.1597372297526274,0.5007927983836133,-0.712385549901561,25.02859328182902,18.587008246889106,0.6537594149925218,-0.3754918773805311,1.88324223982415,1.7783517209355315,1.3270995591387786,1.228220304391269
379000.0,0.7758104983521321,0.574618332070232,0.5463805397854782,-0.7039291641258734,3.2349551391755558,2.704210501490393,1.2549935037000663,1.519589420144647,158505.91854663397,117990.19205264616,0.5918914512083399,-0.5143444815343563,3.49326021002655,2.6077453550372014,0.5598970953246033,-0.7676651988342318,30.28954372772729,23.86367842005844,0.6716785544055499,-0.5608332378600269,2.1530590914278047,1.7395093310736658,0.6717467271079076,-0.6792794614984654
379500.0,0.8064782605291513,0.6910186589176455,0.6940790176863206,-0.7549155996418064,4.369524279864048,3.2339241121609787,0.7753987388281063,-0.0984171813291769,219676.53117003845,164139.44641962473,0.5116436188094067,-0.8452116068411275,3.3781933986113657,2.805679428759531,0.6881744377200091,-0.6978675564884051,30.696920865356827,27.07250062579473,0.8268043675533663,-0.5015145553579101,1.300307221454737,0.9915378912434624,0.7469684013628695,-0.2285954191681978
380000.0,0.5376677658824621,0.4518860940243243,0.9691418032306792,0.0188228707844402,4.88541895293896,3.7612022720468055,0.7626993422475508,-0.2555859640504483,182328.0960539688,168767.65930287092,1.1013232184427373,0.0911764719017567,2.1171002601976805,2.119683283485896,1.157924725326541,0.3045413102911327,22.03498274005437,21.227340242303576,1.061660555393819,0.0979985582306546,1.145735984815856,0.8052041979963336,0.5173076973539884,-0.6169582363042725
380500.0,0.3168504524390528,0.2441660708258844,1.0815249756015568,0.9746501644853134,6.051581007381185,4.372025571739949,0.5573836940163365,-0.7067820270466041,172423.60411996435,140037.46647363412,0.9506805966191038,0.1226067078189183,1.9795527089610068,1.5222131872517295,0.8575697565752348,-0.0439746778158247,18.78394912958499,15.5600523669068,1.075602542023269,0.4274550294874228,0.8267234337392076,0.551467446170521,0.4146765603812005,-0.7691687466071349
381000.0,0.3900399626495264,0.3388310159574232,1.286531625115816,1.1053173058041388,6.296082188127982,4.35942549672086,0.7302779288106437,0.4868766503705597,130656.95230920728,117652.41033219756,1.0103249354624104,0.1130354093796452,1.8577522135761035,1.3244326650705125,0.4823754451675873,-0.8174163981792195,18.21321063281364,12.76024357403043,0.4245940042205796,-0.8891452931411061,0.8336178972590741,0.6688901201183576,1.0844896730861402,0.8989168459365784
381500.0,0.7274574966053662,0.5251829304836506,0.447395054173077,-0.9375491606607054,12.779531262971418,11.182237470031264,0.7637886341842608,-0.5989001432218957,100030.95157895566,72862.45534936705,0.8927108991469895,0.8424003900532058,1.447544479504063,1.310606074718249,1.1884975142097571,0.7534687055797504,14.40368156975002,11.265073185710223,0.9057665699046692,0.1477516382995909,1.3506144828075304,1.2034425977448169,1.0373729795123288,0.0962246191598317
382000.0,0.7289908417738856,0.5744007205237013,0.4611725877922232,-1.107308137020295,18.23902010457152,14.749962273534376,0.5137475397651208,-1.1411603658978196,102511.17291634824,82152.85778736719,0.7466138473324644,-0.4623062116363394,1.752765864037666,1.2433334266877611,0.6018659657777884,-0.3895658385767064,16.965116920347114,11.6606357174267,0.4018247120264441,-0.8826994217838511,1.654554513673895,1.3829848729550165,0.7806415397786558,-0.5532643930847989
382500.0,0.4472376195493491,0.3498855903934102,0.8104992137123864,-0.2284998969173455,8.8554183947748,7.196036341512914,1.0160239547012109,0.5745457948039805,82498.98649410212,71728.74080242404,1.0959831279090666,0.4976571184748311,1.8213809882562928,1.2945534628940936,0.5142394245498484,-0.6550975324510384,17.54448085100901,11.601528505779594,0.3940709612249414,-0.7746456221711013,1.67962147800892,1.413080921719981,1.1431589917493656,0.9079358385128318
383000.0,0.9628784814230682,0.7264766041007888,0.4993607252020285,-0.8824114938636258,3.1168547892850462,2.4829870961617218,1.133422892159996,1.605871118126288,59630.01989412421,39444.24118845484,0.4396226005367307,-0.5195662816834044,2.4101145050575603,1.70731024434196,0.3476109587049524,-1.011708744343895,10.586272812593114,9.025164876488102,1.385327391314657,2.0787302173481903,3.733903308206579,2.888692717518851,0.551310525431077,-0.742232735856259
383500.0,0.898693834342265,0.619930810817439,0.4041181614750031,-0.8727163769163897,3.6011835625363102,2.5688955574137995,0.620737428044181,-0.4847702579814261,73426.82534551263,50329.04935047372,0.4766002909928265,-0.6925974499171996,2.627728444460668,1.8320789596797276,0.5592709581456683,-0.4730528355546779,13.972372224991863,16.940679685856196,1.6708568969834974,2.038927085925569,3.4100371745289197,2.526753820565143,0.6711714319152419,-0.2350107250880189
384000.0,0.4341278142584213,0.3097980094153157,0.5368195484967339,-0.7308773502972072,4.529545491370074,2.8494341568272143,0.3282432275532482,-0.720211556940547,66547.27724349668,47831.14600135566,0.5804315449363752,-0.6366997142444841,1.7017769802117084,1.2408767233087092,0.6847402410618311,-0.2017215833451047,9.66535708687605,10.418670317074804,1.978391868472846,4.469082523092525,1.5174814824064924,1.2442379592012949,1.1223480456734145,0.8268298850822657
384500.0,0.4175528001442145,0.3413376230836707,0.8890816891695692,-0.0933625924834737,4.06150322395008,3.0055497555450588,0.676366239931843,-0.3983936756769695,53137.99055488449,35882.661853897094,0.5642485730066796,-0.4242122675963324,1.2981127403672863,0.9120631158418254,0.4562070834641199,-0.7304785945602021,9.422285414052798,7.232912678067359,0.9487103648741608,0.44769484078151,0.7980517131589219,0.5464903946261771,0.5019991475224028,-0.6056872833864939
385000.0,0.4089509826659219,0.3441340743737965,0.9024714883923473,-0.1970152576497756,5.492102016965099,4.049586216309769,0.827877600295862,0.1745870353173653,48679.22643381113,32847.45647309022,0.4905409660537131,-0.4651041462841996,0.960648143379777,0.6825711917879597,0.7230556691628569,0.0286752345258998,9.460360238652235,8.125610669339261,1.5394275751198463,2.365555863409102,1.1782540475550338,0.8527583222418512,0.6738929034206629,-0.3559090824252755
385500.0,0.4429901629664243,0.3834742139074131,1.0022385921900443,0.0240930456594914,6.2272168099619325,4.265786384238106,0.4359726827643163,-0.734433113141256,60876.74867492654,45366.53070501218,0.7194206304952541,-0.3642441486095404,1.342237497777171,0.9528606406415276,0.5598805441650367,-0.4827700036463098,8.380842462756515,7.194811977707228,1.5206796324933451,2.716371994819104,1.124352686782128,0.7759515624393264,0.4768559878162096,-0.6109009284420543
386000.0,0.4786225100745685,0.3841200982374693,0.7091928518401178,-0.6080297729185733,5.201584411239438,4.0856679542369205,0.8708739416180431,-0.1898900451587764,63124.78643026483,52691.91025126073,0.9209727237094246,-0.0188938123930491,1.5030462947712202,1.0704565980585252,0.5512852016961505,-0.4012720576085806,11.78769040249214,8.512815598628551,0.928084403314044,0.7093930752816466,1.4943712558091191,1.0302716091826725,0.3664600597341769,-1.077174512685313
386500.0,0.4934167839973303,0.3476117397890119,0.477812643605755,-0.8686366757997339,5.634844628220803,3.766015046252605,0.4752104327178952,-0.5300645509656605,65489.004195217865,48371.04112600805,0.657216383578812,-0.3222625080157146,1.9381006412478925,1.404407646560767,0.8126372270522662,0.0756491663374268,17.910794112163618,12.230797394647407,0.549176090269851,-0.4316677342950532,1.5540885826933672,1.0711002071377524,0.587071190856214,-0.3949567019163331
387000.0,0.5524316043519231,0.3929204438245254,0.5339449144838331,-0.5753925723195499,6.414937461619436,4.819363926360321,0.6528816791693347,-0.4663336958320165,63792.32042621791,48976.50492672039,1.0022153254142412,0.4826809217798891,2.4695644197658124,2.1603369481461,1.1334467156021208,0.5805573141386553,23.666694187511307,19.88546977793009,1.0345932447097952,0.3502263908004717,1.217992708118686,0.9075812683981184,0.7737839966642673,-0.0208662349981083
387500.0,0.6328303197013576,0.4661056647701487,0.5370435159498573,-0.758192857661848,6.840801227053511,5.449165158026678,0.7081550675401077,-0.4582215958276006,74867.14741764391,62333.22048805912,0.7805359669733452,-0.385695122793134,2.836767813672714,2.619674121630281,1.057081608611388,0.1139415804493833,24.44949932990022,22.59855928219136,0.998157423031262,-0.0232943659137361,2.0997017047657134,1.6864059928351975,0.994582103564626,0.5148117064734454
388000.0,0.7136331157423537,0.5165546223548874,0.4911115324293327,-0.8052105286231295,6.122656287267224,4.680294345081085,0.8174627630946885,-0.1087001157899592,74571.19817067792,51685.34080502092,0.6215603232634674,-0.4501503289315498,3.123352793127234,2.194133045297917,0.4079767930450607,-0.949741822213504,22.579518150619677,16.02931342341707,0.5809290938999001,-0.5945950804897016,3.785960320056787,3.459489031531927,1.3331564742907718,1.161122865576267
388500.0,1.0048945981087338,0.7042519208501067,0.4045064459215238,-0.8412348082932453,7.414737115633311,5.484502190219586,0.7417235475853968,-0.19502014569971,65961.00752368606,53200.665309730655,0.8901856701544455,0.006841571210554,3.3124804665345104,2.327475354941248,0.4945287444913641,-0.7407901842501574,20.80641275931685,14.477658340458348,0.5355086038517014,-0.5823421249473864,4.170762804321742,4.153941560371922,1.27894215447558,0.7252124390124148
389000.0,1.3429337690693697,1.0684783188389784,0.6104665993649292,-0.7090993169253128,7.4295328287277425,5.811452526440047,0.7365538463982361,-0.2628490627023465,86538.50566398219,65995.92509394792,0.6687744707513517,-0.6108598386290525,3.587033961427653,2.927177033514357,0.5905263577240609,-0.8117053235241873,20.732236263287987,15.99332556606285,0.7458830632924929,-0.450867265564749,4.048303980649285,3.120394768676569,0.9865842861303722,0.5787780937926148
389500.0,0.9594113190984548,0.8844235955903381,1.037918474181212,0.0699750841726323,5.657113622567505,4.268517591356208,0.7921202235439406,-0.0864641844886922,79108.38196157242,58510.64163643824,0.7278326698249216,-0.2760009906296505,2.6586317142620794,2.0529800800108577,0.8453787865389132,-0.0867211054620753,18.584939184207844,13.66390907777699,0.6540041019475952,-0.5097736521871803,2.341761156421156,1.8376470810694856,0.7383328910554502,-0.300041970788377
390000.0,0.5986893431345176,0.5154366399807228,1.227807823910225,0.90177100423927,5.116889945442865,3.588153744535828,0.7895232032309331,0.5079591987648184,73115.42164849363,54922.88356329513,0.7108650831909167,-0.3982357194500721,1.8611976375473605,1.3092014725029324,0.6496772346046645,-0.3504538741400305,13.922565299282404,9.38757009085628,0.583855603752024,-0.2536876571321951,1.6855107797344255,1.4019779662945733,0.9205508873534102,0.0005492031472704
390500.0,0.5283840882522912,0.4304206318655397,1.0021982224423371,0.2447486883461236,6.343763784723336,4.701007327855773,0.6295518298816064,-0.7065397789037844,61556.90372839681,48691.90229713563,0.6447100574010707,-0.6873383518478673,1.4849448155810288,1.069209294204308,0.5570893323147723,-0.5805228864219787,10.00640068876881,7.058779510628297,0.4878369010971092,-0.7606191157080686,2.082753488308445,1.8570935245322728,0.9367753082365048,-0.1969196599379574
391000.0,0.6206282733424101,0.4733974909462868,0.5662776664516668,-0.8716169887353868,7.333859796515222,4.620141207901291,0.3248056774255979,-0.7566228976436196,64063.34613211078,43741.867205383765,0.5237554543930031,-0.4790747804032653,1.3889198510875065,0.923328877747929,0.5439821124595816,-0.2701566236366717,10.452803695610683,7.01517902144617,0.7425926068704515,0.4276281973034517,1.748825536084216,1.4493321728715165,0.8695809971579116,-0.0632124460444711
391500.0,0.4634045372617456,0.3980584982038352,1.1932816721775532,0.8879993186824762,6.8255393689402455,5.042540113529533,0.5913677819589167,-0.6813063867039859,68562.9296004777,48197.84397937523,0.5165058941223513,-0.5793765392727401,1.4592853053427943,1.098811886023299,0.7217202195263694,-0.2660813222372677,10.579877956963616,7.233531999431573,0.448841647115653,-0.5913499679528669,2.070284313752597,1.5090686267777764,0.4404170484197148,-1.0182480060577843
392000.0,0.5143023068095252,0.337467370047351,0.4426918287203717,-0.6243741811513193,7.056058397658838,5.827226480830679,0.8238835849393112,-0.3711213768245596,56346.88984632555,38102.91953991033,0.3427342426679953,-0.8917185109712826,1.7727241659528814,1.1632675732318312,0.4258588665234527,-0.7440593008967813,12.214730955818244,7.763807555198664,0.4902481214553554,-0.2798730177610338,1.9381090145775104,1.4198185510518404,0.6347332085515995,-0.3155154485478575
392500.0,0.5257970920524091,0.3979710596390195,0.749567403701724,-0.1008467588577719,5.858395311546459,5.746017062669536,1.3951301321507663,1.0913458022151596,62468.71969000657,44609.84791197329,0.5197118893800868,-0.7456846732739675,2.070616985736556,1.530537542101246,0.7431046216232913,-0.1821885236520133,16.010409286068313,12.35101409353317,0.975104806974969,0.5539393526798113,2.1125375987736805,1.8640052102646447,1.3231512608166047,1.4008673090845851
393000.0,0.8418093352910786,0.5953720091089005,0.4320183697119368,-0.9131814187048328,7.870560383965977,5.922607857237214,0.6410131550747681,-0.561659587263557,85751.14537163175,55949.71335743392,0.4226311398886908,-0.7595804487822067,3.2382618208483613,2.5509044973754245,0.7408413966134479,-0.4619468703387532,25.133181619966717,21.21993300499528,0.8509362772167713,-0.4255679640267131,2.904825483060862,2.264472727842786,0.8219662468151672,-0.1372268782093102
393500.0,1.2079915655785949,0.8160533162441055,0.2731691121351851,-0.9777032778641828,9.513110126251384,6.85496869692389,0.5383601067191167,-0.7741731155998055,116863.01003968294,80935.77283791562,0.6331103667026599,0.0621431293905958,3.6281776722515753,2.514320293515176,0.4139907491573496,-0.8436359891358065,24.984645879971893,19.910494310430497,0.644231770743285,-0.7343511457294856,3.653990367542346,2.819728358412769,0.647235589365771,-0.552579774159232
394000.0,0.6687828499031533,0.5149095807256696,0.6646335457722932,-0.4516148343585482,7.648656601693962,5.842284391161448,0.7971377713446836,-0.0375414582331714,78741.34827677465,59324.98190399543,0.9154490312430944,0.3752384947004321,2.163393966868467,1.7078375188503376,0.8847194172351263,-0.1223849680603299,15.566794073210042,11.771999113079625,0.8926411757699546,0.1640386801969877,2.080101940173945,2.0073240490399216,1.2476964111006688,0.7386965684767657
394500.0,0.3622324080982794,0.2574543086923159,0.7369284978162518,-0.0506175441698144,5.438553532945836,4.275822705054844,0.9379559931564868,0.1821691584726075,47736.69341088319,38148.11277488816,1.0573168725749915,1.0276490610433031,1.3619076327379702,1.1125757734956128,0.9739602116242864,0.0685113084175794,9.96689207524349,7.183400632956823,0.7263172788122289,-0.1175323506739158,1.997744920687433,1.7454300150135231,0.9676385950508742,-0.0176260962035463
395000.0,0.3258536288262703,0.2422354588250291,0.9828309783431892,0.8680113799864304,4.955609192144966,3.2592469719891377,0.349806571595178,-0.8708258125611277,44033.5277861317,28370.85568583251,0.7303090023581552,0.6659233870163748,1.3624826361275295,1.0273825960163234,0.8232681037255539,0.0973944347131601,12.28932232727693,8.577132890617753,0.8660084383418503,0.5233430829942236,1.546462111915595,1.4359623779862507,1.084276860476153,0.3428278180835913
395500.0,0.3213818005947431,0.2080867105348573,0.3146533016272538,-1.0247361003480158,3.7543235382526783,2.418631404777281,0.4810661865463162,-0.251637145478774,49337.19224767542,38411.21021583328,1.1551342364099426,1.3854902532348072,0.9853757510279272,0.7879364030710924,1.0442940136559835,0.7478252804239607,8.43612909573101,5.911745049000512,0.9678777550076652,0.8932618721451795,0.91223852454626,0.8014275118450453,1.2519811058831796,1.0002172819878077
396000.0,0.2972556055549277,0.205066513973313,0.4258703571768062,-0.7236785795014558,3.9943546724396657,2.688642395356554,0.4960985937355686,-0.5681849760477822,46938.728614520616,31979.03373814761,0.5447294009079556,-0.5322965332970964,0.8490113132319681,0.7339612347767036,1.2910873119367663,1.3992596698980329,6.484814097241107,5.472297902840668,1.2512074894331284,1.1463345797467823,0.7886830651707963,0.5665283355651514,0.8641707274747066,0.1306206675982499
396500.0,0.4011670696656634,0.3010133797619869,0.7354811476488748,-0.1769810903120237,5.444099857357391,4.232870569924271,0.727850427840686,-0.330337506632036,63823.9628338825,41476.62205781471,0.3748440181087798,-0.7889724557825222,1.3182454416481395,1.136185940747271,1.3086439773806906,1.2351151613542806,12.23507035628738,11.839550327477143,1.2940897655107773,0.8288998352184311,0.8902610344436452,0.8640677936759378,1.1093352060638175,0.2756153991149963
397000.0,0.5198158905955592,0.4246709625996653,1.0352703809789154,0.3137438379233792,7.071845204689972,5.506489501675608,0.6847370450512046,-0.4746491425858434,74524.56222067056,50944.84936249633,0.4627540382757167,-0.8435500737625095,1.616789428737537,1.1143059190378486,0.5676322422589619,-0.3356690326376101,12.765861962882717,9.246676520822264,0.7726179762245313,-0.0317100437823509,1.0173567516678297,0.8112774569631334,0.988394926596822,0.239999657439073
397500.0,0.7648499525110355,0.6073792418489337,0.6398177706229622,-0.7254490885909664,6.577733473824924,5.180262936892117,0.8117741456567045,-0.1708662469702955,54754.25405353379,44142.39912579076,0.8788189433391593,-0.0221243980131045,2.1199618430874083,1.2951152887503383,0.5159520143403372,0.0739425446435433,16.325977143226535,10.449960310851274,0.5899975611937659,0.1090137023082427,0.9414924475903924,0.6312579016673775,0.3828746411744155,-0.6778604672070725
398000.0,0.7224562594497841,0.5818473872669057,0.6324734844831257,-0.7054207900512521,4.422037023530676,3.3190635321550697,0.8594593677543773,0.3005513961968176,47696.58272583675,33699.10466123665,0.6900469146374788,-0.1966940856611012,1.7381157118183934,1.2936805166454433,0.7087160344978896,-0.3257703961918063,12.94774553840034,8.853302123434869,0.4897701014921807,-0.6850818836079138,0.6959933268000805,0.468282288575329,0.4077455074737374,-0.7621454236402947
398500.0,0.4813085443899602,0.3762352436986699,0.7743588200660313,-0.4075759179421849,2.656127303819161,1.8698914868985552,0.5529895158377952,-0.5286096898589574,52367.99842494278,37751.4098428002,0.6990186066977117,-0.1688428331607676,1.401403171898662,0.9785022936263772,0.7668065543304055,0.2484580378861069,12.025143434965738,7.762237194585855,0.3646475902168664,-0.6658209326240376,0.6290710380141463,0.4535236466541807,0.6178638397339113,-0.5405045065037535
399000.0,0.4206602704227091,0.3208863623405321,0.6538687992088571,-0.5650065337046555,3.0175528935192286,2.7945778641085,1.9901765491996897,5.499710867779132,52440.1085377624,36040.11300328657,0.5130856820519616,-0.5525771779140891,1.058724372071895,0.8420655012805417,1.2645110182052564,1.5615581177920994,9.309999633449085,7.283997922298378,0.8266881277864673,0.1228914536641565,0.7034851805194321,0.5841901768045175,0.959565589531628,0.0864579061079942
399500.0,0.3236144177426179,0.252014933869603,1.0873711203473504,1.2714382073811503,6.125357598249456,7.701236857041427,2.0678134102588994,3.720370438154232,74608.15876224746,62716.85449875963,1.499478228653415,3.0817023118420943,1.988047322936712,1.3161394151258978,0.5459709448731598,-0.3684036291601456,17.119809664851957,14.430268251906318,1.5468430971687632,2.5235210545859044,1.613558871813517,1.5907466828983965,1.522391054093852,1.5389344104814793
400000.0,0.5390532391595324,0.521743576343295,1.4166305580812684,1.5379522849844456,12.722408148613365,13.224275735202948,1.3771140386228458,0.9878921235730052,87573.06637988551,66319.93880684154,0.8289064609519226,-0.1437345967014569,2.732279781126801,1.8145287510529864,0.7163462008942533,0.2752649583450406,27.214666713885443,24.34038902909436,1.4031883790235464,1.6703407974963795,3.935244741819949,2.9001939124224383,0.3814130683082083,-1.143380207732988
400500.0,0.634255208863069,0.5364525262983603,1.4784226274122094,2.2172804631119067,18.285573291897936,12.859141473536958,0.5191896868266076,-0.6758132936500796,122891.2701140757,89364.78386384307,0.5779491279347843,-0.6451345212299393,2.4654650586900573,2.2003684556290803,1.2128351277390437,0.7525482211197185,30.65801609417326,24.065535954442357,1.2546997652203975,1.8343960936900023,3.7800831570074327,2.886276802675924,0.3142836762540886,-1.2896468475758962
401000.0,0.9903296431271592,0.6152046995337725,0.3092436907352385,-0.849312174032594,15.430514009766142,10.524525100263888,0.4671937353466586,-0.4245600332342114,130274.53358370833,95294.22757367473,0.380019082016092,-1.0808735377090968,3.1775691316594394,2.7422193932736136,1.0023861979857294,0.1969253524610534,27.420882416395177,27.94111279830312,1.5840363229915415,2.293613507909055,2.2098879307859884,1.824986148998233,0.6049423040585993,-0.909817511123804
401500.0,1.0324402441038378,0.8798095696251435,1.2015210162956933,0.7915490684231834,13.046733296032889,7.8703304760175135,0.1453206516493659,-0.9698048764857816,115456.98034365111,74287.11764432496,0.4422200673474483,-0.4728791683418794,4.90246366136123,3.6601546571543024,0.5191632466044064,-0.9369698346822616,41.89820845408022,32.027655560878536,0.7186436438773178,-0.3519753568686239,1.2741443828737842,0.8895313452882774,0.5923327428234353,-0.4102138424608181
402000.0,1.073062804376317,1.042381944755647,1.2429385546640872,0.9568273713105016,12.747098994106889,9.27839380340948,0.6464064002964002,-0.2628032053406444,94431.45045799918,70243.32412181539,0.7458806860740907,-0.3809803602465602,5.619419098611449,3.912263816826763,0.3041647964170118,-1.1835126311047894,43.373200475888986,29.890089168292,0.3641778694915447,-1.057992904397581,1.2026423517457387,1.2374863378102587,1.578345237371268,1.642462470485146
402500.0,1.4554725384643483,1.090175499983448,0.7717040036350415,-0.0476846447041521,18.33907452247219,12.425923001395017,0.3783694442366235,-0.7330584647651026,97075.0056535446,66031.77918238341,0.5522540611387406,-0.5456922862019944,4.772084389000584,3.558497279270441,0.3791027547396078,-1.2320587327884394,35.291618291570046,26.22038202794993,0.3642868358874943,-1.172832588460544,2.163567972067439,2.0602277810518768,0.9748471898996844,-0.1556454446595778
403000.0,1.7644943373810746,1.385241911247027,0.5569080821900121,-0.8766314368973185,15.540284648120672,11.24887243929147,0.4506938543770172,-0.8620991251742769,110746.89450471962,77975.32011806915,0.6472893546997707,-0.19109934498249,4.084509664142916,3.2367540610068883,0.4704413224095315,-1.022621221260089,29.06991983393668,21.233200319973637,0.4072812616067842,-0.9271769797481276,4.392669989801307,3.6193347595886407,0.7343741216379811,-0.2334943372945113
403500.0,1.92463551713658,1.327771393964272,0.1775781648949374,-1.1761559471697385,8.77509777408778,7.113098378608963,0.6980056238633011,-0.4851205000136129,139768.49324399527,111121.87107278156,0.933821982029634,0.0343357504710386,4.309795355638469,3.807526234999008,1.5608568697096552,2.5039720886404435,25.61920860864501,23.899925477413102,1.6703270460668604,2.7686688175968435,7.306063950314262,6.383305040090622,0.9276321212024932,-0.0117532371557782
404000.0,1.6089614321112682,1.322520242804084,1.1479978698883029,1.071996232433568,5.546982927947501,4.732568088555992,1.186044711756936,1.2004729538212588,113429.80833603637,95885.9156575516,1.4236376847037844,1.8249123919597965,4.570298472063026,5.293990233102023,1.788224655384845,2.554673127815306,32.484112966253385,33.3951429479864,1.7182764838153477,2.540318594491059,5.556638666232968,5.5481545323589465,1.4744072250584244,1.852734002372176
404500.0,1.3060647182737588,1.3796832940260768,1.6730406866743996,2.3014905257382274,7.325592935057078,5.815120392985463,0.7583240661324113,-0.4952864765240155,98257.73562905048,99393.4085481976,1.6903099669235222,2.625092027482294,4.654909923746622,5.195081237552216,1.914899036685272,3.2109853481404187,37.88054546520167,33.80771927103807,1.547722985195182,2.253278808879905,4.574788997359817,4.464975000144821,1.7488972642250031,2.9445964348735574
405000.0,1.153802483329343,1.0443435111220285,1.2655176835495858,1.064425529018604,8.701511648319737,7.088265196042222,0.8677989885802713,-0.1705510666692804,111421.24926237566,99489.18709877624,1.3566229277854978,1.2455771869346073,4.985841421670288,3.880831975210086,1.0823605946200263,0.8826039135118098,44.690766093004974,28.966184871370555,0.3684420617001934,-0.5415624084655715,4.974064644207196,4.207267108439034,1.1802488991892648,1.2830979754942442
405500.0,1.416880134147284,0.9705106585991627,0.5160986020937831,-0.4999785219430741,9.622447098977773,7.282831515154009,0.7266528258902332,-0.5809887051402765,121816.22335484457,80250.11158834732,0.5142127793221634,-0.2360001727145051,5.0853161760477965,3.3749754151506526,0.2598109783633948,-0.9767972889903836,45.81947614501355,32.46249808552259,0.4647328184764678,-0.7969973509851926,4.701841285313776,3.4035213809027,0.5892684889812331,-0.4064496343636423
406000.0,1.686567375260763,1.03943349790787,0.0847556352272082,-1.0563654728809169,8.510603517609532,8.174013126453875,0.899490394728493,-0.5066828281198497,148192.49902015337,90232.77292965334,0.2428384443269374,-0.786499577887104,6.419328401611749,4.079468808316521,0.2941761719757323,-0.8774695122235974,54.47692167015772,37.11387435388279,0.4027888679307881,-0.9097182028398092,4.218111484287954,2.734844340760067,0.1523316379838504,-1.176296160914187
406500.0,1.0523704942630911,0.7757128748137265,0.7227286865741154,-0.1244464637544919,5.765106606802518,5.706408276947733,1.1473411252873011,0.3389878623734565,101552.92805095344,72286.98663609358,0.881231673401351,0.6864741055394354,4.211213035777091,3.005512475814981,0.6127683947372813,-0.4476784520354462,33.92447335238736,26.238265825586097,0.683611623347078,-0.6573355207856912,2.383582585098807,2.06810746376825,1.4634176635227798,2.575617753804474
407000.0,0.5790579378177511,0.4995046289533809,2.001549627575513,5.99659534015203,4.196996474321919,3.076071417685219,0.9757300400714078,0.5162409733632805,67892.8821494966,49979.37038582317,1.060993675849323,1.4069591273398592,2.861562687754001,2.2690499395094426,1.3200402397526951,2.135894554718071,27.045538797217915,19.64553314768453,0.8607653814058956,0.2809546853227442,2.283470449018929,2.2155461574787205,1.6204151524203898,2.708806544286211
407500.0,0.8606146116427557,0.7013971312250145,1.5379438241254335,2.80021389515582,4.472697935722394,3.10632054120345,0.4761639162639266,-0.7283700369591686,97554.85699548612,71272.43728322788,0.6561777731096463,-0.4333941832422461,3.49099049334778,2.5629525234356745,1.183284662496374,1.8498735544790028,34.15886670149525,23.91313963478428,0.4331682912000968,-0.9179975727667996,3.96396883689713,3.431651973905125,1.0856834365083547,0.4602121923838083
408000.0,0.9395008409579324,1.1274231982101195,1.887524710583682,2.740089399190452,4.948353199649407,3.2004280418078066,0.2409618604425475,-1.0182805848553058,118053.35850614244,80342.51221000684,0.6055486727289963,0.0825708177910007,4.125657468562915,3.735834064478165,1.6362230910515598,2.354878097999805,33.77976622856159,23.50837037852653,0.502800666223015,-0.7677796428714743,4.911206766072346,4.456733124447691,0.9000110867932692,-0.1988143473593742
408500.0,1.2587166159679877,0.9705395567823504,1.1033700634294372,0.9524224980152628,3.914874805661109,2.4937984140792846,0.348748886667677,-0.6100794468674322,153223.22419506562,108151.5945050082,0.7192559258656426,0.1868450759321986,5.323613607489273,3.80135214293706,0.80785732224556,0.3454505801596319,37.720059889573925,24.204175903965623,0.3589217910487376,-0.6952837975332065,4.526249253868115,3.512651936318296,1.0600801746870696,1.066833058027009
409000.0,1.586894470041318,1.194461805034159,0.7172429015970768,-0.2352124296259305,2.546793749471244,2.180250413357954,1.2979824765278638,1.4756300089195324,160956.86142198803,117470.41950979468,0.4395578113797367,-0.9978318847423706,6.430401792698795,4.806748655839154,0.6253852282551284,-0.5601768885962346,40.72778611318261,29.09932405168301,0.4476243897792716,-1.0753528603003202,3.65338539873921,3.093174585656018,1.126909348199581,0.8154540790088936
409500.0,1.3448595562614036,1.1527889073662108,0.8594079448472133,-0.4975909360314845,2.5485332339560944,1.8428836835787776,0.573308234894479,-0.5891411982293255,140587.72888901297,86527.0380292032,0.1683138885739957,-0.8496951758046829,4.934897566330349,4.7621521127517,1.0402612206933473,-0.1831408624270518,32.49621871283728,27.352284099639164,0.8260442746776296,-0.3833516763776576,3.597011782761592,2.875233960189348,0.8847647268822526,0.1752880232659777
410000.0,1.4335680867977691,1.057340466532577,0.4639712008004782,-0.9380313761731608,2.632314484707933,2.166068543241052,1.220741011384196,1.252413190646596,95844.8106675122,63392.77788687839,0.375616017924947,-0.6277121411619335,4.69248371200307,3.9709295837503578,0.8426379681132556,-0.3767233824497071,29.6591019359036,22.84747238390855,0.808473691199684,-0.3020902583109874,4.347196284247504,3.315394761020808,0.6808571211901912,-0.2819578944959064
410500.0,1.009980127831945,0.7622015744267994,0.6180167187895964,-0.6203387254705333,3.6757284787443822,2.836174122070349,1.0521403848055593,0.5432868641544464,88700.65700157925,61271.37824803422,0.5952903304467471,-0.4366220869101762,3.45271424941985,2.971277692596348,1.089002720021658,0.3639069799120782,19.752246564924512,16.971679567872986,1.1207002771712478,0.5539158229766046,3.303992926690555,2.673399990664854,1.0012868245046187,0.5228299583322173
411000.0,0.5747216582522386,0.4258915974234231,0.7219838488614354,-0.1683886455501735,2.7324055252560697,2.122579991194467,0.8914291692892268,0.3969898434780563,100896.52192004376,70329.54796331967,0.4228144130123145,-0.9191171176192524,2.850489642767329,2.552831574050695,1.087181592858517,0.3419315676553407,19.15642424123472,16.543153565522807,0.9688777394109024,0.0238305949027122,1.979477704851536,1.5403277296940123,0.6769928063502838,-0.4861292213679449
411500.0,0.4455986148662061,0.3364622984726069,0.8429448784939143,0.1156151054246703,2.5195653063539143,1.7735251314769622,0.6428628444905066,-0.3520102619516314,120984.74914861872,91596.8340196282,0.4522849775727,-1.0600011325757974,2.83006446818646,2.4213352369413976,0.8725202874740192,-0.3379205237885156,21.86903439475075,18.68709422579257,0.7293650846844112,-0.62092651854991,1.6748134753248758,1.3527643470492452,0.8534542749220255,-0.0272002493841299
412000.0,0.5150609040867894,0.341811214303089,0.5073351044367523,-0.4066040879411856,2.2355823293153163,1.511991514535962,0.6079288573032171,-0.2143792819524161,76097.6523163296,62405.81985943142,0.9612779632278032,0.1659805630202604,2.102763250352571,1.878420425369096,1.026225456921011,0.1735045173833933,18.64456410828015,13.662330578664546,0.8311052161606556,0.1139389692369148,1.3348269686378302,1.287357643870573,1.235590772510261,0.5575241123316319
412500.0,0.4380368512349507,0.3090437932811127,0.6800706921507244,-0.0971563186662076,2.2372108206712373,1.50508854993188,0.3819546464430852,-0.7886503712101809,66376.04607081242,46338.34134069093,0.5450217449839652,-0.5909683280031022,2.4106660199804715,1.7740600629145822,0.6528699396115334,-0.5092268699729114,19.695229669921797,13.923529652825808,0.7800938422444939,0.3621814674665939,1.760148561998104,1.359366789572536,0.9821327503000844,0.3033864796516368
413000.0,0.6078896718611527,0.4515066723127282,0.6524200434787241,-0.4371375007742175,3.2454489591648827,2.1634945161254704,0.57789551524712,-0.2246893961572795,74252.13243480565,65155.19060093522,1.053599894215947,0.2126395685807907,3.3313856191264737,2.6491849683937128,0.6555808538794069,-0.6119050804349588,22.57658588990255,17.065471279946134,0.4789419611971002,-0.8827355418678069,2.3557474429441374,1.8879697847887984,0.9174890911590045,0.2605004986878145
413500.0,0.5288086598132586,0.4653412808738667,0.9809394289151028,-0.0002462428765479,3.6449737653157954,2.8367125510032203,0.8069781396208073,-0.174864656717681,106589.54341200598,85211.89718175832,0.6645447458137619,-0.6838759016011529,2.877491091947852,2.710330850413431,0.93324500757327,-0.1785911770520369,18.15409793060553,15.550035111375776,0.8084678655324533,-0.3640782158019493,2.830500371364171,2.2463423258457667,0.606718313651822,-0.725878259366187
414000.0,0.4497872276069032,0.3328599679715144,0.6456236875388819,-0.3990744579273464,4.137616969344598,3.203276710077426,0.9260178207334194,0.1136816093998134,80146.27319196438,65272.2903948538,1.068301145411814,0.6510062181269713,2.557811491048204,1.8541394754192129,0.545497478423261,-0.5897121818071964,18.35324438864236,13.845681582919564,0.7859673234230257,-0.0945034732799614,1.6296239896182207,1.281032198123231,0.7883739190776576,-0.1695457085417904
414500.0,0.4245814302422588,0.3032921469820951,0.5060933491134332,-0.7280917957391653,3.636875045326108,3.084223415506194,0.915641848648618,-0.1145245313802716,55950.01758113582,36783.49368482492,0.3917666842286991,-0.7999308082873915,2.359811896233904,1.6868155775078135,0.5054085034584681,-0.791968997135474,18.041020719657688,12.515932209978024,0.5493761154655937,-0.4414896584943482,0.7987460954135653,0.6001332443516427,0.7471098405904419,-0.3831772779966291
415000.0,0.4415964640876957,0.2950415242376068,0.3600400768547908,-0.9225269898289254,4.581639415439479,3.2906326117849503,0.6598645202909145,-0.3890129870321686,56455.75072438719,44548.78080532761,1.003449260532402,0.3729574306721326,2.3674884388963355,1.9182952276492635,0.8889875213672755,-0.0949557709904738,19.46041650616744,16.884707783082824,1.1473611413487743,0.574512769620481,1.0754088156467556,0.8835524852772726,0.926653856388099,0.1540551321952694
415500.0,0.2807408681467017,0.1869584983519938,0.5201582637577588,-0.3744322576130887,6.940318286532828,4.497272759372176,0.1650771220697257,-1.1948045691234714,67813.88664376645,50619.66716557487,0.7338804684557876,-0.4191989374019536,1.8405689104574343,1.615119241910997,1.2408648685506831,1.0036236984886466,18.22816074523513,15.938492096120395,1.1139397566443625,0.5391550863445591,1.5372692197965128,1.063316989180575,0.4744806264374993,-0.7125451363348292
416000.0,0.5195343606248876,0.4604359619135715,1.2902726503690611,1.0464189742336556,3.666880207255446,2.7733741504656644,0.954110410732814,0.6399770907530833,54027.55033059127,40370.65236909704,0.7716073448714778,-0.1545380245061309,1.74420980318313,1.4894132327023104,1.072767662123232,0.399656509825129,11.9089289432942,9.670318553258404,0.9406535138011406,0.0991282983056236,1.6285503413671838,1.4037195642923408,1.2251286921622635,1.1177701028316926
416500.0,1.4845711398716963,1.1720420875139907,0.4290036579662582,-1.1297727860944005,3.746268896676352,2.613963429578847,0.5292294640476273,-0.6131152699209768,98414.70153464748,66460.25244553636,0.3598802929183934,-0.8171954183109866,4.538662324972482,3.4777240371122438,0.4117754616551032,-1.092632491017266,25.40531625417221,19.307268387052638,0.4091537862694754,-1.069548287240787,3.892241446072236,3.4073510511678595,0.7384034034466866,-0.6374664612278815
417000.0,1.1602683302471186,0.9328230821979696,0.7970613438762469,-0.3537286904938499,4.317027932709234,2.9440551066674137,0.3637201848330873,-0.8859463937354808,95815.666716981,61650.01815785476,0.3694341718480129,-0.6769918036365645,3.693078183661081,3.025981573533344,0.8992519081899677,-0.1093740155272109,20.399647818595472,16.18146631067785,0.7655582111439659,-0.2961152592192442,3.5492322478835465,3.3639700934058743,1.0013352291269757,-0.1870524665605102
417500.0,0.6985059343677942,0.5434656349250324,0.8556906778110501,0.1403173133275537,3.3670516304175395,2.4891804930896977,0.7553143159943366,-0.1006409895836162,67927.54067953888,54355.23668672772,1.2702972168010902,1.4685345437610282,2.176626636686367,1.8313145792351884,1.1928076426947871,1.037474952090439,14.648013609249348,10.117762138386375,0.5793191026337434,-0.4026239910192823,2.6447676047480777,2.368116574913085,1.2365164075957864,0.9835008845413772
418000.0,0.7876681760105083,0.5921915766007095,0.6874867378860662,-0.4008165307787408,3.655763490081094,2.651386850319135,0.9930392749049024,1.1972152148461015,57723.17775125646,46018.71993032293,1.0431854476943088,0.3894502091355436,2.32959168874931,1.73480454471126,0.5850218392088015,-0.5785085498275819,18.330179352593827,13.457837406106195,0.6391634220074423,-0.3292690551788784,1.7895494992375456,1.3609933318383007,0.7909860886802695,-0.0255927834022866
418500.0,0.89331933198516,0.7170285006744731,0.6544206881395075,-0.6385252496930036,3.1971827462163738,2.756276761766612,1.6270264327710486,2.95519941043563,109790.736955693,82570.11443311599,0.9054504352018132,0.3265088099490723,2.784428787438705,2.199694340735591,0.5338533111625887,-0.9272960883850052,23.260489571012027,18.845998840785438,0.7443953013467955,-0.4812676341509716,0.949503666663338,0.69793143478438,0.8616938653166797,0.3286087742758923
419000.0,0.7768413354236482,0.5692705058792835,0.7085197629795457,-0.1718193822175018,3.436909050874492,2.263033280000975,0.4515578173447744,-0.5305299715889191,109987.6298283184,83790.55438867032,0.8589792899726993,0.0511890338001097,2.5733551021965537,1.8366945699532748,0.4106073102834727,-1.0196790297752625,20.839740063287948,15.21087299473195,0.6626322906001694,-0.2752583313809569,1.1014773828677011,0.8665714270548068,1.285624080576517,1.787743715990528
419500.0,0.6507251754498297,0.5198511766158064,0.6789787882892515,-0.683452025589717,3.4930270274437625,2.8982613261177312,1.1104266876339526,0.512806292285199,124799.26329209909,86230.82155196615,0.4104499935880211,-0.9363022560431952,2.685932440482486,1.922476124829028,0.6073356174353813,-0.6750911852240482,20.157042491054582,13.598916214061603,0.51116126230508,-0.6806105167165373,1.242345404264948,1.303749733404194,1.7806547207368657,3.092455615903522
420000.0,0.7663534714822376,0.601191801606209,0.7310086975233567,-0.4636038897446712,4.002805421040889,3.0154584579384904,0.7893453790844167,-0.2042134198435983,134194.04939904486,101482.80405437195,0.7931247733385748,-0.0654642105172009,2.470518716362786,1.8955648006812251,0.7338921948211182,-0.289500159082094,18.195149615386622,13.642851701977357,0.6789750537709761,-0.3650153885291107,2.0882489318086104,2.029975493150437,1.2667291340138245,0.7642793551387883
420500.0,1.041010671243835,0.8714248513250795,0.8944193040430648,-0.1337057456610737,2.124404664977946,1.7120946356972897,0.8665104495817455,-0.1273963536553006,117750.06358358574,109451.49356197775,1.0736097120657548,0.1905197819236423,3.129335502903869,2.263204722097351,0.4810746409464292,-0.7814989945322992,23.828668601615785,16.619116630508834,0.4260086923933423,-0.7644979135188388,1.7430934678385683,1.5180785699385029,1.047050454973551,0.4386028237833876
421000.0,1.2418232349016105,1.070478834155033,0.797096327539581,-0.6355890015455326,2.686435102505479,1.8812046164105636,0.6057502812732614,-0.3167845317588269,122773.02209128176,104652.82710425169,0.8566212967724061,-0.3324294613275249,3.8326284227357457,3.1028574443518915,0.6777221519653729,-0.7837588832735354,31.196516273601382,25.069647284760283,0.6011028397937176,-0.9358966911245634,1.321994908006073,1.0551921604007064,0.8223402283153238,-0.1274860117154022
421500.0,0.9179226889052728,0.6951718441109067,0.6239436548478864,-0.5253333431202498,3.6410100183956415,2.621931741183693,0.6214132680480426,-0.5014458383449845,104974.56062190385,71535.34062251062,0.4837013946599466,-0.6516881399437553,3.639256258231484,2.689242840529015,0.563692449993553,-0.7146102859330488,28.329832291349053,20.57574620006515,0.5131837773308072,-0.7638800711931784,1.6420427346047966,1.1822460051945944,0.6882620745533096,-0.1488957200338201
422000.0,0.7923110259921464,0.5560748074488113,0.3899970161326549,-0.9513294808626074,5.125215644288201,4.515126842277663,1.059278480887489,0.2051550980670957,116731.170251224,79708.79107262859,0.4172535369795063,-0.8269836699583681,3.339927695861681,2.618312210545322,0.7199635821328605,-0.5057847988607302,20.71101184310918,16.753757842047094,0.9171376063048332,0.0971295618177441,1.6883997381591225,1.2774442800630184,0.7177256985526258,-0.3698899442262617
422500.0,0.6802089886036475,0.5476536189880149,1.407814352142789,2.231551076301658,4.947438886310825,3.863159353594468,1.136650980775067,1.1631667711298874,102623.45814496918,79538.74998738444,1.0852899359363242,1.0837197332849398,2.365881780548262,2.195196187342706,1.4081036611425892,1.5708790985322931,17.707740527696814,16.911943200405062,1.4826317143261616,1.6198093726070573,1.4951481745823525,1.1079138552017835,0.7034995826939642,-0.3557134851581724
423000.0,0.7385183780378581,0.6021557543581505,1.2251949142202203,1.426761499791822,4.523280506685788,3.2542444131087542,0.6234961606750085,-0.4595209641139073,115680.95734179634,82339.36061901266,0.7337703038353421,-0.0753065520168392,1.9902672253170848,1.7686689867537584,1.3443384088905108,1.8398564735828344,16.350370620663877,13.485000229664475,1.2037848212566176,1.405563242738192,1.4942972348458998,1.1680101579368782,0.77863443313044,-0.407538951316619
423500.0,0.6679186540416181,0.5714551517904357,0.9137232769344212,-0.1020524958656343,4.504501848312335,3.1397333065177677,0.4952732552540609,-0.5758981832633867,84920.28066232141,71123.80558545374,0.9932592250896948,0.1955786470630358,2.1488148447613384,1.6963520604922695,0.7484430740348944,-0.4001521629690665,14.270873364511395,10.11778421052454,0.7159611931823652,0.2078693346686595,1.4043024047040056,1.1598615751995902,1.094285458474745,0.4231839580659269
424000.0,1.0385081176539348,0.8521823723831905,0.8642443588066205,-0.1911385453731666,7.106336263214332,4.418036139509511,0.2414366380920208,-0.7685904844396392,116391.07982954037,106904.08772832029,0.974282362471646,-0.1793273659801677,2.600157290962657,1.9957313397080407,0.8225773763417382,-0.152466701016726,11.22989812021296,8.47831769790074,0.9006735096941949,0.5038052775494335,1.808997449631569,1.3444152535406386,0.6374470108504066,-0.5398436288319033
424500.0,1.0265501809692283,0.952263189400864,0.9706117923017652,-0.1519234264808902,5.00686564143073,3.617729048306885,0.6332071276974245,-0.4723892352932659,121143.18192882367,113499.5821502964,0.9666430488026588,-0.151741025039378,2.582584356474648,2.16239930155979,0.9619768592878554,-0.0128159377073924,12.304447714609111,8.655518584321293,0.6898661761078554,-0.1338771567171273,1.473683043005545,1.1278251526690228,0.6085776240684527,-0.5482352906848345
425000.0,0.7436771108225265,0.6458310367819956,1.101832780076866,0.4265541769715355,4.548327096835469,3.185724073692702,0.6385386113402153,-0.3820480495726004,106164.56470640036,98601.34425531054,1.1317539034990265,0.196203228064228,2.2925734761198404,1.8191726685967835,0.5916062225005091,-0.8287508694790544,16.133651789334365,12.056110579627957,0.5427096034014666,-0.7644343750680336,0.9822742561014712,0.6690188435959252,0.4843676892877886,-0.6869241100326837
425500.0,0.6172460556410954,0.4588628466409521,0.7283820837449596,-0.0849850799040488,2.5998374044233588,2.0171523061709347,0.980952157467838,0.2344209532372607,101924.98647746407,79668.91619599272,0.6539387219973268,-0.6718754742106468,2.0906203278805187,1.5248577662465124,0.5887107242395851,-0.6829252118419675,15.804071926815238,12.087237554191262,0.6525576437831102,-0.5749689583889239,1.304771450092097,0.983970673908559,0.7297394796040134,-0.3613780793305512
426000.0,0.6257390089420348,0.4156239068003771,0.2454938907616812,-1.1006985156642517,2.921191331852972,2.0975168823624237,0.966338942483864,1.1524263283464329,106016.45518261088,86860.61045391794,0.839063993952487,-0.3598251426341585,1.6385702129768138,1.2348404106042894,0.7782139661497655,-0.064146568698574,15.05599468877142,10.664638203192837,0.5562151801501489,-0.5861745661337299,1.732450003956448,1.5053606985351184,0.967777040059236,-0.1375997742370449
426500.0,0.3659146333228291,0.3006319105591219,0.8687665684755848,-0.0203595536429914,1.806215195723624,1.6244529556244445,1.7300621992964162,3.690503188751747,69995.028080704,59123.53613163713,0.8893711116274615,-0.1916292941775532,1.188545500178909,0.844087327639655,0.6869625835284089,-0.1467074560328596,9.783311248301407,7.316873482996359,0.8538156733558437,0.4273117460779878,1.5029083148114697,1.2231367448772046,0.9220044187830068,0.0018670925352184
427000.0,0.3807190147277548,0.3014430096469206,0.9562330234961536,0.3772030099890311,2.693907759190848,2.21581568918073,1.1384561748129025,0.8764656176774603,115472.97192679808,87309.70986300452,0.7228741969845333,-0.3157029174437844,1.479955161705524,1.0101531882732748,0.5967559273166098,-0.3814987019321432,10.587167275317547,7.011264014447089,0.7858740272014987,0.6218877244673124,0.947311477913167,0.6672148309276863,0.4084421660592132,-0.9242461353780008
427500.0,0.5661262230406239,0.4656367780760042,0.8929253623668196,-0.1336797174637096,6.056331839159213,5.444705243669574,1.0744954281263912,0.299491590345097,129103.3858516848,91533.9598836855,0.5331933903735215,-0.6419855257641864,1.8576109774528875,1.4719839286350502,0.9832996890616928,0.5156760876929569,15.46591481854644,14.523027104065076,1.337365843551948,1.1765881679673091,0.8134261349805605,0.6725397484775568,1.3434440980217417,2.135493798745832
428000.0,0.766969280719751,0.514696447991145,0.495011680851564,-0.649153193982078,9.228001341079564,6.620950375870539,0.4571869536900715,-0.8462642871060169,103286.18032994196,72388.29009942585,0.6918467918522871,0.407268118989236,3.5718825156467355,2.4751434428462447,0.3746825739641288,-0.9607966376571656,38.09561015129904,28.64209031493852,0.4259754707745949,-1.068345594847545,1.631896014672839,1.338519220691695,0.8775808225101093,-0.1650768122687651
428500.0,0.5929820381948105,0.4530591480533406,0.6792450613362738,-0.5564915709286713,5.698155522324406,4.405203705052504,0.7506736709103115,-0.4268364709960979,77632.5250365534,56168.92530715983,1.4765333323930847,4.685393867523521,2.778914647685282,2.3107339050988767,0.8342937820263235,-0.3310368738439768,28.43515648915804,24.25005705241487,0.8424279372520782,-0.350654852215813,1.8035494492715285,1.4675445656183357,0.7847864418377196,-0.3722123540099638
429000.0,0.4505676385674609,0.3717657878643606,0.9884630170187204,0.1833194323561784,3.5110082760230386,2.815668400671164,1.0013744916523328,0.3669809379612641,70002.57829981198,47225.76240001096,0.625593430980825,-0.0506419484874909,1.7685062596273982,1.4792554214946965,1.1285666959842806,0.6745604434683834,17.14990286970365,14.843624819992458,1.3507879689743592,1.5005244783308305,1.9361443966195824,1.4774050862837929,0.7001706952905592,-0.4319574861204582
429500.0,0.483115894910461,0.3480792523995438,0.7050230995175693,-0.1801413941378502,6.104542801498722,5.2453639769613085,1.0856955642783357,0.6411192163237072,78546.89916404935,59007.027130258975,0.7676204175615099,-0.0709341258741558,2.210538916903296,1.811971963612648,1.0898343097674907,0.5637836600941606,18.971739657613096,14.87847726832853,0.9821541379091682,0.3253689356649873,1.4967805939105585,1.2274748433508875,1.0273093276948868,0.3154166893874102
430000.0,0.4176763667359322,0.324808282041234,0.7719398401287472,-0.3533552526569461,11.408757903712946,8.988208318981801,0.8074057426445926,-0.3549252252331079,85444.20771992064,67537.85407008753,0.7964724038751034,-0.2235833880496391,3.0478496708185965,2.5779377040014717,0.836061045903938,-0.3406758183379383,25.3713905898354,19.75011780811637,0.5746131305023313,-0.7884152817988346,1.5644902130479277,1.229953177492391,0.9110675069027722,0.0644025939801968
430500.0,0.3725581488871454,0.2593682887989289,0.7639720179661692,-0.1126897890443148,10.933944840692616,8.368174521984018,0.8210584104088428,0.0207684154001088,138161.7212800034,102620.44576905885,0.7461654946978239,-0.1731619362891416,3.048534055480447,2.4927256011797576,0.8249378733470096,-0.2331842965572592,25.01264123613867,19.23447296123277,0.5962729133121293,-0.7610011306861963,1.538156481016986,1.1706803569307431,0.7648629338211771,-0.2488995409281886
431000.0,0.4073289909860267,0.2655221465322274,0.4727158567681911,-0.5473836397613341,16.65168793035025,13.084304159886374,0.8563726195898379,-0.0057465769511022,217434.41400617367,152493.94864717123,0.5073876282239206,-0.8471583889297452,3.047134880973576,2.641996943812257,0.9116014665864652,-0.2582169505018696,30.446100064533347,25.53550123204196,0.7726162631230529,-0.5363395256780246,1.084805497305683,0.8415986492050991,0.9671363044733976,0.5240823748848076
431500.0,0.517724984634006,0.3251674823406642,0.2451468509832444,-0.8644633242035109,16.80919722498315,13.122769207377102,0.7185773363597803,-0.3288485896756197,206657.8571866242,160099.2435506214,0.8997503297487879,0.0612024333625558,2.496448779267387,2.14716974268937,1.0688935740659644,0.4331006131426584,20.72717555367501,18.14965625403467,1.2748172559772148,1.0922249717399186,1.1960481335413844,0.9675961179925078,1.0254807095521734,0.4693816270653053
432000.0,0.5802296427316085,0.3859895926139992,0.4138784116169099,-0.7241102381867739,15.51965435631963,12.378482326577878,0.7460480875777801,-0.4826926438841905,162688.51095878906,123768.04668556416,0.979303142687736,0.4975013932781666,2.343056217688055,1.6676009454860137,0.6897193807920614,-0.2264727789813427,15.76514628769619,11.926528053856272,0.8127191262630205,-0.0594306767172798,0.9961943911783612,0.921530565254398,1.2156252569292112,0.6925192837132661
432500.0,0.8284024775639767,0.6250263781245385,0.6071787460485606,-0.672835848841856,9.127886613370087,6.897109301655823,0.7532401385643019,-0.2135848883575488,140474.67271093154,98342.94055128752,0.5468179557816694,-0.6412204139214479,2.1000851461083947,1.5014960895881515,0.6240869082436982,-0.4414626580649865,16.3963368638338,11.220166163600634,0.5835272081233188,-0.2917412960658616,1.7349502936662595,1.2423957017079488,0.4565503153425035,-0.8455328726442968
433000.0,0.5809134891817506,0.4800452731967817,0.787142412813438,-0.4695686706424649,6.256157941776031,4.698703214888299,0.6224897010382051,-0.5405857096417184,140878.1111184084,102585.95528896835,0.5936668639488142,-0.5991444569434687,1.80763467660544,1.4106265810960033,0.5856369711378945,-0.715525828529322,16.346060828927357,11.718735312270177,0.4856288756559327,-0.8819575831927855,1.863600669071722,1.3005743161244645,0.3239421132309845,-1.154333397238155
433500.0,0.5099911125436127,0.4158875111037106,0.8716605903216977,-0.1897084999286522,5.889476550143924,4.28856340017029,0.7299573627176451,-0.0198265261652172,115381.30256139424,100633.99968693333,1.2547797744763776,0.8553677093851615,1.7783045382972338,1.260202287073972,0.5837621106994207,-0.4801609890114879,20.109943845693856,14.04357388672469,0.3848744122991548,-0.9747620363008852,1.5719864766523226,1.200005167817376,0.8524120069121734,0.0655696148456064
434000.0,0.5537813589778359,0.3857596529491818,0.7636202421122348,0.3548372026221367,4.0770771570806605,3.581052694095928,1.3564376031409389,1.6070165445199749,150778.0040977787,112539.75720941227,0.5734313456048011,-0.7553555912465546,2.121104577475028,1.5839154907954824,0.7664244377882082,-0.183413351713896,23.79046364670676,18.39256374586696,0.7011460428359589,-0.4096296080050687,1.6184490276721637,1.2466971605894854,0.802558102349124,-0.0469676551372222
434500.0,0.5671277872443921,0.4062591554183918,0.6644016915956557,-0.2121874637900274,4.9013419739355255,3.40985877454662,0.7234308226480831,0.0480991331478009,131207.07841029906,103671.24162601883,0.7754793631721811,-0.4255198341396169,2.7422115737799806,2.0671809082898345,0.6206012288663414,-0.6040886507970917,26.03050595646209,20.00505317857653,0.6562823264240529,-0.6004890056410095,0.9019617785480424,0.6846108508476301,0.7874840107965444,-0.1893008195256857
435000.0,0.8880119483082232,0.6642507854099151,0.5136239217340803,-0.8546222189088644,6.410504903760601,4.464952880001056,0.6687277873779598,-0.2959446174556519,115456.2338210702,97522.2880843996,0.894399117303483,-0.258943798920265,3.13510721152386,3.4497348428872288,1.117294929707342,-0.1473658448507668,30.531964669234505,31.38416330895928,1.0586516501390533,-0.198771043972139,1.1059501985405689,0.7448069580322336,0.4686401682195602,-0.702438179210036
435500.0,1.0594398110955483,0.8045869660937884,0.6041667819871354,-0.5848839252419817,8.221375965902153,6.342713646891764,1.294894030291865,2.275695129069472,110571.29981156957,90077.60329843558,0.8928019637497099,-0.1282480414906288,3.70304494373357,2.7286438520933034,0.5514939836747914,-0.8462433253806618,30.38232791416478,24.102717432661795,0.7494583327225434,-0.4452332858244472,1.055569928941478,0.9006704138165469,0.8918501260264267,-0.2893263326525317
436000.0,0.9363567102050744,0.7512288243043136,0.9943513933167212,0.3293796060017224,12.831410932055928,10.307770586018409,1.1187876902527647,0.7697345401006612,104203.48251627552,94210.44797749475,1.1666264680667329,0.5154519258005372,2.869264787498337,2.1129066352286063,0.714617052291998,-0.2308531289605917,22.305922333075078,15.368512532911843,0.5439360688202037,-0.5553007926520137,1.1599204312113718,0.874225343438513,0.5364338499958058,-0.911336201818763
436500.0,1.0152716615270954,0.79810277072414,0.8242043109680892,-0.1208375956314604,17.763675545021023,15.046234375990403,0.8807261985906618,-0.2560126111606928,100447.259687185,86097.3218097072,1.0351295566849943,0.3463970767869391,2.032130148189704,1.6191870437273286,0.9621781545362544,0.2282779016246552,13.221180986725429,9.810280494922342,0.6819235348765349,-0.4166848611553266,1.545626285765178,1.1108363203875948,0.6234222835348555,-0.525138292319657
437000.0,1.538950539134224,1.1006293227953177,0.4409933309181441,-0.7920192264840678,21.97277830599493,15.938275437006508,0.5305942327276054,-0.7230801940945852,117396.52063431837,92700.64767759308,0.6164957137475441,-0.649092858054336,3.555224937768936,2.6370655821201896,0.6207475888517308,-0.480967118941316,25.774074405988124,18.072352003003065,0.5723124253260882,-0.4861604659321554,2.2351093339650894,1.5690104042497706,0.4181116824583076,-0.7697366839689401
437500.0,1.3356321679399643,1.145467925036892,0.8055703099698655,-0.4718473886734178,16.98552084202004,12.55123451166345,0.6486700481688309,-0.609477185959483,116076.76467564116,94470.83735969782,0.5990315137133646,-0.8094828155194209,3.856124541974066,3.484106397789152,0.90506143144719,-0.2986933739525965,29.42435903284144,26.30332498806467,0.8875933674127635,-0.2799854139539506,2.7721736405128485,2.1669962664262385,0.5801242462169215,-0.7496821935622204
438000.0,0.8272196274444542,0.6543467706415915,0.8862031409878632,0.1147186846389929,17.531999305293738,14.586888376125913,0.8358525607769072,-0.2253249776010393,62130.67908377724,51584.257032506175,0.8954859014157016,-0.1482399484573524,3.453397430169546,2.963372154555103,1.1141260135299105,0.5329630008195827,31.66363358507834,26.788990755345534,1.0770300581699033,0.3757477312812121,2.632444953809418,1.9827913613867372,0.5165326858682534,-0.9545728633932408
438500.0,0.7745403399843357,0.6246062228803884,0.9458157453034852,0.1949145205586382,24.456532172146375,19.458435191695774,0.8949809455358061,0.0139616777937678,47684.35759758202,34543.931864112135,0.6665845918120902,-0.326512907408258,4.088181816835917,3.531323896426937,0.9904324021128242,0.1670283243887325,35.81217733234461,32.24226313841713,1.0123567924765997,0.1533249379694772,1.61257205445469,1.4861150575926767,1.2198443047530996,0.8558668645972047
439000.0,1.141720865331964,0.958907755546073,0.7776005181724057,-0.615278172599985,23.462791435892544,20.26186308311999,1.0712451860342316,0.3269305746651647,78734.71620918372,57669.45047949838,0.9327190699527412,0.6191634986082981,4.69595210437013,4.093728212803068,1.1350176488657584,0.4619526857823444,39.923499177458325,33.67279807046873,1.052349034554213,0.2767995238415968,1.591758669975204,1.1467496219611022,0.8005130730768658,0.1893571847630735
439500.0,1.0650373379042326,0.8750116041144561,0.8298288277445977,-0.3223067772364443,19.763253286925,16.496399589883634,0.9614871145863474,0.2027487183290661,111184.57775564842,95299.37245292553,1.2906753045562662,1.22241787371292,3.871334619655641,3.7321114420389274,1.338525317049151,1.0512738374061836,30.36009416379578,26.91300959906543,1.207268314684054,0.8871410375763018,1.9436165165276311,1.3551422991211013,0.4159667513139062,-0.8828089434196844
440000.0,1.0518208344800857,0.8752533487310904,0.7036352618637218,-0.6512163109939553,9.836238962544872,8.615867331826703,1.2090119875915506,1.0008918146568613,161335.8471074892,137115.87103110857,0.8797105442228362,-0.3004190478354887,3.385999250397609,3.0071132099846376,1.0114459197108563,0.1031987662907361,21.637799206011422,19.325930850572103,0.9598313461596156,-0.0448674185421587,2.302923554507325,1.5775934594412788,0.3485361934569901,-0.9610506844765188
440500.0,1.0007701092619554,0.7681200278287038,0.8691250457248192,-0.0471237532199504,5.885730674188382,4.340397279961866,0.6850770378020379,-0.2796958852864475,186001.99260046543,126748.42268050044,0.3808490516371552,-0.864037383396087,3.233845176119783,2.395942249860214,0.7265074276864081,-0.2369299001793527,21.9333729883433,15.859973209170183,0.6586096100106266,-0.4007481655141736,1.5832455266625498,1.449877278717547,1.2426806339259993,0.7932152534148655
441000.0,0.966541024251794,0.7199642964340289,0.7029860860430905,-0.3572392651981437,3.689983638331694,3.123558408679823,1.2828891214778777,1.237838915584739,162822.22550752453,129741.32050618606,0.9386125252374504,0.2332774357340503,2.7356960594849364,1.939586013574152,0.6716452293227381,-0.0568158404884151,19.725417979249467,13.672386221162284,0.6350201545591334,-0.2141839021535276,2.0018961624143032,1.857452593435069,1.297565871905241,1.1270657017564725
441500.0,1.170100872412905,0.8293343538255348,0.7773699494915185,0.2484797787235835,4.719872370361,3.481674468048229,0.9540716480477948,0.3268728251594011,192580.62458662372,126277.6285345661,0.3384929071868771,-0.7697216803293592,2.8507622376733184,2.248176224464506,1.2172066489440538,1.4078136851664151,22.98506696743438,18.1591960534969,1.0694212437069772,0.7349776435564412,2.064656525409188,1.6120928470806686,0.6791749512931581,-0.3633461285251922
442000.0,0.6840097453439379,0.5695110187095921,1.0220140846135388,0.5320741601568124,4.445660515512005,3.598061464427541,1.010472779143613,0.3920780852288477,169099.5183722691,120036.0320007233,0.5080391686086416,-0.7030707869829835,1.811286424419115,1.3538983529000117,0.810786861100479,0.1389642839751395,17.157731432765406,11.340925963660808,0.398313945113016,-0.7871441036814724,1.3258814173733535,1.0188713233406044,0.7932552488452604,-0.074701049123687
442500.0,0.5679167315603922,0.4382124835610433,1.0107152402814386,0.55416182938324,4.439021572837606,3.0478333938036384,0.4185720228339015,-0.8361645775063145,143245.01695907407,98178.36500826874,0.5579838654436492,-0.5133030988073086,1.902739064278707,1.2410056067630864,0.6622228369828338,0.1241220682926487,14.733570303053076,9.533114815343753,0.4579343282245415,-0.4664878814005977,1.906192000912748,1.4288110623567143,0.8231690595724297,0.0886006963420915
443000.0,0.408444599264673,0.3079195042172307,0.8484146488855479,0.157819539115704,4.948358707000565,4.0600390999173,0.6622389649268956,-0.8244040170779692,158679.7330732036,122757.34559342124,0.788794939778453,0.0595626445323747,1.115205873664537,0.8276197340500016,0.9705318445664948,0.8042478810504838,9.388445241528723,7.574379343784286,1.2159416325049055,1.5421765973828148,2.7886207237564884,2.133077779227236,0.4706405125908914,-0.9142080242312778
443500.0,0.7113437719866437,0.4465037558542969,0.4149445638948986,-0.1632759140049029,4.104579053600724,2.9056222134161027,0.5720050208495133,-0.4435921995203382,136871.42295923858,135152.59275538824,2.030893731177476,4.832153774382458,1.636306930043643,1.2451664394918898,1.4685460623945197,3.1492636771982623,14.00319459131012,11.761799074760436,1.8424964029224888,4.635646231661102,2.361480561855012,1.7712862416355166,0.6087145345463923,-0.6303100231867034
444000.0,0.4739413750527643,0.3245599140663235,0.3938790899760177,-0.7595173924445442,3.9806361627365865,3.2004323428669545,0.9303962175841431,0.1542707959116591,88816.14256564798,72198.12263109047,1.3220465690237515,2.364495311938632,1.0439000942851848,0.7462836023870068,0.9522188468639424,1.6664052507173892,7.533832130829573,6.429472113319464,2.015195661697361,6.351524455601597,2.1606350026756007,1.6392399683776302,0.668171275497176,-0.5424160051037688
444500.0,0.3818198321407656,0.2873465765053109,0.8973195211138068,0.5611167197191325,4.888389254926454,3.3385719688566318,0.3797770393361582,-0.8326001992392982,104916.54332141364,75453.29569585748,0.5991514836212193,-0.4393332703092873,1.3180674256852087,0.9076617253692554,0.6602820977648083,-0.0490042698583437,9.97328567666493,6.586264529605499,0.5215991979009673,-0.1314799104768758,1.5872264062836572,1.1841989127738184,0.6968131252254043,-0.4619625518904184
445000.0,0.466500216241793,0.3150278768722094,0.7036270454829427,0.6539672198843647,5.398812574949827,4.16312739547038,0.7983644905728338,-0.2104491140889779,97519.8310773638,69553.57553058211,0.6890623127801863,-0.2640236428758662,1.6750270093433874,1.0526704240779834,0.4549607232977725,-0.1883691414872426,12.42584072102701,8.209903453680463,0.5161507447576942,-0.155276255859416,2.219372638924896,1.9190554119211944,0.7919389044895351,-0.6122515318388837
445500.0,0.4613956381627468,0.3821156064996068,1.2385840604561809,1.5401565706394311,4.501417966148266,4.281481548513519,1.2808521996876072,0.9016461220623616,110362.21855159398,76447.50243118798,0.5754164512659465,-0.5345526274293433,2.2157409700045783,1.503221342557031,0.452304896738125,-0.81902032748761,14.31141870892643,9.599644864069916,0.466410537707963,-0.7436157514574342,2.6146845877926976,2.1506105266846376,0.8765654860001266,-0.1956344882311347
446000.0,0.4693727429216136,0.3579650305750143,0.6472926470712093,-0.5351219230010544,4.575336943137371,4.7187792959289,1.3805916437980346,0.946804310276938,187590.7075608371,141170.66808431543,0.3902074918619204,-1.2013172817773183,2.761104312362944,2.068724541063069,0.5332022601219784,-0.901635312637914,19.61182773763185,13.534276220045037,0.323142643160532,-0.990993256677581,1.953396465886305,1.905531262814052,1.2730594801566042,0.7890982800320954
446500.0,0.4024540816713174,0.3513390343162495,1.237827021872835,0.8145304792193584,5.317439448829681,4.879554816138392,1.286622262022265,0.8205046158228844,156694.96630922882,116877.33310340908,0.6610544944659831,-0.5507299268279584,2.221454009098542,1.8561923808191636,1.2389998440207024,1.0364732005921595,17.37071909671979,13.131487650131394,0.9109558816778304,0.2964150422803575,2.198514774101097,1.8274942929046067,0.8276097965319287,-0.3262951729024475
447000.0,0.5202563671021768,0.4049884416053203,0.7186164800828923,-0.4467597148355109,6.211150000950156,4.648077350996572,0.9281167094205628,0.6045272353644928,108054.55907219448,85062.89303190536,1.0483582507187192,0.4195334374538468,2.830892992866847,2.105041131017868,0.6705020261732235,-0.4179771883413323,21.88142970858148,15.7597760986513,0.5171716419114443,-0.7053453397777889,1.6111648844967332,1.2978883446326543,0.7788014740110119,-0.4173637402773833
447500.0,0.5459551812677708,0.3618273443183934,0.3515333147220283,-0.93135703420143,7.125247245311224,5.112064572428244,0.5847632518149972,-0.5891336887969176,96447.5361630986,66389.18400941194,0.5459982162141812,-0.4570026344292088,2.8982706505432154,2.152560714908491,0.6474519782892738,-0.6217556236307336,22.27538068266424,17.498042807460152,0.6306173841861321,-0.7998589427696072,1.3184156344091345,1.0551793714569542,1.041527446193039,0.7111924941641079
448000.0,0.4277471013821913,0.3084119875646341,0.7978998199173047,0.0695850003831011,11.15150502696852,9.184086699176255,0.8600711119466261,-0.3544170518881024,111949.46149345076,83621.96471236004,0.6442081503656626,-0.5661108513452144,2.1778092705427485,1.792564938497997,0.9417461226417936,0.1544184446612382,14.80037190056263,13.150174273406572,1.1979817850775356,0.7837186914397982,1.580797454626635,1.1894179002684178,0.8392896882623736,0.3513443451124369
448500.0,0.5651518236981781,0.4004518501269908,0.6192779949234882,-0.5868717305404543,18.011488240705724,13.218977629589004,0.3723797342465341,-1.046735257521714,158445.82676126514,110085.4238828324,0.2656339414249596,-1.2335491128651088,2.9221170524579603,2.395323434206075,0.7031643910317088,-0.6321883152965042,18.52406956786949,15.35191929856102,0.7908782299281866,-0.39628784285336,2.222188324654234,1.701626741628437,0.7783288690376882,-0.1195130261370009
449000.0,0.6826501857891545,0.4878570028478123,0.5090711676104909,-0.8451781234347036,16.46858563908383,13.54192070333206,0.7940808949288329,-0.4632003179641608,126876.07974116564,84899.59338053853,0.2610459627661934,-1.085142471093473,2.8416788522280463,2.0617440303966204,0.7577878692618522,-0.0485225517504956,18.997532254912684,12.820362711572328,0.5655307084270804,-0.3705227939453093,2.027091083276217,2.0824725295656537,1.308310792695687,0.7322214358537376
449500.0,0.7771665282359058,0.4649513567140089,0.102350205303562,-1.1201845321502149,10.263470154183093,9.419660314342773,1.3267455799843684,1.150272429744681,108569.68039967192,78862.06704033256,0.6675136814600053,-0.3898383050509886,3.070178303905037,1.9230245596189488,0.212561252381703,-1.0701679074211776,19.855007406466097,13.232130767415798,0.4269321468144859,-0.7893605528968588,1.557615457416988,1.8277247870519528,1.8212419113217304,2.7499340399227705
450000.0,0.4585606316897352,0.3415519848764174,0.8476514723493632,0.2254167792247003,5.860834602685709,4.40541022148207,0.6467435840341029,-0.4386705287765311,106978.15375404152,78815.10802738098,0.6969567925798279,-0.239126204575709,1.421483660161637,1.0837769307678573,0.8179862051905238,-0.0005641402582772,9.535038925116924,7.451498113559562,1.12248881519679,1.4811827634699704,1.4131701696136083,1.5320234632659002,1.6480216093504267,2.2265966351726414
450500.0,0.5926305392792786,0.4410121590885965,0.9476038553094396,0.3223258169323642,6.237267976081745,4.494468787508142,0.6847172998287975,-0.3008190787625762,100148.76035983895,72406.88015177769,0.9594149929315036,0.7299898839930323,1.1835974231992337,0.93739234478227,1.0911391051242645,0.7131153565971413,7.129229733797554,6.22978082078895,1.3120023327108512,1.5525913448158055,1.2852618800195788,1.216545046837613,1.2580116567669477,0.856995927064319
451000.0,0.4944372347428863,0.4961402221968868,1.4056510604006869,1.130280982230092,7.064133141254852,4.71670756841018,0.4263216398429961,-0.7031267607250995,117178.29312895011,104419.2435542536,1.1223212587192513,0.4123203001231559,1.372910781902724,1.0813918477185105,0.8959082927422719,0.0812245750889957,8.605510231383798,6.718977830708681,1.03966295379429,0.4770596741314543,1.3072297528526626,0.9251284666394716,0.5458358501090206,-0.5598038171346666
451500.0,0.4829308017916523,0.4542465427664115,1.1932144317480609,0.5811226864960863,7.809988319431446,5.924402189039801,0.7722433671694697,-0.210315414753361,182139.49095555503,147312.03657917454,0.825677834391679,-0.3851582901537544,1.7267089904134043,1.4119591081235725,0.929988343790364,0.0084205496551557,10.586140848103216,8.997464792281466,1.0236521623145056,0.2420115160285156,1.1150128259130665,0.7657251378009722,0.4596109838701254,-0.731965824931665
452000.0,0.3810524279472286,0.3226477945189104,1.402998108966214,1.5867783251892398,8.606458390957664,6.124503554309017,0.6796678998335177,-0.1656248561319064,202484.7893400956,139456.4854013611,0.456548399718212,-0.8344415689849694,1.666827090945186,1.179080828755093,0.9509456721064152,0.6697383723886889,13.13682351656451,8.574589685474304,0.62985267618839,0.1153774459526255,0.9218770178698904,0.7686077260883999,1.359612573109121,1.6311693049490152
452500.0,0.2890333202951332,0.2380526859647838,1.4534413894768825,2.2594579166914954,5.624514604572449,4.3275023602445,0.7997630844074655,-0.3194602020346764,147365.64051795163,105754.54312890348,0.5890517633298614,-0.542210693641489,1.3099424515748728,0.8888907577340772,0.8423264632707517,0.8471090027963002,10.690900646515995,8.007873065962235,1.0294304223832975,1.0119633099043748,0.9288220527127266,0.6851701021070029,0.8107176327076859,0.0791623031331036
453000.0,0.3742228073229982,0.2929578133135209,0.8254438370576468,-0.1260903294574711,6.8359511550144365,5.21513518445556,0.7638627317374125,-0.3105370417631801,108393.52769122236,76167.63625554949,0.717629447137666,-0.0332336741901326,1.958404539114876,1.3812215036746762,0.5097510841203468,-0.8059230972861231,17.14884533681689,12.74645468537118,0.5795325959134484,-0.7549421921385626,0.9395550658516428,0.678529586061857,0.7381565858835468,-0.0227477131790831
453500.0,0.3257944155917874,0.2633807102207445,0.9128746905183976,-0.015331712230683,7.7896397524073615,5.738068125045304,0.613622767199385,-0.4418975401610958,87236.38643481123,70422.97850327795,1.236032258809233,1.4214504146144202,2.398200662147017,1.7152430433010215,0.570062642018922,-0.5780048856864903,21.22936275637211,15.076948604327852,0.4781363955771283,-0.8827112856246884,1.110013978589587,0.7698038188950858,0.4174778932855661,-0.9024848744852738
454000.0,0.3551675855423496,0.2709784866696688,1.0405733401931891,1.1732041324782507,7.751783438689729,6.334087597209698,0.8872584168832024,-0.1231926183207607,102434.96421806542,81643.78608933194,1.1905836751719598,1.087663652564017,2.6655591955393314,1.723073542181494,0.3599079715121894,-0.8172453142839533,21.491501164473384,13.973733505730737,0.2396964290096309,-0.9476259487534792,1.353500523900157,0.8818752627122944,0.2752139650715274,-1.030869008889783
454500.0,0.303852025818782,0.2005370625790343,0.9178033901079528,1.155323014630115,5.759657285722701,4.617213956671337,0.9958711655762956,0.3767448985949597,84701.40856482077,71189.1672550502,1.0681010214341868,0.3329991372993559,2.2462439428885523,1.6041902141516131,0.4968277957604846,-0.7588376541836417,16.515390971367385,12.15623980353029,0.5228679608438493,-0.814825170338997,1.1227255770860831,0.9274530237113452,0.8379157036794563,-0.3665304328753866
455000.0,0.3783620029397968,0.310384112040968,1.1404305621278858,1.3139569315573256,8.624674076904515,6.426854615646509,0.7625712172076189,0.0512959325575774,110132.29053631407,80655.18348401293,0.7437900661675692,-0.2633878139884453,2.9534020954503024,2.0959722787440644,0.5656988755287569,-0.5695091733177162,22.58635558177544,16.044533830793963,0.65586016178315,-0.1509736966350767,1.1259918885901326,0.8427691564904213,0.6271279998038629,-0.5024138074199418
455500.0,0.797714528980238,0.5268263363643053,0.6246282482660115,-0.2638489192110347,11.290995509091948,8.09422937233596,1.1226448346124125,1.5898134210079204,129386.15887008188,94627.00197634258,1.3370642185652204,2.5649896231623224,3.901838645875712,3.071061298343033,0.7226031262186061,-0.4184177859162292,28.20104984341648,21.291357391004844,0.7293349850828381,-0.2433428597022962,1.179103591537382,0.8490189641267769,0.3498564222718978,-1.1220972733702224
456000.0,1.1443448315287612,0.808591500228987,0.479768096447074,-0.8033867351934418,7.326739280374921,5.623123087860321,1.4289290844478275,3.19210098160835,140232.06658473046,96006.49096939636,0.4707761755053906,-0.6624866697125626,4.392403456117277,2.915317345277787,0.5733362066024014,-0.1840334274710029,27.220468855550696,17.75731362712814,0.5497242078758303,-0.3227660852824376,1.1659428293262442,0.8031264518240298,0.5815460159004598,-0.3040269139055831
456500.0,1.4285895798166268,1.0471149276588498,0.5237282944376118,-0.840170801001646,4.797183346223479,4.232607115818763,1.4019585379190962,1.790353410929712,189979.5018000602,134047.95736655465,0.3947991688979855,-1.056747330024549,4.693509494148288,3.2433426421268425,0.3582037367135341,-1.0864775820293957,31.899626823606308,21.511461536301585,0.3693490496529891,-1.0099499863093728,1.843218622270847,1.3291712865595675,0.6117130076475873,-0.5201542478081547
457000.0,1.736799088467082,1.3628279558368868,0.8219418203651341,-0.0216560483331722,5.490110483312605,4.268981486645073,0.980799377788275,0.5344289215967857,140982.9567151018,111716.73084622054,0.7169629882915737,-0.6005200463894798,5.090830450465505,3.778738175423423,0.6483649524402818,-0.4342911450382511,36.645361080639226,27.810086225323232,0.7316927197479005,-0.2080740550529394,2.0485677426601048,1.5072803778729982,0.4536364135056354,-1.0759694622203866
457500.0,1.8336633872216843,1.570589587842498,1.0302895999721582,0.2351806305130215,5.587829854842853,4.594521224769198,0.9275867422579492,0.1636469828120232,132058.28417244816,85876.96710713497,0.4524102461405483,-0.6291508533746213,5.297288360443339,4.347485298552969,1.030318822772397,0.2852217373361805,39.3654815679466,31.94891676518307,1.0522937587725771,0.3375472009162013,1.4957865597360052,1.2278666090263957,0.9450043589235912,0.0813793473117687
458000.0,1.4278802951151022,1.2762613914019272,1.2850305424737731,1.0418175683993214,6.339551129451371,4.575201277216952,0.9450729241476528,0.9061424717708086,109289.21501964396,82015.80517262078,0.7973246118533691,0.0318843643749557,4.193972665997919,3.644669026800283,1.2430856244839057,0.9252342692113524,29.484684874173663,25.75636578768673,1.244417210132233,0.9878467441206776,1.349178088532973,1.0942718072603073,0.7633121314812862,-0.4748687369341682
458500.0,0.9810374157220936,0.9618128781503068,1.315607385085226,0.9909282305080924,6.427383408479595,4.73943221958023,0.5618709229473827,-0.781005231857276,87791.44739302063,70935.0704180773,0.8498937746376612,-0.1052798161487897,3.029467642451166,2.5620087852193354,0.92943166296642,0.1576059506534655,20.76008639747941,16.900610943070745,0.9394456187766226,0.3253971727100775,0.7728396959547609,0.5886831525740698,0.7062787725821492,-0.3699505555683249
459000.0,0.970603626454184,0.6628405518343934,0.4444542515709613,-0.5810868322391731,5.779041891900289,3.952964964923668,0.5392189147050316,-0.5082113361934639,95082.88285314244,63513.94931760548,0.4510183602212096,-0.6451674386992976,2.851310147968898,1.9137454642943792,0.2922629139551658,-1.0411829774692771,19.53423229040449,13.640854783910644,0.4015204839329128,-1.0096524043285744,0.8000064294189703,0.4880041187452119,0.1940956372831672,-0.9046197869802386
459500.0,0.8243562669113429,0.6714423684032934,0.68532340988119,-0.6530828992171736,6.187779603159455,4.290065625874492,0.555323066672845,-0.5740433169529124,118871.1348829008,77499.29601705147,0.325646089007379,-0.8507338451046786,2.8579782050971763,2.256276113775641,0.7639080610652715,-0.3533485070181577,22.219400019533385,16.446684989865698,0.5820934187018866,-0.5926609645848582,0.8108413933221177,0.5067409045654395,0.1861159857320488,-1.0234026710085582
460000.0,0.818928752903233,0.6965399077098846,0.7805426385807881,-0.4259568242318217,9.789854312791178,7.170309377046476,0.6152028848128319,-0.5544264922665136,127750.20767588603,78832.89514209362,0.2013074825395052,-0.9596053488321384,2.917287150537688,2.451335529930504,0.8790989113805774,-0.346743040452655,22.60523414137347,17.123974769959556,0.7351424084888013,-0.3489822911854707,0.9943968467272056,0.6702268067848887,0.5549453223176334,-0.3509085607682425
460500.0,0.5207537830955833,0.4941013533859431,1.4982733891331943,1.7951679211144898,12.808202707714736,9.863167221418973,0.9257559496662576,0.2866299005973829,86144.40567351379,64638.12291297504,0.7618060236187997,-0.037613053345967,2.7326805581616687,2.135379243637861,0.942473770812004,0.3391491200369283,21.212144686144292,15.583052157311402,0.8436292666621527,0.1815140184612462,1.653083183153107,1.2204970826070751,0.6148911772919697,-0.3865209113044452
461000.0,0.3627982139904024,0.265850647811967,0.7631016908526903,-0.1335140870164282,15.406564177752772,12.315095627250592,0.9896309161561814,0.2863257038446147,90621.22653565182,59007.93467477395,0.4022036197010855,-0.6162694611705177,2.790996254313304,2.0881196685180927,0.6523086499896623,-0.4043932700170614,23.76720811571945,17.028362911730653,0.5548212989064621,-0.7464139529372034,1.4414601770837951,1.2126683245655496,1.076381224338136,0.5189120963995428
461500.0,0.342762337201777,0.2442228676875986,0.6849682498996776,-0.1707104035543571,14.904204488986387,11.585585347627909,0.8006777857585379,0.0018165211711247,82475.97166306557,52472.344989082325,0.3256304264985448,-0.8584798451901374,2.5266195218521936,1.8741213680016455,0.7983760600878834,-0.1415961162823737,21.489004939667428,15.262991035177652,0.6974944707592448,-0.1162456497956205,1.326140318917738,1.108567220755562,0.9142306867704452,0.0028239860115393
462000.0,0.4789382374906193,0.3440193090278305,0.8437672338775687,0.5679508343649284,11.421025443188569,8.64632846155943,0.6803366347518665,-0.5461470828489894,83503.82287120228,63350.40257765978,0.5838822058892362,-0.6107582245417205,2.342614039360366,1.805590416009963,1.0188418328758446,0.9477293845695254,19.857567781264105,14.476281504771622,0.9023153392639076,0.7803118865531644,1.12514756920423,0.7865293499111445,0.3908665792358007,-0.7402769955563642
462500.0,0.7091106695923266,0.5320224423845931,1.0905677347385938,1.2655882793291937,12.740961810576128,10.738381123493047,1.0689659297872922,0.5330552087818075,98953.25612976834,78013.15414251723,1.003025588878567,0.5310248948129099,3.453151460741174,3.0499062483487958,1.210518375552031,0.9831182792226708,27.267380133137,24.58873326822797,1.3345446221398876,1.297247448131782,0.8695404732796256,0.6100836581640158,0.5662822346025351,-0.4863039844979067
463000.0,0.954919419686207,0.7227001143259404,1.1629037465332512,1.3193697625569634,16.337968949601514,15.653870635925172,1.326719448770896,1.0890575666575293,130762.78795484794,100919.95936922824,0.9811221457681536,0.2601494353436013,4.691598006076497,3.921947580277718,1.3479389067145735,1.59754082528465,35.38960618818176,31.79852535902216,1.4384941493962984,1.630530878770955,0.6109085771803876,0.4804083258982841,0.9604062249636772,0.5287126427606821
463500.0,1.1127035939275765,0.8195954668112585,0.923903647367924,0.5918684099698295,14.194648093711775,13.797172155968203,1.399814484719317,1.449462489829962,103244.7695619352,79722.5968803731,0.6730408266458514,-0.336885296882321,4.876240245732038,3.792094107568024,1.109685408903013,1.1174321968375676,33.52557557651664,28.10774712947244,1.3586921269609304,1.67409247179443,0.8788347269726459,0.5893406572434848,0.3370472225601411,-0.8732113079534916
464000.0,1.088799023261503,1.0050580513998686,1.268766513522371,0.8952541434230934,9.222488799224775,6.422794694795454,0.7711688712039327,0.5363281740109014,109037.78241859318,74030.05717219472,0.5555966069888797,-0.411594993872594,4.269352357982824,3.722111472245322,1.337456198980032,1.2563947941715066,27.38750124364199,24.536497908731384,1.4081490811954844,1.5393942031084968,0.9256449406060676,0.5833908036321431,0.1480779841335894,-1.1394575536085825
464500.0,1.0292632414604024,1.1513575793711612,1.386068675871159,1.0033963819604272,7.939282386787685,4.687383199281356,0.0782896865751626,-1.085083689974364,113103.03203638564,78211.65244052804,0.5389989279552478,-0.6165240196880188,3.642753969993499,4.040955462550309,1.471224782058964,1.303112693645894,23.702237541193146,25.14498248103796,1.4809894979609703,1.4177782404395556,0.583755986121088,0.4124414584513047,0.7559006649422482,0.3824408351628552
465000.0,1.0603201888864933,0.9978694641614904,1.1395094320329489,0.3257767811378769,6.624031143812188,4.586596974643829,0.3930008104478063,-0.8771934509291186,115320.0079685431,73879.29161128234,0.2713844754631864,-0.9087872362071016,3.914010071161264,3.5360956242295143,1.1435079866845572,0.3986605245411909,28.759111606503733,23.643709271337407,1.0060188178210172,0.1463835384300624,0.6066263234916816,0.4677482857489088,0.5495708819683901,-0.8856325025058926
465500.0,0.6027025735572983,0.4640301924168853,0.9765228111452188,0.783211193431991,5.653355298504688,3.822686945953667,0.6227567500484585,-0.1770109069429692,101326.33717115971,66742.71042887325,0.3010451635302281,-1.0475994219563969,2.435925358236443,1.8520118043035991,1.0146541859275793,0.8369017225750617,20.223022795118684,14.412257681371122,0.7304411031521436,0.071583122742791,0.590196407403157,0.5123904146096001,1.1452926137107284,0.630418225254457
466000.0,0.3800740807764326,0.2641846363308922,0.6152255275695454,-0.358765515997832,4.534429236451321,3.536667938680645,0.9774066846582604,0.3446061971288805,96715.09562603934,76054.98602798812,0.663875805876893,-0.6882354702633804,1.550586365598904,1.0671635520034384,0.5848180267766436,-0.3793195379162783,12.386321850051027,8.396389420781558,0.5714598193090455,-0.4401847595366583,0.8113097725055199,0.7232728953594599,1.3777350090893574,1.512662314058061
466500.0,0.6062158580428435,0.4412305800457121,0.723809687511085,-0.2930148973146065,5.254715117355031,3.833906234311262,0.6607540222730908,-0.2502438719234012,138227.04041816806,103352.69251811958,0.7805471845666008,-0.1004226474411051,2.8370255403690816,2.200707335780005,0.7652335654649685,-0.2865022657704745,19.818850320503337,14.923101843815871,0.7200132580059131,-0.2638660902917964,1.1812138984881848,1.0018281431820928,1.2993745739075695,1.1824542679325178
467000.0,0.9994077286797288,0.812462666315916,0.5414884791017961,-1.0079238876994967,6.19763586994746,4.282390080415256,0.6711205082471252,-0.0691796815196026,178292.34449858675,143204.78971796462,0.8115298496697899,-0.4537410709015144,4.581601042697224,3.5017469740337783,0.5384447745439925,-0.9121578249950576,30.97589735343553,23.40186100825306,0.569054893307822,-0.8225510997724768,1.3573292010592726,1.0601981611151243,0.906868563573006,0.0720499660383549
467500.0,1.2493079648554872,0.9016822855318752,0.5419762117990383,-0.789333962609537,8.25618395083855,6.576580345490568,1.328985817604962,2.35513247853238,158380.65182759942,116073.21440789208,0.6772592216828797,-0.4501655337408796,4.4522761489815466,3.165674509262905,0.4929661735104527,-0.8984367850218811,31.41334147066517,21.79892139443452,0.477168860052401,-0.8490377131700506,1.2649004219159423,0.930860071189218,0.6846049908640989,-0.3678618591451399
468000.0,1.048024296295953,0.7294493547282529,0.3707192087545103,-0.8761794632047204,13.260651736980366,9.96793199033028,0.8495413903216108,0.4124871275610067,135186.26933090834,106003.30180200188,0.8360806686786213,-0.0907473937965019,3.4152398433080617,2.433009445648319,0.5157138719537699,-0.6638041348296939,23.75314028142859,16.449915151790005,0.5255296913700563,-0.5886097105642705,1.679130240991629,1.1786036905858708,0.520894654666895,-0.762624713226272
468500.0,0.8488114215234229,0.6184713366264296,0.6842801938298362,-0.4290728413025246,14.18554524379512,12.98405057120378,1.078335387177171,0.3199806840616728,189088.83251128125,137059.04003130237,0.5621534815527731,-0.6380017705503152,2.7572957725944467,2.005959272811368,0.5872524182356909,-0.4388547610894329,18.6983499656966,13.274487288796038,0.5408626083857316,-0.592622951192737,1.9757632568322443,1.4504545027167652,0.473564817706171,-0.9932988337156226
469000.0,0.9434467753642204,0.7477048831820722,0.8942228048839554,-0.0438967605381686,12.788964892936782,11.585331525373222,1.571143060811569,1.9854735306988316,167252.27757271266,143687.9970116441,0.9178038512426908,-0.2124604084462484,3.232764362623658,2.243742792828284,0.4151983326028792,-0.8679668812291359,22.505131774639395,14.789289857364675,0.3822965430882887,-0.8109936603558126,1.432802127613807,1.26995571395494,0.997493443085266,-0.1470364371577726
469500.0,1.1789444039651795,0.8585875131202196,0.3264418507282765,-1.1380762290531763,11.097739023152108,9.599060767119871,1.0629897434493296,0.3923474122504236,168878.92027313268,139178.75645315443,0.9745310002351324,0.0606611625266051,3.903442541778217,3.0047658952855723,0.5730000342692716,-0.7822590767929944,26.960077641884663,21.473418786038103,0.9429294867991898,0.1744555690983755,1.674240099338207,1.3443240144201536,0.7620507061849089,-0.4391431151900895
470000.0,1.0206709441591522,0.988797446312644,1.443057265010249,1.4569188773130517,14.137365170661708,10.283931896004605,0.6118152138276738,-0.5289114633459793,211306.98081856436,207986.0552344476,1.4898545631937925,1.4456505153703114,3.826378052748935,3.35984921512133,1.2421630603740428,0.8918650754101711,30.933636725058925,28.7069694822582,1.2671020641959905,0.930069068948718,2.3689843979233696,1.789725615218125,0.3910777939698601,-1.2178490897571848
470500.0,1.0675235065177493,0.9808354151866956,1.3349851648208662,1.2851592909214211,15.697680177879365,12.463798807779606,0.8664336803706059,-0.2246391067038704,247864.0636175248,238184.30015624056,1.3288217708339367,0.9998672814517576,3.3641366589159287,3.3204621364518667,1.0358562379994438,0.0532540610748366,32.6955276026735,28.532860298484533,1.0201847267804949,0.1597982460418525,1.8007375333073468,1.4760711977819074,0.6899210699908332,-0.7219177346726071
471000.0,1.0728346047042436,0.7990954307110019,0.5831026145833742,-0.6200401296540821,15.570327880418835,11.795913811227644,0.694964082692902,-0.4735518749781304,193088.12369595325,204203.42184709143,1.4412998427459165,1.0177624844989852,2.847156165074445,2.232103832269756,0.8874342004873399,0.0152185481393014,24.953881602694448,21.979759938039408,1.0711868900005286,0.3192038848864125,1.2602290735340405,0.9611313278113464,0.8236481242771984,-0.0881187287815086
471500.0,0.8230901601390955,0.5617431609685898,0.3000371415221695,-1.0545457119773072,10.79208290770603,10.801569350482174,1.1315308917449232,0.1351828841843043,155449.41958824493,154385.37616268665,1.2604259454807083,0.5507258325191451,1.8992057719590083,1.406678424657407,0.6679735481955561,-0.5297513404297147,19.20551195200733,15.822298142409164,0.8998159756103364,-0.0576065675153008,1.0058510988109604,0.6930499224337298,0.5650321732512658,-0.3409703335146377
472000.0,0.7933336532871543,0.5665885391178326,0.7563155638899809,0.12819987002102,9.719739774099548,9.13043148770578,0.9661006539307024,-0.2089481663275054,157223.1880444742,137010.3315302311,1.1308176143770654,0.3951285317147279,2.2701018801344035,1.7378704549312771,0.8245725279929504,0.1928825512621199,21.80973016293545,16.013865621979857,0.6553114089211882,-0.482613018399487,0.893925399317752,0.7205353909879412,1.294703442501947,1.4926405547016843
472500.0,1.000668085300872,0.8432853146330386,1.2561895935360454,1.0929013518755657,11.795853534009,8.691328757216567,0.5893683351893322,-0.5398905167926489,214235.52964684,168527.8548180172,0.5510583217071684,-0.831364405326739,3.5867527644611323,2.839814113778839,0.9509950150520328,0.3354320427444808,30.637046391771698,21.96539510822322,0.6707918023811316,-0.2909266919404212,0.7709928946082049,0.5839365235218319,0.8501381863251306,0.1685319638540736
473000.0,1.350353607420531,1.067479914396677,0.847521719284577,-0.200501526218304,11.676960153252702,9.362928768610391,0.7847247692502545,-0.4746514380045719,261494.20668849276,171743.38826406686,0.2888694236395036,-0.9180194481460736,5.251248986036687,3.4886093566088823,0.2930393075843452,-0.8927017579010292,41.7712116465154,26.697110646822477,0.1599919313415074,-1.074073200002392,0.7292897913964114,0.4706365440360011,0.5250838569936523,-0.2787649135901118
473500.0,0.946322978747412,0.7591675397744733,1.0429053435262254,0.7881718160683686,13.390910814356753,8.886856672447877,0.3023938555590095,-0.9502797812845208,193541.8609715485,169255.17778144722,1.1283256128577734,0.3803747978451817,3.804203847257154,2.8087211773059493,0.4528342279402406,-1.0143606230692894,30.045709939558204,22.793047576808725,0.5543878555876313,-0.8006365776341506,1.194915865498008,0.8852370078944005,0.7519335689886147,-0.1913498955479942
474000.0,1.2631753670383363,0.8730665944231769,0.4581514441750007,-0.6387297890169874,12.52861044832399,8.026727703302221,0.3289858511258665,-0.8817821188033688,221781.5784701214,189917.7376391228,1.0436615278946944,0.2711298980158543,3.9151664069242553,2.9441068758544944,0.5222526855746429,-0.8681762525093335,31.92875273548671,24.052338931115877,0.6008356192339767,-0.7261273767748082,1.7204312680518563,1.4383021987825402,0.9471333931037742,-0.0298200448263048
474500.0,1.370055311828114,1.0412958397732708,0.6920827568469939,-0.2765474257787841,11.231578391101984,7.7820340600067315,0.5948507523886437,-0.2380767875468237,262614.4311327971,222476.3379371373,0.9727122886042298,0.1855147399038834,4.286126939797709,3.189096928292088,0.7423500702700674,-0.2497510881394347,35.10214790990582,25.730395808248097,0.7047563987647181,-0.3634023135510955,2.1186679394316315,2.0209478169580537,1.0569962824177184,0.0520137136556067
475000.0,1.6319227830891692,1.0851129492847054,0.3663875922481513,-0.7128849098596035,14.150682124236264,10.732431416481274,0.5983534564903268,-0.6451721328868407,380499.39321562025,274373.2887047644,0.6217392232278236,-0.4761094465646787,4.901292761476918,3.434203290429642,0.7181101947434121,0.0729110991560113,40.235173918728805,27.94223703889399,0.6573796002971998,-0.0832935958878779,3.2738885881432744,2.3554890480034136,0.596895524315195,-0.6248264096867042
475500.0,1.6497996396559984,1.0365799311730135,0.1653979890635799,-1.0171954601266775,17.641626272768274,13.734741345235882,1.0376115026619193,0.4971190858288095,385064.2086140352,335567.0341781552,1.006188695208534,-0.0550245480628621,5.11078840353548,3.3198692916167407,0.4680921271417264,-0.3836468025530459,39.72532757210963,26.934343601138373,0.588595235692374,-0.1375441423560683,2.883683566318642,2.553070269048661,0.7727439923180515,-0.6439230611371678
476000.0,0.9859564281330296,0.8501521150787223,1.0040807085929688,0.0314655369088288,13.735182754767033,13.47348377023499,1.162460166384102,0.4389341673514564,318281.5818109618,363315.1857999384,1.4243939902840426,0.7985972131933501,3.5709908213691244,2.970455963001213,0.8771284423567998,-0.2800216331294614,29.38007218911599,23.36839672306982,0.7728663134830681,-0.5161011248177974,2.063651118887773,2.013197895504017,1.3207256000855006,0.7036857755651038
476500.0,0.763220152550959,0.7925898732957242,1.4045286015515404,0.9786673666374894,6.641955509819751,8.55422060004218,1.4845270704697748,0.9478854161158008,271532.73414785333,301099.1808591415,1.354953922414614,0.649310906397917,3.720026801332098,3.1743646289119942,1.0723792775546015,0.3061146886009491,30.35075879350483,25.146968471027247,0.8689971607948659,-0.2174068291549846,1.3362477158111317,1.3437857319012474,1.5868507672042789,1.879284599138601
477000.0,0.9814048639183998,0.7370965362371732,0.7576909617570446,-0.2318491302118865,3.362694360893854,3.193430704174822,1.349118257957576,0.8938443118857191,203246.156199948,174722.74157872066,1.1536996434208209,0.509811296089715,3.090716689120984,3.2394263361459346,1.3134909918825637,0.6400975450702258,24.649146949652746,25.32830223349676,1.2120030659527938,0.3376807605743628,0.959291274526796,0.8620088465041982,1.6063100761287807,2.6704313229800816
477500.0,1.1552003245965905,0.7323831382120204,0.2311723829834679,-1.065122484857835,2.653301848449352,1.7688250814582265,0.2339531712869511,-1.0803486990345117,117185.5990681399,85787.23480563992,0.8213046440701685,-0.1644481140095224,2.923706535624453,2.5207759498918976,1.2242659926571755,0.7462821455213642,22.310429104722783,19.964794303492354,1.124358453728057,0.4047924852135227,0.9761856593766756,0.7726622535542181,0.8443131508923376,-0.198471508361461
478000.0,1.031413488516158,0.70311449993289,0.2736935558224707,-1.0588439991533058,2.6095152831607886,1.5821289030255306,0.4229781356173553,-0.6365225981035816,86335.54251979837,67643.1356691865,0.9595321755273782,0.3464534789741074,2.5716485806019405,1.7740969524098635,0.4888085603509122,-0.5778297968376749,22.491562752566843,14.562462130758185,0.3125560201710783,-0.955941979826168,0.9360271831237604,0.7698078224539122,0.7126822052290683,-0.5377563769171916
478500.0,0.9649236598456408,0.6982450930670298,0.526621494504863,-0.8240714749852258,1.8329582351958555,1.4210838913022412,0.7081976100342983,-0.3717184183489292,103752.61046121732,62471.79324734167,0.3333641161206165,-0.5975747332286581,2.423665638850119,1.583582762152016,0.3525086478684442,-0.8294804160319762,21.38045833978951,14.114940157408403,0.3175615660175163,-1.0071122204682486,0.979877857359822,0.777870326926463,0.7536349841040422,-0.3713027595850939
479000.0,0.9466238089550132,0.6647990843224288,0.4876051046965614,-0.7360798770108743,1.541766449912744,1.2674877748970048,0.8999426922250959,-0.0439015551410615,119206.08799480932,91487.23953972936,0.9931807631315992,0.3701204765746069,2.24388701088011,1.648653415584615,0.723367458082043,-0.26183581369897,17.393543705252956,12.029637997418243,0.5419074972401849,-0.5528018898028568,1.1610674706583473,0.7834921198214683,0.4490356668760624,-0.7475663449545547
479500.0,1.045153358955677,0.7082845045522418,0.4579028030055498,-0.7145434209824919,2.479291615577357,1.9202115979240064,1.2267666812480291,2.140547424257976,123421.56556147028,106374.4280961893,1.1034415809613674,0.5478822294316821,3.2520092640811256,2.123736100043509,0.2417371470705337,-1.12167636751205,24.58674397268733,15.91874250563513,0.4665008437001721,-0.4162729808368413,1.0354627538894174,0.6860412968569144,0.3333691362584459,-0.8261827526222087
480000.0,0.8687586965737347,0.6558958630472694,0.6335977723922067,-0.5431781640147721,2.775861569231439,1.9128620224024016,0.5599678013569028,-0.4652818683192152,154049.73172461346,128262.12252666013,1.0073129888023933,0.1973910890555692,3.112293040946012,2.1908628277344784,0.4098821613018173,-0.9909651831908106,25.78428937060408,20.06609719984681,0.8290910007447863,-0.0457312987045597,0.9392904473405504,0.6951025815543208,0.8138612892963222,-0.0055692258895718
480500.0,0.8548680503301729,0.567514233104571,0.3581822617730061,-0.8179875888823802,3.4315696452974103,2.4100669703087205,0.632107939682604,-0.3679684620923518,193537.34296003188,152796.13819785757,0.82545587858897,-0.2077676990194956,3.076628495777136,2.1000835350781784,0.6578626414200963,-0.1164421128056272,29.144361715738818,22.381257194136605,1.0118230531293575,0.552276938999519,1.129054357873372,0.7608212459563528,0.6310448350708436,-0.1321003515643259
481000.0,0.9870187825967752,0.6877499604229956,0.4878078062351358,-0.6455182564512554,2.449457247664339,1.9258285779139024,0.8794339918705047,0.0503602107868075,190903.48668173864,144116.5129694965,0.7728942366554007,-0.2441166254320794,3.240129404839501,2.556888072022784,0.8714777168838455,-0.0753494245228618,30.3450933488632,25.20638446470392,0.9992406572608364,0.1641964761282377,1.3916323655645697,0.9668552219968988,0.3480662623860109,-1.0563662276208436
481500.0,0.8892450420051006,0.6058368447618726,0.4243705371977066,-0.8282319943500283,2.4970825862558765,1.9316537666945404,0.6210522616353163,-0.7530117785402206,166885.18568042418,123786.45250673956,0.8652379165382409,0.2672582776927279,2.987140063958778,2.1197696646129613,0.6464161767145058,-0.2450105906776025,27.145123670451444,19.665169204799465,0.6681500704476805,-0.1503452304458346,0.8830083198536124,0.7596689781710555,1.0728227885887998,0.4068299105414308
482000.0,0.6407817290177923,0.4594333753350115,0.6907407683628249,-0.2121852202418672,1.9952588413676224,1.5704992044346089,0.8144061874173856,-0.076518119741169,136927.3329571184,93542.99975052522,0.4880161318716042,-0.6149108002622659,2.3580488098735097,1.7041218538091534,0.5812555710961443,-0.668000261009905,18.783713196057107,14.12033847708649,0.6519855445350705,-0.5593917022127308,1.269442905560721,0.980163172696853,0.8299340578975196,-0.1773975696180869
482500.0,0.8874074108235491,0.5597525883748048,0.2191249268680919,-1.0033730903987224,2.608697449085387,1.995816091136304,0.9762402952021364,0.6190780820844055,195800.3058310461,120717.3401983398,0.2174753006172092,-0.9817688593562216,3.086301107739792,1.9863516642815464,0.1954072050534539,-1.0736493601025807,21.88887319687308,14.177942451943345,0.2935703823686049,-0.925250816199096,1.664448385503816,1.255049295378072,0.5401643358743796,-0.8187068040788241
483000.0,0.6748214281571362,0.4714555410953349,0.5675762647511021,-0.6096437738680556,2.4408461206667327,1.6767968354878668,0.4063896347472621,-0.8429624229946864,148751.49177975344,116312.6560655368,0.878318852700927,-0.0993385472642707,2.231328719161893,1.6945574376612884,0.6484384380925537,-0.6826132633384359,16.30654120502196,12.527985984033997,0.7043014801675849,-0.573375443401869,1.4231086850417685,0.9519146145037534,0.3143202574167256,-0.8809826327219046
483500.0,0.4741071507401439,0.3561237750356922,0.6778289301648966,-0.4750991688676826,2.120300292320405,1.440834133273046,0.4433364451916796,-0.6958569110085917,102036.75051577669,82451.44486428592,0.9462637407157968,0.2757231530882809,1.5559964183954065,1.1372196177438822,0.6895865253952577,-0.35327798102182,11.821033824149744,8.342623375494647,0.5169954033118501,-0.7684318495893732,1.141014242495492,0.766117349456769,0.407541503102155,-0.7770956893375058
484000.0,0.5582041886247049,0.413530853047486,0.7485499956523854,-0.2261069324835207,1.8303673998830088,1.2414170910850992,0.4494411113519216,-0.6877702949219389,129923.97486728655,90781.2476912618,0.6826626296129553,-0.2105960305709691,2.098855969382768,1.4021332656487009,0.4834914171577393,-0.7634393992225665,15.481833641440048,10.369343606297631,0.4540468033908097,-0.8255795084112831,1.4385590743205423,0.966966112234836,0.3396882532223981,-0.9876179348288776
484500.0,0.5393962112663401,0.4026444048131758,0.809545429150519,0.5008047609912181,2.2349588438098507,1.486573198633458,0.3701452016161879,-0.8846831682483232,123461.74442952964,107230.93444483582,1.0607377827033484,0.2733819702269846,2.3279464896940403,1.7138565582093257,0.7622606704854658,-0.1123053527342285,17.764699923234623,12.388505169365596,0.5929824182169046,-0.3926848096219681,1.1624136227585884,0.8753723152592517,0.5667642845937975,-0.8637763786287858
485000.0,0.7987675202310399,0.5818965887142709,0.7206470153960826,-0.193258847651863,2.813558280629445,1.882414086390612,0.3204954913857579,-0.9790762390167737,176234.02720590786,153530.72214373897,1.022840034116631,0.1802479939904482,3.280437085231804,2.4377068878301107,0.6352289794073025,-0.5529772859230677,25.823397356404143,19.4874566095238,0.7102480843612835,-0.370773787945208,0.8268664782292884,0.6253927981795868,0.6895492026509114,-0.5461617448841709
485500.0,0.7891632130900491,0.5636297284883102,0.5928398224443258,-0.4273106798479849,2.6113935045760823,1.6716988543157063,0.2774561388891463,-0.9030801347166412,241189.9657875858,171879.80765887012,0.5681231553583156,-0.4522268764983685,3.3091202425792647,2.3329536905879817,0.499588101183941,-0.7415826070431208,27.85162566998993,19.687036488271666,0.5898267060406434,-0.4562928223963447,0.7419383112500042,0.6220564443701119,0.9234337478227198,0.0372054807017216
486000.0,0.6177977963256526,0.4275619879651975,0.5018437113503069,-0.6856397018911573,1.987981672512226,1.333253377007365,0.5100858560618252,-0.5858716316419561,168346.98078919706,125076.75841546385,0.7092337071831465,-0.1033245998103566,3.338636684752105,2.3138247452762624,0.4203814233256996,-0.8824557949724694,26.350235129256344,18.20089880068765,0.4283698193711391,-0.8801473219217844,0.8039186500641148,0.5884624133536429,0.855936294402921,0.2718824738320289
486500.0,0.8147684501323242,0.6684458669492088,0.999634618452928,0.3496368222847832,2.3832151388020213,1.7400960495552005,0.7777033060955075,0.0634731720980665,140839.8730729062,106181.9162920219,0.8833841350385331,0.2542373645393301,4.388021288014835,3.664608315710476,0.9439983426012364,0.0495187845172915,34.643969981454234,28.42421575014115,0.9240914206215424,0.0337641145939429,0.9985904273859728,0.7516461335388851,0.7230736712197144,-0.206432414451859
487000.0,1.0123903774870275,0.8113217799660899,0.999522122131216,0.2291025341054529,3.2015378890938573,2.1587084606018614,0.5386482644243066,-0.4449001178730571,163851.3171059128,123527.26379535318,0.786546437865835,-0.1431504027172194,5.114418782904894,3.889498474208401,0.8245497874044766,0.0067863566195178,41.081137048299226,30.400735556416503,0.7322731454961534,-0.1723241660261312,1.0823055243528876,0.816471965978671,0.8425150983247681,0.206994912087409
487500.0,0.9690639878337964,0.8550712057009633,1.106934791543356,0.4423902508691575,3.3533894300640705,2.358865414912974,0.4227510158421524,-0.8331235536287234,172658.49858898958,132158.79952157746,0.8239937463989627,-0.0022552489936078,4.1920112830740255,3.252325424862537,0.7702921621015764,-0.0415321865989,33.703294060851185,24.97789419475997,0.5839244294911468,-0.4935466343752126,1.665199908622072,1.1760497442436306,0.4134804047914191,-0.95774375672605
488000.0,0.9361299561044568,0.8261874895313455,1.2777086281914116,0.9330284274170711,3.545620344796488,2.7256750481699163,0.7143363016724186,-0.4399892786017676,169053.5590273852,150648.62619419632,1.3027098170057057,1.103824042250146,4.185385395465398,3.4467482920808488,0.8790676690113255,-0.1270439063521116,34.205938526118864,26.96785766381753,0.7526893359158332,-0.4294476818797315,1.72689182110387,1.1321982351461015,0.2939125938128355,-1.0131069630780731
488500.0,0.6662813657510368,0.6169241213362788,1.5145840275890623,1.786257674056788,3.800642938412033,2.611822983114114,0.5000352846642931,-0.7288872693742308,222652.4099036485,198203.17909551857,1.220930858068234,0.6904955674192066,3.296557423771965,2.7549201113399358,0.829021371290385,-0.1893381351741236,27.99770555101096,21.91562677452812,0.7332362017356724,-0.4022686931083252,1.1941325587979712,0.9690491550256533,1.1345332487400044,0.8911843045058676
489000.0,0.5016206724644757,0.3870685513819516,0.9552894779713612,0.4684100059995031,2.3880001975863947,1.6075699184411252,0.6301104679949827,-0.1770629835331707,250310.31699195597,216581.1668414812,1.0008160659081409,0.1183119978773472,2.2442882251816965,1.6303723167197277,0.558757349516247,-0.7663731746626508,18.20543252212617,13.886249488378915,0.6929098048744132,-0.4594857645478143,1.1458485755094865,0.8209966948914,0.7912816751545675,0.0993796017877626
489500.0,0.7736081384059459,0.5896770791804542,0.7603444752274919,-0.0890944071670785,2.09331981260964,1.3577012967269018,0.3995564870887113,-0.7985309681388593,240351.0614479805,188988.4489553777,0.8199062754148606,-0.1483907827230863,3.7096569108627824,2.6466077013502725,0.5698097811183804,-0.4797840885645761,30.347039076212408,21.99212872128248,0.6234316922773421,-0.3371367029163497,1.0562181362750993,0.7905938105048049,0.6648281142111574,-0.4523576623822967
490000.0,1.2355947572518795,1.1270188299216626,1.213801700194672,0.6589429241345348,1.9219375918864343,1.6508565880801518,1.0597361801422711,0.4514432459053537,298824.4797230964,234549.84519247015,0.8378495380712074,-0.2248619861916529,5.674692460529352,4.706753532274303,1.045495473939179,0.344588496195807,47.98816076555457,40.93148293540823,1.098730578407424,0.4786177709449704,1.403482743295705,0.994084687799774,0.4528402687933673,-0.8462662221752963
490500.0,0.9146593521179373,0.8317815938513111,1.322788241991854,1.350366420831115,2.465552628566754,1.911856155497788,0.7272904526943369,-0.3555478806730132,226675.07064543388,178475.18530732227,0.7237568874840976,-0.3271087742274572,4.087041960851913,3.544663649618665,1.1368346153009643,0.6634125183752007,34.7627001825754,31.12102598847776,1.2215352803275936,0.8812579300020777,1.5928607829257924,1.1374539120586096,0.3377159663027988,-1.0725083736839998
491000.0,0.61794294810844,0.4627371394469111,0.6938685503432244,-0.2444039516773219,2.8133650915253776,2.0817513251359125,0.6970360468355592,-0.426497620350684,171987.9094906673,123525.38981941529,0.6468257361890808,-0.3398448153083455,2.941267442689972,2.086004398096285,0.5399464056678347,-0.5903010088806626,24.82808656363779,17.819050577984605,0.6155793595817209,-0.3562788974046422,1.0840502592583166,0.8604507436334675,0.9541827255810456,0.324813143907896
491500.0,0.5806833689286857,0.3797633222671602,0.3674526332991862,-0.7031123169010622,3.2153429943285,2.37502516541743,0.5072123401088364,-0.8974349701142996,118065.49009168347,97542.60697317505,0.9150509871457208,0.155754162230338,2.2075957396137005,1.6095056134151366,0.5641293622877173,-0.5534266688353884,17.714729842109566,13.016869122039395,0.7571589157762969,0.1132502091032998,1.148131461151532,0.8054803695395221,0.5748892195780272,-0.4723043280185939
492000.0,0.3706090894529948,0.2568237019519699,0.5357425916595505,-0.633370305102118,2.3295537050272643,1.6591175434831118,0.6186190884055044,-0.5017551133492164,96045.15266103097,66388.25987683168,0.8182155952896171,0.5802854683224221,1.880228769932594,1.2254313404844857,0.5092026736961799,-0.1632867425492867,15.260552808881776,10.332598147423033,0.5747931976885972,-0.0258487447785449,1.0403978645298724,0.7494999997589485,0.5653485897382621,-0.7044838748101703
492500.0,0.4442874309873917,0.3089056866499028,0.6553830661551202,-0.1816294449411923,2.406161658477714,1.5981223606126866,0.5210591162725933,-0.188201360951187,120734.55472268356,94836.29696911512,1.0037979042543654,0.5303702475833751,2.014659557976718,1.6869411994795516,1.0272222305758298,0.4516067193810484,17.563841288557306,15.352571224114294,1.1197374751060605,0.6136944629066687,0.9090340964741777,0.6079417235447035,0.5318848459053445,-0.4853533052167522
493000.0,0.7774773747773683,0.495871114889055,0.2908444399578245,-0.8787173799910319,3.0739536136717893,2.040190073452535,0.4689587732676241,-0.2418099868509644,212770.6892896022,172402.74675707138,0.7647938099354873,-0.3900496828287334,3.6240016843509046,2.9283057159647843,0.8827145645817304,-0.1352480874751602,28.535862357843957,23.791449317780465,0.9265242326931556,-0.0920072213260114,1.0863022730211045,0.9938981884526652,1.2026453010061764,0.551635901706466
493500.0,0.91608854342828,0.7248777942490049,0.4987032667270466,-1.0487364375626187,3.5291431708722776,3.078939833076543,1.2136630691506245,1.0226331830851692,298097.08313219296,228830.7046007948,0.6605503962678232,-0.5332384823834855,4.463009375336481,4.0604405038590965,0.8356031033200082,-0.6184550538732423,35.43764040733656,32.768737378399834,0.8692284942040128,-0.5478976672991651,1.810956869416068,1.6465601761151367,1.09771698315278,0.2927345003578212
494000.0,0.8862614434108298,0.636080636514611,0.3794349870905057,-1.1237079376371768,6.814569597859215,5.396271245600141,0.679142461425678,-0.5457934784654492,296078.89510273054,228527.70737431484,0.5630985200112877,-0.9001922626456018,4.072442096173132,2.967361267264632,0.4771264865724509,-0.8684876784837416,33.243459579568814,24.150172950247686,0.6148918133179204,-0.4815674190881633,2.226767059908038,1.9407222007733864,1.0427947077299815,0.1209237057443717
494500.0,0.8170112156155341,0.6915704289849272,1.1073000646167728,0.6970399681388746,10.524810030876283,7.3278909535883265,0.2694268006757657,-1.157437045141401,229195.5409877532,187986.61596067497,0.7619372603330463,-0.4831517464114014,3.840426487706428,3.0527439747914498,0.9427013296284515,0.3382567531219536,31.279151296037004,24.528754938383624,0.8617549424576981,0.0491034566369328,1.7050136444439672,1.370866004139658,1.053718528459734,0.6623424588362044
495000.0,1.1164186095315969,0.8951396026433276,0.8949103478415567,-0.0595226806276105,7.328682655892861,5.951707352146561,0.8536536340843871,-0.1457825464643245,233838.81952758643,168724.81573165426,0.6090592215890842,-0.5022747237688603,5.239160183414271,4.270939337002571,0.8741939467373373,-0.0493916499816915,41.183518521179344,33.382433354669644,0.8841563277150104,-0.0343343210796991,1.402345330069936,1.132540942694391,0.6485516571610989,-0.7367983282626862
495500.0,0.9234587059585816,0.7337678854447703,0.990574074591435,0.4243300994038921,5.130169862781227,3.7612367813425935,0.6738708262851679,-0.2732318642960711,178045.47942423602,142239.2127631794,1.1045741267003095,0.7994978316102603,4.254808149206306,3.627830272201341,1.2297921080007468,0.9453002304976006,33.28049290710858,28.60819944120496,1.2457905545510874,1.004042156383954,1.0684124977512788,0.9153377209158337,1.247281958855355,1.0508621824098787
496000.0,0.6861277805167382,0.5541167355541629,0.8611605535702369,-0.1477949128260478,6.071572684789003,4.366904849286631,0.6384357626039489,-0.5319272666877524,148083.83837679095,116641.0812899007,0.8782950455093868,-0.0748705702002463,3.8031404814685623,3.3439773716311048,1.0282554806362365,0.2400012633648551,32.06929477626257,27.623026592413865,1.0413101024920752,0.2993063205616586,1.344053342316857,0.9817280036650676,0.666405040350792,-0.3226848144323968
496500.0,0.5571186316837736,0.4569847134790731,0.894483788034882,-0.0784340074735765,6.1390495057354,4.344541440249471,0.5618495887493713,-0.6569540026344693,152927.2282697416,107628.66883839616,0.5696339277097703,-0.4991411875716918,3.579717552795556,3.026080817116666,1.0220083643918711,0.1733801937750816,30.07648242580029,25.53245602079029,0.9934536044041016,0.1106205429293503,1.2957253507028803,0.8979686457523772,0.4867306361277235,-0.6245545683147768
497000.0,0.6531961493340177,0.4723196526261554,0.8254409759345084,0.2361886364186607,5.346563895836542,4.106595737775189,0.9239850986934596,0.1695655966548237,233736.0093295948,138826.4983278155,0.073716043463887,-0.919215825928508,3.417345772287293,2.726923956403972,0.7208709227382466,-0.5404350036332297,27.011164988499758,21.362000334458145,0.729208152475718,-0.551128076714932,0.8441669184454769,0.5626974737750584,0.4584816911165389,-0.64381892026889
497500.0,0.5930784601543038,0.4504639331465243,0.8644093977985913,0.0944521663925508,3.3979044763149107,2.2840839159283326,0.6132572445644019,-0.2359488251859418,182316.9575710027,127292.2638751452,0.4574727529788348,-0.7452951684463516,3.5504705044406206,2.7848871808831293,0.7553959359189107,-0.4670214700000312,24.66281973143061,18.935705523088824,0.6791664494629198,-0.564934523467238,0.5548940175119383,0.419403897343935,0.8262381448447914,-0.0676031054236414
498000.0,0.5910351986324432,0.4173764572499417,0.726573268508079,-0.078282861989297,4.04513771770272,2.4913963547652687,0.2739114773611003,-0.9026822691930194,212247.3607035453,153774.6004297807,0.6240894823086158,-0.6303363245818661,2.8484883677536708,2.307094350245771,0.938397140993489,0.072349423056413,20.89245392380209,15.362980649226184,0.7602315539000675,-0.1699642237867644,0.7906066052516959,0.5159004659479745,0.4554485136507922,-0.6280954629012059
498500.0,0.810076578571922,0.6103307454801937,0.8572318498087905,0.0194049154428141,4.436582990356198,3.2171153545714466,0.8267226329993714,0.5056731913461068,289354.4584995782,185297.29416221692,0.3393641071122698,-0.7893666601638962,3.401369969979287,2.560742936024299,0.7565270065134493,-0.2165474527959023,28.14180149812724,19.99104791588977,0.7062803111658589,-0.1199039988245256,1.0985772816868309,0.7893423954338984,0.5400315417008148,-0.7790729059770052
499000.0,1.0837790414867623,0.8446536855119181,0.8613708490176042,-0.1484222733770597,4.011442229180287,3.00534557749749,0.8137816485222163,0.0947846980603008,264353.7196598901,191158.2265811627,0.6460696752337535,-0.3950483291159758,4.146469076862566,2.927823536155237,0.5242893917468168,-0.598660969797705,31.18527577569274,21.759519077741803,0.4878058049811268,-0.5825624827368832,1.150639762742704,0.7789526908581698,0.4102255930627674,-0.8010578248797144
499500.0,1.1652647682596524,0.8959175867754632,0.8584648992647708,0.1474240558700432,3.4901894032195235,2.5995874343683623,0.7462113905212274,-0.1694114134235613,284462.4583820926,200044.8249553335,0.7261808461895279,-0.1136390002900968,4.6076886913785895,3.414891877059722,0.735896744782764,-0.1403506210978222,34.22864161770879,24.023161484957825,0.5988207239427858,-0.4072404292074467,0.9851479187256232,0.7282005592489349,0.7372602643438216,-0.2075759191730148
500000.0,1.005676002602661,0.8064821209511959,1.1572165000217045,0.8125571230814628,4.359850934983175,3.378864391107564,0.811011270144493,-0.1546398598665619,351538.6798418898,267781.0712770624,0.7875334929185488,-0.3255983970507903,4.107770159852195,3.52931252080528,1.270727344010706,1.048254504572513,30.82328655856324,25.817780072339648,1.1515700652664946,0.8253991783492061,1.098671223887837,0.7712779012276118,0.558624837181006,-0.7111389380933928
500500.0,1.0820570925332769,0.9239087592241648,1.2228202436172564,0.9275543428391037,6.038250560908589,5.102930115261255,0.946158004233722,0.1454620293561839,362417.3767760122,310928.5874574839,1.0766817543773612,0.4336655067414279,4.362882528907203,4.365906824603719,1.3775140884059631,1.072886054988869,34.00247803546843,33.106109356930645,1.3567487102155285,1.0180270860683125,1.5435412393442962,1.0320175365106257,0.3741481857941149,-0.816127467194173
501000.0,1.375712285402512,1.2838054448323086,1.0342261932520638,0.0276318391856915,7.8074535335179105,6.508713869847264,1.0054864106967056,0.1267676427595989,361948.7737766256,319758.4909713267,1.1765874077176235,0.5260420474139846,5.242408044017428,5.271849294615722,1.1427944528198155,0.2272901879989142,40.55571749279561,40.58790819095619,1.1305122341315863,0.1981839833709995,1.448211190137441,1.2690201427875831,1.01400419229524,0.2248436659052992
501500.0,1.2551096894057203,1.1736391956431644,0.9929516976374124,-0.0512687549722254,6.810939787163817,5.432277424000372,0.9475754014392298,0.2479496102450751,273458.3100956344,262760.42475524574,1.2690454816024708,0.7030926045789676,4.751700486327239,4.44296630991442,1.0322105256209466,0.0752796627746175,37.15099009946928,34.59356436512872,1.0211528968042896,0.0338485571620439,2.193786827951178,1.7137218526740017,0.6430235960217445,-0.5693762865415395
502000.0,0.7752873314428883,0.5771507822950979,0.8649851198249828,0.2562238396170868,4.985979974836204,3.424187428947321,0.4645789688350866,-0.7716062005524869,193391.64822708935,161805.54808998428,1.1776637876361824,0.9999890767293032,3.033147326344873,2.2063803316303248,0.7392775328520851,-0.1752208882274049,23.3209860664412,17.438988423358694,0.8647389824213402,0.0957834556421661,1.794775638802151,1.4781633641657497,0.9142845694410788,0.0468455900579671
502500.0,0.4470520310937519,0.3225498582885747,0.6138741836174962,-0.493202487694794,5.756179611393035,4.038139346460311,0.3994211975173224,-0.9417282476376064,181390.8622585166,130522.77064084,0.6708463805117665,-0.3980917663847174,1.6672217241012086,1.1549009586312635,0.4784811736276398,-0.7454292651769161,13.249226342826493,9.273089541297852,0.3893229080532202,-0.9660297974475198,1.9558802594483624,1.6588525659641966,0.8085232616235448,-0.4037019966484272
503000.0,0.4475890284372588,0.2992169170775077,0.5071488722801966,-0.5114558905140703,5.674289943903471,3.81284116219864,0.3960697267233146,-0.8236623881855998,197753.3031176979,135363.64753819248,0.5882542352827561,-0.5608541358744539,1.7545266984315926,1.0785943103649691,0.2557713098409564,-0.929158748171345,12.02783560950024,8.091955659515014,0.6301489759842783,0.0957203096863414,2.184525119961436,1.7004076695259098,0.7633826973051705,-0.3958148113808928
503500.0,0.3658127306829399,0.2924252612786377,0.766029624752966,-0.2970791215646327,3.951749282164719,2.7232215494618903,0.4824786119302644,-0.7313233799303664,158296.53985216824,108856.56267835131,0.6918697893400977,-0.1052797697827547,1.4723617132185285,0.9987198723248872,0.4247963355507248,-0.8897567794430516,10.215020160362492,7.188453696166604,0.4872533181704062,-0.713027298144921,1.5463150400596102,1.1187884263515566,0.7361727982929659,-0.0968854486692256
504000.0,0.3215886366395973,0.3274257503963302,1.6811655935904624,2.385250314689042,5.508584323231998,4.123216893682539,0.6074010226634128,-0.595397336543134,168680.3991222007,111961.24155376948,0.4348533709613931,-0.8219808104222528,1.633279677004867,1.151250809762538,0.6625159366578387,-0.0735981004724939,13.12935593425924,8.947411402794495,0.603626059566696,-0.2372087953930708,0.9344591872202872,0.668550069172233,0.5697869006841702,-0.4351839916316167
504500.0,0.5050588268331361,0.3855844878342801,1.098911074330322,0.9954385653957192,7.887351581137542,5.600646644224679,0.4990889138899363,-0.6943501409737278,155396.46746768142,102538.73641673411,0.4027368374562998,-0.7659792156625462,2.8918500078746465,1.9919613440633248,0.4210585673930557,-0.8640978986546171,23.25958076816015,16.45637426683843,0.4573652630739361,-0.8382413717726251,1.0196277745119915,0.6349554166414396,0.4573054085912486,-0.4274669055575644
505000.0,0.7112922372262571,0.5012087456294008,0.4956303792001943,-0.7244215679106416,6.157001831705391,5.309724047201727,1.0781671404055906,0.3127511328177017,148439.57319864063,114177.27076056672,0.9402848224231,0.3804352906329984,3.520597685795653,2.509531814303178,0.3685761566215896,-1.109546572206856,27.2786835363759,19.36055271544643,0.3261661808905962,-1.1993627434237182,1.0147899743085895,0.6896008325702934,0.4208313559865391,-0.7956916373398188
505500.0,0.6408305141698473,0.4516135540689561,0.4505666333442294,-0.9186718873359832,7.262660789514714,5.350502648634857,0.7096441693716746,-0.3779083534164602,242142.8298178269,163989.64916289054,0.3998850054711828,-0.8375286126880277,2.506542501021745,1.8182720513917068,0.6132529794365571,-0.5332207603137915,18.420271758014703,13.574319586852928,0.6543593819448711,-0.491380734478934,0.935724486038049,0.6864838252536578,0.5525824189966594,-0.7540398242034132
506000.0,0.59049732437391,0.4695604522513257,0.7865826019171605,-0.3850014877535868,4.724144050570929,4.155972506219877,0.9136243676289336,-0.1705467586287672,227083.48832988035,152513.1910722253,0.4576400102881546,-0.6112855810089588,2.19344866702455,1.6725343481396866,0.8082262030484766,-0.1297337000744782,17.024187329043414,13.155179615600597,0.844583367688106,-0.0102526778013616,0.7179314905455241,0.5230374112102503,0.8135742190241103,0.2684700739687042
506500.0,0.7694851246873903,0.5031685021350589,0.1805656074918343,-1.1657297818558727,4.466420589993326,2.877937915383733,0.2246784985615815,-1.0746939549631944,226827.98471502992,159367.29476677955,0.7145049963534302,-0.0026336555119477,3.288744838539901,2.1289843640078643,0.1673770642102889,-1.146433405975743,26.40948761780404,17.119844545043826,0.1749689684201605,-1.1261588481498888,0.9526526279704426,0.6154155146781904,0.4145364250431486,-0.5574080216372153
507000.0,0.6074357974138351,0.4380853296168058,0.6812149077623886,-0.3191586123388541,4.214144490039086,2.941836745547562,0.5750652257119775,-0.5587133349682469,254521.58924580095,194511.5775332426,0.7019923388990916,-0.61135476170177,2.573445274833904,1.8109598983529984,0.6014075956563852,-0.4584206319704744,19.764978475469903,14.27510992982156,0.7134676390049793,-0.2138930140291193,0.8031462361600433,0.5751631973249699,0.6791707573972613,-0.0714241184835642
507500.0,0.6175080000443073,0.5548508709913061,1.2078301084480794,0.62002174831518,6.116437601762891,4.301578922208918,0.3928414311264221,-0.9236899899949962,184122.5939487693,137716.53014388678,0.6745141701674953,-0.5119851976922747,2.2847760124515943,2.027899913390045,1.043668829947744,0.1607719208815634,17.34836588308993,15.117076485363572,1.213158515067168,0.7475450467571689,0.8328164493539829,0.6218889200473513,0.7247989274113821,-0.345447838305049
508000.0,0.9662334382444054,0.8895587113143513,0.902552983009478,-0.4714183358115069,6.754898720080958,5.613583980814545,0.9020244827884744,-0.0772826482360256,150535.7483114665,108169.43653150984,0.6383912982342722,-0.4384082358545171,3.3724890143303217,2.83220830289149,0.8166177079536027,-0.460662357168772,25.76648960528493,21.3539086333522,0.8073449295650365,-0.4521477074776814,0.8611478257632975,0.6536903341738481,0.8616019771418033,-0.0342899764272885
508500.0,0.9044660748376344,0.7998367971266707,0.9944525387208316,-0.0532912256284201,9.682649508082587,7.498929631242628,0.6110343829852437,-0.6662259153457812,179935.69881770425,130542.76466845354,0.7680934921972145,-0.101765485568229,3.001617017118607,2.5325526011878314,1.0183993205490598,0.1705835718994963,22.81269658721124,19.36893783670389,1.0185953018062546,0.1697548482970132,1.2285399310558085,0.7864593941207405,0.2694143718009121,-1.0399254517072076
509000.0,0.5808738433947531,0.5018482790166551,1.4180431400145297,1.7888186463507143,7.726874049160457,7.309969895349227,1.0759424133920004,-0.0189756671899465,224523.5296373061,155512.9062232034,0.4514647786287534,-0.8225744572962035,2.530870452481331,2.2138130005120606,1.3236387484461931,1.200821873145065,18.76084650069761,17.24222682096911,1.4229770082064332,1.495601293699873,1.3721693514229167,0.9849827997299978,0.5447167906352828,-0.6246532404967975
509500.0,0.5399770929205485,0.3518147117509895,0.4026672646822706,-0.6997793340315646,7.087858742980009,5.472331944097859,0.8525088718030095,-0.1750081581620324,261970.47861913752,185334.5413948976,0.4129112667727982,-1.0054487061287594,2.964091756123584,2.1755890640286077,0.6724699679066253,-0.4424482475908622,24.28164893931888,17.68707702163603,0.7063051063606363,-0.4092216419701087,0.8840523004578362,0.7151069694656993,1.0857807509004156,0.8429863422277242
510000.0,0.4033650253018447,0.3158260706636542,1.0881067554359396,0.7659851830142888,5.803769998181735,4.2729422227006575,0.689383960714365,-0.490502216786143,164790.69492317006,113170.36749742056,0.5366606068567479,-0.4997464140603869,1.9728453584188947,1.3618798910048933,0.6773221451645959,-0.0460518772163371,16.35601131153752,11.067611168108604,0.5757298633729173,-0.3334717145918606,0.7773138352959057,0.581756705380978,0.7776256459545206,-0.0897422848446809
510500.0,0.5860802436687239,0.3799347909551628,0.5580271112240177,-0.328662265013699,5.672011119067632,3.937815934810746,0.5962468323657504,-0.4597560289225892,118540.75281572876,84596.4689490103,0.5997271633486966,-0.5815643584495942,2.139141428130729,1.4503855932708678,0.6388013681369903,-0.1884712669876829,17.538611278286314,11.95964543505196,0.6018411802598481,-0.3838811123038645,1.29453857032803,0.7618313738542767,-0.0067848592496981,-1.1501633775680322
511000.0,0.5485225250275895,0.3844372538151926,0.6002260881603364,-0.3248764638961705,3.4780403780885467,2.6479783298873683,0.7983636048321672,-0.0177493964728645,157916.88247176405,104641.83134516106,0.4264212567038256,-0.4515105399974461,1.992414224801749,1.586902486019799,0.8897348107101948,-0.0011940515715296,16.110787449688573,13.457214180790777,0.9499283131541176,0.0417382608744256,0.7601335977195549,0.5050436656473901,0.6094199908392399,-0.1955756168105424
511500.0,0.4693541998206829,0.3504076997856565,0.8218661484970348,0.0607272887812659,3.733512357500681,2.447633073122875,0.2286331589203267,-1.0867012034314614,155361.1038821302,119669.21549475427,1.0146615462409507,0.447909497666155,1.79344510911955,1.3519221343018235,0.7825547352213768,-0.1551506827472137,14.287095921644797,11.25103210911329,0.9415496901315574,0.1671075140569851,1.0957834633016643,0.7393634333958383,0.665127449133536,-0.0171742577037323
512000.0,0.5300127818295414,0.4363821431887617,1.1242132512953076,0.5997811909832205,4.175423994139674,2.7877519311335663,0.3775485922800136,-0.8761541422473731,188528.64954683723,144844.59291751604,0.9039818902508824,0.2736389614020762,1.843456125244216,1.3262041947326406,0.9519600227917256,1.2422949033305652,14.00191766006472,10.434692557797554,1.1548980495238406,1.810491464066537,1.2546543316568206,0.8249078694992293,0.4445834050242698,-0.4796474164654065
512500.0,0.5523868543644784,0.4402402887616752,0.8563970808182864,-0.0586338878498509,3.854774476760139,2.50448540069254,0.3437176151910988,-0.8533888218107002,178526.1710244673,136335.50862278245,0.7806016344595772,-0.0606420660467055,1.832927403082545,1.4612740711519705,1.2106671841629402,1.2792027279121836,15.536781130488638,12.715115108580775,1.3295047820181936,1.6276019715509689,0.9069125743272256,0.6321545358199705,0.6139916885151373,-0.3028222241961122
513000.0,0.8412248627934292,0.580883900961246,0.4257617048368257,-0.8338737328297618,2.8107319314999843,2.202412501322919,1.0328593049106694,0.6743561290214188,259294.02198998688,177515.9253702913,0.4000132570662965,-0.7572838017106167,2.0501538228212666,1.3635350774736223,0.653531059094693,0.0386049776643435,16.283007566947532,11.449888458300858,0.9481656213122202,0.8625554266163653,0.621969111722164,0.4286567016244277,0.6523250129671667,-0.3512165201519583
513500.0,0.5431051180208128,0.4654859899881557,1.1262120152407864,0.6499236357968692,2.15539084221466,1.9660546772169187,1.187093554045864,0.773294670923045,242633.39513213016,214334.28934486944,1.200633298713386,0.6152737934341306,1.2346072212311725,1.0529540064122964,1.313088050116192,1.444226537964508,9.581300679694737,7.855415377853304,1.2311946887689098,1.360082070451286,0.8724684873072577,0.6165861020383538,0.7310440209395249,-0.0230715358642692
514000.0,0.4658323198483078,0.3478444325677037,0.7279212702663452,-0.070849155862116,2.957410178607006,2.344664086942969,1.070712297840019,0.9380032432936312,256397.0989081213,199847.39728486448,0.7335186695555911,-0.3557031838206677,1.4852104225156548,1.012592174826587,0.507153217255829,-0.300461810632822,12.327339327421138,8.177394403565836,0.3726962390681335,-0.6629160729562886,1.7908948720270743,1.2819634756484055,0.5603741524360326,-0.6887347605852967
514500.0,0.6041671099089941,0.3880866891800413,0.3123443264307755,-0.8659669711788127,8.648757821848758,8.243086831660179,1.1831776886447405,0.6899439308802533,216569.01772187965,168937.09817440115,0.9839297820728048,0.2384988672557733,1.2264706635738725,0.9763053747888836,0.8025499576216284,-0.3339784865403779,9.320951161339346,7.072480698545925,0.8605931693751653,-0.0050701285337217,1.696484099026546,1.2518944807070629,0.6497292633986222,-0.4078575351513169
515000.0,0.6546205684185192,0.4873562963219222,0.5082227104042916,-0.92523613334507,21.806095488074668,15.863691752900486,0.3156037854035065,-1.0752987931683744,342751.6576350364,248830.6025005116,0.6542798152717366,-0.5772165599285826,1.4160733276785975,1.2284162589089789,1.1707434449584968,0.7200013661097757,15.263182313031708,11.684296577700673,0.8876624660872383,0.1898089029974015,0.9420593010981442,0.7266668331345455,0.9916668296948008,0.4957191657376381
515500.0,0.8060034039040844,0.5471833975195921,0.2490290048104445,-1.1912107641927834,22.39815401792619,16.721031000060826,0.3594973089650146,-1.133411056817334,436913.85345402535,331343.5250157152,0.3050600543963974,-1.3036758885868585,2.1658812139728987,1.6996277354618825,0.7948249880800698,-0.3679211369897568,23.48497479528124,15.390416619740416,0.3326967530766905,-0.8361405933834942,0.9012623892136143,0.6799278230494429,0.9703891821927356,0.5147393576937405
516000.0,0.5169480586016606,0.3686008275055481,0.6965977320702083,-0.3552735770347053,11.80874804329382,10.33376745273157,0.9287980988521496,-0.0066014497852306,280352.00998438144,221295.0627763299,0.7333647621933959,-0.5676196933346715,1.5861495267414951,1.1786674123700804,0.6844176229581934,-0.4790250307657833,15.420275325573709,10.310716293414917,0.4697184894726741,-0.6594338149229393,1.2252639064876976,0.8774577077805936,0.33791870313078,-1.1430111099873907
516500.0,0.4355565111027977,0.3047049066199019,0.6532837209652721,-0.4171489436645483,7.231403688972198,5.226516008728953,0.7521328468409387,0.0983894362863249,210017.5868845161,142993.96265617988,0.5796396689083362,-0.3867884666295365,1.762381145096898,1.418441097006611,1.1184049105387224,1.1138977309687847,14.46975723968161,11.382233104315224,1.0800282181205945,1.165249733542261,1.4139580129900184,1.0315396346599044,0.6261375624585707,-0.5636831191225524
517000.0,0.4341783631457195,0.2985026793821375,0.5974211931076382,-0.5230737205218752,7.28235385329187,5.9012146200515945,0.8224011372010129,-0.2659383666162327,182777.9514111542,140476.60661875113,0.7741563251335424,-0.2292696218206162,1.8801161706696476,1.1703163707825877,0.3219043100989187,-0.6755521167472405,14.03420210397035,8.168486898150746,0.1518439847152953,-0.9617289454330602,1.6296173375565874,1.2212623926224768,0.7229624597544986,-0.4587980017442739
517500.0,0.469211100720063,0.3883819321494811,1.1031221185380726,0.5496097115218541,7.205326687607949,5.485909668346555,0.7901824971315687,-0.0499820396922769,181885.3269217497,154987.6879249149,1.119174125264415,0.5724247007977725,1.762490296931558,1.1914306772855927,0.5963061770645164,-0.2274037381121645,12.091148465623489,8.134989129444726,0.4187919310685331,-0.8811880392439964,1.5667704494321977,1.2256009082065942,0.8466483709457406,-0.2500909914515334
518000.0,0.6025896068757369,0.4635528093817241,0.942567621065154,0.1399460295577888,6.883460757431901,4.56311422924863,0.3596242368872147,-0.9891083040231892,152957.04497941624,151340.986294533,1.3314100699433429,0.9039865106725008,1.9136886736015888,1.2317167594534304,0.3487737511826367,-0.489119140739493,12.689770353057693,9.95031509510182,1.0793544735991385,1.1930587972020703,1.38330390901109,1.0159243692391768,0.7004526018950091,-0.3398218446585939
518500.0,0.6914133031585483,0.5597218316523097,0.7728169932973636,-0.4033288296512474,8.34709925363594,5.861345561552008,0.3405062605960794,-1.217942692294996,150885.29315622413,111170.74121917757,0.5788665311677746,-0.638643986965167,1.9226267825686576,1.3785155786287258,0.6553658347263243,-0.5821438698976285,15.227834929871284,10.44074497938209,0.5651619989101577,-0.2686542849202395,1.621593666764281,1.226873583983619,0.7520219523752861,-0.130618114803295
519000.0,0.9647536857121604,0.6996695802190459,0.3996789725764388,-1.097289981879616,6.300758890607293,5.169362039036178,0.6076426545251293,-0.8687285768188904,206230.91209177743,124771.25842282674,0.1612840182372873,-0.9520985454308328,3.0180568226636035,2.175717277687995,0.4500476772252959,-0.9901682314932354,24.888197992895623,16.659477891326198,0.2543420999192716,-1.216172791834074,1.9473549566438235,1.4622948540214775,0.8403706002534153,0.0748010792468174
519500.0,0.6478269403636779,0.54095859110945,0.793161317649672,-0.5206929377332714,3.0468640880994733,2.772338282806974,1.4780929566262744,1.845128203286695,150003.29607054798,103127.65928757876,0.5998953071925005,-0.0824302998981623,2.4920908802931483,1.8207871301085492,0.5762834702966204,-0.6617056100422443,19.16823600001366,14.287806065701467,0.6196822015821983,-0.6871831021770562,1.4645744633570588,1.2977867373093197,1.3911213310503512,1.7961244397698346
520000.0,0.4547232772450946,0.3695550118864732,1.240239706325296,1.399152533069581,2.6821028962526072,2.208677476898818,1.2917067329382483,1.705466826358048,198819.5097289045,144297.93244179283,0.6226029131254682,-0.5396942570586827,2.062390263101123,1.4446218682169605,0.6710246629090316,-0.0469506138557975,15.036592541661117,10.794795768980322,0.7498559945574526,0.1076661088369879,1.1825888320889273,1.194791118987733,1.966120727593474,4.200408389935439
520500.0,0.6120796992281349,0.4417075733868176,0.5026785981015055,-0.7987054037254784,3.8856689584333135,2.820591861872239,0.8158824705132915,0.0853105527079214,249277.95528558767,177720.44870631583,0.3903846035205637,-1.1023519441014709,2.68232649994732,1.9816752897617087,0.5645073906971548,-0.738191647283148,20.393246691782537,14.728879009242638,0.6022575936649153,-0.6028429923107241,1.394801361366995,1.381124239485764,1.5023969654060676,1.7914190442239797
521000.0,0.5865663079512607,0.4083850187853602,0.462655302841851,-0.7679490807798315,4.352838490892967,2.986960107343624,0.4419228413712111,-0.7599994497919336,171227.03283872263,123968.1213171816,0.6220663601813718,-0.4372640130099916,2.687701870329273,1.9431251938707736,0.496586752679944,-0.8174437272478783,20.466220705123767,14.836296223998662,0.5328022123790783,-0.6980415669032429,1.655486431456675,1.2862466872288223,0.7814371347529939,-0.2037988922231526
521500.0,0.4828785290051484,0.3696790569962545,0.8144548538103416,-0.0669062413679157,3.249715270712945,2.420988992964288,0.7722876146098415,-0.2924383497528984,134081.61090822474,91815.82689001336,0.6232844793594122,-0.083571156160584,1.9548087852828773,1.466192107637342,0.8037877029097528,0.1258616389556359,14.378965956694806,10.53651867576744,0.8909957965290249,0.6137901222394087,0.9852525032080834,0.6981628927051347,0.6342163812366552,-0.2675620063534634
522000.0,0.5645646182759365,0.4416761660297015,0.715204153389309,-0.4294547297443549,4.335011189816609,2.718392699278108,0.1923571489604338,-0.9613922176790232,196661.1917630406,149082.256811985,0.7123211155580353,-0.4357058617563405,2.1210229256602817,1.731758768037353,0.6371549207661455,-0.7871518889622071,17.7175631301187,13.880244243225013,0.6701054778754332,-0.6455210314658273,0.8559775211224308,0.6489131521145892,0.7405764190523713,-0.1827678987353107
522500.0,0.7799355996956286,0.5433616776320268,0.5407494954045162,-0.4402549881147086,3.5432045413905437,2.5504485188430728,0.7531147019182818,0.1733066611713138,240488.58344781815,204785.38557119796,0.8093557346963263,-0.4793121043308925,2.485403563072482,1.8478480145220308,0.7290569250413227,-0.1775830615836615,18.293926925162623,13.843371527080294,0.6485781524781321,-0.5156322560179114,0.9991570934578492,0.7957342138320881,0.8765790034146153,-0.0990502746030177
523000.0,1.2486284287814635,0.952616272513132,0.6276710091350847,-0.6223862528267086,3.43856198352082,2.798584731706681,1.0592474599421715,0.8066333229963942,173377.97105681762,177061.28175958723,1.311508001539675,0.7767636907347746,4.138869418640131,3.229654534461924,0.621746765367064,-0.6785558581176891,28.64410687508469,22.917751730532093,0.6893915363736327,-0.5788475009633776,0.9830403543717928,0.6773163922522517,0.6886167576390839,-0.0496883072316673
523500.0,1.289058454715756,1.047393209889955,0.6250026472242922,-0.8240605109593444,4.095899514354785,3.832160695058768,1.7801765822237092,3.1337672249912503,221002.40087501955,182475.76691849536,0.823373720780512,-0.2759141416790314,4.260262204420254,3.414691362332317,0.5687386016761864,-0.95396123315984,30.788808344835463,24.40988751036442,0.5549729464563962,-0.9560478242583504,1.124202436003919,0.8468319215922361,0.7239624268700048,-0.2475900211630164
524000.0,0.7898436782315884,0.627155600758338,0.8035821370108273,-0.2058478326237276,10.149454891277582,8.965130982501703,0.6922984079515793,-0.7682272622098862,220204.5570248024,162441.36651126313,0.7591652888631623,-0.1544804312296142,1.7735500757346403,1.802303623362589,1.5047190712915994,1.6543696833958697,14.207119215356446,13.001089169539211,1.2374486123172792,0.8473673197839582,1.1304647973591413,0.7951234704650239,0.5510708450119538,-0.5007399567200825
524500.0,1.0644603550165308,0.7775951836644388,0.4184346373738762,-1.0673654419814582,15.836416447554852,12.814476399752484,0.6618946338480383,-0.5741293508895504,185690.20825781327,133672.5100828516,0.8217187471586879,0.1064518475145583,1.2993286566352096,1.0619922563549338,1.0660941604576872,0.9257991288035337,10.800166033251989,8.058549081841747,0.9105918331845758,0.4666853917396723,0.9235073142774326,0.6818914935814475,0.5193756513789606,-0.8136169843389789
525000.0,1.1140308887327546,0.8045929600829397,0.3880938941042316,-1.0397387073544468,16.03731094649625,14.583338467975542,1.135917626772953,0.5167457468595669,229740.68062902367,165699.31055642082,0.4531620368881212,-0.9206065253917656,2.6241693462802984,1.8864021455726985,0.4826404760624724,-0.7382940179413455,18.482911437650777,13.781392014227992,0.6258996724782683,-0.5067708464986094,0.6543011059217567,0.5219019843771915,1.1289531116570668,1.3793479334356693
525500.0,0.9340023947166246,0.7810619918205413,0.9638601415196548,0.1164455145625571,20.664197048231834,17.654084463456837,0.9101064329236898,-0.1850762026881818,309230.776331311,228801.95994482024,0.8609282183689374,0.4051736492813149,3.4344847840332964,2.524114272248162,0.4976229891909774,-0.772617276146073,25.444010618355644,18.62466964857164,0.4690225812078636,-0.8868390377162862,0.7950251251431404,0.5997444716427234,1.2202480014556774,2.192994565688162
526000.0,0.4861368465144863,0.3775034142362382,1.0335892570418694,0.6779127075306297,25.26140507163504,19.651451182793785,0.5865766622449099,-0.5688141435523044,259790.84461611276,198715.7229684609,0.7608602166548512,-0.128216139688984,3.054846607111615,2.408432171693253,0.7209047933198728,-0.5334302477137616,23.48796853885908,18.649451713141968,0.7917312677069307,-0.3336464164171397,0.7210381105770791,0.4896837310682115,0.6197828080144464,-0.2168969138877479
526500.0,0.5485069136454744,0.4395864728169051,1.0507351074645948,0.6480163652863751,27.166081419967703,20.70071967486996,0.5454499191150952,-0.7714745121477877,328378.33273870696,245327.6577462089,0.6086211069434402,-0.7410378064178054,4.060465996593207,2.9593523008806084,0.4348936092504702,-0.9566104420472552,34.25827819453557,24.39983428145016,0.3915320180567451,-1.025217878915683,0.8482547207278174,0.5721196527277153,0.5571311673267868,-0.3993481970378081
527000.0,0.6424098626434657,0.5336363569102731,1.088132664327583,0.4879758061024186,16.04332270702083,13.41417910699781,1.1147931268792357,0.6840205371309458,353718.342238082,245778.48700907256,0.4066843101722767,-0.9906686222163524,2.7755680302519115,2.145449284531391,0.8138162310989401,-0.278090113461527,22.029164670394582,17.866443151688735,0.952897567785195,-0.0567657749288765,1.1379571998713676,0.7711617036740005,0.6125766753555029,-0.4196779917337028
527500.0,0.731379630025533,0.530479822873146,0.5728864066517605,-0.5103166248671451,14.103569070768945,9.9733050409108,0.5691227648008135,-0.5402428662016341,363324.1041198215,289288.2645026841,0.6136247376725722,-0.7961680332602028,2.0020394423920287,1.5006753786818654,0.8716278948936013,0.4323063338944921,16.551849656078858,13.186592760632289,0.9312636614885322,0.5426568923850272,1.0889857300723704,0.8405414923178468,0.835366702274666,-0.0704423445755528
528000.0,0.5485643514185683,0.4239268281784179,0.646840371103949,-0.6418206200065568,14.996024031238887,11.966534162896243,0.936173428213116,0.1814396909717559,410191.26315539057,343049.6231963891,0.8862485626825646,-0.2299612559999344,2.258154822626928,1.7083948417595918,0.9934389466416076,0.9739155515189856,15.602755327437803,12.496139541226896,1.0148250271463617,0.5864862487402935,1.1535884242373204,0.7982270645569953,0.81197193118386,0.9721109420833898
528500.0,0.5868545192823454,0.4113063254419292,0.5557832026360983,-0.5447839806089299,11.134980444482792,8.59900089216953,0.770389141384684,-0.1192666495817973,333708.1403054909,301153.1774544665,1.1724877405502672,0.5102689528691329,2.4133992201791465,1.8035695272883128,0.6297663652487419,-0.3788512426623702,16.55124554824556,12.276071242071191,0.6607137970751271,-0.2958044818245731,1.1070780252001764,0.7343837456317144,0.5122565523963789,-0.3120775205343822
529000.0,0.580779429549758,0.4383206053572416,0.7834890455453163,-0.1613991921387274,18.658804207007737,13.103602641912284,0.4280137239400373,-0.8356373939765529,353539.2007604613,279033.6268551151,0.8218138253133493,-0.191191304226344,2.4624737944939423,1.7165257270809442,0.4918731118467934,-0.7288905258259137,17.747993535157757,12.242914715462112,0.5153018716241282,-0.5415193340523627,0.8534716429343823,0.5796850947839194,0.6188536770548306,-0.3397342490571637
529500.0,0.7647175287183354,0.4990773428440642,0.2772261722605284,-1.0673856317640211,19.13501906613023,16.679914622831944,0.9549469161116884,0.0517528782739815,292923.0362554218,210073.36661886092,0.5971321267488465,-0.5444257596600339,1.604826990013033,1.2002027105829045,0.8784186776355914,0.4231820097549503,11.779122507505262,9.49512901407976,1.1621663181077004,1.1007810840494132,1.0438925613848244,0.7615624561785376,0.8006114120674053,0.0827167204404513
530000.0,0.6766974641692597,0.4676846666289258,0.5155302153245109,-0.5816825558105307,23.48106992600465,19.68789643455551,0.8720622450070241,-0.2112058112574484,215939.3646900485,153002.03434615335,0.5859222561396629,-0.6380024524551429,2.0839280190468683,1.4796313006871378,0.50849221668902,-0.687067626914101,13.809191405803547,9.215424274949749,0.5007288315449013,-0.5320988584539208,1.3706435934519563,1.1332383255145602,1.1325047040635123,0.6519735458575413
530500.0,0.6286872106578623,0.4577727831064224,0.7029925454830562,-0.3666699993235691,21.6204606463673,16.889877761913024,0.6279195304406255,-0.6037157700310631,193708.6879474471,132361.20023498518,0.5946367716196613,-0.3902401513400884,2.52710487228998,1.7758334450515527,0.4308389466626178,-0.9029745283298984,15.093222685596803,9.642956320388832,0.2684303771019494,-0.9870747846119392,1.996854873543448,1.399154731823042,0.6972170771001047,-0.2802140253471354
531000.0,0.3922600330734996,0.3119450727220941,1.170416161650307,1.2793680828001506,10.550047395204055,8.90655664081933,0.8938105369597067,-0.007026275449065,200603.5310502369,147088.86550721127,0.697307444320462,-0.4045292535704634,1.6844998506208546,1.2418445917850962,0.7896459269667819,-0.1177327363328872,8.85748606496637,6.11874478605481,0.5561336104687548,-0.3676778325419043,1.592829468608891,1.1346938830258253,0.6520508064150313,-0.2132171138567637
531500.0,0.4176987034929911,0.2976282215421646,0.8279138973720028,0.3696559684528546,11.686231530207914,9.514886810075598,0.8530728002830659,-0.0341539155653514,204689.6970696831,143049.42241256696,0.5250532832979153,-0.6349334318436739,1.8303959425911127,1.2769695470472495,0.5406508355990423,-0.6242913856558254,10.361744724986057,7.576030153415562,0.8207238559247857,0.1517358693059054,0.9466592447115052,0.6844895481659229,0.7688343530672483,0.1581654283879006
532000.0,0.7297043944264927,0.5384814022849562,0.6082955228476656,-0.1399906504199011,15.415157022879992,11.467411664868486,0.539430944609779,-0.699014994546495,215211.82261966023,158391.6801662652,0.5721699798743457,-0.6287692093138779,2.592367177848857,1.6916511511116314,0.3373240181135616,-0.9260686365741436,17.74496768163489,11.119596610706148,0.2336831098450872,-0.9642711634760164,1.3392039214221427,0.8618417471938139,0.329481176748769,-0.721115252927095
532500.0,0.6940621531807016,0.4886515926678918,0.5959073399783246,-0.3898271888798836,15.575523914594376,12.028132511772572,0.7314449958115805,-0.3200349671957423,229687.28239349436,159899.34608378002,0.5369215931082378,-0.5551798398313954,2.909173800256621,2.142323892442612,0.7998136690634547,-0.0603943827468458,18.62763132184946,13.505908320001588,0.7460236620778442,-0.1740705643500306,1.268380665965258,0.8019301756160414,0.4056012626758583,-0.5159511446016216
533000.0,0.7665611394775933,0.4870377716970584,0.2186866848730428,-0.9570797579128508,15.073268761439328,12.11307763194077,0.6508033793623059,-0.6327141468262711,294878.03734732524,199975.5408788651,0.3500475234705036,-0.9543527562853976,3.540200354538932,2.85338201378288,0.7974859646151966,-0.4128994311124909,21.657400647762486,16.974393889502302,0.814535759787568,-0.2480723180594837,1.161822935837851,0.8077306602404615,0.7923671932856496,0.3406462431287096
533500.0,0.6087443457396948,0.4680855626284066,0.8484203063179566,-0.0404759769760421,13.007388062981075,11.474730251550648,1.0851236407374176,0.4342184884698099,254007.993236814,181329.78108587617,0.5052268029747223,-0.8596906699977023,2.869411034248164,2.911333095224112,1.2952262324070654,0.646061277630702,21.15120694934193,20.150526542160662,1.2799132949926704,0.7903094497098535,0.6608775623543001,0.4786540106848443,1.16274782383011,1.97492171094792
534000.0,1.2505534206804945,0.890896277808921,0.8829130518788806,0.6065092617815933,20.353140840073223,16.570406735386637,1.0026650349967634,0.3092803175132594,348570.0252876462,244498.3260872058,0.3733013299914706,-0.9133207082820664,4.408102073228824,3.965338552117388,0.7974254573598601,-0.6415947126690784,36.049083461319405,32.628739716679654,0.7460715099369337,-0.7951759783045,0.9389571308414834,0.5989298673848978,0.6146095349105648,0.2864991068180025
534500.0,1.4625089324420593,1.1812582025620877,1.0399821374981444,0.5627923463352622,28.192596898924275,21.14896903829564,0.685324804175805,-0.4793795049245566,404909.8285530947,321866.71164403687,0.885884630223695,0.006937437119447,4.448076546827716,3.233316057140279,0.5161596056099225,-0.675644238511893,35.41606591449968,26.316283774205967,0.5236195999406882,-0.7853867541071886,0.9328532333091368,0.6349360387448176,0.6262621588218531,-0.217254361013397
535000.0,1.536914698039986,1.0709361879690715,0.4513172151137243,-0.5534436696749534,24.28690556387177,16.793097423694824,0.5534462299606483,-0.5391324927110932,498612.10054931394,373863.8786015446,0.6993446833875212,-0.4211609840067827,3.2375399659230104,2.474102516098941,0.9741225682780384,0.594792992741219,26.33777415087828,18.975415609613066,0.6868254105648093,-0.1865136763592882,0.8344271676366297,0.5976616710638027,0.8826513990465091,0.2779313975212187
535500.0,0.806551159452935,0.6018728790493043,0.8057977429889883,-0.0138541460140348,14.347564699800555,9.611901143229526,0.3814197445478524,-0.7388267201168661,261441.01490992415,215152.45854781428,1.059956520193857,0.357617633329351,1.4603275982781747,1.0153793760233958,0.574541133706472,-0.462563038312469,10.9231860148252,7.549825782458498,0.6007381501848914,-0.2883172300028471,1.0981964149130874,0.6832246432910314,0.1951917060525594,-0.9440471047297
536000.0,0.6122232951787683,0.4337816094782222,0.5975139545553838,-0.4024910173229723,12.34534491293742,8.645400451231081,0.5566093410942308,-0.5338867322311867,320507.0103144034,231947.7413899802,0.6867869255557032,-0.3233367112577734,1.970940658412208,1.2459670618506904,0.2732812636431103,-0.928557706955352,12.520417058340808,7.885513175973126,0.2269949724087197,-1.0739309603217562,1.0659505283616963,0.818996309420886,1.302035695875462,2.177585390690786
536500.0,0.5817047388556152,0.3765489822113287,0.3651154887165916,-0.7650949555300954,9.329849937058604,6.30208223729272,0.4947292789470429,-0.5071509546079107,375581.4185467495,282048.23032393097,0.4821940063830678,-0.9324735242029348,1.820490162869846,1.1903101843148889,0.3624236835764155,-0.8028596959270757,10.752075606408525,7.036092508457736,0.4413733929800252,-0.5962741284655602,1.3571818157877351,1.26504163581502,1.2614605428768235,0.8070195367859321
537000.0,0.4699056784041319,0.3434366401876766,0.6785113225331527,-0.4487562466468668,7.170670178375025,5.977328635888845,1.3120082434401557,1.951712980002604,293582.5743426461,218007.5745437384,0.6465834690604919,-0.5550130250710441,1.4841434632663757,0.9839723896274044,0.4901549907138134,-0.5941723198036981,10.19902603442907,6.732046181135,0.5279578828208725,-0.3530375835773411,0.979664702790736,0.6617745771054439,0.6998865681466823,0.2770676876126221
537500.0,0.3951885902345671,0.267449330911259,0.5618247839304313,-0.4568334065626733,9.826778277204646,6.360286469344606,0.2971905276305913,-0.7834665303750539,257659.21503995312,183540.93015366877,0.4757106578797389,-0.8302521804444192,1.752138210955871,1.2264127861896572,0.4531318687215027,-0.6871402105644213,12.756251497185668,8.530298044097806,0.4479184853011801,-0.6153792597092189,1.0388647800392012,0.7376487821907537,0.626157250081559,-0.3425646280726351
538000.0,0.4324270258423959,0.3022648829009068,0.6148238641209146,-0.4664178020001843,6.34605590727201,4.916291618880015,0.7198959671762852,-0.4051779916691358,172488.52422470547,116803.30147716153,0.5217192720206049,-0.4856827721322281,1.6398555116851083,1.1026962027231326,0.4971542102441155,-0.6468282227795275,11.402875902075897,7.696021925758407,0.4750174891254311,-0.6456012960535866,1.803473243293774,1.237254190144038,0.5689355299874272,-0.4242228544148338
538500.0,0.5956504545322974,0.4031201748589628,0.4676948395491338,-0.6903442228283168,4.199421973702687,3.573935386272617,1.1280888076831028,0.574110424723361,235072.4557830616,177623.91379232425,1.0611884438304364,0.9218880576905102,2.123817551975948,1.4972644150912615,0.5570488399819816,-0.5676818820936531,17.42861204823511,11.965453560256249,0.4773503415441287,-0.6610547021559112,1.3842318197493515,1.1260290125964263,1.0116416596927864,0.4900345637067511
539000.0,0.6014537649879909,0.4521539980247934,0.6903870924667806,-0.4816499707402148,5.091929302342502,4.191174679136357,1.0523915148120864,0.3454160954714114,298907.3918627512,218185.71151798256,0.7450216628488828,-0.1993409747173804,2.553246876433976,1.960670020726881,0.6872823591390973,-0.5536959308850178,19.05293063887005,15.042137288150164,0.7318250499076618,-0.4914429311599315,0.7609615153809214,0.6296231318681725,1.1783343109436408,1.1187082413713698
539500.0,0.5250128617045837,0.3605309455698481,0.5343347199677072,-0.5999255798411331,6.327313117387926,5.255637758061173,0.9667430321297398,0.0696507954502716,271689.35004103766,204517.08310440648,0.7543326412949725,-0.2457963702554626,2.293781769666552,1.828471993402153,0.9177636978840732,0.070356320235748,16.178588976668962,12.652394366587677,0.9186918976071962,0.0924608657826024,0.6338319178853808,0.4812718831611102,0.9777373856976768,0.9748459462110612
540000.0,0.5500938397278567,0.3994859864216272,0.5968206652531178,-0.6651110312968962,7.925641823895167,5.691495586449923,0.392289654836854,-0.9191235170833516,223241.0824802738,182140.7687366532,1.1604033752363614,0.8980607090124262,2.6237062552595822,1.9626800259573591,0.6720331194905822,-0.4281876254938237,17.475976606451862,12.67357430318791,0.5944391701859397,-0.5093550152683033,0.8971307861522513,0.7060018855984597,1.0559794686920108,0.6443339433680335
540500.0,0.5240053117016524,0.4205436672319847,0.8713569572540594,-0.0350896449470647,4.640880403171801,3.621153700966712,0.9403285864423104,0.2847468361344742,214595.2162738604,144306.2188025931,0.6456614603663364,0.0283793453240508,2.124128571307556,1.7020210699843106,0.9882218248133064,0.2968036604820123,14.65678983222664,11.06352159394495,0.8108771955150069,-0.0692736328688341,1.5425054686406616,1.1949290271745678,0.7512010993417383,-0.4200821510714205
541000.0,0.7716308507405797,0.5384832146595063,0.5717135773948337,-0.5560423998864805,7.3110669758570115,5.515326683535251,0.6153624321076098,-0.6332043666490423,228879.54678292407,164749.1459997075,0.7180994656143448,-0.1347444946451328,2.569363801335009,1.9326429157802767,0.795675041492711,-0.1570603692403391,18.13371996402596,13.043565534122887,0.7030542048529078,-0.3076264215923778,1.5623181468450558,1.4462632859504336,1.064307809388442,-0.093892976936881
541500.0,0.5734169611492551,0.4287080514270529,0.6404441989143576,-0.4628891547688059,8.656407212284227,6.050757248909675,0.5368479824961705,-0.5105820748851788,225528.5908656368,170088.7765240157,0.6821950807612841,-0.4846205650106618,2.5319121743510467,1.7881234776557398,0.4078388032583784,-0.936983249259367,17.860649170812557,12.314391890819614,0.4298402832923168,-0.8924663626337002,1.197903256524526,1.0028524458707069,1.2151376290789426,0.953975195267886
542000.0,0.6685119732701843,0.456633394002796,0.4296756484921259,-0.8883729373114706,12.541481943369744,10.430509323431806,0.9559127766698752,0.1360613973754643,243530.84344298908,175693.63305106046,0.7550518624219739,-0.0266840052685668,3.372923400728612,2.516456834713751,0.6964305483742843,-0.3494312649602098,24.413280010934475,18.218675495293585,0.6998138534543444,-0.3291458779535627,1.1060902517086588,0.6863244266470184,0.1550871364631058,-1.134612062782733
542500.0,0.6839063410343394,0.4720551659935787,0.5806453738110917,-0.3119365682067512,17.092577249653296,13.36446881705,0.5244877327906684,-0.9099637774660384,440285.5531769612,295877.7526764158,0.4311934467433247,-0.6208038904841207,3.8955585535245913,2.9090409940383744,0.6249437828352263,-0.5997856577934413,31.120603003936665,22.803986637581502,0.5689606271222374,-0.7072906442809379,0.933642371330182,0.6448304461345867,0.491878793453019,-0.7168121089575141
543000.0,0.6197629353569581,0.4442081880804834,0.5221221112817712,-0.6872590002968653,9.68161298154619,7.989666680471532,0.995209278458982,0.3276188031838218,430009.9444308805,301089.846015822,0.5577636238162939,-0.5888421980482148,3.247710530886278,2.3158390418371138,0.4845797123159269,-0.7734192744789636,26.78881117794293,18.788638607143696,0.456187480251373,-0.7817241528146437,1.1227521991128897,1.0754125919636692,1.1167701857333203,0.1513654012006435
543500.0,0.6018523265060077,0.4293041292671135,0.6601703152483999,-0.4031961307750653,7.16297168749262,5.357426690977204,0.6616040989757453,-0.5130308305346412,337061.4865008086,232034.55194806485,0.5332451843271016,-0.542713362658755,2.3953501472164644,1.7786467398520076,0.7231266196410973,-0.3931832065674516,18.541151684349465,13.767865111900962,0.6736882848066549,-0.5086504660348088,1.6693515651414876,1.3078009072277357,0.6607588274307128,-0.7149815593842748
544000.0,0.4375573315398199,0.3155528664694827,0.7665420681523356,0.116548337267877,7.807690190157754,6.7384767478852,0.7874652714975219,-0.6421669944930946,308021.83729874354,234169.0784199132,1.3790991280225882,2.8932024580119053,2.4321761798389057,1.6808998857724284,0.4355604569541592,-0.8481486422602411,20.50532127896631,15.021118257048167,0.4983666248910361,-0.9106383232931584,1.2658372609141897,1.047953956666035,0.9295584976877774,-0.0506364417285851
544500.0,0.3720185455260297,0.2563536777008972,0.8156015689652301,0.7617502798961091,6.331215622222111,4.8938842037003685,0.8232285132984227,-0.0962569777494475,305635.03258343093,232152.3613999157,1.221255732193678,2.124233094040516,1.691330063081462,1.3370706970409318,0.8751222862794455,0.0570301822105672,15.400708558886684,12.571426842380314,0.9975275164599622,0.2402098103165784,1.3052642913853931,0.9022444333435004,0.468848333541205,-0.7087488477420685
545000.0,0.492478740108629,0.328488471887491,0.4009351161898936,-0.6944811234879578,4.587481554588313,3.381074697981158,0.7299212974643035,-0.1252897975107796,286850.4770184155,211459.46684354395,0.7525385625198319,-0.0504921969440852,1.9048759423706645,1.369782076839784,0.7534971986980007,0.1651483681078249,16.12944216890819,11.021507745021127,0.544001950528149,-0.459210975799055,0.8412624014912214,0.6268118972275692,0.76742381621966,-0.1023774201810678
545500.0,0.7574259017420573,0.6347282442172251,0.8494286805250172,-0.3283717893047733,5.758066219479407,4.023357764734241,0.5088774716698494,-0.6542873271237402,441155.97475213633,347366.10427033366,0.6639975098070613,-0.6880397355112331,3.017957145227448,2.336545306072411,0.7877557538683854,-0.2035989947512178,20.89697541390685,15.85994344829556,0.789642010288722,-0.0212863078142206,0.969406604572763,0.8144370774687704,0.7599016568624826,-0.6087678591558254
546000.0,1.0218708697662613,0.7145966412080277,0.352667930778154,-1.0467133971208755,7.433506767907552,5.236790274429422,0.5551755435215122,-0.585229636027806,486279.7761898339,381135.72592748766,0.6418708407198115,-0.601533911864812,3.8861605151261815,2.761860239173072,0.4697368259216571,-0.7652837703690771,24.795654774680667,17.571072540907615,0.6260358857102754,-0.2587705862055038,1.439306084072305,1.06638854385668,1.1890041697597251,1.7026675751269442
546500.0,0.5671556363951606,0.3608169844066847,0.3899913330895385,-0.5604172113514667,5.599747315646898,4.018990776407088,0.6853037189732162,-0.121357746391971,273697.588156904,206568.1191107088,1.1501659796064023,1.6163760689857654,1.9398051323838088,1.2976118573043256,0.5126323279748176,-0.4831185884924709,14.234238974925251,9.848989907286516,0.6590748295503913,-0.3007274562903914,1.2649031506148458,0.8770982388835549,0.6324439617236293,0.0362499422646815
547000.0,0.5561221424799018,0.4003065900278899,0.5765143465143547,-0.5581188179496617,9.81834177205352,6.671664111925147,0.4191838960255337,-0.7733988535822189,343396.4610056097,222312.34931485928,0.3597173756927777,-0.7064776770191075,2.172160372522832,1.4948702477036326,0.5310460519169518,-0.5124503903807396,16.19324293078244,11.29025394251195,0.5255442261164286,-0.5779198543814701,0.979295837251305,0.7335384464216049,0.7645996040208756,-0.2368154560613149
547500.0,0.3990581031371,0.2540163138065842,0.3831968638783282,-0.6413773026480225,9.430616873549273,7.408446936610167,0.7338245975572443,-0.4809971683329799,297037.8508032458,217353.08917676372,0.6896747843014558,-0.3584272420886161,3.2563930014679467,2.5184992605707524,0.721726608867836,-0.3162297513617647,21.473443570222173,16.16928516989242,0.7031512566885246,-0.3388368388557241,1.304167704269679,1.1832906945177128,1.137034511283094,0.3672408725016369
548000.0,0.3448655580911053,0.2406912336056042,0.8486669840820743,0.5979128200686641,8.97366646703802,6.171218235129875,0.4754387446146814,-0.751390470153904,334971.7393685744,238756.3082551779,0.7229282771024945,0.0183455216731154,3.417955721284396,2.760052161310525,0.7482893996645459,-0.5013869109265978,21.74939094761208,16.73822845941533,0.705713922527838,-0.4696778638624637,1.37491061861574,1.1771347580878435,0.974900045886681,-0.0950613197276757
548500.0,0.5146182517150397,0.3498467406409523,0.6000041849002947,-0.3396284604246351,5.486554139366351,4.111007501221421,0.7191504623320853,-0.0813843242606791,396122.2355842449,300281.3311807605,0.7213105800186849,-0.196299660776579,2.529396476449244,1.840073007271835,0.624451102964178,-0.516848415828103,17.505272682834722,12.60071045962889,0.6303523633006441,-0.3796874322670214,1.2026871415850344,0.9233883241065468,0.8999900705024865,0.2032423508883067
549000.0,0.4938870098388387,0.3518373182517686,0.7820806640137825,0.1004003957733896,3.9167588287947415,3.233812062387667,1.229917722422177,1.373592598482693,276998.2275134214,182332.2706812489,0.625805744164326,0.1555808934570755,1.3010598534885065,0.9257483158041192,0.6717654709014711,-0.2266292305171324,10.877745563233212,7.319395372945409,0.550229089205175,-0.2383393888100133,0.8265084058828602,0.6505827054937655,1.0256886953100868,0.5841238885213014
549500.0,0.4962577426838391,0.3262414471135175,0.5149536935413112,-0.4828075686985444,7.009516010933626,4.781335462981906,0.5517308547762018,-0.4686644117742808,168962.57341454827,120169.3491438154,0.7701020023919144,0.2656947313617563,1.223675461853336,0.867983811509565,0.8691770462247301,0.7682034975583156,11.351442715689222,7.708775785158721,0.515384035446246,-0.6121504039887498,0.8551416994386847,0.5758690678229818,0.4551654790577565,-0.7155111634472568
550000.0,0.5215269883594058,0.4001064732997696,1.2090249221314504,1.9337383129724757,7.753888083748202,5.840624637576371,0.7014327066381385,-0.405091066502353,245067.45277839445,172379.59257316595,0.5913050730806424,-0.4921208576162672,2.2720532682087504,1.7645884248374872,1.388916775303929,2.6817830062908925,16.740457509177944,12.516823604639958,1.217536441414707,2.0544181581241974,0.5400583674950203,0.392480613378656,0.919468987448488,0.90186263342471
550500.0,0.7970540719155196,0.5587971373011877,0.5134261902064798,-0.5598994294737851,7.038679944519033,4.934225741333382,0.4847025481295433,-0.7745724543813535,423834.1938599702,290599.966096586,0.5480637172929366,-0.3650152129942343,2.8507628304930046,2.117180407547378,0.8958338790851181,0.6252033588967767,19.116322799372583,13.753965372722671,0.7847985750135484,0.4266248864956052,0.4713198854129911,0.3383195798885945,0.9807874330229612,1.0016758319659242
551000.0,0.8543963121127265,0.5908802160515582,0.5848292516507686,-0.3975839745213569,6.104730741400293,4.100309773213948,0.3525168918367079,-0.8505943823055895,508780.3380737685,376513.7036728333,0.4886325107551664,-0.8698844435501809,2.3745939251765398,1.6586722176317688,0.5233805354116319,-0.6865001343156751,15.968350169355023,11.229194931588994,0.6373709722738173,-0.427019355559199,0.5775972216047007,0.4475355698529165,1.1491941954253144,1.3953416679695012
551500.0,0.7682330634522214,0.5964014954818186,0.8076932070451363,-0.2311548413773789,4.328968552893782,3.2655164947277235,1.0454935313859075,1.0676138954231371,322199.69092077017,231838.02385552076,0.7044491706075856,-0.0854041496284709,1.8533506526703376,1.2912122343189434,0.7434467297060072,0.1075951989162402,13.834565704226874,8.7077680454448,0.3697127273409897,-0.5680858201396344,1.0124085278378607,0.682097856089583,0.3846674531876743,-0.761011228814251
552000.0,0.6098165557666602,0.5022664610291095,1.0691822603777683,0.6358331528899273,4.481841860330079,3.214323305216765,0.6826775295607603,-0.2628485884833931,230982.13740555345,164464.8307765994,0.7353545809454763,-0.0742207634764193,1.6131671329022144,1.416938628040969,1.1917794602879612,0.7118158088456008,10.95830359442561,9.00195629483682,1.0663755472516296,0.5383948646671857,0.7465788381469265,0.5777204181940435,0.8743618383512797,0.1067257951234061
552500.0,1.1866380000732677,0.8900251887791634,0.6307683598478488,-0.6094516773272538,6.888271849850713,4.75728378606942,0.6415743192026798,-0.2321747080782339,332210.65428472904,299232.2287236642,1.2445058739282795,1.0091996382616033,3.9104527973587344,3.1591966961661355,0.7614361071358382,-0.4701649255673348,28.45617162893904,22.88343278853916,0.7791258797817738,-0.4164984814774644,1.6151866089681997,1.268773009516887,0.7993557607682594,-0.2010241249826032
553000.0,0.6461794626529269,0.6435348258237742,1.3409368458713893,1.147966137121177,6.13192534164096,4.439935270434548,0.7271673673505575,-0.0111535236319491,336075.88118786685,331462.88224958297,1.5152560004983602,1.63725161311317,2.4633566266482694,2.3331976318424226,1.333406616275704,1.1724442997888105,19.54243016478256,18.716377364489787,1.3035669595579829,0.984901905204604,1.3211347268922882,1.107604925885955,1.022411144457721,0.4008111800135601
553500.0,0.5188398419363494,0.3806559695425945,0.8512061935678776,0.2690011631106279,7.602187039577608,6.444423175520853,1.1767682227148897,1.0783634888886136,403140.5082110676,250832.15293745825,0.2567528934723835,-0.913083719738427,1.3973659428823106,1.0746580598278683,0.8442825086132006,0.0295704342106097,10.592418077886984,7.688355896074415,0.6691446857858341,-0.2970182599788038,1.0876244402492734,0.94891873881484,1.5776457658297245,3.056602224320889
554000.0,0.9381360723142594,0.7299155772356216,1.2403748199483655,1.524620976429178,18.97480988621751,15.195701627370807,0.5274615415905234,-0.9894126294566434,364193.00723820366,242380.9426900853,0.541371363315691,-0.4274867191729576,2.1041000910103045,1.6674719255497976,0.9481645520592812,0.2828956944027334,15.363941940835788,11.075852984647968,0.6737750333428985,-0.3696248674116118,1.711246392331033,1.517207491480273,1.1429040002806818,0.4267902336532678
554500.0,1.0746019247614802,0.9055709762415164,1.2579334813533134,1.1975332493149224,14.948079702126646,12.346142968667168,0.8590676669222764,-0.2075300304998983,364052.15416261175,262663.5769622143,0.6567336825542738,-0.402495047967621,3.780306829412636,2.743755641512115,0.5081039868104864,-0.8611355532276752,27.187662285174344,18.54192690062582,0.3311284591463537,-1.0487921186730365,1.7870219495710318,1.314050384077239,0.6220369830608772,-0.5208544698427011
555000.0,0.5667270912784708,0.5314678742838584,1.7620750017456774,3.4663494005338507,7.1055911936530185,5.235929782540863,0.6776394147341802,-0.1884924151740352,270369.8750718932,182725.32406841795,0.6852073266266652,0.111302770796541,2.214352456725848,1.6461561507060964,0.8153159770840042,0.1456773726912485,15.314861991410384,11.45008674214934,0.8140466392324746,0.0290382735014178,1.568808588644456,1.0971287883183534,0.5260863589060488,-0.6923201864382453
555500.0,0.6094678871546607,0.5249645879663267,1.1203538403993656,0.5729506693767541,5.771999592040677,4.2957523323911095,0.8503145662571557,0.2825064352818223,264262.6589064346,176068.74509249,0.6065808183677789,-0.2810218974311809,2.803783455629856,2.279247041797002,0.8266554839716818,-0.3595007029325092,20.02478430436797,17.487999528167393,1.0193332063824787,-0.0037524080820974,1.6168555410114225,1.287215395892895,1.0491156301042752,0.64006556312015
556000.0,0.4957269037195554,0.3951757115271981,0.9855866840606988,0.3404979868440323,4.627047191803598,4.481008420035325,1.6507126805671708,2.7077436555135144,262772.5878277843,183996.1946194602,0.8267943898379284,0.6459123171715069,2.1796289069489685,1.5952404640191271,0.8085884043815946,0.1292070146880113,16.090111992577555,12.290505313444935,0.9296339791288392,0.3677730532916414,1.924725704655114,1.4452609603666076,0.6739156607335364,-0.3963023796774778
556500.0,0.3721746765576239,0.2714662069205608,0.6986921188479925,-0.256846903913658,9.871024801658072,7.62187465139881,0.7217506858615296,-0.4687170196796408,305765.2330872548,257706.3666638932,1.12820261705422,0.7827172188059319,2.4137420958407425,1.9373268094532128,0.9524793402113876,0.2459140261644874,15.701216528310876,11.15726822667271,0.6493966067299491,-0.3577268050110875,0.9189815098735028,0.7611176969103786,1.1342451245491558,0.8549257539722439
557000.0,0.4022275536327085,0.2812969727183718,0.5741247343706201,-0.550452129948451,6.420224914382345,5.052618776140702,0.8613536624979455,0.1293363786028583,306560.733536458,229942.317560794,0.8917694528214934,0.3963290318415025,1.8356036622366645,1.4314377734259645,1.0097021696134376,0.5312343661258856,12.423936059670956,8.75499567220702,0.7210688247598598,-0.0996865766415471,0.5828045304885161,0.4313935859409559,0.9112198120630663,0.3624755333764984
557500.0,0.3983679230558219,0.3079745606035922,0.6735422832504574,-0.5884312080053968,5.055678475212643,3.3047804604862594,0.4187244046283038,-0.7994638031747194,332420.6012378073,267606.2209128519,0.8693412105867507,-0.1728475593651226,1.4502088365233623,0.9639242679577856,0.5076277412463852,-0.5016048478840247,12.577524118332294,8.639956990568137,0.5674574721561769,-0.4181542115663603,0.7725257655128256,0.523574145858884,0.5866102979184988,-0.1431352404749373
558000.0,0.528237929358981,0.3532338619645411,0.3943940891041797,-0.9249433484019748,5.095645259648041,3.844316308451598,0.7989031236975095,-0.0894871882496417,383801.6199577384,256858.07611180472,0.3855527487039843,-0.8282839463443961,1.7016051582943954,1.1118704036231213,0.3579317962704509,-0.762817150481292,12.100570683064126,7.865735261022849,0.3792060045795101,-0.7176812253366753,0.7853070435100575,0.5672837601807325,0.6090266199881795,-0.4972896552951007
558500.0,0.3663415778865447,0.2719016661146842,0.7555729569815084,-0.2889419980823478,7.106713863510986,5.832147100359869,0.8451020525248568,-0.3654447083259642,356266.08022990136,241120.68014101483,0.4559557606985424,-0.5522052814874119,1.2379601967111469,0.9555315391721494,1.3391449757836882,2.9147146754196847,10.04855737789195,7.160166439494101,0.8959391918200369,0.9864078087953972,0.6699048076643344,0.4621545152370156,0.6565625735461507,-0.1229695377651021
559000.0,0.5355082922082778,0.3502237333319098,0.4080233014791657,-0.7057246084205091,6.9573386311858805,5.429591435165966,0.7653216567499683,-0.3147709414046047,509461.2502223453,420565.0917286408,1.0064496058700467,0.340533333924752,1.8474494528831105,1.3253721549040476,0.8878301119433663,0.718877491469784,12.864093039437764,10.448019776542075,1.1347474447681347,1.2350780165687736,0.9333889448919164,0.6142129692245338,0.4901883761388882,-0.4140696775286261
559500.0,0.4588617308537905,0.3287161957328596,0.6645790599045949,-0.212582153620978,7.10684596753771,5.0785992285598285,0.584150081772913,-0.5467412301340979,524506.2119405685,432466.3330147849,0.9261943326328708,0.095044781681707,1.4492683868369498,1.1411329625807347,0.9636600967852956,0.70963654349123,11.310621131962725,10.113686421869083,1.25873075050563,1.2511310147961527,0.8675870176483197,0.6221832136642267,0.706819506999536,-0.1815719360085324
560000.0,0.3617929549535949,0.2927354161992708,1.0892021699621537,0.8880278669456501,6.6222691284606015,5.1563062375375255,0.9140731175461556,0.0244989941919517,219597.2787352365,208578.8684536273,1.650408054848309,2.63828641121572,1.267520183257765,0.9703939017237428,0.8933861188537026,0.2869048628367867,11.979771574366008,8.61696706830437,0.6208138107566686,-0.3855711997255127,0.9133745122326696,0.6769010102501709,0.7437107467170987,-0.169753143020416
560500.0,0.6589463775206968,0.5508640001980541,1.2178930605987464,1.180564736855457,5.873964639935987,4.684868917862036,1.0096190923464248,0.4611966892304946,120409.23296537786,85421.63411712523,0.6799190038584916,-0.1390305917217236,1.593980536713806,1.3193234645893868,1.1620769177864436,0.986416242031428,14.424686829915832,10.492290135898283,0.7732063981109334,-0.0368005924339631,1.0103217101997906,0.8439171665972969,0.8812198713979663,-0.2133106905659816
561000.0,0.7115800937198936,0.5851655568323181,1.179268288224523,1.2432661636653108,6.124557098218556,4.377543457428761,0.6594460354632068,-0.337408527284142,121416.14911014956,98261.83980847424,0.897912945698623,-0.0420283845311586,2.1983355240789906,1.8662789867847385,1.3969449583567028,1.9182609637033865,18.08104679992093,13.854244962330668,1.0776156013312044,1.1225982052799264,1.1038475824877572,0.8464390433450019,0.7839595408743373,-0.0610969657422235
561500.0,0.8829032230867411,0.6992733145340624,0.6852767428753717,-0.6165232405174201,8.79760094067928,6.559614191984423,0.6724923867528836,-0.4580359323205187,134518.8604650814,108521.07244412694,1.254438669560319,1.520272808896352,3.3904826454034795,2.9307197297803858,0.826801526335542,-0.5367953401256575,27.6801734939815,24.401322672928767,1.003416572315926,-0.0619205950137522,1.3384496332696414,1.0806886179434712,1.0195000355331685,0.3601298000115784
562000.0,0.6482599237997266,0.4842460526611536,0.758361185406807,-0.1074654537236505,8.978144752530186,6.810922948956598,0.7259808536610104,-0.51682179161722,254553.53291292425,182921.82971174773,0.5857210404766084,-0.6161962839804396,3.1213861646435954,2.30466130989952,0.6499023719921619,-0.3551319909646979,28.7896451772533,23.30616073087181,0.9712090800353648,0.2328585421509732,1.636542685477743,1.239598212734044,0.6393355199146015,-0.6286274872821456
562500.0,0.5034495430400555,0.3817839721712702,0.7696519658854979,-0.0547949389356259,5.892412093020098,4.121958189467346,0.5520542724381218,-0.5426696784776226,281762.05950505903,206371.61395443644,0.6452847616623772,-0.5327812651674022,2.092255378249848,1.597984692893865,0.7707351200863843,-0.2398204700909953,18.33480103924496,13.53601091490038,0.8228529202156291,0.5252810162961237,1.2458964011766558,0.9032964785569628,0.57762383055684,-0.50010463693715
563000.0,0.5322782165485624,0.3572240774278836,0.3604717414837465,-0.8994632367750506,3.837727129409074,2.7017348861765265,0.6619254198154116,-0.147166998099459,411815.8329293679,293735.66732398985,0.6334534027924299,-0.2676869853316277,1.6879897779901891,1.3053766896904273,0.9729310115034782,0.4417826744304989,10.717207417668222,7.783573500573073,0.6889858841553916,-0.0971442226127319,1.466582514905259,1.4301285576824725,1.334628051296577,1.0975771433158137
563500.0,0.640134353504169,0.4814886240979018,0.8344543339330001,0.2333565815659715,4.790216469925677,3.9209883114421102,0.932766175148777,0.1581618741237105,341085.7931366726,254822.8815088565,0.870418294824244,0.468940658430363,1.5915050278696272,1.127665610911858,0.5596349379516699,-0.6431023956270931,11.441546845010262,7.938242406805138,0.4555731394396109,-0.8002057055957512,1.893043596101688,2.0502896986648245,1.6195437318667278,1.9313351351458508
564000.0,0.7211770870417801,0.5460615850748965,0.7533077339716518,-0.1451431550960409,7.269537252678935,5.001282888289139,0.4156928266872058,-0.8260756255842598,285875.43555698084,247028.02190150585,1.107488324245266,0.5599678519966531,1.9089523068094527,1.3429487459264522,0.6024320479739895,-0.452849797696234,12.074428128320296,9.156218192277276,0.9095326547807504,0.3542032669554698,2.4129665054526503,2.475307528922772,1.4262721571280663,1.099191830550348
564500.0,0.6877199171511978,0.5650576597635141,0.893957120291768,-0.045182356978239,5.438116509901087,4.346985350465678,0.9417717301006198,0.2740442040558273,478346.2717491789,417996.8749735469,0.8553995845021206,-0.3892034350002711,2.5995217078735324,1.9954173871336245,0.7682334600265315,-0.2579362429410636,17.12689561451263,13.046072860056611,0.8017053091384468,-0.1837071253217428,2.027113909680001,1.74241091500478,1.2013258230668908,0.9497921100568454
565000.0,0.6671429511905896,0.5183653126644105,0.9080126418440037,0.2090025448976344,4.680369731980462,3.4290910359251154,1.0329373449665975,1.0609033467080409,474051.1740579892,356368.2817608231,0.7710397533556096,-0.2387116478996067,2.371750805224556,1.8941975451516089,0.80474246797518,-0.3009205948303615,17.418568582817457,14.903286509424085,0.9152079775063744,-0.2118150855593739,2.092138819529318,1.4028380767557296,0.3492029550920215,-0.9082572754099584
565500.0,0.7510701898580435,0.5265748175929419,0.5402758109225814,-0.4654986364025695,3.698515717552736,2.9016248429248,0.9711185047889066,0.4717384393190316,455741.9515977896,294899.72636767774,0.2907218576829612,-0.8964168405088553,2.4230921705686805,1.7990756770701783,1.0279503937189451,0.7144510887362521,20.171654861332783,14.636796466499437,0.8843215709896769,0.4180508841745132,1.6803618369233089,1.4362006216265684,1.0460400132805654,0.2583840665310219
566000.0,0.8077559678543046,0.6160278406856927,0.7463825559347824,-0.2969510398866428,7.573101236987423,6.248782033261579,0.8684236876801048,-0.0281594350082148,642913.4227930447,454984.7254047333,0.4430536224579163,-0.8127365331105163,2.578632256473297,1.7133394391910357,0.4449094811646646,-0.5905596197481304,21.558786774333026,13.81184430880299,0.3300850211279698,-0.8706928150259241,2.3485992051749083,1.7575344758596925,0.6013337854791606,-0.5611282649099718
566500.0,0.9918851700749852,0.733624292139682,0.602851784945312,-0.6192203410091266,10.672965917973473,7.758460833954898,0.4272805428040446,-0.9870883448623502,640412.6698362171,455116.8340752503,0.4208932288410947,-0.8950316693873117,3.297835562834387,2.585436046769712,0.9170228498909928,0.2200121701820352,24.13710641990997,18.133430726808093,0.728153489255377,-0.2072818446914297,2.3662121851208107,1.9766386509649752,1.0904223891077165,0.5234459234756006
567000.0,0.7141646722103941,0.4925402679270303,0.5237499975833704,-0.3667278924007768,4.311740294058179,3.648072253688719,1.2239042371360405,1.1844365300324666,338415.8236147952,240524.21603496588,0.6115565889909789,-0.4579497128827703,3.4551169131012336,2.563448898038242,0.563691681674182,-0.7323038428361626,23.028658163288767,16.812243042768557,0.6537569205039061,-0.3959948070267733,2.3148723510100595,1.9048198411617028,0.971148934925952,0.2303111224182927
567500.0,0.6884198654389913,0.4579520717407647,0.3818622447820314,-0.7774461321709176,3.8753880022472793,2.6658261076970176,0.5808039488975687,-0.5879609302555155,431205.284626424,325278.515229833,0.7944225000065845,0.0555827839566549,3.0257661239802816,2.2457383691004718,0.6273108772559847,-0.5804513066392163,23.48946305675534,17.570540964197075,0.6547166487838931,-0.5905756681083476,1.7423763558912368,1.355430942027982,1.1721684090376123,1.2361621298311016
568000.0,0.3807082623337184,0.2742314338858262,0.8090311173552425,0.2553655256698071,4.068815028003466,2.8182765515046744,0.8552007109870841,0.7313930939502074,414358.3315810076,284622.98747316486,0.5035258703226692,-0.6272988828122914,1.702742500945312,1.1756780154981916,0.6325569882049022,-0.2361112457787304,15.206516508691331,10.880703822429997,0.7539712968841981,0.17708288552544,1.263976573231861,1.021185677026631,1.5969596652601872,3.298894393133539
568500.0,0.3515768491194703,0.2690377509661083,1.002022914758144,0.71497131880726,4.546087004161763,3.1028300785581022,0.3364527493792115,-0.9949309871126903,324214.46754076483,239691.0495242353,0.6628754154740755,-0.2904080560859921,1.1320021058895595,0.7702427290161612,0.7510226181510007,0.3863036430174875,9.307766461578623,6.173587313896992,0.5904088360430974,0.44291516595682,1.5754129973404976,1.2574804055884166,0.8885644168005227,-0.0007442151066747
569000.0,0.4135204839758916,0.3124381240750007,0.8218811707611196,0.0241664741944718,3.4664437359255915,2.464373699008919,0.6311112030146039,-0.3687691007418983,453313.9914681439,331487.26305477764,0.719502382612026,-0.0916604581588056,1.3094316979974674,1.0264624451437006,1.2918163647570469,1.9418251539229807,12.658372870741015,9.529060820891427,1.134067866738617,1.2956358833266437,2.487602908463169,2.299312615020178,1.060586458782625,0.122303349374035
569500.0,0.4450438180888412,0.3658959739145194,0.8776980630949711,-0.1662735141163485,3.741605327536036,2.844023676279133,0.9994576201431912,0.7338136131871398,529030.0067871389,379022.2557289744,0.6232789233688479,-0.4919517007518346,1.6236845815048184,1.3177550328877548,1.0503525101586804,0.4253429915970104,14.757621724959048,12.75063637211717,0.9196955684284402,-0.1998523709741446,2.992819662806426,2.6395643659856645,0.7855298986083639,-0.5208057200317455
570000.0,0.4906109222298269,0.3391891841672649,0.7173754829111927,0.0312227120936898,4.529035551292925,3.2657995014757786,1.0354630595668155,1.0736457294907034,559607.4621409996,428649.1610352593,0.8258216859084724,-0.208916406491856,1.9600233093954007,1.4273647223317745,0.683315763793471,-0.3957976040952182,13.805148086632192,10.767717464360407,0.7892759415549724,-0.3440849912780441,1.214486547628682,0.9995323461364084,1.3122259438096378,2.06682367655412
570500.0,0.6846888300015074,0.4660777692389318,0.4712049386783276,-0.7710034212304495,5.220987230792676,4.646997648635749,1.162411439958672,0.8250227684265066,508502.0380524513,396588.83961604745,1.0671830047332842,0.5461203097866836,2.287912167339169,1.7662766392613127,1.034055770200777,0.8942821427600878,15.547916800138688,12.567452607754172,1.3940092786927016,2.490736558606745,0.7401736438164578,0.5219774341636092,0.6758203179575265,-0.0642723784662484
571000.0,0.8378697624818098,0.6131680396562205,0.5585882781777466,-0.655305426791414,10.0309140724521,7.142673899576851,0.3822212455034542,-1.0098126627328734,432172.92795879976,322213.9148908359,0.6908271029853137,-0.3811332381365764,3.1570683727437445,2.121618261080918,0.7151954166200032,0.5129730513791402,19.66507915150548,15.083810286956686,1.3791167211076492,2.7622006150248657,0.7781187007124679,0.5704837041245376,0.8076729133003663,0.2347863048570544
571500.0,0.7830272928005897,0.6714725181134451,1.115355266919466,0.557634748082839,7.1959415461784,4.6646681619785895,0.4137155205381294,-0.6950239444957966,541141.3091250588,352942.2353012,0.3377967988519116,-0.8151500950720676,2.797539454138907,2.064172277182279,0.7229533172485246,-0.2004264427018403,17.23895618317435,12.07652267570535,0.6704643255961202,-0.0847802510666388,1.1981917780036635,0.908493851452734,0.8809384965165857,0.1727448788377201
572000.0,0.7230198882404446,0.6099353985147455,1.4520690068237234,2.1670594848910056,6.155209347954812,4.391961840436698,0.6004748314845106,-0.4184830952058309,572952.5246017746,485320.3001290281,1.03964155233315,0.4235958692897603,2.9353174012879903,2.093643394938553,0.6785711038151745,-0.2292359862628044,23.02047696329161,16.612689402724694,0.7023176230343732,-0.2122682094347205,1.229886176443788,0.9052428180606864,0.5489653706352156,-0.8022384102656765
572500.0,0.8028957269278931,0.5963676041750736,0.5984551967599975,-0.5463404800484581,8.681047021284469,5.535597113525931,0.1784996100205998,-1.0722953847920198,774256.942552258,580978.2639710382,0.6519125803229665,-0.5807728822351619,3.642498149575412,2.618743798851901,0.5088797364654354,-0.8787452448642061,31.32884295341145,22.436494604957826,0.4412554208403839,-1.014782525359193,1.2871688253922144,0.9079255672527315,0.6279500287965294,-0.3394654292615193
573000.0,0.4819384445761858,0.3474610052416215,0.717202645458336,-0.0548373542777054,5.575701620677345,4.102774273997177,0.587801415459602,-0.6953443332601723,553371.6868770067,448761.3813551891,0.946247503177868,0.1098866709645371,2.168761302287321,1.5954650531721302,0.863101482572631,0.2957216343311701,19.12554839901424,14.63747082612822,0.8085859322886961,-0.1322309128004035,0.8538088632423431,0.6071689752344536,0.5897213804385861,-0.40631197901804
573500.0,0.6151769823650014,0.4348142666964372,0.5851499794837299,-0.5231063167573033,5.230244346184786,3.946943900651809,1.1117114215497252,1.1524572746380004,664788.7190064798,483439.4286898165,0.5837199574640827,-0.6630811769824643,2.539583381483536,2.6520931238597854,1.495393016047651,1.539654466766912,21.442893143931222,18.502789598687997,1.2910520724358678,1.2749073468581296,0.7037866158046752,0.5070127102140172,0.906527365966439,1.02247115239941
574000.0,0.6488645900161907,0.484966544271969,0.6771103307997588,-0.4746054001357858,4.278150645365792,2.9616054440089736,0.7247916218132944,0.2074658405722984,538722.6491206271,410171.4561767861,0.6511012914356302,-0.6088197176017509,2.2816499666744963,1.865134507967828,0.9453797558251752,0.4912558467155654,17.815304259218053,14.103448737715077,0.7979953159541681,-0.1396022587987171,0.6210446777370052,0.507768240774013,1.8164243786398249,5.894436852403281
574500.0,0.3264418357233075,0.2366184799018514,0.9844320193753396,0.8838025144311583,4.607108662386956,3.349876972213764,1.0042593841862637,0.9505512386188744,372613.81313558726,283656.71884871094,0.799876790116312,-0.1425456538101892,1.7343812876586635,1.301351282328148,0.9921020443838556,0.8825706023817563,13.800548061761512,10.055871454114188,1.0356127914825946,1.4816513706308276,0.8216761825108795,0.566063168722415,0.5640678641627143,-0.2768238068087805
575000.0,0.5368001159643702,0.4088879361453212,0.9016448173603112,0.1805614592840516,4.198428151872311,3.668074049968281,1.4984062758868066,2.218303727488051,423240.5045935649,299819.10516357253,0.643581941436669,-0.4594603965980339,1.8037804560413264,1.7031296615087457,1.285690513739716,0.9484284335514022,13.27095657885572,12.510402492769202,1.241216054761443,0.8350724777438598,0.7962268404712045,0.5973699130419473,1.0291488927257175,0.7978358605305464
575500.0,0.6121724230430196,0.5131159504323465,0.980962638610773,0.1367343892734678,5.773575839423584,5.105801415881721,1.6851451661490475,3.55204454142534,358914.8718611965,247113.80642612436,0.5262780602856019,-0.5867903685836287,2.0326144720914803,2.055000658911968,1.9737604553705597,4.238746387985434,16.687981954860085,14.54747623516168,1.5106133862147448,2.610661018112346,0.6637929449768892,0.4967939557471214,0.8612427335734988,0.2401619270351398
576000.0,0.5973195784549291,0.4533542255597079,0.8779339807110003,0.0793294526905326,15.329158638025628,11.592293650902132,0.668105684280368,-0.4694983642336021,362764.7007048865,250258.2802139256,0.5309979009470769,-0.5291440551225004,3.4431059281145284,2.622041168237971,0.9612765465715514,0.6144616926884483,31.04303118779941,20.46103092984764,0.4065539940844059,-0.688836160878076,0.604511588107965,0.5502265125847242,1.302452400226262,1.4823442083107192
576500.0,0.6617044259580668,0.4562952704832827,0.5575252186203603,-0.5980702094295838,13.374257591796932,11.6244984449151,0.8387000578540689,-0.4831220005635606,396985.1711764517,284374.8993372558,0.5037349898625922,-0.703359346250394,2.505301234248792,2.166411888005092,1.1600803397769082,0.7204857526724124,21.945519791480947,18.757040416486948,1.066404499642039,0.3187491835505951,0.6732170666657687,0.5593174555735724,1.317205770461736,1.705225001243987
577000.0,0.8040824113509882,0.5820661428850038,0.4248941744875737,-1.002387212681002,8.960705736805146,6.705597374342504,0.7251070293998813,-0.4559849289426303,499654.98160627007,349376.6364488326,0.4746906159606567,-0.8345702058861075,2.9813155662811006,2.3505454949335656,0.8703945129390256,-0.0376602959423477,22.00923664719694,17.690189131666834,0.8167434419177796,-0.2169827256837928,1.140000904674246,0.7416809275016248,0.3114636699082179,-0.8581667058440137
577500.0,0.7551880821325586,0.5363721554429574,0.5096545037278333,-0.7599305761501944,7.766283948058372,6.199450860908112,0.7871796462244465,-0.3417172715606655,518822.6620366751,465769.623416338,1.1166969904419075,0.3626911485276745,3.5216282822534284,2.6324422396501364,0.6304897177634443,-0.4582502647111468,25.843353426673414,19.56213088581684,0.6794632911334777,-0.3090833371846186,0.7877497391262479,0.7427966398819507,1.100900829588818,0.0992871086891744
578000.0,0.4265961421780425,0.3935288708123571,1.5447172309541406,2.127589017273872,11.69710990228405,7.667112504512018,0.2901409438142178,-1.004781843647814,548061.3377132748,528279.1994607836,1.4764440753344243,1.5958186800788354,2.4340117035028426,1.869596794914091,1.1020356592738798,0.9915998124904112,17.524004683236363,12.534382585236092,0.8527085391016647,0.3480451584683042,0.8378855733248167,0.6458668097758085,0.8498449292825043,-0.0882046476097402
578500.0,0.5220508058333472,0.4709105309837594,1.059567258496506,0.1176758381708427,9.335857063362514,6.602910327170709,0.5752622279714761,-0.5223842946651165,630726.5825344232,490985.56687931565,0.8840392838363098,0.1596973258865879,2.0930824606614844,1.5992673475541406,0.90555329895048,0.2051069609935258,15.326635675185004,11.694430391396612,0.828288380387497,-0.0276998819736191,1.1181344055683582,0.7384082398382781,0.3093188954295133,-1.0200769204286413
579000.0,0.5839045014856025,0.4909178592508489,0.9737654444685356,0.1032069806699862,8.40711705878299,6.089544023830242,0.5299067963235455,-0.734502041000479,458942.8170682472,369019.6509649875,1.0569986756737084,0.5707474074356962,1.7277094639531867,1.233854803723688,1.0452991224287085,1.6528398416008896,14.614216541538203,10.384356375786547,0.9593715386979496,1.4973047510833393,0.9592999856872326,0.7372055453327665,0.7209306325636464,-0.4324969865732559
579500.0,0.4604096950266003,0.3794735994562966,1.2153661452185678,1.299657939938256,7.760864309074622,5.625863691393044,0.8676168654974172,0.3630509376504935,415908.833142914,337310.80220298126,1.0556815268091346,0.6098711364027714,1.316805780984518,1.1924250986786962,2.0387394633044176,6.133234565302216,10.216392392805624,9.594001724236518,2.1487199460319792,6.540262284948021,0.9763792820252034,0.8047837300709946,1.0490550676965371,0.5803170245647733
580000.0,0.4765657984758063,0.4118063848666159,1.2578255038057795,1.1760368360113622,7.767980216673039,5.58410559097605,0.6636845002571097,-0.2599697656863999,423033.6835187348,325050.97990357666,0.9021470677395834,0.1581178290565565,1.4698406814095162,1.0331632371427355,0.5492846900610924,-0.6716541971206951,11.263657355763405,8.243472995791983,0.7003219837347884,-0.259636393489866,0.949633872321502,0.733068996649296,0.7772748945450026,-0.0613289825532032
580500.0,0.7811700031244824,0.6758807831882124,1.016770819992906,0.2848792132914974,5.398223698892025,3.959681138061359,0.7606270769096922,-0.2208009875364802,478472.7756338393,361690.05993026856,0.6425071871258465,-0.4094373848171342,2.418494543698955,1.8203170665796364,0.7659519879434846,-0.1924645740149508,17.63366185057708,12.664153191616606,0.6771469398864394,-0.2506971711890058,0.8203424140076969,0.5796540493202965,0.8090267851579748,0.292337896178017
581000.0,0.8912820149656028,0.7502512098494674,1.0127962012436005,0.1942709798640924,5.432134433354863,4.059464658179197,0.7615979617938484,-0.1742639267942438,335681.22690997546,239740.20332247543,0.6698224743171985,-0.122421807700797,2.910595858532346,2.2053540025245946,0.6831592324485453,-0.5856352337913115,20.01565198742959,15.57674225992589,0.7780770579103422,-0.311723933208329,0.9122559988402932,0.6707052890629462,0.7499880078557428,0.0029355546186309
581500.0,0.7545138848317658,0.7467309319415903,1.423883854255885,1.2615502403905996,4.962245201599676,3.846596054742832,1.0064175156896658,0.7635811594399993,383125.3609646954,264795.1527090699,0.5040958799019521,-0.6439839299784982,2.25375638769075,2.1171089071983644,1.3037614939376276,0.994346049388434,17.98978443999902,16.824242434421805,1.2092259413344986,0.7167209784333921,0.9254455244932892,0.7347116932781401,0.9133806308736976,-0.0103462215875871
582000.0,0.9260598058481871,0.9187289324555072,1.343622341362915,0.7767357851032073,8.754031192386766,6.271970374062437,0.6155711942999821,-0.4005855734451136,396566.2893248528,326174.84655250446,1.136997683203144,0.8619219891512198,3.044640822827391,2.462498878096255,0.9505523744519856,0.2267777852858108,24.374339818128792,20.230913608629155,0.9884242243927044,0.2586233849340589,1.07069732402066,0.8037279960423847,0.654176834066669,-0.5267376679704525
582500.0,1.0672146382316188,0.9225498642768416,0.9888688288977792,0.0309394370178219,10.246937432482548,7.232865709971564,0.4369004730357521,-0.9282497855090668,702400.830989799,568675.4320132347,0.7578685120131288,-0.4914288805950249,3.837426821332449,2.869330460147113,0.6515988176091687,-0.5039557493017188,27.85129369556326,22.35937553708165,0.7939340475869489,-0.3759730594486665,1.1411192736344968,0.8241036850377544,0.5142385329800195,-0.8258030208066378
583000.0,1.0757297462050677,0.8745444499158782,0.7668851033711938,-0.4078999070144591,6.618597572817609,4.614710910164273,0.633505089266183,-0.3503645753860027,780316.5907524043,621294.7003192148,0.6453203180647821,-0.7205785170782999,3.582233592065611,2.6745974329232416,0.7228217527345303,-0.2879696795757112,26.15873778534397,20.45710973072732,0.8654215938117451,-0.0164731323709816,0.8190269912230718,0.6431327615175394,0.8832867279625655,0.1194324029479338
583500.0,0.6191006884829166,0.4967750120722697,1.3068283668936362,1.8179882230571565,5.399073719859835,4.27444288307403,1.1622462934311475,1.2882293655252468,514028.6245620765,472584.9801142481,1.4915502050380052,1.9160234743720717,2.629567162727035,1.8441821125135445,0.5985785480152825,-0.3894835436910449,20.90802126433618,13.897100718778669,0.4105307911978103,-0.6912545806821826,0.8793605010442694,0.6431449361599054,0.9343334136619298,0.4943970611774668
584000.0,0.7950612071935118,0.5918485914643994,0.7772225604150165,-0.0030352028708797,8.239699703278472,6.947378846813908,1.0346504746658174,0.5075126896864326,763425.3694700853,619385.8170808431,0.9076040327357924,0.1317278362325193,3.4337405774212675,2.987028304982326,0.8800294793150738,-0.2671413645089759,25.542668409333608,21.852884374032264,0.847798950866251,-0.2675342847902136,1.0418880360321452,0.8148750378196764,0.964353514272999,0.4373505967403379
584500.0,0.9285186543656484,0.8159767252649631,0.9018706231219878,-0.2564053661678529,8.197929913795022,5.839612342221279,0.6671828213509303,-0.0623497031264292,654400.882229402,599639.203029762,1.2047363215873736,0.5567794598588125,4.069933937765325,3.5969393169703903,1.0372272429313232,0.0658331301766135,30.54437695353195,27.33472177436557,1.0643365239812137,0.104624863142027,1.4259265314766438,1.1514670636068718,1.031705137313266,0.5614347082001139
585000.0,1.6333965447247212,1.4094723738476505,0.8082102428557646,-0.4762403020906758,8.255299451432425,6.293219412466367,0.7671393159374361,0.0373776102344227,736593.6262716489,657189.8283612388,0.8724956526735603,-0.4808943886017767,5.96553683371803,4.687128285291872,0.6944647711582302,-0.5420183604602067,43.51364191505679,33.73820820745148,0.654896435588972,-0.6404579635472656,2.166859616289434,1.6671116863650284,0.8600353244197152,0.1523700126003198
585500.0,1.243332329258325,1.1890386219757405,1.2414173451820665,0.6425378477389976,8.096099397377538,6.085341301386403,0.6857178529387292,-0.541305577151491,547159.2110058378,416598.9895157531,0.9673381748039142,0.6457508174031776,4.183282827513674,3.777488860679549,1.3006642459711826,0.981423687678392,29.39197098484762,25.36168465056668,1.232384668594024,0.9722710820027968,1.8254039682165208,1.7094571200440083,1.647077957433989,2.6301726355698154
586000.0,0.8038250566158047,0.6914620792108975,1.2607536792086214,1.369539437808486,8.969909746959331,6.598286230009755,0.7906560638458632,0.0123517001259565,421967.0863718448,288551.36633072374,0.5529777594497284,-0.434498111459717,3.1671268111002964,2.529531276987609,1.174585550627702,1.3417067948206531,24.496926414933675,18.09695211853843,0.7771904043248187,0.1172913819498728,1.8732514252737256,1.7580755917680766,1.4264470235406377,1.659124700488185
586500.0,0.7791114434559502,0.6174053300923475,0.9398984376785277,0.3328691161194008,7.310372341369679,6.336770486358091,1.1316505713951774,0.6105811475266889,491727.4922827576,329971.3168130306,0.4150403440660564,-0.6519928594386433,3.1417444163799164,2.571799589773756,0.9499887526854964,0.0847806021106487,25.581636433237843,20.485896144902064,0.8555144497599108,-0.2632219368700013,1.4256186361946162,1.2844588423130625,1.4446678667659525,2.177437859214089
587000.0,0.6242421530954712,0.5012647009326632,1.1692011029199592,1.2059557586022578,9.50530809886134,6.667667277504338,0.4968626553094435,-0.7824178246798486,567520.8188414027,479220.7980341997,1.0777471460792571,0.6239775127680813,2.629651997175697,1.7762982130874736,0.4937016983308147,-0.5257709724882407,20.39961398447462,14.295617970398526,0.619254053001518,-0.311807547113105,1.0172353241745038,0.7960675316559922,0.8528367243853935,-0.0988370945842498
587500.0,0.5603311128329197,0.5647578840900873,1.6168063147017369,2.147907770029759,11.34440121931232,8.336354278481945,0.5213662708200837,-0.7612992732773098,611009.9652743561,526433.7290620401,1.3731156590935862,1.5182423931118878,3.093441840669461,2.871367842848494,1.2759817204401251,0.9651198182191147,21.97926103466631,19.59993487124928,1.2411080614365315,0.9218841899683738,1.321817664299077,0.9533090973207832,0.6389038672351747,-0.3017433311473283
588000.0,0.9098732295257806,0.7351955870442417,0.8624573427289968,-0.1491520630189726,10.853301200469431,8.300985255543377,0.7698685640695676,-0.2277138572873975,824482.8777476803,647323.9028697286,0.6853199674773048,-0.548207829186901,4.472794982982316,3.875264295317346,0.924457390337658,-0.1104783520857513,31.736231523086094,26.975198402839744,0.8900444612028425,-0.2064992983363884,1.3611618456572818,1.0851696637772954,0.8942104952214026,0.0487651441937888
588500.0,0.8511552895468927,0.7161535757641212,1.020627787764309,0.2154373263433493,9.734623876019969,6.686051392465762,0.4052853521067072,-0.8932290220891757,773974.6020285247,551630.5197601684,0.5872596695960208,-0.5110883535498165,3.849022756347813,3.2550730627396933,0.9175875134889478,-0.046305569550896,26.9424907454092,22.605040077321632,0.8685334522499525,-0.2046098531697877,1.1263202173812534,0.8871009384433682,0.9932790336727696,0.8263560721253103
589000.0,0.9275473157878886,0.7462348492320753,0.752012079489209,-0.4330627148786354,7.5571820986344544,6.530717944946145,1.5335297165405763,2.6581004929194574,535630.2129235303,406018.4603974759,0.5940325384204898,-0.6305718440513441,4.19195683354204,3.00712053975895,0.4384653836830108,-0.9871794507975706,30.042480623237253,21.65133271152872,0.4100176466914356,-1.030865935353688,1.0605150804346457,0.8523622064584347,1.222183356795749,2.0423467755223736
589500.0,1.0443951713811064,0.756354620524977,0.6264033023367209,-0.5474486542291164,5.501991543841235,3.68974188436113,0.6174617625519366,0.1035137333210136,461400.6441713698,318072.8235468246,0.6068810793986967,-0.4110975296541466,4.123491240535602,2.8505642706084218,0.4479971968127275,-0.8064068045116382,31.129777316848777,23.098371942703405,0.5926730460652238,-0.7306426098761953,1.083766373677695,0.7393500688936665,0.5004597611599427,-0.7118511260472284
590000.0,0.9017033080060214,0.7639656325978827,1.066966475414412,0.4045433857136054,5.757307020464861,3.8560948669952535,0.4630201458039793,-0.5415669485125658,395715.31830161,273927.77137041243,0.6164957439057793,-0.2948440594567207,3.233817575686351,2.3270002236292773,0.6773528516796739,-0.312767535690448,26.66836495357341,20.917536881131163,1.014424995040212,0.4737938584910184,1.1375404493985326,0.9837350150676848,0.9744431908498252,-0.1033898304332749
590500.0,1.1518620563787128,0.8483129399705589,0.5244588630469458,-0.7702144485712097,7.806839139918602,5.748312022202892,0.7169847568815961,-0.3028314263035536,631954.8354675163,443522.1070654012,0.6062939672944578,-0.4732357757714975,4.526614168505966,3.292928328031265,0.573255803220664,-0.7328271459919335,31.925656700876363,24.424761455161686,0.7241219501140326,-0.449784706063804,0.8031460192746902,0.6786746311751717,1.3193091583597043,1.6155734941434794
591000.0,1.3111808623724892,1.088227626282514,0.8452690482486167,-0.2518790105581026,9.91207855436457,7.06224863747689,0.4847565634639901,-0.8560519280904124,566876.6775259322,410658.663216388,0.6340221495413886,-0.3281388381028973,4.96835815513571,3.7060239327975726,0.5645556872695847,-0.6689640531608534,37.0689262715717,26.86483761450696,0.5109778024080036,-0.7530782721298137,1.2714660189488003,0.9809480104928456,0.8491691713586371,0.0823638157411403
591500.0,0.8643365895935267,0.7287576121382797,1.1724042359009952,1.0567423693076885,9.807812787368526,7.083866111308761,0.5533011412366192,-0.6699620924876064,357570.98674836446,265638.4644458634,0.779813367157097,-0.0331484006928284,2.8330087754724107,2.081772538386154,0.5524985952592798,-0.6556960657241651,20.097302155900035,14.29381351708778,0.5030080205253014,-0.6003955875071321,1.9749520391916369,1.4810553519167935,0.6005422125410033,-0.6646172818515024
592000.0,0.6748810470824309,0.4797011359937296,0.5720253539058411,-0.3694834280855263,8.681646690111759,6.076959946986493,0.5805246372352947,-0.5679798079933165,350122.87401979323,285373.2471581909,1.7667088702649498,5.541242316965107,3.0262965649804907,2.258500294805557,0.8411257296047132,0.1571597951446959,20.96359071888769,14.927171022004195,0.669868062733974,-0.0438487357822521,1.403751244615293,1.188375184659799,1.086649697359528,0.3988257887704689
592500.0,1.005422089632846,0.8080568807992823,0.9438270206385432,0.3414894498722391,6.038628701906112,4.228749313860701,0.5821541591793689,-0.5621450896489044,548177.4406493749,385231.4194116437,0.5313980167962934,-0.6646191469436182,3.248499553835224,2.4251913978195354,0.654358506370013,-0.377368417053173,25.484598166634356,20.011972606138706,0.7753552657879498,-0.0533577878167053,1.1327840514106309,0.9871004835247528,1.0684620454809717,0.5066330873148428
593000.0,1.141958000919251,1.1539867758023643,1.3337656575662198,0.8227740291763213,5.654280225339758,3.7611908110924928,0.4059267214964908,-0.7692797223210115,662183.7954282617,461754.1256027146,0.6141410508774784,-0.1943407395291454,3.848091577980914,3.831707067194906,1.1861598156693791,0.3634436998305492,31.563962210857824,31.62587912215377,1.0912506062397485,0.06584913336654,2.9357797279778883,2.653767115430228,0.805897438937876,-0.6080310165915876
593500.0,1.011478581525438,0.8248219463182495,1.2249736749886726,1.4436160416666546,6.758863501379948,5.0520963039004165,0.5641645942222866,-0.7239581622185765,643218.0611386636,523909.44948058,0.9358073330662904,0.1456765509928379,3.466755859773457,2.859966789937989,1.3579817331506845,1.8566207831414523,27.05569168069573,22.849213247969438,1.3425875122410225,1.7553300420165447,1.9548968678933436,1.9244074653338403,1.3822463212290164,1.3853171754010596
594000.0,0.8446903784704582,0.6658652537400904,0.9342158584911856,0.4235890297573261,6.707952633793017,5.281404058628117,0.9020353324656212,0.208365675338439,522651.350210542,411506.9556273372,1.1633105135748654,1.1682161688370938,3.1716192124472613,2.8139065798708653,1.332288519002622,1.3498546154251718,25.92617762097551,22.782488874102647,1.33166267976591,1.315509296604759,0.9873562154333664,0.6880648313038665,0.492544234959571,-0.7113808335569147
594500.0,0.7580002704113177,0.5998865648721072,0.8767861284996434,0.0249052934504776,5.565531146828252,4.140827124895004,0.8883840439450734,0.3862118747051624,577981.6921498002,394589.9437804601,0.4505367409338941,-0.7471695657417206,2.6365422405086463,2.4523933981492467,1.4470293677170742,1.6485542115263714,19.969055141987383,18.33745757252724,1.4261249636642002,1.7471708819508809,0.94369508016202,0.703455051072048,0.6506440982083154,-0.4735670592338405
595000.0,0.6602898042663199,0.4811823303212235,0.7318366278561075,-0.0778171581128424,4.1140817244502585,3.226838247732706,1.3422249177998158,2.587390295769051,445617.5450347635,321359.12335212075,0.6377204446742811,-0.3636138376155005,2.158974746009989,1.649549800272213,0.6978172591362565,-0.4549611054479414,16.622942464487043,13.35642054221565,0.9935951548250856,0.3373429445759144,0.7512866074201053,0.5099389856783769,0.6198886317026475,0.025042380919189
595500.0,0.7961644410673006,0.5862736261585079,0.6682519326431634,-0.2014873019680116,4.692123846353132,3.3558523323790923,0.8906172381136765,0.4750458035890341,364657.6442394396,282537.66357133246,0.8469091575688769,0.0803878909475188,2.488233968685861,1.8050347635084552,0.6034447074151156,-0.504611954180012,20.423366592848623,13.987838540285546,0.4568857473797297,-0.6276464578054641,0.7370268013449639,0.5514066373768459,0.9580927355170198,0.6607116271823759
596000.0,1.3270804316520688,1.0450113153681333,0.6918913127327889,-0.5924987888452433,5.912597287060991,4.873498553251325,1.2463806897655016,1.581432400132213,602772.1730399586,457614.4490932801,0.8026220586974993,-0.1095724092136527,4.258117165512904,3.2909743377246423,0.6280920592328904,-0.6546331583981426,30.13358713919321,22.99994617419132,0.5914301080845286,-0.6464351359824656,1.148982713664432,0.8589930907328087,0.7956403681531374,0.0510353245192907
596500.0,1.2871685918574125,1.1289830034657644,0.9935921365307044,0.1200974692955525,7.003632438311842,5.879729681627407,1.4209587306176032,2.2912455076379503,677978.7060407653,501844.2086129346,0.560184663141136,-0.6773753991816611,4.286285431429412,3.6528275154378496,0.9941880866050729,0.1794633424330936,31.238547013624917,27.000495677178304,1.0516889835793024,0.3111041214136869,0.9812721518692288,0.7937761130884982,0.8986631724383887,-0.1294020835481411
597000.0,1.0576673199346371,0.9069045083598384,1.0165770548337072,0.4244937774684274,6.4585362045841554,4.430972269534703,0.6206337361042104,-0.3197818215356678,490961.3828192454,342846.4807277356,0.5092752221207517,-0.7309415539100121,3.4488504586634656,2.919552491607708,1.2113539628184449,1.0402829942212044,24.176315225083638,21.37081465741787,1.3715634549845603,1.5402975272338555,1.016610869383089,0.7716745815752725,1.0790603276969586,1.264101217699806
597500.0,1.096092695161487,1.02959307469089,1.1814758852017055,0.5854961422271114,8.316018486074132,6.022010722539319,0.5650683608965241,-0.7361854091021196,549943.9495520876,383810.91065937607,0.5270572506271889,-0.6855426863232221,3.0734902660079206,2.6935543356529634,1.1701913549527416,0.6969606598180698,21.723143594563226,19.25704114532117,1.1969698048044757,0.8939116045105537,1.620158131593447,1.1607676506485345,0.8348362755162151,0.2434291054638184
598000.0,0.9719931533948156,0.861007633486522,1.334033419971941,1.2812681476216137,5.817064566556381,4.333271246629723,0.8089887632610687,0.0312273361450468,468630.5482691031,355788.87383995764,0.7948342309480301,0.0120204183798189,2.1513391373470565,1.8972410190581983,1.2634031799879732,1.1903173207078712,16.214469854696897,14.764367697367543,1.0884115790141788,0.4086003569342238,1.3304691519113336,0.9742631528296792,0.6132714150192868,-0.5338418408162573
598500.0,1.0358238370134158,0.8108211855914982,0.6740170209156519,-0.6018153584870549,5.330628461261766,4.1599139162500105,1.2471026351406191,1.6021230944813354,337461.2982140079,268506.71628922306,1.054777713412321,0.8670031113421381,2.219175609684577,1.4731802269450638,0.3310068104604141,-0.7908794235139629,17.78140622699447,12.6550454909388,0.5837038787782066,-0.5389253192776788,1.659049377989659,1.1865536469459252,0.409085689730538,-1.000719839229672
599000.0,0.8437403903098848,0.6300544151371755,0.6862706755386633,-0.4264210462481279,5.023115378655854,3.759567147565027,0.8935400220294477,0.3614360796837235,546298.0881535381,424949.1493346881,1.0048526750678193,0.4277067146940929,1.9443068319121688,1.3214276534865372,0.4991697940988484,-0.5020520513911721,15.354130367152642,13.10059730032141,0.9165927847442702,-0.1736384383308911,0.92910307007385,0.6912541948079756,0.8894889409414062,0.3370240825529835
599500.0,0.777316644860723,0.6355574162178061,0.9328019772548858,0.0596204294764071,5.028118830930801,3.654170484944359,0.6804865798997524,-0.3292852281534513,551044.1507473144,422152.55616453936,0.8288523324865175,0.0756869558873742,2.402611381076136,1.7550068665884806,0.5882221313986441,-0.6600699673907626,15.56339440200345,12.39009921755232,0.6935608306820419,-0.623704452274128,0.8113902837231873,0.832080226242193,1.695247830985112,2.5000461175575426
600000.0,0.7654765481908735,0.6323390552301863,1.028644607867992,0.2729999603980082,6.757439301870115,4.7008298314891865,0.4609307000453704,-0.770409327226369,357330.61331646057,287659.0308911684,1.2655275071950305,2.087176157598009,1.567575969887456,1.4006066991027268,1.0188147789313469,0.1340584476380577,13.43888898193948,9.704047528528852,0.7266093345185369,-0.1994775675149931,0.6822355695599854,0.5097492129582716,0.8023834615153559,0.1170501276749722
600500.0,0.912312931918834,0.7849952312664145,1.049329159269197,0.1263234308436431,8.298577643148825,5.531014389820613,0.3521636679643808,-0.8591634071166734,489756.0622989308,412752.9502535856,0.9063788692742756,-0.1273330803680528,1.7644333659629128,1.3603977437140606,0.7877516592843259,-0.1736696097658563,16.121875951778915,11.818184318504366,0.6633796374101425,-0.4193324361930077,0.6190158471980126,0.4639380309959005,1.030503386719556,1.0173694877427026
601000.0,0.9038059185521634,0.7870018160426512,1.0674621074805408,0.3305195511110912,7.952976332173661,5.95181159666261,0.868096676760014,0.3523306029230721,488207.672143452,376087.4142813381,0.7130501454754369,-0.3552822499210113,2.536460204679344,1.8853234413665545,0.7995341654465873,-0.1437113883728926,21.691716587225528,17.23259728335207,0.8680154764568144,-0.1145028166955675,0.7906457880757848,0.5877859862110448,0.7380376974468179,-0.2862907448770286
601500.0,0.6322939385069966,0.4891016948534271,0.9863676746208416,0.6787370142377243,6.502401412938364,4.841329164817625,0.8147141666376113,-0.0371900741530106,340365.28876256954,246989.62335909103,0.789722141177914,0.1726783921701526,2.2892727005931466,1.5485210528237376,0.6064334029241881,-0.2710857709709167,17.799752952195483,12.956673317598142,0.7767978037944474,-0.077493773894365,1.1678168700856768,0.8812675957575956,0.5271924978953749,-0.9015530251376064
602000.0,0.3001585217073101,0.2281579127132917,0.8349573047582346,0.2594032257866341,6.714901036002002,4.729233854815093,0.683103454238109,-0.310240590315852,291495.00162435474,200974.6472631308,0.7913250281310191,0.4272764791392367,1.8703058678580091,1.2375232557992375,0.4513235879312426,-0.5397383062583736,17.204506500295725,11.209698766876611,0.3171096365968943,-0.9396625919519974,0.7195221381629454,0.5610769728585904,0.776821318072669,-0.1458587913306335
602500.0,0.2112004263475349,0.1535504950756988,0.8636691848047466,0.4637585170314264,8.25817036239431,6.228447195372344,0.6723909630078022,-0.4163194800726244,217025.51486782028,158488.84441243854,1.1139825212324037,1.9856797741158851,2.2677721620570006,1.605215128411179,0.6773307572230518,-0.3815163827219621,17.56082882822408,13.596056690927613,0.9482876501877254,0.1279877040334427,0.9746025823824314,0.6435252981941344,0.3950998027594398,-0.763926358419782
603000.0,0.3071708512074693,0.241083545337234,1.073504266965428,0.8439914217945237,6.055278623360198,4.631532431451914,0.7880248866962735,-0.0777210957467251,386660.0419974245,256474.08351367177,0.5752201363884256,-0.3869799431897234,2.195064433285232,1.6779773985697697,0.6023757849074449,-0.6985272458507317,19.25969803924936,14.244785356080188,0.5275637603643006,-0.8511743693844327,0.8032352871178854,0.5707733107362563,0.777075652300342,0.0699120521257499
603500.0,0.4316180123345182,0.2965949863752849,0.3426361795726927,-1.0093786299543073,6.315482078230361,4.963935545052443,1.005070470971346,0.3952462991861276,466041.1124378104,311314.8757562265,0.5027280484428432,-0.4000523399873117,2.067922639107701,1.440625843811516,0.488088144288901,-0.7519770976268334,18.081048064737978,13.00192660098704,0.6063498287263908,-0.5764974916785821,0.97121200057186,0.8644312293951188,1.0375160457660884,0.0781509559854192
604000.0,0.4871862154824954,0.3887235091220224,0.9940405232521812,0.3507148392789876,6.696787740086879,4.715426283011721,0.8764369285323723,0.9158445753273834,317956.1470686512,228234.6559254836,0.5990441204811647,-0.5390198947620903,1.6388271071804488,1.3159423357978253,0.851741418995695,-0.1192240740251309,15.708722974890032,12.565158117570125,0.7799776476334874,-0.2784963895514374,0.9281579870253558,0.7130068081972225,0.9999138771217168,0.3650951837243323
604500.0,0.6573156230422186,0.4340195549204483,0.4498291901962009,-0.6669226538168798,6.829437777058009,5.008029023069787,0.7600131860271807,-0.0843759667452133,433131.5917637414,319297.2356917231,1.1065805694748372,1.2946710896875675,1.991255232918159,1.44584137798715,0.7308602460749737,-0.0672782116472636,17.813022596468223,12.380263133705537,0.5055116915234786,-0.5557381123142511,0.5030261680736602,0.4028114896722543,1.088700566575101,0.6573828091652021
605000.0,0.7979442773009668,0.5637484804544404,0.5029122689946599,-0.7378736916355173,6.420538640805094,4.647844467662397,0.5835168576792255,-0.642549200244201,445654.77459532686,343436.4595853692,1.012671065720731,0.6019827916256482,2.942126086051924,2.0766049901340544,0.5477670228164605,-0.5842710495832133,20.000926637397797,14.07754589662684,0.5527245490465057,-0.5012173470417332,0.6627690125709632,0.5075782258548562,0.8787555910372379,0.1247528404432873
605500.0,1.0345230465579331,0.7281425796990867,0.4996609695077113,-0.7872098517016584,8.677667766182594,5.938882782379784,0.5980735205372825,-0.2446375292702556,546584.0683814874,404525.7634142314,0.817492569638653,-0.036824507940349,4.111861383670925,2.774658892012517,0.3801325993557568,-0.8505618344010037,28.302841935210427,19.86318694330145,0.4796070536600885,-0.6653218528423146,1.2358266544218204,0.8146475257034428,0.5425213690936344,-0.2318063920388695
606000.0,0.8592189197983238,0.647748561636007,0.6156738208016799,-0.5729258753199966,10.766526510762294,7.744359170051787,0.5735785246864876,-0.4860717459522199,683195.0168354016,425317.5891012953,0.6161565400466779,0.0836244597115305,3.91733459417685,2.5146003597469924,0.353973999722233,-0.7955221410636772,31.736136433235465,20.880003083384896,0.2939960107757831,-1.0320362841168724,1.3357789791705224,0.9865138672133416,0.6613867233138926,-0.441865457635251
606500.0,0.4920563744975629,0.3576926763584014,0.7468902130558135,-0.112956400451154,13.192717141873208,10.252991178645306,0.8332102883140743,-0.0535604237191256,431838.286598689,300666.6423797881,0.6735003785423355,-0.1987492964748121,2.532284544484856,1.836943302801856,0.5946614800780894,-0.6130078545546014,23.798609891454703,18.76800419163828,0.7306283906888642,-0.5095036483967506,1.226529652864793,0.9412228693886612,0.5542405118849407,-0.8357181515073075
607000.0,0.4610486148691717,0.3266820395666885,0.6983969903525641,-0.2141470672724357,13.791964381650908,12.201958912684406,1.031336481077897,0.0262375850413252,557975.797383047,380735.8677093152,0.6486338570112187,-0.2290726005757304,2.065868439293911,1.3944029843947332,0.519481453251641,-0.586503454163847,17.898438316781487,12.633610233871368,0.6479439203102841,-0.240984797487628,1.0286358403149405,0.8067917953916213,1.2681081499729716,1.9836586643906455
607500.0,0.7970527138490359,0.6005567482393235,0.8172715714119588,-0.0772204778256049,8.847588912959427,7.518218590282083,1.0370909768763876,0.253438404947476,712093.1307051948,598364.2588318057,0.953738820336519,0.0016339796345321,2.3593494734542992,1.8169645602294189,0.9155046282522666,0.2942512763339304,16.70079640097491,12.327117380359653,0.906157107867323,0.3325607546299309,1.7729347366030372,1.678379567346339,1.0189969066433224,0.0008644510878901
608000.0,1.189725581385283,0.9827628141346866,0.700250593674198,-0.7603202854369453,7.197892082596542,5.905441567680009,1.025670775058551,0.2871939322962005,811398.8690596388,652270.4650202877,0.8000110059417389,-0.3384054248615848,3.32964582817716,2.877008027858693,0.8465030490302244,-0.459233282065306,24.7349555002519,20.06519596632661,0.8098464964306135,-0.4556655904286883,1.7707699692822902,1.498978587646315,1.080716798737294,0.4535849074411877
608500.0,0.7511722891365825,0.6545741589733777,1.121344693156966,0.5048843821360247,7.550449658970725,5.364945892931677,0.6534066266202697,-0.2795262325393959,606559.038059522,427928.9535417216,0.5818114239574563,-0.5262856225934591,2.808697371751629,2.171053668005116,0.805514358893906,-0.1115013368973603,22.044088059221952,16.003789096501873,0.6574966506481129,-0.3868601704803476,1.49280334836174,1.2013287900354264,1.028109911717001,0.4186409048882145
609000.0,0.5011730610482032,0.3403128022085102,0.4599838384640227,-0.6420202475518941,3.6123349346805984,2.702100883052492,0.902145429117416,0.4426622172712888,370851.99262099393,258475.5218709912,0.7581901338514486,0.5923573770051243,1.5170789807353202,1.1483231018986066,0.8157033469616729,-0.090857846816386,12.858985955105748,9.134477565094976,0.6254824351778906,-0.371635610506468,1.209676742158134,1.0767205949490597,1.0551292424221932,0.1058980649974965
609500.0,0.8535423734219489,0.5932914552460454,0.4764378087040765,-0.7821068143632814,3.50546821698055,2.947474683152788,1.2560897133308475,1.259350067850555,378904.9096891979,287413.0117900616,0.9601955113591004,0.7269445529973191,2.6781726164849826,1.889990903398967,0.5721205213543801,-0.5757097170037984,18.03057700784978,11.89493390131568,0.3616341718303955,-0.8695683087159067,0.7112757893451079,0.5973444049664152,1.3087491447406323,1.4842126538393208
610000.0,0.7824324344548689,0.7746154425910287,1.1677040894299902,0.297991104610706,5.717778931612074,3.9022601866679434,0.4302032115260084,-0.7940881777998148,268176.8571902244,184841.7357847456,0.6334134254410093,-0.1509365781723937,2.1706643262451366,2.15293230467418,1.468214833789386,1.3735422845669891,15.10729378873646,14.856783965598396,1.4296589006096765,1.3810055840702526,0.8141845058991394,0.6001397270094618,0.8158010084582453,-0.0451288377630239
610500.0,0.7880583035252461,0.6329453630745375,0.7768509821895131,-0.387190900059212,7.884489510753626,5.799115011898886,0.6702005834100031,-0.1710050816877308,387531.66295718285,264198.7407188762,0.470053893676411,-0.6906972483025369,2.8032235315458505,1.9228323214813183,0.4592837120661717,-0.7847559580152468,18.51289422610165,12.578593238887128,0.4717485332878334,-0.6436876733688304,1.358527001804695,0.9195609194487492,0.5819531012194139,0.0682535162645474
611000.0,0.8022161657051461,0.6838233219432369,0.9910197797972544,0.033007213213398,8.122146657832701,5.808464684697183,0.511868155772444,-0.6879258521519227,483090.3940985996,331508.7414563643,0.4510893427927222,-0.7252593905511082,2.8206048757299995,2.259463833890304,0.8561850744799125,-0.1894515847792774,19.36245597900758,13.183678380258668,0.4877485242710128,-0.7383525338225168,1.2634477657544163,0.8835316807566289,0.7386465557488495,0.4925664821894342
611500.0,0.8414550537854715,0.6732241953440737,0.867639306456594,-0.088566533797358,10.594499332579147,7.171439037332065,0.3170851267023427,-1.0755001706579457,690830.2970670646,526779.7469285196,0.6345107582022866,-0.5998021214499727,3.3378304163117383,2.4294734614945708,0.8231622155332646,0.0213718789811427,26.181899848452467,18.74215493819907,0.6728177502935662,-0.3071015766042682,0.8352485568610991,0.6228131101251347,0.8030530537235578,-0.1165678450910387
612000.0,1.0919981255503188,0.7747152847182578,0.5457003164838885,-0.6005085569106501,8.530251991454017,5.785220565518181,0.4352640371726851,-0.8324638602742978,984752.3201765209,667178.3345458113,0.3226633152922121,-1.071562947248788,3.8889450375182575,2.8068335814933847,0.6828969045388439,-0.3385951664847431,30.926479226370123,22.513157566585644,0.5870636975736446,-0.5658557437207841,0.5984414098934795,0.4875978822961824,1.166269402198188,1.3129981442971816
612500.0,1.1205125495247736,0.9140480130112142,0.8655112853508363,-0.1984405679516747,6.474060083181556,4.62961178483198,0.5983331869886702,-0.5200360508528106,609532.0108584982,529210.6988419418,0.9904205472306952,0.0530322706814923,3.631683770985138,2.661986680931633,0.7108272036279105,-0.2263304799361152,26.227951653255488,18.67411668160701,0.682622470018986,-0.2491952563348318,1.052616107139544,0.7470027880815436,0.6627327747515825,-0.2048568589646815
613000.0,0.8908672514825577,0.8521487575130265,1.252183699485864,0.7306139985307558,6.752428833518196,5.038613647926443,0.8248389833547802,-0.0578782813451628,546935.2942458865,476833.2385763524,1.0949335972713148,0.3683493450980135,2.781936096090656,2.392438814805286,1.0087100633379875,0.1489828053798736,19.555105654718773,15.615485209533588,0.8296527660142405,-0.1789998718318841,1.418169381323824,1.1457118122658871,0.9929642776900884,0.1323494813316705
613500.0,1.052504313949008,0.8523939577313357,0.8921903864977658,-0.0733983257438803,4.604415086198792,3.3379320690108285,0.8563235497383992,0.1487530658946219,777884.7288150286,585403.1351602392,0.6997219513424761,-0.3843637297753766,2.972857758070956,2.455757526643344,0.9458885516989646,0.0251791598906296,21.809402963209838,16.589890761367858,0.7551644569788019,-0.3246207200574074,1.5325046185024194,1.2273190223615909,0.7825847061323402,-0.3205187648683165
614000.0,1.004882687843529,0.7178418596723429,0.5166500964500549,-0.7083225617249291,5.223364044565462,3.7115365310382655,0.4443064009695833,-0.8880491178112444,630742.1077853761,489601.19555891847,0.6836828088669524,-0.4158168102279176,2.663678991947991,1.9633815258478768,0.7325370510474014,-0.3255264993081703,20.97126745259246,14.837468654359853,0.6307115444962456,-0.4175296343871943,1.4417614980777125,1.1797835732677495,0.8054922963752739,-0.4015244148788084
614500.0,0.5990060645299785,0.4599288394216563,1.1574453813659562,1.479505828219411,4.467723614479652,3.135582880829595,0.7211973516652028,0.0246958763808295,418869.4151110705,298840.9764409724,0.6801007982509751,-0.3314254760550423,2.2505659087749086,1.5409770550960744,0.5155859628017956,-0.3555811892636229,17.81247942898022,12.05123433540495,0.425301742966,-0.6317425108820434,1.2684287758911488,0.8921361449789539,0.5120026562711788,-0.7266914383470131
615000.0,0.390597687546081,0.2948639208496565,0.7070584035588022,-0.4685362867293889,3.3895269814646203,2.942047243609623,1.4533207560400967,2.264203638898251,517674.95538148656,388420.05925834586,0.6698067936034302,-0.5793512273935559,1.7708996975294615,1.1195612064272806,0.3509661353984143,-0.5162848261813702,13.793928781020895,8.779752620560053,0.3638093640068061,-0.6969082860532123,1.1229656657642624,0.750762721469368,0.4983662511115762,-0.5700093263266663
615500.0,0.6438591725168541,0.5014842442847268,0.8636911926088506,0.0419685269519374,3.845320595299576,3.578364172008416,1.3713325634820468,1.3017247183104432,399263.989134119,339726.49111271725,1.0528978883950282,0.2866896436950337,1.4609095486658463,1.1222639527396951,1.0063909256247474,1.0151713572163867,10.37332245328292,7.927104496657809,1.439269978080277,3.883073209480183,0.8705587744089389,0.6821000216167725,0.7248533290934668,-0.4826300489351158
616000.0,0.7947297287937253,0.6226472395307011,0.7302692978065436,-0.4187851296028984,3.685131606578216,2.808579093697561,0.975656557124295,0.4638283965537737,410864.9730213757,306131.53250315704,0.8636771218257199,0.5673871051213597,2.32179366110941,1.7398754004686316,0.6099890632802,-0.6231411586890929,15.614701058541597,11.959265281108443,0.8157315867147669,-0.2318188655234836,1.1136186554601195,0.799122704522412,0.6599064825302879,-0.4166872936852401
616500.0,0.8112031701778205,0.5977451555434197,0.7467008788637453,-0.2282250231783487,3.8140512848305272,2.8464753737757915,0.7912398196948528,-0.0805540813705611,462142.6462580676,310517.86443945003,0.5171623836905753,-0.6590642664450121,2.8445901034639745,2.326714199504104,0.8849404242353269,-0.2376718044015748,17.534403983038388,14.428311696404544,0.8660604944502286,-0.2831860661785783,1.0809550049087495,0.7771245676510457,0.6112012098526146,-0.5923311467630952
617000.0,0.6736865438799533,0.5164505405523494,0.577720834569196,-0.785271770260624,5.875704228134069,4.1311470938904735,0.95353874029382,1.290541267140589,443850.3047299783,304453.875019174,0.4935113435778692,-0.7163903136330712,3.1446621258097096,2.445474459424848,0.7176085284674586,-0.483764176114978,20.95603454179457,16.734448577892646,0.7946723188625298,-0.3743953555266603,0.7098373863456753,0.5044795310101361,0.5870939474094028,-0.4737343148077011
617500.0,0.3474925316230439,0.2506335273874977,0.7460619643268157,0.0911243899682832,6.088083376282492,4.814561995759408,0.9197922085439504,0.3431918541987642,377812.4215656394,267366.02301638684,0.6871466108850233,-0.2518192436880819,2.417327381788956,1.9295448800013295,0.8980697576357632,-0.0779686226343727,20.771773750725508,14.64686818166752,0.6044550956183148,-0.4082171370010248,0.7612284522164894,0.5104471411849757,0.3773360725849858,-0.798599009675014
618000.0,0.378127221918661,0.2369468973444037,0.4424046387005611,-0.5217730272775571,6.302306660636369,5.06492928330301,1.01136012311762,0.3041297835365402,495471.962736093,316894.89598234044,0.3939117882362928,-0.5218120455017532,2.646725482534132,1.818960072627255,0.5020170235731436,-0.6567582881969107,16.724385930542923,11.458651172022137,0.6715938668266654,0.0576603716978261,0.8399346139232672,0.620498221008655,0.8119065688839066,0.0261610198590553
618500.0,0.4219595068351052,0.2749631591244707,0.4388514977784573,-0.6065707210409479,6.823422983972304,5.177777669778332,0.7939512877608753,-0.2228621196730316,487547.50094181264,378579.369641266,1.0418268524031806,0.8731920325575837,2.298501064430876,1.6830632651046729,0.5511221558094639,-0.7381061625389815,12.52311745007868,8.088926802269308,0.3777279151905308,-0.5608797835544204,0.8569775925858761,0.6287921297570006,0.7234226258978068,-0.2942507857947274
619000.0,0.3929539611506785,0.2795664815620275,0.5979900181334525,-0.5944046368971798,5.62747749044116,4.14792411091557,0.7803402559879287,-0.0523372817430205,310807.2942943248,269560.3544054789,1.4120476497310896,2.019794303425593,1.823010706034189,1.281160780743283,0.6694088626304976,-0.1384728164476616,12.632240991456916,8.241342629665626,0.4173946130779769,-0.4719312064164351,1.0132415270981057,0.7264836652924493,0.5502888991766086,-0.6846124912699745
619500.0,0.3232608789542315,0.2490440119374925,0.8645921473866798,0.3584990525883684,6.686639770716834,5.296195264768435,1.0303089241318866,0.7011004961645342,399912.6560798995,373137.15118564205,1.565692429792198,2.4058277048403074,1.755733406362769,1.4878570691775703,1.312490160144074,1.4918230846784564,13.63683580666384,10.68518812364433,1.2518813695932345,1.6041167085278645,1.029055349490531,0.7267153860266689,0.5144586301195694,-0.6855708013152575
620000.0,0.3433302021498726,0.2356984528930102,0.6303501280606704,-0.2302532832364634,6.264564320580557,4.292351434723519,0.7805063580835168,0.5422143272739035,380938.99906921375,312222.6036106364,1.5032025114515806,2.7962422980810957,1.0792688734223983,0.8498314825369082,1.0624707669805669,1.2354404853071967,8.889290089660802,7.097048136147279,1.1764216367737856,1.7150459247539551,1.132502856344458,0.8193702507808686,0.5952935792326922,-0.6837205131852535
620500.0,0.4963412871631145,0.3278874476104614,0.3665384280473657,-0.8348087988038282,8.08236460263475,5.705719933107914,0.6726248538929324,-0.2113159427284072,466853.2237767308,311632.8121281928,0.4113147526163939,-0.8070444719233452,2.3971781323917924,1.6521532895314697,0.6337701793379695,-0.3790556742053104,16.979143371260633,12.324035028571169,0.704064093399024,-0.3171035878373045,1.1332286883404097,0.8095496813624142,0.6036773753403809,-0.4498850469167013
621000.0,0.4147866512256977,0.2899046450641649,0.5791315960959371,-0.4495806461749789,11.50406032806873,7.938268126548956,0.5600847591199891,-0.5685829842788048,567993.7127167442,395510.1331363782,0.4498281770640306,-0.8489035814533428,2.6267752688663166,1.8587674478734768,0.5725970305387318,-0.6450931232326367,24.128850483320974,17.570133361573504,0.5955711959546264,-0.5560543818672641,1.371961563309848,0.9635686522360066,0.451018477106799,-0.8178381092597977
621500.0,0.3774892618379581,0.2840761166249126,0.8413839465513323,0.2035872443019353,11.200775453473602,8.26379729230725,0.6335400574597579,-0.4836947650647718,538966.3332142528,428587.56041553686,0.9501762589255308,0.3104502055479208,2.961017689165021,2.301440594441096,0.7522113696842238,-0.2717538800465031,26.28518906184636,19.63351013814945,0.598921348192458,-0.7180205823708552,1.1215559827685917,0.7282850232128176,0.4445785547623929,-0.5325533049617808
622000.0,0.5780171737773618,0.4925698731370362,1.3353888511453278,1.952916291513235,6.537019677870608,5.308873741393462,1.03057622742888,0.7787078007769259,526154.6563521649,422517.570984209,1.139909459916048,0.9372666098786516,3.2554437336967,2.528838203222702,1.1647406802613378,1.2713404319848625,23.74743181798488,17.66419118550561,1.0062158063536009,0.9105771420071213,0.8900288106632754,0.6772612497652141,1.182989159276954,1.8618253468988737
622500.0,0.9895122256742624,0.833072431751334,1.038272698657958,0.3158998999789633,9.32649834876774,6.4396681883277305,0.727808329647421,0.0607184601504995,527602.819867823,419932.2942740325,0.9968636594166208,0.4522804829600937,4.003087928461254,3.0477094029362863,0.8387958877056455,-0.0667315755939559,30.687885767949385,22.261516650595837,0.7950581763275941,0.0125212188862433,2.3661977289523706,1.802731967160468,0.6864884428410373,-0.423376495306051
623000.0,0.8150850634391195,0.749620286583462,1.2713559196654702,0.959563837906752,8.349024637180175,6.067337687306818,0.7002267412069357,-0.2473382717096628,538366.7129958267,472583.3299066498,1.058137867147405,0.3200696475271409,2.8182936501072047,2.167554735094791,0.9644824219415332,0.5067861959838003,19.962346551652377,16.35595188709393,1.1199008963154675,0.8768204579864642,2.3194454524383183,1.7999566461988972,0.7513156337469885,-0.1983882802706618
623500.0,0.4745122508445335,0.3388201138056187,0.6765164403351831,-0.3922322592608842,6.901706803024657,5.998837592136878,0.8775408352836302,-0.3153842597026193,728868.1534054073,535019.7078677732,0.5731466031292554,-0.748141402985933,2.1552733795917964,1.6168533590553875,0.7441080320871437,-0.2437985770284707,14.135860075563167,9.267309305858022,0.3900120945980747,-0.7358685653550068,1.072608768049136,0.8311822274456431,0.9906735472366724,0.6713966042112252
624000.0,0.7353863989544569,0.4817188809667297,0.3437512369343123,-0.8886532804287359,6.334712112225151,4.043555069074735,0.3948180852997791,-0.7627273646494039,731298.3011584101,492310.41104765405,0.303514794713792,-0.9938226421358984,2.870368709097969,1.875720229958397,0.3164202646384265,-0.9501349273943394,20.221422303004903,13.171862568407024,0.3971607739313277,-0.7373092422810448,1.0962144945462715,0.9778301407061204,1.3823030665282476,1.6732645544702187
624500.0,0.6855905990393732,0.4937307798472795,0.6596012651664453,-0.2971463561366074,7.335818495838177,4.717728125203479,0.2453039534492996,-1.0235850900538792,508894.52607736987,422703.8899262922,0.9989399262825672,0.2752886859315726,2.3590016131761686,1.6998693954689543,0.682047212001781,-0.3621822769632068,15.626326324398198,11.848269704895658,0.860561716584162,-0.0285724761870289,2.584058000429057,1.8501727332900548,0.3550934641377155,-1.0745244707478694
625000.0,0.8233995320408428,0.5832691785330044,0.4910011584517504,-0.77099021183483,7.776222882134817,5.439313305232743,0.477859410483254,-0.8342113092329528,510648.87020295934,399798.5013805879,0.8418639856582582,-0.174034258494534,2.564613198473958,1.7605957347623025,0.438201882326361,-0.8245970597426018,15.38472938672123,10.879936247640924,0.7159885498953348,0.4244293624274027,1.6868355381172708,1.2472977040955446,0.5190908602646597,-0.8380526784232365
625500.0,0.7788721054790432,0.5571821984290191,0.5369915662326181,-0.5812982192833323,7.471155855696165,5.158036539437544,0.521629904719685,-0.6338862716285472,590017.0402256396,484046.5982500017,0.7918658052549897,-0.427656754686879,2.276483823816,1.8875429231765095,1.085569515926964,0.5132780863614723,17.792753314000056,12.73379312908779,0.7876866434461705,0.1391140028164708,1.8979596328776036,1.4817782994089084,0.7475129631435833,-0.4048914611723426
626000.0,0.6920008157920967,0.5442942407674948,0.9259678928658566,0.3619432042941652,7.476234607268294,5.242085363622917,0.636700563891412,-0.27306293799368,513411.12531544286,448493.7949975567,1.014713508469109,0.0693939751745853,1.7157716542435226,1.3268056083876407,0.9503635844582008,0.3837012158033617,12.090724174947235,10.424247651195344,1.0220967441563773,0.2487324531166201,2.231290765147088,2.132645011680668,1.1957185547285354,0.8625404882760934
626500.0,0.8203449851827705,0.7152419990507397,1.392590995792404,1.7050687608599402,7.359023545947964,5.981138624061101,0.873443511728168,-0.0973210527680095,454439.16612667154,346727.7234434743,0.952544887645376,0.3734692374865114,1.647141888676415,1.3593400239804898,1.3438927421152465,1.9033744034214104,8.964495358255803,8.04830220752137,1.219822243247956,0.9012419911946248,3.291169871931102,3.3060525098209976,1.347850282993025,0.865641101191156
627000.0,0.6910733950867414,0.6163349953352861,1.1986610741714852,1.2630232121816336,6.264016682760736,4.741014952301099,0.7095727211738196,-0.4200622932994138,435240.4323657609,340149.1196626842,0.7930815660227521,-0.08204666605817,1.9004070684402128,1.5730193486931314,1.1249076278881596,0.7480871893241088,17.240674994189714,15.354985801128889,1.11357838237888,0.4283912755229275,2.817752707756205,2.7862321295813204,1.4358547929618055,1.7303918585385123
627500.0,0.5070725119093277,0.352774338139257,0.5083953182231459,-0.70131421651711,5.890441402001305,4.449895200322062,0.7894885131193349,-0.2140910325570528,441192.7013492189,347145.9686808809,0.930702049272409,0.1964628471986396,2.3985345440408934,1.5924142145716291,0.3724942837359474,-0.8737770486380754,21.18846046884455,15.930576124899137,0.7357900493309135,-0.3672123997197793,1.992738908275809,1.4770502178880744,0.7057816858925504,-0.2923683330611073
628000.0,0.8119988741176639,0.6039772990885415,0.5523478290484735,-0.7733320284476282,7.142414793523315,4.720840300961404,0.4635329067871941,-0.4516401117255459,449951.0920155121,383396.1420336013,0.927511890566515,-0.1368557947349655,2.1094696269386857,1.6214323132124842,0.7217773268530863,-0.342527306329857,16.178385031972958,12.082633729489414,0.7936004247885912,-0.0604487681004113,2.408251184924542,1.865656000041096,0.71083657375089,-0.4670507637402163
628500.0,0.7675720277327875,0.5612571962067274,0.606973017534816,-0.4875319139438439,6.881959071189012,5.799793483202365,1.0617061597479642,0.3319509555679723,346179.92919059,278190.1427021539,0.770621745339844,-0.3488999266846275,2.632344339267587,1.8453709063595585,0.4993413080032388,-0.5655854755224827,16.83393253581361,11.66594599376122,0.6846854127545271,0.0252529906896286,2.7131550044161528,2.3403329324437525,0.9519376699804,-0.1216052031366774
629000.0,0.8082305015437523,0.5759841329277701,0.5696527761324465,-0.6349680688827601,6.246043750972585,4.695666896261824,0.5601889246615401,-0.7149944107440915,419089.3684730227,307350.8631943926,0.6634440945154794,-0.339614591113115,3.1801542776297973,2.2136362135535723,0.4320161591721208,-0.9559377887776788,24.441125870978137,17.36759983649618,0.5255964477307734,-0.7921523350072097,2.530077276530266,1.982794922991484,0.7732219344736964,-0.1156079920297132
629500.0,0.8813809761283019,0.6804375603556642,0.702535108705085,-0.427051093300816,3.627714458974141,2.499562278442701,0.5035327898876407,-0.60483514501838,434676.7811286004,395168.66243989713,1.146267752432039,0.494792953489791,3.235050065902379,2.4740349911528683,0.7017980709698216,-0.4134429058309563,25.28510337294047,19.38594019371624,0.6565387842398571,-0.5005471584391428,1.772734824401761,1.3730235369755068,0.7774305278088576,-0.2753052975686025
630000.0,1.000788414223056,0.7570191479291166,0.6752885049908965,-0.3848950229457664,4.240853763732745,2.955412008943521,0.6087625845060455,-0.2122882798294534,635826.7875909251,512520.1533495747,0.7554901841442229,-0.4944901568395017,3.867096098401493,2.948787889915207,0.6536056284014111,-0.6946161613314099,29.14776759201304,21.63709308841336,0.5848907989018614,-0.768839122549621,2.0267067221065838,1.3793847615463346,0.3312928955998817,-0.9074407983944396
630500.0,0.362342860484604,0.273999848904444,1.1764919719786002,1.7214339016688305,3.403562843116256,2.561829036148131,0.7019708025270371,-0.4611483237072091,298693.4681238628,246515.803750078,1.1545416344026915,1.0690946003162898,1.9901241306196047,1.5056190635414866,0.8878110745932045,0.3775885515217636,17.40196048746516,12.742149347222997,0.7259664823539184,-0.1524191802688075,1.2487396975242004,0.896480995245706,0.6066591780831658,-0.5089684581754645
631000.0,0.4110777456140497,0.305956259201991,0.6188975041699418,-0.4375863400474191,2.525168194275489,1.8976858448247231,0.87522908994962,0.1635891301123977,269393.0510830499,201751.84417727916,0.9701351728037466,0.5308214055367695,1.8355919213265104,1.3243370176345293,0.6462565260642438,-0.4005675151547017,15.485428812599697,11.758249264004146,0.7211186275414204,-0.4414794191745295,1.5452635089755518,1.141020017799428,0.656564393505964,-0.5116146679567986
631500.0,0.5582189208934482,0.4352149824662872,0.6322171439988311,-0.5581874369009934,3.04114886410172,2.0358391985501725,0.4560260205497583,-0.7015226968942705,274148.38978430856,187352.687874386,0.6545388436720562,-0.0857604795761863,2.756463057472791,2.0208522055212006,0.763076009458161,0.1582249734555509,22.81931567818935,16.894838051111407,0.848836180563211,0.4428241408606026,1.4825136334470368,1.1993365618929528,0.8386444492088483,-0.2146248767541703
632000.0,0.5886227681276769,0.4094521819327505,0.5417541968693798,-0.4149927826842852,2.0345200399995136,1.5165839550750913,0.7600423937368105,-0.1008046374538942,307948.7758900091,205230.2771336487,0.4752909360924732,-0.4031386863555246,1.9213760648337508,1.5087690318002476,1.3197115691026746,2.228141606281728,14.926102522397706,12.526578422920718,1.6130439076819072,3.582173423253465,1.4992514510863553,1.0258402402887763,0.4307308926069406,-0.6890226929875727
632500.0,0.4711458156601503,0.3428216047399685,0.6597182385756312,-0.3044548489849763,2.855329042862401,2.3050146259816526,1.1481784478580082,1.144409593209062,243879.70041577477,181957.94450098427,0.7545184791385164,0.1686619724193092,1.190222026586976,0.974801050731876,1.3792900195200526,2.739636404983508,9.503323574190038,7.715730215105799,1.553240601790803,3.405604642595887,1.1601943804465489,0.9745016016121036,1.0251172140950104,0.3143929475169762
633000.0,0.3709928694749773,0.2724670794159622,0.9439396075730084,0.9544411344228444,4.500958531562321,2.9634733295416487,0.3648693338785438,-0.8849879845924007,288325.40917141875,203974.52889708988,0.5645846873163682,-0.6457693710375194,1.2383031637496758,1.0995656267016365,1.659014949242343,3.3799002267109737,11.606090832598833,8.425289486082544,1.1941949032320922,1.9092657774615749,1.0176269038656114,0.8014540650152503,1.0394229384836606,0.6857680912486699
633500.0,0.5971424678294539,0.4093834340653635,0.4387126644450868,-0.8343817028484999,5.2844901951189,4.038217601142539,1.0761360478995767,1.1607522165224289,299750.8912928598,211942.1053735572,0.651471067300343,-0.1892208034511862,2.262276726985452,1.5272816549012518,0.4896920258776935,-0.5734311444932625,16.59255229581923,11.250532392095248,0.6027266773825989,-0.2752118730012758,1.243776894139874,0.8953031699723027,0.5185919288633114,-0.785812379853831
634000.0,0.5110673273757501,0.3909687499598384,0.8471517441775491,0.0865393231584397,6.572834558841032,5.747731829798416,1.2408030334301412,1.0255724239774755,342259.97213188995,284551.0851374333,0.9824382265114316,0.2248154912877349,2.0972974165981686,1.6909259985281455,1.0720007023362763,0.6255554642013141,16.641669136333572,13.288357754764892,1.099863954503839,0.7994267202806915,1.1011896926280234,0.7659676563139495,0.5756265489878976,-0.5559937039941278
634500.0,0.5990497707158313,0.4818349693916612,0.7250580119927867,-0.4849768437569652,5.578851325524561,4.773034700956848,1.060694804966739,0.4877363725058563,408758.5227495232,320400.33385371225,0.6910782737919421,-0.4772844077669989,2.1863984364513227,1.5779532174944777,0.717152216865623,-0.1674334661490215,15.891995775447365,11.292747039925942,0.8445127086950195,0.2445112029982499,1.190196028315018,0.901500549202904,0.6812493350343064,-0.5672286490402811
635000.0,0.5978211715277485,0.4368450788803271,0.6612797114054357,-0.3310792644320228,5.8984185585014925,3.983335706055607,0.4000801010070446,-0.8537294769759582,337808.3076146303,257281.383787834,1.177779276394488,1.5834695607926612,1.9345461127745889,1.3244880590487855,0.5499443677786152,-0.5061785757438964,16.13352347015323,10.952355173652776,0.5483917775274685,-0.4603449567631634,1.1131599533634498,0.8142456678886779,0.5223978198568331,-0.8128683829963457
635500.0,0.6746813870774582,0.5071672185182867,0.5863107621425159,-0.594430262165278,4.610450408026869,3.2586082603237423,0.6118780813019093,-0.4211832269580879,308836.17117432377,234095.85097297136,0.8071506931766222,0.0564512353483692,2.595328727449739,1.9305185430815728,0.724957311972467,-0.2565301879726145,22.961670437070115,17.140139345642183,0.7030193629734813,-0.3616710067207025,1.3233131366568045,0.930122389982202,0.4532557882332526,-0.8485064177823074
636000.0,0.4812973575354218,0.3205455554766071,0.5275089327779254,-0.3955487635729851,6.0600888204256265,4.19921991402736,0.5327916260802139,-0.5959604573088293,340712.52013947227,249031.54780957417,0.897554400473756,0.5393800971608487,2.131415213806233,1.624799581539203,0.9584216360871556,0.4604088118285077,18.141943396768383,14.360472845053703,1.1441647389612766,1.0046856201645396,0.8620006128534665,0.7731936517076085,1.2233149122969895,0.7042781926008956
636500.0,0.3156257534788462,0.2227253156882534,0.613381893278926,-0.3740953669151281,5.443931507006916,4.639945406533484,0.930530592720656,-0.1277938791588031,241539.9684513712,199305.77159954028,0.977390112770636,0.3513828313320553,1.365240184453598,1.015997617213451,0.8110794867396508,-0.0122220409692772,11.392623870215978,7.932622176253788,0.6552156870239639,-0.1576469380536496,0.9670932031303032,0.7789539733201867,0.961180371737711,0.1022216538867741
637000.0,0.485108128314371,0.3158186140060126,0.2811168882468158,-0.9414386106299486,4.197103449575349,3.1438158185175324,0.7239369564099938,-0.3726418549579366,250120.9509924499,194740.35686488653,0.7468027748702036,-0.266867636889089,1.5212107653307052,1.1397007291256065,1.1958938061215465,2.166015715412777,11.886740109176715,9.161404803980544,1.1632187667141232,1.5826947491133891,1.126724745161651,0.7845348776066519,0.5648275083961378,-0.4300171370046239
637500.0,0.5905954548947444,0.4195878870884316,0.5721933072572273,-0.5978009357437992,6.270675783359779,4.511896204329042,0.6626034403057901,-0.3266657161342023,353767.6336196088,250832.9383094416,0.6354060932519459,-0.1622717551500025,2.3117032331732754,1.5996716498719654,0.487097995474367,-0.7923831397136065,18.59101502365055,12.86036650215421,0.4915815454208385,-0.6576519232483022,0.910230495831698,0.6464432961340717,0.6837395555544946,-0.1100454875396219
638000.0,0.7158559976841093,0.5092235161099262,0.5389005652243705,-0.669245818794074,3.689137698577297,2.6854385639458047,0.7067938582268415,-0.177014895469409,287932.06385998,255892.9334467738,1.5915100931296209,3.00231135850702,1.8184836730481173,1.4364871732222693,0.9208021102934558,0.2459826821586817,12.802046816561784,10.153929779896323,0.9750646373968086,0.333889134483619,1.216051097463641,0.9142124482971508,0.7127950091474669,-0.2916966935052456
638500.0,0.6954644097086307,0.4995193981238949,0.7078659916047945,-0.2376799986297557,3.262752155077306,2.601340316785679,0.98161644372951,0.2963384307427303,276254.6241169978,204436.9605074024,0.8059786258024787,0.1536279239222557,1.8191018702402624,1.2242965307517335,0.5657867606428467,-0.4040793709859809,14.485026603155582,9.714490669265135,0.5967097318468129,-0.2901422724402662,1.3579710888696632,1.11461233795336,0.8792744305099157,-0.2528021278388976
639000.0,0.7325775979492696,0.5487907352236557,0.8325466022404655,0.1826532780974576,3.182307126854814,2.313534455038968,0.6435849727633961,-0.2601461787262629,345242.88572439813,255251.0753569852,0.7582954168436346,0.0200128493521312,2.305621905365723,1.6631167138325134,0.7226821139522633,-0.1678597343580636,18.089372488934742,13.004180316228087,0.7112734413827061,-0.1946067857618532,1.3278165694302746,0.9641503428888276,0.5803961608181133,-0.5653571147196468
639500.0,0.6917641400141611,0.6389719078948606,1.374169672564591,1.2743192004018562,2.981957648785382,2.377091578188376,1.2010601517732713,2.0717006477147786,348753.0283189556,247799.93425590152,0.5840063901980794,-0.6078398691243341,1.9825051001263527,1.720346504312149,1.4011480411528725,1.7340155544161997,18.035195072975608,13.967221102689017,1.052257042422624,0.7430281845901741,1.586508144092565,1.2456915231633534,0.7815267910977038,-0.3675023109730415
640000.0,0.5247163681576864,0.4031138336877734,0.8782025624319985,0.2827948921092296,3.859673995199334,3.064147859969412,0.9772266207664724,0.7525329699521528,296221.1570184587,225724.23855959755,0.9446385094899252,0.4629399860228376,2.1380474194661683,1.691277697869718,0.9974830358567816,0.4770902684981077,18.16969863799752,13.07768510775796,0.7314635688327072,-0.1319773533003561,1.4573009588446846,1.169074189993911,0.9242479351935382,0.2134670655879631
640500.0,0.4251139549427152,0.3403557927198677,1.0783423804353611,0.8366980605834144,3.482489205061402,2.384957664320228,0.5226595571935879,-0.5383406720387347,312542.0364472394,221907.60491035343,0.6376146750836743,-0.4279574135573507,2.0617012111861674,1.3671001283341782,0.4932022237884476,-0.524357353040982,16.693224741459474,11.894453831591417,0.6300348311981389,-0.3945862698483227,1.1627104393634764,0.775733701787272,0.4367823034303726,-0.7415118264365352
641000.0,0.3754528099584812,0.276097878279601,0.9243600416956947,1.0036665495448602,3.706433437935186,2.641070996467032,0.892659735526114,0.9342773271887768,260218.46428294692,177828.58155265692,0.5412697281386724,-0.5009303274984878,2.199981381736945,1.507093458918105,0.6003763554631993,-0.2345474977079353,17.63779245047417,11.974612544721587,0.6676827776560267,0.4470694812838296,0.97807914440336,0.6564525153980456,0.5465434226967634,-0.5161308126626007
641500.0,0.5330960376824102,0.3858420072824998,0.6905277455561534,-0.1128599775986547,2.744261184782872,2.293232675594151,1.232885647342283,1.2037685007995886,279155.81662194413,189801.76829606792,0.4145277352024855,-0.7961775034056595,2.803193106243106,2.0402155552400205,0.5621448783823116,-0.5981071751066325,22.668027799425158,16.455879126833718,0.5890602484595914,-0.489934461524772,0.8575752019293599,0.7023600907141568,1.0387860963605768,0.3231919941399335
642000.0,0.578567643986618,0.3903004510748414,0.5101822841380002,-0.4749011913114369,4.508515062181186,3.415372846112646,1.0078396069422362,0.7141466215989807,252083.9293180169,172512.7372448656,0.6720585267166738,0.055355028425529,2.760681778200516,1.9428996807862589,0.5161950768897243,-0.7848473120818,22.41565707893524,16.01033600821845,0.5180316539085154,-0.8186449998362457,0.9117641319525478,0.5995562558219614,0.3565583998805078,-0.8800200597711263
642500.0,0.6462691288728875,0.4640687515981618,0.5517330831363882,-0.615411511934004,6.247122844934484,4.22513188325875,0.3610800839193916,-0.9657194922591884,294405.398705492,202165.3019667888,0.709866154798065,0.1508994510418841,3.1501368409291786,2.186536669605182,0.3941742317779664,-0.932582872352094,25.31865979825807,17.90380137665251,0.415345091101086,-0.9111684114341948,0.5962848966285101,0.4268913937815229,0.7188092068039619,-0.2408470630354853
643000.0,0.681319337305048,0.4501975230807238,0.4832616176830012,-0.4623631014670111,4.470183151320796,2.996731434751763,0.4969600121885856,-0.4415197005205162,322039.7426374065,221070.7778145094,0.550821020540484,-0.4642322477825549,2.072587253248663,1.4671099886948,0.584659990831059,-0.5899898197121236,16.434682395177617,12.065539562621368,0.6225556363861598,-0.5849825750476625,0.9168399044247728,0.7049564770647462,0.813607031521697,-0.1209026302480085
643500.0,0.4516610159090969,0.3184110031695117,0.6733188150739846,-0.1838362850530579,6.527106470012985,4.443929631056835,0.5485250652343946,-0.3102050428636089,238047.66644249417,198659.185999098,1.239377231010953,1.8085530280167343,2.2084739762807395,1.5771825870034235,0.5680089245535259,-0.657249442138931,19.44990379136255,13.845547235632058,0.5679392392674952,-0.611387034414121,0.8939329699440068,0.6835538378590078,0.7191443173613699,-0.3518339814129807
644000.0,0.6137685268861413,0.3974208648626173,0.3942903976674277,-0.7416415626836939,5.316850718547431,4.151040078644062,0.9778373693836868,0.6900318073301706,300693.88948624686,224269.3524075576,0.6715301055540196,-0.3160442624689628,2.6447413393756727,1.8787163336383108,0.5869738092019786,-0.4901340811022248,21.385219435029214,14.620376208777897,0.4021559600456323,-0.8261817899279977,0.794263109124444,0.5316121162486729,0.4347719946478054,-0.7911320553790593
644500.0,0.5173291527851115,0.3750118754309373,0.7834773623474406,0.0182678263254985,4.725971308121705,3.4037506631560515,0.6072169287901422,-0.5435088003330244,334053.5214528206,227531.2251785341,0.4517038232018711,-0.6274372996538964,2.6277358970765268,1.8327528838711613,0.4592262925845392,-0.8093570583602405,22.822397201321103,16.29315502386215,0.5883768477731207,-0.5912455608010481,0.5804840326037353,0.4431925203463505,0.8725202294802581,0.0236290188710088
645000.0,0.5225705333221509,0.384587924921953,0.6331513930523247,-0.5046857103191069,7.70101756996211,5.797043142736172,0.7195376793626537,-0.2556666768111348,288937.9363330692,236667.13061600644,1.658076667781508,4.832961230589584,3.031079121824307,2.240618155745968,0.5853330006224371,-0.689194601899251,26.17336904801361,19.12618443116848,0.527377315644039,-0.8114320464724472,0.8172960849172095,0.6416371966280501,1.1579050375582207,1.3196876986473596
645500.0,0.6652171031038695,0.459271568540244,0.4954731512107742,-0.8201678511124024,6.756490211496189,4.994972232102929,0.728859655354117,-0.1077262856011667,402550.03153304616,287028.2561207359,0.7198191324388337,0.1238242276060925,2.015001125880264,1.657708371953266,0.9918756524716036,0.2481536649524698,16.94376241677868,12.412645380683651,0.8030856186851008,0.0283846468296671,1.1299327326796134,0.8589082530339558,0.6944518411763303,-0.3831077742583919
646000.0,0.3996360812421226,0.35985271329002,1.3755336532902702,1.5722528535290587,6.022813278598586,5.162424603541673,1.113677261486933,0.5149158979650448,294322.3020124884,199524.15088269385,0.7880330673342756,0.5949623836356164,1.737559082198416,1.1987625130510933,0.7558797413891446,0.3845264955044767,15.840730393030851,11.11733832365129,0.6981690994299583,-0.0558633205957899,0.8613822420232363,0.5770152742540876,0.4703956283449116,-0.5625598366638784
646500.0,0.417857325893007,0.3263685924828794,1.002423029200877,0.4949684007807957,7.479939152287321,5.753823099347649,0.6748088961181675,-0.6294783217760718,250942.9274828985,168844.10930581618,0.4533407790888757,-0.7162556088612093,1.662930314591357,1.2530129109383508,1.2589514035655367,1.996691140186296,11.672555723128028,11.009940319958485,1.6263630492387595,2.616342207673858,0.5709820418236302,0.4365496078190525,0.8526432895362591,0.2276730995826725
647000.0,0.5581992813315179,0.4116604297291626,0.7635812948625829,-0.233444464959756,5.348442176570512,4.1499124575292985,1.0007824073105565,0.3732977036206106,342304.6902223163,242260.82930641217,0.5757589284947543,-0.530355493833925,2.3587410801664546,1.617113237768636,0.4361562331977063,-0.8047764889200062,18.00248602873011,12.224514714271246,0.5016799055094556,-0.6199935987195415,0.5295167055945342,0.5148704428090296,1.4270875020709255,1.4340091646001794
647500.0,0.4609834209842168,0.3513922751154241,1.0607402555659842,0.827722690288339,4.60536623108001,3.4381607433410903,0.7388515495321509,0.078385604089219,283308.5664572667,179665.5802982861,0.3238922089539853,-0.7826126299045155,1.5135102245510816,1.284454153810964,1.2223706529729808,0.991079282963974,12.458734893167676,10.352412191085063,1.0993501285090457,0.6867709607378338,0.4327637513655314,0.3502761011739623,1.413729994913032,2.387394155582161
648000.0,0.5317342501176588,0.467175217616056,1.071245111603069,0.3652057908907027,3.5309154657780617,2.9601076015654204,1.3258144011688135,1.795367371988804,424930.0870631693,313037.20904938894,0.7098327913976319,-0.4103948690155872,1.9653336696804669,1.7678963055967885,1.284147805631413,1.1006092718197316,17.406028782419867,14.403595235020548,1.0914034770270733,0.5970624714533486,0.5906662506881744,0.4778782789253827,1.3742541401337731,2.2033088202650424
648500.0,0.6054603991016329,0.4864539717013114,0.7918398823444278,-0.3981500528573574,3.816019179331948,2.654744084389459,0.6251366758995077,-0.216242857260041,423354.8714905697,325932.27848488936,0.585255937489292,-0.7616989682607209,2.729359888674818,2.11482387289287,0.7172339929856515,-0.5355245331320448,21.9364831111776,17.013853632985192,0.6939129798593975,-0.5942543756936636,0.7056268307465317,0.4892719891405013,0.6576120415256268,0.2848664318279903
649000.0,0.6451106504858097,0.4767448364100035,0.720140525203488,-0.0753404103434132,5.380310496087832,3.862411007734917,0.5787642709264775,-0.5332355442116437,434248.3767018488,302740.699992472,0.5095158971136716,-0.6970938939764308,2.194548114795266,1.499185696729203,0.5892337859342754,-0.3859134068447907,18.19112167185724,12.500941380240976,0.5516231178352479,-0.544106053835907,0.6433099431835088,0.4777636261338503,0.7027769858923313,-0.4263114600777364
649500.0,0.5638126875445602,0.4267646985424254,0.9384228573059896,0.5137705588340271,6.511844651479697,4.317115278226262,0.5020804736184207,-0.4720122350734423,294144.9303299024,202248.0564953652,0.5172295624904328,-0.6107374464846185,2.0087737370830565,1.604792046168127,0.8648888513649611,0.0239671195176316,15.48665074528227,11.507743957087053,0.8479956835695894,0.0890189181334859,0.8513483650923709,0.689354020340099,0.926943909049761,0.1522849707395162
650000.0,0.8672844565147612,0.5600179907810545,0.4001082167262549,-0.5778921863089423,6.38999811612921,4.812537218767038,0.7976855393841337,-0.1207495100523758,395819.63047120976,266229.64145691285,0.4017835370352273,-0.8938710884695795,2.610975420489749,2.0157081362375564,0.7844910443536579,-0.2714996456301675,18.050922080961968,14.395075268462724,0.8398022642833282,-0.1496922100584612,1.0500901828454483,0.750129870954145,0.6391386646679762,-0.4424828222171171
650500.0,0.5942202911923772,0.4401933177760787,0.7363849617490565,-0.1943463710569726,4.594672961218195,3.509831508125327,1.1838340999566082,1.616089561254583,348093.8560783433,277839.99359032843,1.026467370019814,0.6195144888889961,2.0559859208833164,1.4351153530846492,0.6646819219507095,-0.1740700199046214,15.580368545878056,10.72754993698241,0.5115951015837097,-0.4408688877840405,0.9387819832828164,0.6100328711654875,0.3284163447657392,-0.8983476043089755
651000.0,0.5050068707417524,0.3702402413927483,1.0563536088767316,1.493039802847299,3.536963827713485,2.5479552847844027,0.623336335416798,-0.4698608020061323,475827.3475671648,325056.80092464265,0.4420360906452991,-0.800265576462392,1.8082226351688,1.625007703818138,1.8946071667069204,4.824750946689595,14.15278615808682,12.111588018258256,1.6201755832340126,3.5812945500982867,0.9272083975005914,0.6659182065262568,0.7222001042479722,-0.1371116609057852
651500.0,0.7021915829041442,0.4900351216696074,0.5762949108264803,-0.3188426089488212,5.366022145319592,3.813480167987878,0.4744144118469191,-0.8309707703823639,335793.31698977726,237722.50132677337,0.6575606027085303,-0.2134845444932556,3.035932933489645,2.2021679687645364,0.6408229544238633,-0.2637965844560215,23.495474482768586,16.705017626712074,0.7074728057192518,0.0418178821534258,0.9776821563051398,0.8326934241927992,1.0795877487619725,0.4040266604054525
652000.0,0.6026364733349315,0.4357177434303412,0.6741310566789659,-0.2746107258792247,4.361546972318984,3.1802892405263576,0.8055136807036594,0.0047007587718672,399545.51059379097,303521.38057838165,0.7508056109707768,-0.3135801553522581,2.3736227684943576,1.7974068583388374,0.8119678576015842,-0.0725101456425232,17.873038546212868,12.72383630982674,0.7668553797427524,0.0118732331749908,0.896846028349197,0.6430508045221297,0.6579689024017962,-0.2617560950682756
652500.0,0.4436194515734829,0.3529340200601309,0.8401859150186428,-0.1483082851616552,4.813272253272719,3.39716534978085,0.5726354682009539,-0.4911913130936103,435371.6226773197,334025.3383151901,0.8985403414469728,0.3549062309447204,1.6808809895197938,1.2404713831261145,0.9496641861592294,0.7048282232988248,16.99318467907612,12.490834009140167,0.7576743640727492,-0.0679732139136337,0.8022639658173581,0.6918474632835102,1.3788261293998096,1.7511156452067898
653000.0,0.3802758732508271,0.2909414126086406,1.317394790720846,2.726250402962947,4.102762240393849,3.235461102964557,0.7393219519872279,-0.415347519482601,430227.8895836095,307910.3477853454,0.6750602206385463,-0.1133454043458193,2.046784551235989,1.374140754475743,0.5341624786151813,-0.4430747443894551,14.398166371871982,10.161544454272375,0.7707098887553461,0.0789080506654458,0.9236482932787572,0.7378578943936559,1.069167851246888,0.9397395791659552
653500.0,0.3660409526891187,0.2793652999538986,0.927190553434708,0.4231411892700225,4.041339577394659,3.014349928146173,0.9755097943226316,0.5546758119177722,464389.1920362346,341655.2119234216,0.7820397494539838,0.0918183470683753,1.701280454337034,1.3374856207048895,0.7785680525134805,-0.1821659349308024,14.3568616407414,12.00997652063752,1.2498618893539786,1.2986483577075152,0.9066921229847854,0.6824668743319645,0.9884240041805764,0.7409618050704139
654000.0,0.6086046601170447,0.4684187918241906,0.9796438233161104,0.4184833057261388,3.739382590386802,3.1199073828236563,0.994986722614745,0.2208421159514411,473138.8066530072,373488.550297475,0.9198278208703194,0.3239930772084323,2.0729084955684054,1.6555707429963455,1.098095586855918,0.725105035749452,19.680391483760555,16.52297018479295,1.2285223847187356,1.13627902065355,1.021946449361959,0.7355682056032098,0.664498346321924,-0.40888426627167
654500.0,0.5176866287535973,0.4472273183933256,1.3639920794594735,1.716577834479195,4.108383762948297,3.0882111070983997,0.9355150551679434,0.6891429322292209,436923.05074637657,350711.5187243699,1.0197707751702612,0.5151404206526453,2.3036512311558885,1.907214110543603,1.265981897596965,1.4422868616867517,21.35954106781245,18.653952169102627,1.5452781537567584,2.304194444726085,0.8440804583713073,0.6344496341400101,0.8295011910755262,0.1609432761605047
655000.0,0.76103525729642,0.5275794762670418,0.4087794076696117,-0.928558711215095,5.993599463037975,4.396007837418656,0.6471474450679356,-0.3948820218492659,503147.1089666804,376575.0814627728,0.7021845240977369,-0.3021982008297912,4.17814435099828,2.889845198549053,0.3778089958586246,-0.9955099803089964,33.940952782579984,24.77671262580109,0.6277604088244466,-0.5526175397965392,1.2501218206752522,0.9509664160630498,0.7968120916722954,-0.2259580469470452
655500.0,0.4393874069652878,0.3439141902415085,1.0117354956884883,0.3553603004738774,4.400235427305949,3.2492669000340597,0.7668791146887965,0.0325880676337555,398127.7749781496,318985.01579496305,1.014019850492225,0.5383087099835371,2.479069219345321,2.059954111321395,1.100967361536373,0.6855746260614919,22.57739511226036,19.45465104936559,1.1605206296803,0.7964768383578815,1.0401002068536036,0.7851083695809068,0.7464529684084451,-0.2872021469310835
656000.0,0.6519378847807316,0.4656318695610023,0.7147334010201001,-0.1716103299187668,5.099520607051224,3.3700099159574504,0.4306253683089553,-0.772271795551378,382941.63248753385,314991.81719745067,0.999835365140693,0.3819171772006315,2.299249495556952,1.645702500509299,0.6485312819295386,-0.5022771598681715,20.514194796834097,14.31807769940088,0.6251451501261043,-0.5007444099978398,0.9153554534329416,0.6321261429869379,0.5527370166570841,-0.528805220277258
656500.0,0.7681408536315895,0.6179585306853006,0.9743359139163764,0.1740871458944357,4.721824390693223,3.2562091455464,0.603088387457759,-0.4057529640580051,374439.4977836065,274243.35113655275,0.6776840673259564,-0.3746303923493181,3.065626755562093,2.21534371911123,0.5466347100982587,-0.7267311371658507,24.38343343999632,18.27021507362771,0.6233137568545364,-0.6877256699926866,1.2743841188504628,0.8796960350140826,0.4336451946459767,-0.7726506102001869
657000.0,0.6196177097909561,0.5461461323146442,1.609823590729902,2.621274137936933,4.538207718325253,2.9241675604440904,0.4196644542108202,-0.6474215728234585,258173.15591808697,182094.099853941,0.8575108650547988,0.4520686704627126,2.575908131674898,2.059521328126344,0.9670478915470712,0.4538315559930264,20.48130197374027,16.223806694296314,0.9708430159660666,0.3814301086995657,1.1690574736734156,0.8136358464167048,0.4660360289619755,-0.7203976105859624
657500.0,0.5746970981790906,0.4053210555535401,0.7014765845064203,0.0101427219230072,4.1884847397707485,2.916898799254358,0.4889855139382122,-0.7932469441573198,330689.6430979699,236753.4038669988,0.604120618917362,-0.4054805851062371,2.0309939189297266,1.4691655941808572,0.744566069440835,-0.0623810288284492,16.51555566483628,11.669707961653048,0.7053041245412592,-0.0820071831928559,0.9655911719194112,0.7056491832683824,0.7101325109315867,-0.3202618200374876
658000.0,0.5721428319006996,0.4680163438203332,1.229182308553075,1.2172515084996665,3.781733393669593,2.966007634619257,0.9930727685267984,0.4503616235171868,387275.4028325068,286050.84111487435,0.6128928659691497,-0.4817165083670165,2.365732647756284,2.2093918790111142,1.534955249506876,2.2228484883108437,18.939334404991545,18.642797394281263,1.5286797510534826,2.06097491963689,0.6651375092887559,0.501808182507646,0.7836365198128731,-0.1384326577402173
658500.0,0.5233810288424828,0.431026512576953,1.1088755113145965,0.9890770476088808,4.505657188531402,3.286703235524996,0.6560139393687859,-0.5454576227160501,515053.9667302121,387560.2769824202,0.6374126673091327,-0.5687713127401213,2.9942456029805857,2.484902026071293,0.9549305768432488,0.1170667578226778,27.08187218125075,21.92727185249081,0.8524185454648466,-0.1558490546043702,0.5000460074737735,0.3813981794541471,0.9411393064779338,0.2439615444383904
659000.0,0.569012724202635,0.3945447478152906,0.5716278323331582,-0.2672028860750104,4.283580733915658,3.1483297986241503,0.7512856552808957,-0.1620088939833404,652957.8466760666,557341.4125159105,0.9695331012763722,0.0919553429072346,3.172814249005286,2.501682212209761,0.7550764315687968,-0.5473938560507126,30.82104472698568,24.927551919604333,0.805903086583926,-0.4112183979641166,0.6861994447373365,0.5149565758602638,0.9565365903620248,0.769069605398335
659500.0,0.5856094430290257,0.4585546503055989,0.9403191637452858,0.5140290665371365,5.0095166828227065,3.896221905896776,0.6981529502907144,-0.4798014301473512,682738.2624630785,516749.2306151017,0.597626449591576,-0.5142250928362508,2.6531873872350853,1.9478530850066675,0.8197601536781066,0.099554066723424,25.98414425074905,18.80445041594356,0.7333106942991712,0.009449646460514,1.0501861517296742,0.7504314271897162,0.8263050136896004,0.3699010469102988
660000.0,0.7520687288219455,0.534889013395817,0.5327352973628301,-0.6698333733200221,5.319954855602816,4.0458210104894485,0.9008413488484904,0.2507444351749974,466075.6356914642,326700.6370250198,0.664187268553303,-0.2051466976406604,2.681045108384584,1.9966186490037845,0.8571777547782375,0.1455720840269188,21.78584309243345,16.662057766249298,0.8640361258381414,0.0536470325175733,0.9329691852078184,0.6760587504932873,0.843594809196194,0.1471472222889884
660500.0,0.8729219851974327,0.6852751456172217,0.8884473824626097,0.2222193807859809,2.629610881002877,1.9990598393726888,1.0942404601147462,1.3580224144285378,498145.8549904723,370539.69664039294,0.7396374371694364,-0.1680216822369282,3.139597552980517,2.6538599665104163,1.1523124903476127,0.9162559796306492,25.594649243241356,22.275134866070907,1.1619728038467736,0.9378720457337266,1.1629136973489027,0.854404945962367,0.892182877036319,0.3833345326008417
661000.0,0.7025600738860102,0.6251892528557128,1.4032005077463974,1.747119697520854,4.588670789157535,2.9918029658007668,0.5142859533120363,-0.301174070793659,599369.4256511665,431165.6700153885,0.5655047392619172,-0.613658835502489,2.626518369472229,2.606606698784729,1.8158443138035936,3.3968054947925888,23.777220097780308,22.481014507131057,1.6840059084356582,2.7751397113709846,1.3493979459811565,1.0281690967789336,0.7395914516161061,-0.4423240853591723
661500.0,0.6838007624573128,0.6266895731621629,1.4277937330920931,1.6444590206353418,5.883272062388472,4.02182004477534,0.46152407140383,-0.8249132228096023,384088.8519244745,256995.19798396304,0.4580804818677234,-0.6365840837476888,3.367297560071146,3.302307514741172,1.5273735866629017,1.861804351363248,24.24644929359281,24.331910607545865,1.7362875779888682,2.6843152537896176,1.352070788612333,0.9962722067229256,0.6316820398090102,-0.4605812474835113
662000.0,0.7579384065981667,0.5931954735631165,1.0151930219276384,0.5203994008267054,6.275594190526392,3.9984699281721863,0.2951220018552232,-0.8868497768126531,462572.9810299923,387026.3064482489,1.0225541051191094,0.2517400837077201,4.160854833626792,3.262891059429929,1.0841894882338778,0.8573340544353676,31.163431078634325,24.888213299632763,1.2030369840884154,1.2004835937364555,1.3927320213284795,0.979921302678578,0.3703654081784257,-1.0753543030696076
662500.0,0.6362447218534536,0.4557370356786125,0.8845866836347238,0.6088851311818058,4.69829293529313,3.224231193034821,0.5825313790024118,-0.189704860628229,711781.8966231886,556062.8423161564,0.7126091962050325,-0.5699683512966542,3.736053457357189,2.959117253774872,1.0072852240479633,0.6176981780694826,31.048234892229505,24.756806965555214,1.0164133245330529,0.4775861547319411,1.1432946359205751,1.0283985563817666,1.4148160543874764,1.7606182752420247
663000.0,0.5324428919013983,0.3721943197563129,0.6986228786704941,0.1148015747821977,5.597612588231772,4.071552746721204,1.0931708340396855,1.899977561007848,521332.0161792294,436631.7541273468,0.9582884998441816,0.0415528814262371,2.9214322240206223,2.0141959198810677,0.5808084065997613,-0.4112529740846766,22.685283272012125,15.939864136962584,0.6115478237467071,-0.4053971536683556,0.8210522929127988,0.8738660872552558,1.9694333215092648,4.161527966270188
663500.0,0.5214214862548362,0.3751658637305516,0.9696618509222804,1.2014693920578994,3.0232446232619634,2.6175520575399185,1.6874867799944142,3.619267205492717,443067.96707061655,304966.3211145008,0.6182746673424725,-0.3047966516079068,2.5131815139607765,1.843922388805392,0.7722019745667882,0.1407904570447415,19.30634366650545,14.336010239732202,0.8015432891804842,0.2431889291414655,0.8709413741981277,0.5992497034959124,0.7148292307420812,-0.0604369628945944
664000.0,0.5484839457162421,0.4592383568760869,1.2841351089684707,1.617040410926358,2.975570695740059,2.3952399919675926,1.2335706456897044,1.385589172074706,352146.4634344546,260406.8085713724,0.9353809525266394,0.6868350447323723,2.706964839309651,1.9684584443991315,0.7722832591622739,0.1424276431917661,19.122982485674758,13.093143988897552,0.6739911689454827,0.2347987355756942,0.9131755728901388,0.6277640935691453,0.4515105678675898,-0.6574437496416397
664500.0,0.5324569649883428,0.438056185746581,1.368258318029855,1.7991200091706512,3.644290259182364,2.833193849203023,0.9729034944473536,0.5590486808950548,426180.442021113,265659.0735542818,0.1798106783984093,-0.9489409800544876,2.358504339512389,1.6572419067085224,0.7466069911070352,0.0709082900662849,14.211851517581296,10.759012696210275,1.2178676939138977,1.6406510229088864,1.024234004831706,0.7269375532324872,0.6215226418423397,-0.3904340978990177
665000.0,0.4700440385579194,0.3820014141121962,0.8800505136848995,0.0113318081900746,3.612895506430202,2.6110081396952785,0.7298332676183219,-0.2218144443321543,330206.33287923766,261679.4156431801,1.3509157309470947,2.746240528673497,2.355247028192205,1.6817757074453905,0.9936685698407745,1.2393112033390663,15.053351493228831,12.988266569653884,1.4007313034671525,2.369282460780484,1.0479409003794462,0.8721169545323174,1.0875136507666243,0.4686306283999415
665500.0,0.6024419018626348,0.432355572016875,0.6252496827284013,-0.4503880172826044,4.981046572134961,3.3443063387907905,0.5224494472371702,-0.4621383257516105,349782.7800331724,247314.4557882854,0.6496050010934414,-0.2953424642088103,2.142384467322858,1.8855268737311068,1.092984483821761,0.6710531842149412,15.63983415774914,13.81653272759405,1.3006319255970358,1.759226670134261,1.2726072736397536,0.9501089884601815,0.6151116595290435,-0.6074344399475557
666000.0,0.4872038518983577,0.3502483597267242,0.8446805675558144,0.2785859842870404,4.710854661179367,3.298737838718777,0.4590694412186261,-0.758311458586562,363465.0687134741,269214.62380448985,0.6851096378944047,-0.3870782593748982,2.463587225184166,1.723703555871353,0.8777211540768642,0.4921734037309155,18.95179614814477,12.474469318620692,0.686513403014139,0.1402971618820068,0.9547910836849888,0.6381076896725577,0.4559679987612526,-0.5206520906191296
666500.0,0.6295047346683192,0.4781902629571705,0.6827418617509979,-0.5348871402473754,4.732754591423212,3.463507688001009,0.6316049076398691,-0.5011467874962765,405065.6973440244,269608.5449865174,0.3985974734030669,-0.7582059830111856,1.8981504182472115,1.352072517107917,0.6250478594035979,-0.4541716637591375,14.641603635325083,9.852289614945576,0.4898140561471084,-0.6150594971739021,0.6641451334056461,0.4801642434173557,0.8435475513712221,0.532946890963895
667000.0,0.5545929999476072,0.360691256208426,0.3877939723715896,-0.7192251156793299,4.941789187232432,3.3776122478499984,0.4847504762271473,-0.6445435124212247,372507.3310822702,264995.3804917412,0.6919087446537343,-0.0096726281296439,2.0409766597493384,1.3212458720254543,0.532459535502077,-0.2173105054529616,16.50037075879013,10.7089136192361,0.3139867511591714,-0.8051034683334031,0.9474794689976116,0.6721303521747146,0.7042329993957571,-0.0261671654273261
667500.0,0.4843393547974414,0.3962285586896418,0.9754498794332948,0.1450377357921684,6.964887144246907,4.829774611893616,0.5140154308740814,-0.6480861147963575,350391.1301033089,263126.0010026307,0.6420367790905325,-0.5819903021728132,2.615287720052197,1.804150015112503,0.5100532533332848,-0.6764929911477169,22.624181213018986,16.588819535050746,0.6213425847168053,-0.650685622253949,1.1301102232689613,0.834263709566639,0.8484460802538417,0.1972612927407113
668000.0,0.808388223828837,0.6051422644737237,0.6081699621617616,-0.6184519400988857,6.096307150312104,4.9137090165292205,0.8025592196487267,-0.2969251562079278,429703.39388504,277119.130461053,0.4014229983372853,-0.7405601033219589,2.673492311356036,1.7742919688754408,0.4622773506811147,-0.6209933194412716,23.275821807010264,15.814258734052547,0.5121842523755423,-0.6451877778139781,0.7935914830718594,0.6246875636859321,1.2539486841305776,1.8369415915633736
668500.0,0.4447646231278833,0.3698123692875759,1.2918895631924006,2.1046382803774497,4.6651517328639525,3.650990171005706,0.9920539514130012,0.3157635205730429,458230.639252836,326136.4831178788,0.5292845939212801,-0.7297719333920294,2.026070942481726,1.3892174252592238,0.6240231179954806,-0.1234254170541282,15.38197081851799,11.263748655686538,0.8827735140393466,0.376974379530814,0.5638434548738224,0.498843364237666,1.153413284336729,0.8490115419695234
669000.0,0.4130567907920968,0.3091141200422502,1.0042924933490764,0.7897973492234338,4.137220975483821,3.0380408071038367,0.6123667407849033,-0.6211164745681264,352568.4630371775,251866.98580314615,0.573042134548416,-0.5181967919783177,2.3890350344192988,1.831834011507283,0.7960687582330683,-0.2141983950091668,19.39522198211513,15.737720799860016,0.9373083918936196,0.0781219442248133,0.70725935528931,0.6467086074930783,1.1863215334266852,0.6781432745526046
669500.0,0.5964176961747923,0.4124103232444763,0.4850639187197437,-0.8055773793927372,4.5255486544523045,2.8249894146546035,0.1795309423158907,-1.101012092226512,362451.08031871024,300074.68251297285,0.9555411433900032,0.0245410516064952,2.237045462363485,1.7435859767925417,0.8365295738409232,-0.0871588965136873,19.49255506036025,15.303141923455351,0.8860959229935998,0.0365646495635014,1.0896389705982945,0.7642155729200906,0.7108544184109077,0.0721182766607659
670000.0,0.6094989054496543,0.4133699247197602,0.4403002648459493,-0.7381649705407942,4.271594935330935,3.883750762628619,1.8531472520441,4.556169976757678,434521.2464333448,351639.4833029639,0.9115888355466966,-0.0567907424645635,2.0868243834060274,1.4272427671282075,0.6844696167184153,0.1297532789720792,18.89901675952314,12.771313945390684,0.4851492426881716,-0.676824466437616,1.5351700015371663,1.2333050563152803,0.9043971332665012,-0.0102417327609032
670500.0,0.4401694726872869,0.358047510803255,0.8298234288027324,-0.1506078224170988,3.910298701929827,3.4119638182750176,1.851472889112957,4.775977059757601,556229.5795332217,428553.88008559815,0.7763321505807286,-0.3225495744573714,2.3923563858578056,1.8338766972116176,0.7227342244953249,-0.3545042094245536,23.58043713846363,18.752492237999117,0.7946845496981882,-0.4004975677829168,2.4762589383116853,1.7800296281298371,0.2884427362891849,-1.2214738261292388
671000.0,0.7656247910770332,0.6813931118811347,1.1410687443130705,0.4743496296422012,3.815094974778247,2.8378920508240544,0.8659672783591486,0.3019057029214687,544508.9693906249,405739.5323078552,0.8101965550944351,-0.0069206727334556,2.982942340767249,2.091159821002482,0.5498964574534052,-0.6345386948783043,24.488691691715758,17.385675718680115,0.6343077884750935,-0.3384998114647626,1.2456894428813292,0.9038028137907068,0.6037252756917424,-0.4342063183586022
671500.0,1.2182562744476095,1.048195379298866,0.9054239041081864,-0.2428472828865553,4.132601639773091,2.9340841218766345,0.7529732695900337,0.1309744755112403,562886.0413360589,441629.8029460336,0.6011376981112123,-0.869033065973102,3.947571702926709,2.799979485801652,0.4812243311096005,-0.851371074230221,31.105154693366657,21.962008580330128,0.46836767362366,-0.8145592139487903,0.7143214488500038,0.4839319400520924,0.4079402901820743,-0.8576719472590195
672000.0,1.240831359316641,1.066574237629116,1.0214293405445445,0.190958726475622,4.454732094259755,3.053233994367117,0.4954584910979817,-0.6992267756055122,564926.641429912,455770.2219879362,0.9349846867982318,0.2186967268935462,3.3336096422164068,2.7752507184491426,1.0228004730422549,0.1906960501991004,24.90302877352812,20.101775120217845,1.0121017472570866,0.2794603185176716,1.35072848485104,0.99028138703381,0.6365976570077589,-0.5194985375072187
672500.0,0.7930071121567104,0.6455482590162598,1.0718823559357789,0.5117075996631142,4.096169903758269,2.87063169831723,0.549821476620137,-0.6297695267874297,576215.4705118367,474302.4486925626,0.8966704837392888,-0.0957924141995447,2.863839568730642,2.1344394939624727,0.6703074198919017,-0.4594326175600907,21.20643460848016,16.664680756373425,0.8924802824202608,0.1999000085455868,1.491930634657008,1.0906085121621318,0.6340551211803881,-0.4865697217634697
673000.0,0.4749768855183244,0.380939047129292,1.234924824265628,1.623418349065096,6.030857229790809,4.134772167313954,0.5543850071355483,-0.4256185082267811,722875.7859177036,467538.0413084969,0.3192924504992653,-0.909614651688667,2.6543618379064617,1.9236610233511564,0.6989279954209094,-0.0996135447779362,21.14371011135866,15.773092279278236,1.0559681461177906,1.050170831585537,1.3891195646134895,0.9788640572174984,0.4362947803295805,-0.8577978299048565
673500.0,0.6046075776611153,0.4259321068079305,0.6568057382490696,-0.1178953031494187,5.682205398123612,3.854279648479504,0.5017324236721165,-0.6797286657850115,453350.18720856745,356517.957220115,0.8596688631699902,-0.1247388567327392,2.409061743817083,1.6499864334942298,0.5226035677412343,-0.5916301502164654,20.74831862701602,13.742705536619196,0.52771965763552,-0.5527942431322237,1.018213309746408,0.811904802032647,0.7594619630989944,-0.4122099162174555
674000.0,0.5379127941039299,0.4640185090178602,1.3916315558312524,1.6895152174561492,4.378246060188907,3.5758195027937885,1.1802833875582657,0.9889717895728412,452057.2613717327,367587.6104418577,0.883213333962382,-0.0732764806939858,1.6005205338042592,1.350575812211149,1.147479688557695,0.7818955698858083,14.313330889855711,11.119664357234432,0.9574326963687568,0.3425323658008676,0.952842584394724,0.647962914061476,0.5068653325734114,-0.5933554793167279
674500.0,0.8969612742862731,0.6941020428904386,0.7049747101892314,-0.4192393363085416,4.775581857653152,3.7517365420156494,1.1338268676712235,1.0790630295226142,514724.1108400992,357946.721916557,0.4458590520982433,-0.8593848557784196,2.0112197593459107,1.6220793617343632,0.8936847818155127,-0.0224833408928097,17.772683063030662,12.799506565607873,0.701230231473986,-0.3079369492045596,0.9680681348760308,0.7654281027455483,0.823526540382049,-0.0929879052578406
675000.0,0.8351658049443624,0.6967451823363667,1.0329995755428982,0.3714577903104175,4.459928256064276,3.104197495203524,0.7607309241893064,0.6156055654792207,523300.2537439287,352300.7266499247,0.4892971879754446,-0.6490598177766396,2.5629311786184226,1.799739238604044,0.6604126847085731,-0.2969394596037111,22.677542200059044,16.11160220324655,0.684060915034112,-0.2207334538760315,1.174544203907872,0.8730247907426467,0.601147212009256,-0.7204903710061599
675500.0,0.7355901827585781,0.5867741301516408,0.9386664615455562,0.1957322694337544,6.136977014425033,4.121759817701943,0.3220113566476943,-0.8632277334799277,420130.3477616392,320901.7125217614,0.8054103449407045,0.0218319103461936,3.6802570000382873,2.659156521584497,0.6579424748388597,-0.4244033892620367,30.25462611408409,23.20053118927513,0.7231303409730978,-0.4433667429469969,0.5645321222611346,0.4646552165719173,1.2818603945655866,1.46200653256615
676000.0,0.9508145026591858,0.6389173561395808,0.4381134467283561,-0.6973365449985418,4.643761289209897,3.493844818883108,0.8460822099048386,0.2754685751514856,376515.9733001095,282244.166387675,0.6742999392977932,-0.5819006479904085,4.027221254542972,2.7245269294945693,0.4216405828903278,-0.8429817134630997,31.692838326998935,22.46577608948345,0.5877290037287589,-0.5786681699697933,0.700719603409459,0.5478668421423439,1.1393880677461046,1.3415551801087693
676500.0,0.8138399849030825,0.6052948875351782,0.6186877294808679,-0.5248139450608531,3.980046525177426,3.038336468949891,1.2422606162094971,2.02109159044632,380165.4105394721,289885.68994862656,0.8558887175055825,0.0326077780086087,3.66373995728998,2.7152915889332947,0.4878041216760445,-0.8622029136625899,28.68350052052269,21.383556658214477,0.5246191684846488,-0.8116339597209574,1.2001454936334564,0.9523226584255776,0.8194955017560863,-0.2096523186981822
677000.0,1.0052533031812336,0.7905710718908666,0.9879017413128256,0.4976201215090245,3.9444128411111534,2.940906534274338,0.8585935504981614,0.2775108425092289,373423.2425602023,317075.326222015,1.0241334830782725,0.2918162171916827,3.263023494333639,2.2299247126681254,0.5221671585061352,-0.5135492755858895,25.079969806859054,16.704646954329142,0.4318026470827748,-0.6678855675424851,1.1001679918745562,0.8300610408161686,0.8956394918673404,0.194105300412724
677500.0,1.1453253928444271,1.020774531521374,1.0866390504320913,0.1941040712003943,5.946404258680757,3.872716440605424,0.45887094040359,-0.5067613574843581,314988.625696911,278378.4187266456,1.1260472792970573,0.4459244264972093,3.059261245953824,2.146316999420304,0.5485177640345336,-0.6415977124902574,23.893172531434207,16.181739961704537,0.5133552771066294,-0.5381885398917583,0.8838377830942282,0.6875493040393298,0.943880593990179,0.2039340274274756
678000.0,0.9292448401791918,0.6719344866144666,0.5687303876299921,-0.6038222272506175,5.733167295386631,4.576730727375932,1.0004010614535443,0.2831345519611941,375686.7208468519,238076.90995388053,0.2755098406799372,-0.8944282766872313,2.961393832817008,2.443435547707593,0.8910959108770528,-0.0470084943802953,22.302204573143257,17.904157057228073,0.9565870613136545,0.3019024137749264,1.04088016166833,0.7623550319032301,0.7421444336652369,-0.0707779216834927
678500.0,0.667857777736432,0.4653131388273054,0.4468288030982424,-0.8583329434416962,6.229860062699911,3.931942973743998,0.4805166696492652,-0.0653702362751689,263927.7018822248,184803.6710347666,0.8102057025891641,1.0328889860463626,3.621202078460664,2.704370720636827,0.6515143492879792,-0.55741120041287,28.60142400957624,21.052850155362545,0.645435104284998,-0.547453620662246,0.6297855224552497,0.5175919366939506,1.0141532937835458,0.3532575893675442
679000.0,0.6578152624411103,0.497960625782826,0.6404953547479545,-0.6213137713278449,4.947206097133876,3.2852416691544177,0.5011502268421588,-0.3057675859119686,369306.1351227375,249016.22476935116,0.4291495841661839,-0.6575879514698246,3.534946131573934,2.6770154317655663,0.65030946179319,-0.579131582958508,29.59376794951876,22.53714893684616,0.6581631566835779,-0.5660875993887475,0.7992955272584413,0.6095542046782323,0.9754371642439612,0.6861999797810636
679500.0,0.5168190884596793,0.4149946561395091,0.9724399764321028,0.1250636606260071,5.328693087081329,3.63883672150363,0.4983320224395953,-0.5465855394975958,327576.1838010571,218303.82228717292,0.423181008744381,-0.810110850388917,2.167696053860398,1.4181693179543806,0.5356599601746989,-0.4174164586087423,17.84579245266944,12.00819467161731,0.6289959419243487,-0.2606825076763011,0.6118381397832837,0.5586263795463012,1.2232888988520807,1.0962483691950924
680000.0,0.5577820505117299,0.4248678030176326,0.84182903081491,-0.1385718823984993,5.158965301905799,3.394200553557992,0.4727143403966726,-0.5707763823635057,333898.9975488026,275870.0451765493,0.9939126662785606,0.1826608584500442,3.13555452061824,2.058613195607873,0.2801334468067455,-1.007152665218878,25.07915325435649,16.57568465182283,0.2689869823462652,-1.0736812337324826,0.5502217404198567,0.5225982730707432,2.378991603713327,7.259960871835993
680500.0,0.5981452034979488,0.4270540058827185,0.4690661005909385,-0.8255560085512026,3.7741807640469607,2.761386987942188,1.0455542339888646,1.2206047947679348,412747.7359972714,329536.95580452896,0.7036431341456018,-0.6205884866875246,2.692812472762328,1.926940190006468,0.5710330994087767,-0.5641951186140841,19.455096682801845,14.022655408511694,0.5932644378165259,-0.4920837030423262,0.5535644446031585,0.4824251349647903,1.4256155363278509,2.2269939903635008
681000.0,0.595676976592071,0.4430618881281469,0.7310834966231304,-0.1458432830559428,4.25471605586585,2.803276177558884,0.4512316850756211,-0.642204474859875,359659.9907240463,309060.4008925229,1.0276339971435495,0.2703782138253632,2.3345406982901915,1.6189022003187628,0.5949979737059902,-0.2334658706888537,16.84102701387335,11.75298816390398,0.8360267222376931,0.715391219417743,1.2806130028415186,0.8691774477785846,0.4993632989712573,-0.5333562239782887
681500.0,0.6824068601492461,0.4889407969190595,0.6583473830860203,-0.4403318982343602,4.583386801973028,3.435543939193135,0.6645360530876702,-0.3891697299779588,507135.0837480945,344901.78715938074,0.337306206363962,-0.9125348191145828,2.660623644617249,1.9559036941616104,0.6861662156830692,-0.3779628828150003,20.943939542503085,15.315230421210655,0.8325151200372297,0.2199825606658074,1.456544516913645,1.0432960223523475,0.5901556551205183,-0.4483967193772966
682000.0,0.5562581388465923,0.3920452541911877,0.7221516211252965,0.0370650520708073,3.706927272714095,2.7355387269774605,0.7750663291016942,0.1070219003805568,286437.5938454513,216262.7915673808,0.7247968390499493,-0.1994743570737549,2.0873501313156337,1.5031341673711738,0.8298629030395653,0.1764848276009698,14.05397371629988,10.591829522772576,0.8507105548488662,0.1278673210287348,1.3645470772285069,1.1402281856369882,0.8063925430188782,-0.3457558408405696
682500.0,0.3425479364942502,0.2517810426212715,0.9769683619406612,0.9769838209866228,4.183256662172189,2.7415528812861747,0.3811535437658695,-0.6906657349247505,300038.3719631447,228052.2549748761,0.8138163533070794,0.1369486059550526,1.2163511408164231,1.0953974520335386,1.713497143010488,3.6292736096994265,10.402462377317535,8.290878497044593,1.4612775389198884,3.025023772891447,0.9256596954824896,0.6699987764741029,0.6567691858897028,-0.2264115108935152
683000.0,0.4387920006956338,0.3005860429147736,0.8011845299200058,0.6963331835235347,4.396852517586166,3.043127327537263,0.573321139288397,-0.3966252143460682,376586.91676517297,286763.95100430126,0.8821353348921567,0.2815401581352383,2.057280864080594,1.6514403367119903,1.0708884374155696,0.7574010096471433,17.52957498292485,14.240353750711732,1.2237341721540531,1.5094747135769246,1.4131390045722854,1.0788190288073538,0.6145140129819626,-0.6999295057657133
683500.0,0.4068474010469119,0.3389868282619585,1.0549751175005464,0.4040214982837078,5.572464431977065,4.119310934558697,0.4848752184150607,-0.9755466380116,349775.9823400531,269450.0942811092,0.8636186809294407,0.2539767823148704,3.0766310906247663,2.388946774241302,0.9032101344001416,0.1564772338594293,24.411980780417544,19.73174866124056,1.055668614086107,0.4399044672328274,1.488671028955831,1.1183434988235268,0.7047275695484998,-0.3736941803501805
684000.0,0.4679577927321161,0.3396095764573532,0.7337261431855688,-0.0766100387967054,3.0918452615712124,2.367235156833116,1.0046589116816222,0.96970526711271,471109.8527264359,387453.8260298836,1.1164897940323226,0.7354007806534355,2.313273750891517,1.8465496082304769,1.0759289924609177,0.9400685927887342,17.96448440775785,15.615325164023274,1.2153992264941031,1.173081909432797,1.2361246374466186,0.8427638577660777,0.4543742186211392,-0.7004731755218359
684500.0,0.5182152128797554,0.3979376624707367,0.7733535019191091,-0.0698131718084593,5.505052256468338,3.8328075565799,0.6190693389613521,-0.1266532348431495,543926.3129716686,449991.14082201687,0.7966996289137702,-0.4379089281475838,1.9187296775469689,1.537166101251353,1.1380581058694643,1.1126794279326688,17.934808654315994,13.841318924385856,1.1648457194164423,1.2619990660463527,1.3211288626805278,0.9548108437093572,0.5300766339267527,-0.7346338054896959
685000.0,0.8182423503196904,0.572769190091255,0.4896119633893767,-0.7370329280710495,4.07439118700104,2.891173177302244,0.7804385057811022,0.3323079276267022,493649.47607208113,368346.91364134167,0.7347617205850979,-0.289640310719466,3.453264610407206,2.4856846948518103,0.7020238686244451,-0.1253449588904835,29.35776911201849,22.033966262207475,0.8241786883659924,0.0811019481892398,1.6012268936790022,1.129414942228878,0.686047620979952,-0.1959918556213584
685500.0,0.530442170627155,0.385922571114433,0.7961360007591152,0.5724406289923225,5.412662269044887,4.115251696051027,0.7744669390967673,-0.1041909125772329,282581.99177591805,228967.7407486956,1.4073177888656423,2.393177357689626,3.371149258518905,2.816374830987921,1.2088941791027743,1.1912715391880653,20.630403196544883,14.77969427480693,0.8218965731770776,0.1986480987532157,1.1302883848593852,0.8996712541420802,1.0538902146324185,0.7190645457745228
686000.0,0.5754119862883382,0.4112729875898646,0.5522365512533391,-0.3699573873687853,8.680173190546835,7.8384462924781,1.244450857370123,0.9029093065950784,402957.2348083667,335979.53740386514,1.0785467334295251,0.576653031918366,10.33964535217278,8.238512169537117,0.7703257992354187,-0.0869209568779383,30.30662480559466,22.02251094889404,0.6210464905356252,-0.4343392073483936,0.7120410590790117,0.592579928359204,1.2488319718075294,1.364967180134724
686500.0,0.5900867775749579,0.4467447447596528,1.355933621034366,3.056358911576263,16.833749967988076,13.231929231968984,0.6918627349992195,-0.4513891233471985,597826.1640277843,482805.6504378719,0.7706749354795049,-0.4608490994592609,18.0925337544048,13.347544402803502,0.5632700087164311,-0.694696146531014,60.43359399919648,43.6903397476365,0.6698777191546261,-0.2943613094039232,1.232572300813802,0.8729879602068499,0.7071860168759289,-0.056129816718681
687000.0,0.4647292406815884,0.3186474482614413,0.5897429407226485,-0.3929367729384267,23.555942129745272,15.93255660127575,0.2372355519737475,-1.112080461789401,533832.1338656188,448397.82443972473,0.8720051196810618,-0.2904297749865754,17.555730935018552,13.14437659276059,0.5131146240130208,-0.7190662481533479,81.35535621016331,57.07628199638921,0.3202508195544881,-1.05351247215201,1.2633975111704296,0.8719480592507672,0.6233179678417227,-0.2718714631715992
687500.0,0.457436669203309,0.3234330915752358,0.6756307246930642,-0.208237074053784,12.59304583954107,10.03067504352436,0.8680396217754912,0.2282567741377268,387863.1540905739,279242.0026984758,0.6179939736463391,-0.4208428732360754,7.995274389999087,6.884334756172281,1.1295424102093077,0.7687812743229214,46.837214271666646,37.85619612916418,0.9777097920068016,0.2950687741061637,1.0456031729006736,0.7889828191760193,0.7088890240798311,-0.3498338862238332
688000.0,0.4921824504618714,0.3799565294122317,1.0533140897357778,0.7476007059226943,21.6067908878382,18.644860704587444,1.271172022540392,1.392299125766713,414491.44871402526,314011.0333145473,0.6323884868851999,-0.6258640466268015,14.873339960129863,15.364858351623743,1.8043862674536588,3.475729416723293,54.74708874026821,45.63920951516126,1.274298691814424,1.6174668889697843,1.4773911670830462,1.2032206344513938,0.8847673668837818,-0.1020591418596508
688500.0,1.0032192631144694,0.7181558803771799,0.5840420045818252,-0.5906719798065456,48.45558619957062,36.11542602833695,0.5741268249604475,-0.620123905561623,395799.0327987248,308071.33483813907,0.7827049579272645,-0.2660763878539551,41.65664103369535,30.69406810844832,0.6394864367478732,-0.5019589468014893,103.8703536831551,77.03815465806174,0.55715481304702,-0.7566533228234578,1.8261798618897285,1.474915096595345,1.046245415186024,0.500562446159579
689000.0,0.9375262259948144,0.7439883989522312,0.8773540867014878,-0.157587626315931,53.28319682333808,40.11291300999471,0.7942659255695063,-0.0894950444168132,381910.52417054016,290559.7200832944,0.7828905017171847,-0.2089095394290425,52.608120454071134,35.918829450568296,0.3747236835939334,-0.8753637941075425,116.87383078075952,81.4860319078315,0.4654283081941064,-0.7136055281148521,1.9370265880589876,1.3328988495694138,0.5728909294191411,-0.3903586256532083
689500.0,0.7698093907762569,0.5631937974279783,0.605370977383092,-0.5485026455942568,83.8084739615972,57.9677041488281,0.3600804652040063,-0.8931592255788807,581091.2095034813,426092.3109128821,0.4959758902444968,-0.8002089495845186,58.56812814467444,41.33847900305674,0.4260619277907033,-0.8590341057798314,137.94131518982644,100.10844567857592,0.4520128544880116,-0.9236785276805716,1.6572365967036695,1.35055866559755,0.994547236193256,0.3002913690486681
690000.0,0.8334747493655664,0.6409328654269041,0.6909289734067892,-0.4705017689197683,29.876849992565205,21.49505007486299,0.7557957328352682,-0.0826542631517504,562667.2052103231,405384.7045051493,0.6332639342073526,-0.328698279484247,20.961490978650044,16.842706869886154,0.9762122336202425,0.4834752737736059,74.64921909341881,57.32963551772234,0.8232756178199593,0.0935101163638481,1.4035249663836278,1.0831983892203696,1.1305517055564869,1.0814827469011945
690500.0,0.9136396735891208,0.6967100666923675,0.7047367740304534,-0.5006877579704687,11.678996149672775,10.723402359374871,1.3616981051151296,1.643508364202754,430215.2685197038,339433.8177486116,0.951092064764996,0.1201088309467284,10.889985984069174,8.86577664729543,1.213421763598276,1.6433333029959885,45.74103479930093,34.480535441686975,0.7249967964050325,-0.4222766152298196,1.2218678639336444,0.9470958877782134,0.8047254355499125,-0.2404353322579515
691000.0,0.7357928901087846,0.6198221791376406,0.9214787242953764,-0.0076330238271404,4.245256398444041,3.037109802254013,0.6832140608730863,-0.0173591728973105,446862.7943769482,370605.1364457684,1.2504525445482773,1.016475837082962,3.9076125510319977,3.313363980829355,1.0968771663357215,0.433020079317294,26.100484572232872,20.206686867822075,0.8427936280916232,-0.1363253845654495,1.1956854044000311,0.8425310054807863,0.5918410387427598,-0.3608426251616334
691500.0,1.135302771538623,0.9571429685953944,0.860071651586383,-0.3705248062668032,9.556180287814117,8.301763637542905,1.537128273294795,2.917621714843656,626830.8561022779,461395.4699084062,0.4987422006829817,-0.8903743847964454,5.733304445987429,5.993268250424391,1.6901176212182538,2.589830380611767,29.881414722324894,31.085351831505548,1.403953234820841,1.3428496049868863,1.3588625290603815,0.9428954400163342,0.4300157304049619,-0.7629759128222608
692000.0,1.097494066976369,0.8896448433582889,0.7137681615635917,-0.5786663344213228,19.67145441724225,17.46381830804014,1.3332753398276855,1.5079565692942642,560278.2472525664,422136.4720399832,0.8431552049157093,0.0155998144067726,13.896930323115605,11.531414784352071,1.1344599718595418,0.9892812262308488,47.94532051978273,39.05049635435737,1.0037524330173713,0.5149830005913012,1.2537644526914808,0.891135672419913,0.6910448471049149,-0.2584676803519743
692500.0,0.8328076447894996,0.6348222177925599,0.687918681201355,-0.5082636953059754,16.79658572106613,12.808469992883705,1.1492282998058614,1.5496429381731789,607350.4833793145,441192.9814667472,0.5178627928179506,-0.7262000418153209,15.458848361348764,11.27975463832583,0.9548058197531842,0.8333792639275472,43.97217042960563,32.19751830048886,0.8133112169830198,0.2672612014108151,1.7991698216507097,1.267642957198139,0.4857125532874061,-0.8847656120056722
693000.0,0.6404265492962407,0.4561517654217227,0.6040629800458805,-0.4588926168048317,19.482510791818854,17.364689815535737,1.2852329376741236,1.1425583839848628,511850.9260424672,376611.42287885,0.9108460214277088,0.4454233912063601,15.159575220913664,14.347093879306309,1.322160967541683,1.0620349780192075,42.72736089091829,37.98963688254568,1.221522772883003,0.8262901048244298,1.6052873076645078,1.1824753174359537,0.5693154929089997,-0.6630358561051422
693500.0,0.6995811679764359,0.4888069861053198,0.4768370449770708,-0.7994045819385214,22.605848533041826,15.878797718311016,0.6586597577032215,-0.1210043653845867,418126.8230886811,292439.44466414175,0.6038644454462945,-0.4915857377205785,13.064499676383903,10.43865181438806,1.3293623342089496,2.367862144503208,35.13620804562503,29.49444473290658,1.6425701864185571,3.990441262824895,0.7346282980492453,0.5307877480991237,0.8865170193001319,0.8912608152602366
694000.0,0.62519731612394,0.4694882437584843,0.9290448440100232,0.5324995010145237,25.601017642620292,17.68779810899028,0.7406593615940463,0.5549960248844257,487455.47803315695,354246.1246996285,0.7095207860657586,-0.271496054756223,16.912370832752245,11.319697486069195,0.6213331506152171,0.0605168270304239,44.727859369110455,28.156752180576916,0.3950612121056582,-0.3202740604305698,0.8746074548757387,0.599158488956026,0.7932128310037889,0.5074516080766607
694500.0,0.6343395290411279,0.4561066378615733,0.477185691746167,-0.7451336461626563,19.531879686425366,16.878070940748888,1.5425837017837298,2.8607621343269223,495486.0968716274,365732.2224117856,0.6348104786023923,-0.4218567030543356,14.403984600874583,11.59691245211492,1.0947969593915323,1.2811218633543169,38.679873178311176,29.221022432840428,0.9371889333864688,0.7467233547559182,0.9898375742885946,0.6291935660846102,0.3145673859691019,-0.7482898823075144
695000.0,0.7485398733003226,0.5277267884721176,0.5482820654310888,-0.6707260107447324,27.99188469992797,23.615662410778786,1.1218455936978873,0.6572849368496172,278017.1465373996,192764.5682197013,0.92315642480371,1.653101293245939,18.279717522731904,13.337079182366429,0.7933122175092389,0.0124772891330033,44.53845582029802,33.68145783129028,0.8709648000641993,0.257488723982739,0.6603333490724471,0.4837963572986897,0.6710638064140237,-0.4184704267107464
695500.0,0.8010026705593942,0.5440335578357257,0.3303784828670614,-1.0532211825178908,35.25408395772347,22.491927231797348,0.211796553507014,-0.8370509876747363,314895.113176272,239091.04212488505,0.8622963088231244,0.0139422691475759,21.536447124020658,13.90039982217928,0.3793572074018438,-0.6312921909601221,52.77306806917135,35.321543941086446,0.582722128083546,-0.1660931817333142,1.053693278055017,0.6724571883231163,0.3881890950320977,-0.6774557625550583
696000.0,0.5662827685269369,0.4977660352033403,1.0439467095965256,0.1961916521233524,20.192489106481176,15.680602983361124,0.856805594850359,0.1475524930437455,240399.2323367392,185468.99813699903,1.0013280861695482,0.62829245154157,11.575240078311545,8.924012554554519,1.360137117348893,2.846850255424452,28.51265022998268,21.53520941172513,1.2623438883244609,2.6062489160316824,1.1930685432498331,0.8914237855342833,0.7710932599944879,-0.0693720605706951
696500.0,0.7788114427497961,0.5862816135619769,0.6319144209012433,-0.6289633985884175,11.066020755107443,8.134980516030808,0.8412708114606613,0.2208789183264174,300289.48471108545,218519.70350531253,0.7153183582893363,-0.1699765368573196,8.041046389082927,6.663751665963571,1.8898057059037665,7.418812845496063,28.15336615130316,21.2539749226732,0.9747101629773952,1.011985906455091,1.573601045145906,1.3095122099631291,0.8182036490596146,-0.4025142658752005
697000.0,0.636785790612648,0.4414357955317837,0.6562937701216588,0.0258978146439199,6.067971536052459,5.503202009134234,1.4839478341697214,1.9226722415026911,577822.4892876693,391130.86413314217,0.4332516619048538,-0.7940514305151649,7.13065381143903,4.841812352864077,0.5981109062176414,-0.2567817927088156,26.817404090557275,18.89255169226974,0.7708847849887864,0.0135801397444184,1.3991387911842557,1.0890020249074528,0.7997925199563755,-0.2722099036730583
697500.0,0.6205503995809338,0.4937441780410893,0.9421943059904996,0.2745833254624701,9.703507804180704,8.95208173467646,1.1283238596168574,0.4624562265489786,594988.2438124954,484963.9582217088,0.8636384953888235,-0.3061019096764861,7.127084045606432,5.528431501248817,0.9823405760953752,0.5434958976507116,20.50486546532536,13.943761608526565,0.6002097313274047,-0.3190073889719631,1.042613098582733,0.8923599491823241,1.154965899785109,0.6359268473942299
698000.0,0.6011122521370506,0.4411779317316283,0.6637438291700848,-0.4419423339148678,11.084046532787433,8.602902843041603,0.8523031553448057,-0.0708302406351917,574078.577820239,414252.6372207895,0.4814678450142627,-0.85514403027029,7.096679002655664,5.4159193433006525,0.9179232868791696,0.3999823140037759,20.713792971516597,16.690082653935836,1.0295073475818703,0.6085892687141614,1.2362831658036997,0.8404623292182095,0.5117830045116869,-0.6695365592301106
698500.0,0.5615009841506456,0.4519881474963064,0.9465305168547096,0.2628600697811944,8.607048191822264,5.957762665500278,0.5519251048616104,-0.5365730504585793,510661.0325303608,356417.5650716961,0.4706980959212581,-0.717952268892192,5.26977236652717,3.553824202263715,0.5889269722583523,-0.2743392404830045,23.40117649559921,15.649744659910448,0.5045776302144642,-0.5554695177414999,1.1627096760716114,0.8677845218368181,0.7814737225429184,-0.0840485352381459
699000.0,0.5736332746602633,0.3838400478085612,0.5700214604374028,-0.2638742430307395,8.989699711017895,6.792652705749812,0.6995410170108112,-0.3891166902259053,565670.7899688362,450510.14576617215,0.7848288947945334,-0.2269146377863249,6.733133610153557,4.594674822299405,0.430375791134337,-0.7455887204903058,28.50575409901193,19.672874569905765,0.4289045171840151,-0.8629816682818037,1.3177167694253469,1.1313814896456074,1.193147310263853,0.7012411080364966
699500.0,0.807179366676575,0.6431741515155092,0.8017083728091073,-0.3587658121092403,12.527039146201124,8.272466377909566,0.4315661419335373,-0.5901633616091599,547290.0556567892,442751.8849533841,0.765286022983743,-0.4396103422076529,6.270961709062555,4.440408416076145,0.5247349702093439,-0.5957678938912525,25.28573633758418,20.3105198583508,0.8456096454311961,-0.314892908985295,1.3314485234725577,1.1794496252305957,1.0562571552278672,0.0935138537493882
700000.0,0.8456044501005703,0.6239110349742334,0.7338610291620028,-0.2460573675692696,6.82803958949816,5.515971091082368,1.2177583337167015,1.793401406068936,561212.4577389434,453008.8950427965,0.8248016824908831,-0.2909576831248714,5.079467050041161,3.792349072829373,0.9457511754025452,0.6805874261702316,25.163976370959947,17.581280251718,0.5962730432859366,-0.3799671604497812,1.4298559842507723,1.1270119914544745,0.824911675275118,-0.2156613658177306
700500.0,0.4342982053653867,0.3643496845527309,1.139575570292905,0.6516566924681908,11.250759007700536,8.33307800472772,0.8409799427079858,0.258409747996053,407663.4473133781,292317.95953803253,0.7943565584022879,0.1708186332728147,8.696208793297904,6.930641931637772,1.249013780976733,1.4795293581816915,24.2124099851211,17.480729876432044,0.7762660530888699,0.0036710493559661,1.1858532089879403,0.8874489401880388,0.8843688668863141,0.1695600710489144
701000.0,0.4374689694452412,0.308641037971794,0.7782595159279518,0.2107416888230764,21.245035339447355,15.618494377069707,0.838349127285699,0.3471907255381832,467650.8446967632,329351.7041636408,0.5168510561315611,-0.6498894549190242,14.036187549465206,11.345890744765088,1.1676505431420283,0.8750746803929998,37.44510653870525,26.751211385145982,0.8022548882409787,0.0833680977107862,1.0257612886277343,0.7662964822619867,0.8428184094289796,0.1116342487384942
701500.0,0.8038862841272882,0.6837467391434014,0.7780553953989849,-0.5385553562579539,24.163810912659144,16.73862310028767,0.4636270117986226,-0.6005754782140729,639118.5800650399,461138.5703393818,0.6758676038496965,-0.3243151330207525,14.188660917949594,10.915857303454017,1.080367006826915,0.9048801770544284,45.92525677888764,29.49079722785445,0.351274649906973,-0.6520092034298797,0.918978181737888,0.6941900473112546,0.8250372134975652,-0.0245362593047127
702000.0,0.7264197679438135,0.5496568094234134,0.8732021653365261,0.0189863352442278,21.024526305950367,14.74865567502492,0.5983622696005826,-0.4210418675591318,580460.3826567865,521935.4759712981,1.0729203070375033,0.1396682391334081,12.541917477283883,8.576623095314487,0.638099588612118,-0.1315670783767708,39.91985030658272,29.79192813144502,0.8047721196115926,-0.1249360413814493,0.7472323549993621,0.524396834850962,0.5966367051624935,-0.3595346595523447
702500.0,0.4173152010992053,0.3538614598855755,1.2150884673340323,1.2939913554641589,16.012761368191924,11.99455580796456,0.6464731087365747,-0.405961717585463,559875.2432083302,387554.1762287954,0.5826823678789128,-0.5129784485272024,10.40232820080819,7.792714412547185,0.6667605607023629,-0.4935810905990583,37.65057534323853,29.57652006504786,0.72149587314543,-0.4759252163371341,1.0056494195312566,0.6913483785699631,0.5756318456516826,-0.4871436614035649
703000.0,0.4069343792603729,0.3608372857184373,1.7119557343504206,4.7621342155150925,19.12469583033337,13.78101426945054,0.4645951557323224,-0.8193579792759715,570309.890617204,389924.7250470612,0.4667326015336181,-0.5780381938894683,12.784611969779986,9.257218669466592,0.4750814981803394,-0.8868780131390555,46.32324241058448,33.32815248070269,0.5422229028387419,-0.7809888514472334,1.309442817100956,0.8571810755983789,0.3459426460636019,-0.8990224692118285
703500.0,0.5501043323961315,0.3836656484910418,0.5928518182980816,-0.2908192520713113,18.68481835765755,13.867972908060166,0.5405429597526935,-0.7408552529254768,584217.416683803,424083.3689620681,0.5310666437471043,-0.7683138261144187,10.235409160992788,7.017611191644867,0.5578100613987947,-0.471513430473387,42.976486529857816,31.932897068620004,0.8436881139486173,0.3845510661643065,1.511526497019004,1.0496581971786292,0.6485195989331747,-0.1542778697388707
704000.0,0.7994025571245796,0.5756151191467396,0.5838022798555049,-0.5154302102976787,32.0007727661963,21.835384330332037,0.3989053825588579,-0.7230659260677239,534727.7000078929,382406.06883867655,0.5582038446399553,-0.6575418520002967,10.39638047982124,7.701542505789158,0.6857740195170446,-0.4633939290058158,73.47550866951052,51.034623507846575,0.361712068471645,-0.9895209217431002,1.617221367497412,1.3489407664300732,1.0446817533929214,0.3573075265405938
704500.0,0.617676497448514,0.4674766912857401,0.8001672462679608,-0.0470911981625237,15.976575091621717,14.147100107518678,1.1728525907575156,0.743133649586476,533704.5543501513,398780.0132920963,0.6172442900020417,-0.6102000113455244,11.229933321990403,8.61906438775184,0.7032042924544387,-0.4393250778755155,47.86697145977498,43.24970700761877,1.0589618589482348,0.208555034275812,1.996450399814857,1.450842191603213,0.5478435983661127,-0.7649444582464713
705000.0,0.2914698731339339,0.2783094638686246,1.3284021859235708,1.320428001275343,8.143785081596747,7.741381421953312,1.6125104726191837,2.7955709973238774,527286.6898380095,382859.2162967791,0.4668669705511532,-0.9125761920311884,6.195549196845821,5.930436821559703,1.82171977701011,4.271218808927568,20.50405187078278,17.937872395024463,1.2867628285387802,1.1996729871271068,1.786896730484651,1.3458676146998718,0.5595961919923258,-0.8068850519408968
705500.0,0.3228775344643603,0.2708245252076169,1.0544755244273396,0.3934100147223902,5.581925724631418,5.107247364398211,1.4301696162276472,1.951829034205676,469441.8297117098,338105.0627856002,0.6520131299548263,-0.4686464225744555,4.483268822930024,4.221955546208204,2.326472496458726,8.099457610760343,12.068936174190748,11.868377804520303,1.952648020129245,4.336239056113133,1.1321593356226436,0.8473965377462847,0.8464832899414358,0.1911625964296575
706000.0,0.4610509049919708,0.3665187695610992,1.215173762401098,1.9160760819942773,11.2590906291585,8.486993548386192,0.8501361937745454,0.19541005261711,438701.7307427189,313396.5040452011,0.612808676953072,-0.4152262268310087,7.462436667373563,6.385991986865168,1.1927073784910591,1.114125693665616,21.238489884714383,16.25636970650624,1.010602122692541,0.829164767921474,1.103653998212757,0.7760240494502191,0.7845436052356148,0.1298000290065943
706500.0,0.6656952498394099,0.4984062276420893,0.7329636296765654,-0.2848320182873922,15.715615703878631,12.50415563249368,0.6653593424570745,-0.3915760886669308,328497.9751059807,223150.9898354402,0.5071503577098055,-0.4221337580034485,10.070432587948462,7.290208903606389,0.4561895593580544,-0.6894968770983199,32.094212816656395,22.02387551317612,0.3834719485788965,-0.7654303306066788,1.2597622529175403,0.8630478202524566,0.5530086397398584,-0.3075992906937874
707000.0,0.5456301451305369,0.4495046139079289,1.2803623317924506,1.3725659846804703,9.864821642084474,8.229539567142636,1.0513903616462432,0.5742055557453787,338206.91125342576,229827.01899514263,0.516365811043633,-0.6123153933097618,7.127943251882191,5.506656375569174,0.9469049897595664,0.3152254585203407,24.5650958863378,19.938907627918653,1.1270331944108964,0.8186373381591538,1.1938245882037497,0.9000223302196582,0.7182622692120278,-0.4468550274577012
707500.0,0.4607444204550452,0.3397644496262716,0.9753553970549522,0.7564657883877413,7.445678199417276,6.6284451321895705,1.2641377932090825,1.3885631006879509,404760.198132676,331828.3566742561,0.8666607002267435,-0.1472361087627849,8.672362064435198,6.227126388426401,0.4546008518977936,-0.7918127168363291,29.188349659193182,20.297422575392307,0.4525200723536558,-0.7874926690156583,1.462354021394129,1.1101646460208896,0.5284540264201532,-0.9258179745582304
708000.0,0.5491208793412712,0.3692549792979703,0.4129331332270408,-0.7898612173270734,9.20246064854227,7.528765426566093,0.7924510724268523,-0.1360852723624113,434473.4440000881,391972.36825630616,1.224761592275753,0.8564178077321256,5.855962862459267,4.992437656982422,1.0891839809468578,0.6603589822883649,22.922184341891857,16.27946450860278,0.6549902493850402,-0.2682097178895994,1.1780010842166115,0.8496546498731882,0.5473278901143802,-0.7363977344038521
708500.0,0.6191977373061668,0.4392173009823169,0.5259765934277947,-0.6240315458337258,14.155400977721603,10.68159225661633,0.6325584834438098,-0.1965136767061208,532472.7475086622,425743.1443911924,0.8906838527404187,-0.0683961910596755,4.021600412946541,2.906073557304591,0.6096387066318234,-0.4206490739540052,24.38022745980558,16.73880137736889,0.4871298138949206,-0.4678593808967939,0.912859194916832,0.7051564991548858,1.0847362318271283,0.8941143956021946
709000.0,0.6834403031984777,0.471746980075601,0.4966395578764047,-0.7557420379351831,4.196869650262817,3.6150261783898094,1.6005588050227022,3.4959952865077835,511818.5994923647,376753.4757758989,0.5498959289464769,-0.8047786698263182,2.304330404295501,1.747749207390933,0.9223142938558424,0.3899254992479082,14.2972195602561,10.490121290158278,0.7131828725435353,-0.197801474805761,0.9440499922602272,0.6648073546373238,0.7484327765493232,0.4206230055249569
709500.0,0.5765896543573087,0.412220151572984,0.6670104188601487,-0.2570036452672495,5.03853533801031,4.232982253824622,1.1893617103808634,0.8293663519054033,536867.2146056888,400306.0307308239,0.8962609385178885,0.197152699481979,2.0955448698065022,1.5619447454171276,0.7667128778083527,-0.1128004853770026,16.954959703485457,12.751728359781431,0.8838754271197806,0.1398816053590121,0.8955348236248492,0.572880615694611,0.3397657655010801,-0.8419010699972582
710000.0,0.7271538279830431,0.5829529304747573,0.7600803959572184,-0.3456427964900253,4.764240503005751,3.5582134421782983,0.8079642952122317,-0.1313512060485493,508252.5696338122,371409.5070588026,0.7404097377413369,-0.0608322992917162,2.438881417972339,1.8752331678434964,0.8196078160352975,-0.0291577337604516,20.408770725446157,15.265150014700694,0.801634127191786,0.0220522927560411,0.9909635681545366,0.7021785506880225,0.5883832331328265,-0.5891235326609428
710500.0,0.7226276641095889,0.5035539946626654,0.6481027909840233,-0.2675609830041634,3.991222781120082,2.911533116343916,0.7479201872819845,0.0675070517807396,466306.6612018723,329114.0893887866,0.5817663990554051,-0.4188087318645612,2.0214716677244016,1.4054872941768968,0.5641175200961706,-0.4919358529265998,14.532518107820778,11.811768565730477,1.0411121375169288,0.5142254665734396,1.6163153669742,1.0797751419851582,0.4488180878588922,-0.7134306537843353
711000.0,0.4865453473988933,0.419700148581582,1.5269061509843276,3.052960325945077,2.6410555355119723,1.849698589626485,0.6423404167286757,-0.2510214713780185,596243.0054568301,508365.6469504396,1.1117398229498734,0.6852344291021017,1.3940715419816845,1.022292387490797,0.735670500500273,-0.2985482774054122,10.805131492733096,8.393915160768408,0.794753493524491,-0.3198579208907297,1.2973806049395888,0.9243647453428792,0.6312801374204737,-0.3995986493037997
711500.0,0.4716541021775592,0.3592090727060396,0.6624918742659145,-0.6450344908071242,3.615554049300962,2.5962306705919644,0.5948423997975754,-0.5937823226492478,530641.4540629477,458799.9679110801,1.1264401351860358,0.6173824073279763,2.158866686408395,1.4330898193957218,0.4301764112899139,-0.7193968828241784,18.3786322653654,12.731057936582491,0.5523438220725939,-0.5719959901217431,1.0437965922965846,0.702747144619432,0.4516668760451351,-0.6903831590516045
712000.0,0.5208239464267476,0.3590901050750493,0.4605457053533537,-0.7211932376903025,4.620120845070012,3.771977048454691,0.8732573711647517,-0.1819677494429914,392326.2038512607,309378.9525588497,0.709318654423881,-0.4612276924361356,1.9253862687288723,1.379217374066456,0.7627316678013918,-0.0682278652940029,15.16462538055835,11.863057685162296,0.7347653466915037,-0.4266167961108902,1.2233749314270257,0.8615250752109711,0.4902626231050806,-0.8456801232009443
712500.0,0.4837469383358622,0.3498806512434638,0.7063561067613779,-0.2780674164489509,5.503303623160717,4.135484034298991,0.6049465017899138,-0.753267856761128,363293.1292416681,273503.2969954163,1.054762019699332,1.161105036135326,1.710705130691838,1.1602090573634816,0.4182285857022602,-0.7573287043667762,12.718941833324914,8.89796193266631,0.7974732106672944,0.115852049776516,1.134482304295587,0.7733375787117037,0.4180230136194285,-0.7296309913818648
713000.0,0.4065588110294567,0.2952254280165549,0.7584633517897863,-0.0903223847774752,3.3548526910001666,2.5705760440829355,1.0080071327757298,1.0846640067252062,326193.051938004,317716.02313758514,1.4656596059380482,1.4730072196298698,1.4513258212432538,1.085738070066875,0.7378301102076609,-0.1668624444216848,10.768055930894135,8.076054906129514,0.8015565491096593,0.2338697988106988,1.0071620837076023,0.7363342536700097,0.6911661498185656,-0.2409036720126982
713500.0,0.438020845924007,0.2980278076234289,0.4973766219958231,-0.5780196298277742,4.600523478143852,3.2930496349139955,0.5816900521724941,-0.5767469822919722,390749.3641589516,277929.6112677098,0.6566682422894503,-0.310171738384895,2.011596218135579,1.500120696335039,0.7002260950627157,-0.3847378596750865,14.832771453345703,11.82710156506024,0.8931874420555117,-0.0193932659742221,0.904982222176727,0.6802583443124247,0.8570983967062995,0.2188459615767866
714000.0,0.311000909776487,0.242022784208214,0.7797767462654421,-0.245165592835896,3.750371817858132,2.6377660159217147,0.7065371262286795,-0.1127829470445362,311300.51082452544,248526.39710300823,1.0132271297280977,0.4405637476737616,1.884635740928693,1.2832738010988027,0.62823504094005,-0.1586830124623417,16.125611159030544,11.281834934561358,0.7036289889203413,-0.0971206836705271,1.126217345732958,0.72535893807189,0.3356324775384254,-0.6028682931052032
714500.0,0.4085410113345942,0.3023636535925864,0.8642373299401573,0.3935900330056157,2.447891352097658,1.9033314686147047,1.0094777576918457,0.5426240300477776,252383.22296564787,181432.6670962572,0.8068329629975565,0.250988241350274,1.295397367954056,1.0168012020738946,1.381340584037967,2.447242830539225,11.531379965930372,8.540259593145725,1.1652147375434376,1.5351773692122634,1.100957708199551,0.8037259170735774,0.7578547672980079,-0.1540950094891382
715000.0,0.4344974213685135,0.3163489540482689,0.5413364329653078,-0.6697590495829848,3.6063402143883216,2.6526597010859683,0.8644703245158324,0.3414134663097181,249022.0619964003,204395.1885156436,1.5349176786796364,3.461191372259804,1.6838595653358577,1.116199413991709,0.583350121128042,0.003753910004189,12.02125523575192,8.987533692173017,0.8853475984954555,0.4669673733542754,1.7663249488563595,1.2953619209226652,0.5523131553411622,-0.6775058817262174
715500.0,0.4032662549392686,0.2644668316620142,0.5537093202658463,-0.2613148669575791,3.7106451813766688,2.6112032607194307,0.4759583912920296,-0.7681052714073466,449681.4191948374,332747.72425498307,0.8883416277382356,0.4287834050243488,1.4188352297510245,0.9760001527108948,0.9531318393443268,1.4795145287052032,11.290838480881469,8.473296079796723,0.9443466633513968,0.9733345690554396,1.489500672494896,1.2410711895193312,1.1196023506061776,0.6554977317840804
716000.0,0.3387388624147245,0.242311127100748,0.6291395943602109,-0.2902144646041513,3.000691683241574,2.3388780487402108,0.9296340957065948,0.2484525121931753,473410.4139361799,353373.7419448482,1.0179109044260846,0.9884296650635056,1.5095140241624754,1.076103329343812,0.5940064162060948,-0.5605130010390957,11.978779163166656,9.175517549848594,0.662683302230704,-0.5665957945613003,1.508340693775189,1.0183815567898031,0.4095821587693921,-0.8359679736945558
716500.0,0.4777653178924411,0.2978479938604207,0.2630106824889683,-0.8429792765553308,2.672687320568626,2.006791854444607,0.8741048224845999,0.2283917179858812,424796.6255676773,367173.49293319805,1.138540581545145,0.6167712623452997,1.914122433730729,1.4792847704997307,0.8122145025650362,-0.1893535298074407,14.356970926342523,10.926005984427407,0.7412701480949707,-0.363960253003317,1.5533105018119944,1.079641792658309,0.4322827427974032,-0.8414230173967026
717000.0,0.3934540691034706,0.2903088607016669,0.9745420591899724,0.8633775213059485,4.272207993154475,3.212281029261365,0.7549397451551779,-0.1970835476796875,575458.5768196229,459978.3867933596,0.96754452823365,0.0539269041427075,2.3475638384691235,1.8012949558587708,0.708762725619948,-0.4576263555303348,19.44245101243299,14.650434181438714,0.7133538402788469,-0.4060807241781043,1.4004921005055655,1.1101835575891752,0.9075454851323546,0.180879508467382
717500.0,0.3866718969543721,0.302096678392833,1.0686008968896603,0.9833726847921906,5.297994950295267,3.819569789217224,0.6766764753297735,-0.2399493332370541,611780.7442512745,435593.3132093044,0.7095775981283834,-0.1273145412360836,2.1094983242168905,1.5296325701581162,0.5810920937440998,-0.5770407069832757,19.061311006321304,14.08632940171068,0.6753291497795462,-0.3923694669175179,1.1062913990551473,0.8900452550716809,1.074117717677251,0.8280441169745454
718000.0,0.4319699806525888,0.29617458958243,0.4256069945742134,-0.8432795008136766,5.7683746693927525,5.013403310624383,1.1107372457567088,0.4909297066443048,404860.29845165496,312736.05604793853,1.3923550056407823,2.8097965736652477,1.4045484330162106,0.950689931583195,0.6744940357547371,-0.0007668086002059,11.156621189494986,7.623137081095125,0.4668702545839141,-0.6403512230916446,0.6834237005233766,0.5876819713530095,1.1313807579545614,0.6194793120344038
718500.0,0.3836269863535899,0.2785695252444848,0.7856505009970035,0.1327967230557245,6.781028792381074,5.179426289637253,0.7817403864320517,-0.1985076994685153,261241.1294098768,197652.1163202186,0.8275003946432473,0.1283995187881284,1.0167453429252182,0.7826444073571021,1.4756339865441082,4.134244516755151,7.198335802335095,5.931745615001762,1.6579163313077463,4.761388439982263,0.8351137167654833,0.6718885749429885,0.9744398414022696,0.1757883949092868
719000.0,0.331347508875016,0.2358089851109584,0.8621662145146738,0.6867970984489324,4.599948911376001,3.404846891779514,0.8279375338526589,0.2490289026642096,286489.022192014,205628.4268885581,0.9207025411184598,0.5960239143411452,1.312203053534686,1.1058967122424013,1.1948119969640156,1.2437378443075264,9.777789740509402,8.164629378973014,1.277531176358543,2.0372515982384467,1.0989171369291435,0.837235382911581,0.5781604593213329,-0.754404222447727
719500.0,0.3686860160949166,0.2582044680572203,0.8780057973553943,0.9429192380214872,4.118047008109062,3.5352154700095064,0.9771638578828108,-0.0572054900714982,280638.57222105854,219712.61910853483,1.038648192342043,1.1942126970165896,1.5777268375595916,1.2973768489661686,0.9234654927872564,0.0839615497772201,11.81643577137826,9.611393142675771,0.8826586139178,-0.075665355444916,0.7970837681992987,0.604697778539738,0.722202546326345,-0.3204249448719234
720000.0,0.462853852783562,0.3156290259385272,0.4694706432488663,-0.7322797200054971,3.4921888993230965,2.526492787036166,0.6229070521719023,-0.4320882703715516,216869.4390325804,158520.81864236426,0.7614446954590584,-0.1575053451427046,1.4720312070954484,0.9959639325877464,0.5430420890473847,-0.4552673544854673,11.750028191926171,7.902082265996351,0.4380697016279846,-0.7275755798313406,1.0838797433979983,0.7843622570468374,0.8162266195995599,0.2223258364473488
720500.0,0.4441214592324763,0.3274142872230209,0.7623714772503217,-0.091317871729081,2.74510099130794,1.982804105534227,0.6847371740890622,-0.3831049240469579,310171.4759649168,276901.1895286604,1.3256224346885774,2.1088278818710906,1.4167168272515458,1.067338451838528,0.9967187967414716,1.185243670161488,12.140385393683394,8.978115052100014,0.7899090511550519,0.4745004753622339,1.0941396363392846,0.9317517698632944,1.3821108016276726,1.8481095013410584
721000.0,0.3670072915086291,0.2651018436404965,0.6001088324455987,-0.5195931192565397,2.6639608798877674,1.7387431911484654,0.3569188945478492,-0.7848267003001621,314654.55055020744,230950.80595418063,0.9189564624852244,0.8004318385583677,1.3390233454062086,1.0183501476506294,1.0724989500987097,0.9409250047372176,8.290581318168032,7.299203765614584,1.4047307205968504,1.7802976914636686,1.3718844851123773,0.9662874443095364,0.5566509517112577,-0.3439926018836203
721500.0,0.3668501403066977,0.2539746856049721,0.6153990468203498,-0.4351927665152266,3.6337892697233927,2.7760612203992125,0.8853025125001378,0.1509030967749987,412896.354558985,321697.0465462066,0.6878369465175485,-0.5805565102604517,1.4902554475219036,1.1245750370305845,1.1536850533413727,1.6464683187052698,10.309029597353272,8.372883592489394,1.4888333391106947,2.801320975363394,1.147546786896072,0.7985033401384402,0.5929326625557408,-0.3053938797926303
722000.0,0.4482294517619399,0.3506992823029726,0.9881960628903496,0.3584967154784784,5.767781295999612,3.91327976746085,0.3334989533819609,-0.993297020225702,366418.1982594816,273364.0067219888,0.7638332727047275,-0.1758950071058183,1.2615951710097326,0.9878841079613312,1.0179650891485563,0.6905071556540294,9.975010884293068,6.995005015476962,0.6798813440730561,-0.0631461586953405,1.0706819359974098,0.7409840924708901,0.5343563997306303,-0.419828737113876
722500.0,0.6792228453968462,0.5485265352950393,0.7428742611051219,-0.5365209462120593,3.309036186412697,2.3349364322299757,0.9186620794505692,0.7489983296012626,335861.53512118786,263949.2556559798,1.352445187755996,2.464157740782829,2.366857070032073,1.858861261416683,0.6397722655197793,-0.7390110242920969,15.544921849863323,11.804690802270962,0.5604943861471592,-0.8728805976519833,1.2765420639790406,0.8295558550424075,0.3868368589304656,-0.6793575970716628
723000.0,0.5907763433113065,0.4191249781222018,0.7378142729264646,0.0630959230843792,2.9846985823535017,2.8407340938158816,2.36864236651801,7.459753131371045,351995.30554164806,269291.41907557246,1.0068025314599116,0.938653033482082,2.128748944140188,1.5525529748118692,0.6412259356895448,-0.5070820489657235,15.01072045752276,11.29225320040863,0.7015816075346338,-0.3797567177214533,1.2736191982082714,0.9983758149059172,1.0968599920272646,0.9236797742150008
723500.0,0.4312999516609822,0.3128305821132879,0.9551435918926096,0.8344724661805767,4.3106144997116855,2.906701546210333,0.587910161336582,-0.3016084516672346,354209.40599262057,225872.238425246,0.4787783833367904,-0.1736188475606113,1.9059434280067935,1.3147091318311444,0.5025035998273828,-0.6744946764603723,14.911134807281964,10.640946357434222,0.5770181078116976,-0.4867015013726359,1.4203526204573012,1.3721240483737305,1.3607379823978114,1.0496968928801325
724000.0,0.4090502895029955,0.2986529979338025,0.7364425905098716,-0.19799085475085,3.87389630672286,3.2060052711628906,0.8854985692992988,-0.1851145754408101,323989.0564099379,259977.20630121644,0.7538487169752223,-0.425107483553683,1.5492026479973904,1.1342757139484885,0.8389661479052167,0.3746788538753316,11.782385074964228,8.51508298295699,0.8803599524381979,0.9757294022423012,1.253630523880329,1.117122694756151,1.265105108739032,0.9935219595463408
724500.0,0.6413705436677588,0.4587415505829385,0.6056700651404416,-0.462280640288649,4.875582513311448,3.2378501868604004,0.2984314539107439,-1.0101826852875446,420851.4455634148,281690.91757600114,0.573404858053767,-0.2587884676704854,1.6664055777582658,1.2857246580333903,0.7842823170618399,-0.3277840143044308,13.022699055046136,10.718222102411357,0.925531086137514,-0.017102810671095,0.9326278662427266,0.6582760740073057,0.7349925439132696,-0.0667960240223366
725000.0,0.7010043064074426,0.4867629222085778,0.5662397547584956,-0.504071902806972,3.540300052930256,2.432408899585014,0.4492714258696491,-0.7607775178020817,303004.5237859357,217241.8910430833,0.5021404479622398,-0.7764798269172579,1.9996566953630448,1.441375386667896,0.6546574842606013,-0.4422973885704007,15.462131425244865,11.64168087045886,0.7294362369407829,-0.3715870634297227,1.0734681298628954,0.8239784543370782,0.8602082194482008,-0.0357512764316534
725500.0,0.6585392193164671,0.4386524323746597,0.3660873472652816,-0.8316143188883416,3.338827176466733,2.2178765127494446,0.4219610820680018,-0.8051482202669993,318948.83251989895,239350.0255006472,0.8895243570607448,0.4427991740498398,2.150390622130739,1.4735013506541923,0.5464257233519005,-0.4943732273507502,15.874417131600453,11.17481653421093,0.6945948085314354,-0.0108610493585379,1.1761148352652704,0.8767054390570095,0.645582685011655,-0.4843544770673618
726000.0,0.4796297155185884,0.3302788243306379,0.5810752898096219,-0.501452317402113,2.895677300897005,2.0570200189658343,0.690133487799392,-0.1326725396690888,355053.3635418272,241325.35032335183,0.5383529387360415,-0.5828167558381945,1.7289044311097286,1.244181870720998,0.6726187274548319,-0.3569969736468565,12.540948976928062,9.121878523924163,0.8844951741959489,0.4197600346712211,0.7294724552453005,0.5578112998834168,0.8763017710992356,0.1146785692468572
726500.0,0.4501178142728474,0.3108051393996315,0.6291967183233799,-0.1302699722855282,2.0536865558822783,1.5012794104129246,0.824077304391602,0.194937937443258,351394.0609463046,272757.7574153544,0.6854483068282294,-0.5257673138818211,1.5747148580264956,1.1197554282601558,0.6227122743008954,-0.4460328589874685,12.939047403455389,8.76293184879814,0.4913602624479032,-0.5731324994765594,0.6622530926014383,0.5203308776174765,1.0844814237368978,1.1072412462471677
727000.0,0.4398312475400113,0.3019306184998201,0.4949886708482928,-0.5764279822948444,2.6598688393160788,2.008484158211707,1.1112044836200974,1.9795088795485103,332485.43653672,263160.1037861239,0.9714766697961212,0.39071693757271,1.760176373174182,1.2969462920049608,0.8855777266015452,0.327011890985418,12.66773797340955,9.514254332930085,0.8244255421339477,0.1799233393599353,1.0058968592259057,0.6941585480708528,0.4056820295422282,-0.8562447234190103
727500.0,0.5117576395721114,0.3700288107558832,0.5493830683160859,-0.7402345509015462,3.5361854532729446,2.712704654975508,0.9200584714303724,0.2592537722373298,363044.159368441,294981.4339609256,1.1409813641013915,1.0923397947267572,2.330257816192864,1.674186380122238,0.5575816891936386,-0.7327853483026079,17.88996141051112,12.357488688613731,0.5093122817341142,-0.7551628830619697,0.8730978497258641,0.6754757471763778,0.8119395485992764,-0.2538900470088068
728000.0,0.3824545004656003,0.2790153585684292,0.8015931171376556,0.2071075960472645,5.006894961900821,3.4737320119366597,0.5648403062266396,-0.4509985738097128,360054.566559252,292788.84369610256,1.1493327513918787,1.1515773162177227,1.945891403338182,1.3830610969901058,0.6069693281976313,-0.4925317720329429,16.19430968098931,11.400358888257449,0.534329599069327,-0.6158579574017535,1.1644709736772023,0.7744605205350206,0.4887204850050923,-0.5527853473131299
728500.0,0.3650579886697591,0.3867876400476127,1.6459095416423628,2.4824288892444226,4.936414006718796,3.153108837954805,0.3595091047377625,-0.5847959116072734,295372.9129773393,232455.13200388904,1.0583609899273694,0.8242788420587441,1.8459345956779056,1.1702997490881255,0.3526656451452987,-0.704170166899436,15.082800517645229,9.86131235778114,0.5169553549227532,-0.4196184686767235,1.1927118126423495,0.861629273796779,0.600257262722694,-0.5487112264793583
729000.0,0.3037665241199336,0.3117359798260114,1.7855698251334866,3.3119306853536274,3.174560009440638,2.361402570568357,0.7967362628733765,-0.0337539363190164,344135.4889186133,282265.05110790377,1.122720300134761,0.7922265035597826,1.7669145753014843,1.1869516245406957,0.535310685448667,-0.400636001340946,14.96912159093556,10.27544694678902,0.5705615951629416,-0.3578562587144542,0.9293713473064816,0.658008509181564,0.7085457623273235,0.0115165331702797
729500.0,0.408090059996308,0.2904711478760634,0.6318969813876084,-0.3595582702414939,2.616448407996312,1.9254396735177832,0.8611922339824192,0.2917077411448936,420017.3354116725,270763.53263216163,0.3894133486757555,-0.8093723351042357,2.5579086415878702,1.6337132031510544,0.3497693241607678,-0.6117368177963116,20.679453214652145,13.444188392357292,0.452694663327865,-0.4663890444518395,0.7356476228230036,0.5303664970942681,0.8663677503761104,1.0227654840782554
730000.0,0.5529402873189585,0.3706002431002826,0.3755137990606739,-0.82034812333346,4.259903935675406,2.965103652436801,0.470731763680728,-0.7275116234835992,474106.8886071015,352141.8921251228,0.8676434572738355,0.3937015466614992,1.729467387819984,1.3002730071838402,0.7960386300779672,-0.0711702242048595,15.964881737466118,11.817400776898667,0.7604060161797587,-0.1684355754517739,0.8615415465105783,0.7136361628856585,0.9842275954485268,0.140851148756274
730500.0,0.4123715513355934,0.3089204501888896,0.8870205988679486,0.2322609985696675,3.406404152102802,2.763427600482992,1.1950587997491589,1.4871718949525938,355978.9021729,304657.0836503258,1.676805670900639,4.110634926430973,1.312382706362614,1.0878648755837872,0.9552923406629216,0.1875306566231174,10.50718780525184,7.419596338077138,0.8444037866887525,0.3549219379078718,1.1828723211671257,0.8789520272298139,0.5425193084258517,-0.8328823134853471
731000.0,0.3720606364649789,0.2757402885329304,0.9663622686850262,0.7342562085000037,3.365647825642701,3.013124223276597,1.3636843764753768,1.6423576205475063,290454.64156241046,235905.08105175424,1.245096099229573,1.3809508484300297,1.5087658187588149,1.051143504260723,0.8456921814580166,0.5813301267563213,11.719000053589731,8.084657765076766,0.8343906989931027,0.6153471712298852,1.2306319296329502,0.9345184049405296,0.7941326938140695,-0.1237157920771729
731500.0,0.5270185772717954,0.3883511060210864,0.7298282186057459,-0.3005501022815071,4.215576779557696,3.183073267011898,0.5859283179611133,-0.7646873047573974,396275.16612996574,270551.04817764234,0.4478295717195481,-0.7476587502559835,2.245283262919683,1.718981858165526,0.8532970175325941,0.0616835135581466,18.14284300413573,14.322370082767431,0.9654832558591048,0.3346199906952449,1.064377627168329,0.9312086393117406,1.1617499497209456,0.6306749956623894
732000.0,0.6346997281750644,0.4420498284677788,0.6030503526524844,-0.4892659264337973,3.9489399566952295,2.6395334591178616,0.413770692685672,-0.7632552394311518,349994.5991606249,297866.3498802465,1.3578424917575878,1.9486820077239937,3.008712185159483,2.4018300895150344,0.7494923787296688,-0.5596093673528841,25.39294846468737,20.73028032332457,0.7662669602482246,-0.5713823184582889,0.9665714529218052,0.7386416807448418,0.6515330234274925,-0.6733972790750133
732500.0,0.4007859615636924,0.2973493749593846,0.7682386679984475,-0.1140432680884453,3.7746056731765214,2.4614513288799365,0.4769520324751746,-0.2930250993841516,460714.2260167847,373320.06744285807,0.8070663865938045,-0.3231141673063913,2.129444181204605,1.4867244353794686,0.6752065871971968,-0.2493950479001521,19.497850972909976,14.061135576906588,0.6975606322075841,-0.2759033361049132,0.7227969769747699,0.5189383056222688,0.610885843908944,-0.3406090762282776
733000.0,0.5033656858209904,0.3376276335177674,0.3155951539987019,-0.8845040325519586,4.311030817030855,3.278891489627751,0.8734649565725136,0.3543614508899626,561915.0220763632,418294.0459251529,0.6165108239889912,-0.6692304210908468,1.6891193391000667,1.327310988329926,1.1327031165217551,1.1086739543210653,13.545892871359811,10.507144200443566,1.069450009821953,0.8974424210862031,0.9668704719040746,0.6589684010756274,0.5604998212418849,-0.2798269599367695
733500.0,0.5496687386254004,0.4059082506974191,0.810108953163354,0.1989908612214348,4.726167556701967,3.4159817899383698,0.670629111048834,-0.1788140576703951,458974.107876283,372455.6949446602,0.9130997364438028,-0.0233408249625299,1.754352233101368,1.5028407361518683,1.2791285439457218,1.3739403037948552,14.785109648993798,11.502008742042822,0.9207224925661386,0.3642104811181155,0.8636371495453001,0.750463093485617,1.4002808236746174,2.009572801428324
734000.0,0.6711810761428944,0.549726941316144,0.8079828742171866,-0.2400427075267632,3.1294008338771646,2.234653083135711,0.7920644930928556,0.3827216889936786,351345.8182570213,334494.3163401455,1.215764984729684,0.6850626573370047,1.932693608160693,1.4686392277473914,1.2267837928704497,1.9698404594812784,14.175091134800835,10.975000208901452,1.3521918719349872,2.295597150898428,0.7354962696157533,0.5669405731613602,0.9192782241468258,0.3673716802033513
734500.0,0.7227324751616814,0.5874925160097696,1.075500587098784,0.664208924479889,3.575911953203556,2.7615865839668072,0.7577159595933297,-0.3165386320688759,715365.3174683813,490844.15776187537,0.4758889518796613,-0.7394920530202755,1.7624962003637323,1.4493359637853809,1.0239602983657912,0.4441194777248163,13.019505363404386,10.05577483176214,0.9705936846484664,0.6043564761873528,0.8698458587412184,0.6195859580161189,0.5872841951697375,-0.4866079448130191
735000.0,0.5935907879527746,0.4136887218139917,0.6336148824517794,-0.2892593194021438,3.2981507455241483,2.2918739480098687,0.6501292813659438,-0.136757040040389,509448.0654879487,362889.9083056518,0.6564755680607369,-0.3324555378290523,1.866643558535749,1.255708967205618,0.4450955185064238,-0.7317033606782464,15.819373764911068,11.105939541847349,0.5565436809495069,-0.5787131470385165,0.7687037140256577,0.5443577191944403,0.6126175965844979,-0.4187435074553836
735500.0,0.7068741602096769,0.5113423193916684,0.6260534367711282,-0.3647096384270663,3.424135117039793,2.407628414165965,0.6668911217719942,-0.1313908980707543,509212.2726754043,329268.42756961146,0.2771709026242169,-0.9294385004628204,2.346132516167924,1.771474238688565,0.9151426424947092,0.3628509730899045,17.619118058817463,13.035029037354253,0.8200108746996243,0.0153867069200606,1.141554056609828,0.9325035298816992,0.9140477810352612,0.0292847048307036
736000.0,0.5204073839031896,0.3705002770943436,0.7016081517199495,-0.168564899792059,4.8906072031648495,4.094831869834207,1.2285878239393988,1.095307792697085,371952.2782192452,281052.0599833731,0.8943871457780758,0.3748575086165289,1.84289875248788,1.3207878331179217,0.8389150671474357,0.5562693017543645,15.198373720850658,10.685736859370731,0.6816292586121513,0.2006299345825444,1.5843881228278192,1.2272817091317747,0.6641043051935713,-0.550899050224471
736500.0,0.4748892268529885,0.3451380890902967,0.7235008398154896,-0.1910307831205799,4.240586129127047,4.037815557669433,1.353117334980542,1.210899673981305,369122.0111988832,271300.1028266154,0.9439189220365116,0.8315360518912724,1.7046155571349018,1.297557260494533,0.9587638697298516,0.4815523720618375,14.528614665449345,10.80673273150119,0.8523017975298041,0.1275682138132681,1.240205709141209,0.9698312354000072,0.921255870861185,0.1941167581591578
737000.0,0.5331850185630752,0.3757364345243396,0.654921495821821,-0.2258149722098359,4.4799837605786506,3.258595940551267,0.7448802380485836,-0.1194920021991325,414706.4200999392,321556.83128656173,0.8380569149622858,0.0183362695774964,1.8236254587571965,1.2634005584777246,0.6208129231072207,-0.06970035819079,14.277042378470066,10.749293156090893,0.7504285482883176,-0.1905855625859289,1.4312310930709915,1.045160956678629,0.7476355485315463,-0.1279757902906877
737500.0,0.4322872575341097,0.3270937873093385,0.8268974009655061,0.070464536236638,5.63102572976478,3.807055482173294,0.7054001131910635,0.3418301038204983,419231.6059813632,304361.3681880762,0.7839118448053181,0.0533974994441446,1.8498152982411948,1.4250304471771922,0.8558342950409598,0.2435904916226117,15.891136315196118,11.55712705025076,0.848154236550946,0.2614743741201124,0.8789154133926724,0.6039121313607493,0.5873067528155597,-0.3156727440216458
738000.0,0.3960938445236781,0.2831925664421951,0.5399450881524371,-0.6681909690599297,5.129357748975885,3.548069658389017,0.5406341961821909,-0.6048770641078818,318283.2165490449,229281.68072340716,0.8991051426945859,0.95142898060524,1.6774732214749284,1.1678201008562867,0.544215478168724,-0.4705468816898928,13.959948163343048,9.69716786184664,0.6120115026403598,-0.2364318179381355,0.8391638280998953,0.566975301556017,0.4636856737106656,-0.5570962886853046
738500.0,0.4411018851661079,0.3569475612980671,0.7700867738323026,-0.3801016734786731,5.06996700888013,3.608887962852105,0.6183807199854074,-0.4192817210094492,301439.27981370647,291396.47234886704,1.8105293094342192,3.818355615827637,1.7015729631857648,1.1848758585417578,0.5795331949718693,-0.5632382224455896,14.976706328399562,10.475222144562622,0.6115124113798148,-0.427513749860763,0.7714667665510019,0.5514380169951505,0.6273943373541538,-0.4318076602108416
739000.0,0.3754089158192557,0.257149411566395,0.5497616147835929,-0.595456868749701,4.205111899120321,2.950516152530891,0.6434481438845563,-0.2398932520283954,340125.3898445276,273400.74158687337,1.02954802508254,0.5238114400271141,1.9381779678631232,1.6628249222922495,1.1526856114420696,0.7338799945516716,16.79677425492257,13.489637505858171,0.976955590455502,0.366275692737469,0.8125324300181648,0.5492117866508867,0.4987344831891665,-0.5078808306744391
739500.0,0.4986468568421277,0.3514639553130521,0.4739039793418644,-0.7887289837027618,5.719593736582011,3.9991754412489264,0.5251440819985101,-0.4988758774845374,464001.5196490984,373662.61884857423,1.0145090542840949,0.4318849281217281,2.1426678795348164,1.5695481120245856,0.7626611763496578,-0.0823560941806262,20.62985346154529,14.712269493166009,0.6253441419350447,-0.4483963976011602,0.7038634160088311,0.5298072834236176,0.7318105969803197,-0.3145484141334176
740000.0,0.4475698981005884,0.3576819553340708,1.0056915196329297,0.5219266970065766,4.404643188013994,3.0463898475227382,0.6236287044421015,-0.1346226831113446,363429.6104080053,266221.29804513045,0.6130614020555876,-0.5409789938549614,2.1169458960666803,1.5018636638577445,0.7562388861951708,0.0739111012722268,17.36728962162771,12.051256244423229,0.6927840454905709,-0.1011081364778876,0.998562631948436,0.6770397484261301,0.4138347288438419,-0.8332012168780722
740500.0,0.5426042421889825,0.3711553949932811,0.4221771969570417,-0.8122479171691515,3.4831620835149675,2.2914572101391806,0.4910793364038414,-0.5414832601584059,400095.6298124952,258740.51300670224,0.3580450639966525,-0.8289654913133058,2.594748010214363,1.91976756072666,0.6780994673201067,-0.5078386318675423,22.291099449087277,16.23708160296114,0.6037047102433628,-0.6408317433540551,0.7766184754299111,0.5292302323874516,0.5900394937342208,-0.1619913458588167
741000.0,0.3849023963126993,0.2463511803862783,0.4545092452983099,-0.4429039569460458,3.219280816155497,2.7268500986037107,1.3939325125300128,1.881942772537108,384084.6868720572,321420.7935250255,1.2279497922015603,1.38521062554471,1.962512984239413,1.447110924151484,0.90547620257772,0.4959053731630281,16.505710139155394,11.907543255337403,0.8590401798918058,0.6047143170599076,0.9935424923944928,0.7005478346902564,0.6488252633100172,-0.2182301338854109
741500.0,0.4215023802294665,0.3007963425311813,0.7073475446549731,-0.2124446586413837,2.953005985439923,2.0371197997623582,0.9116932476698764,1.122456194602529,399578.065047582,322555.49705609493,1.10155606320163,0.8040316829990575,1.5954974690821375,1.266183840207736,1.1268755304410087,0.9133451523393892,13.047367305643409,10.60595589115258,1.2405605095680972,1.454143122468504,1.4515737136639524,1.011238026172357,0.5439201660986206,-0.6195244079691107
742000.0,0.4817780722270276,0.3641876613568519,0.7652602881109595,-0.2884409198326021,4.221502821157197,3.297125039147577,0.8531041660378264,0.1289904744853984,593111.8031867527,406248.3375297422,0.6098667636124908,-0.3284915156771872,2.3343695458226885,1.5564301711321618,0.5264831445222141,-0.29783784203418,19.58660682534541,13.074346786188924,0.5028208616431648,-0.4519578450489598,0.7790455771866257,0.5746837808172667,0.9130096659364524,0.5379664976507592
742500.0,0.698655701820297,0.4951653743380804,0.9932231763983326,1.2345054473424373,4.951303707479825,3.5789160001190763,0.7826484276618639,-0.0090547142348986,714708.2243978049,459216.6030830252,0.2335098108599679,-0.971201607935555,2.7646332659722845,1.9017195324669265,0.5908593328376324,-0.3639799799328851,22.53909550656278,15.167636675956624,0.4885086713987398,-0.6152208897547506,0.5219109783933809,0.390459083702241,0.9012466321557848,0.4418275948567292
743000.0,0.7102251317158066,0.5215886979533908,0.6135207366376902,-0.4170981781255967,5.7567473781603455,3.81557563143897,0.3859224380493698,-0.6081061653713595,450944.51614725054,330822.42603824165,0.9597914284447068,0.6831899642566128,1.96042933639733,1.3166817472296677,0.4682647301586763,-0.560266908180235,15.77020628605527,11.074921956870345,0.5579165139521145,-0.5306139112624049,0.6943731527511485,0.5869350916010735,0.9456457599655234,-0.0009459362576325
743500.0,0.7090726632128996,0.4944692270125883,0.5641115346521008,-0.5742018636054227,5.994482926757141,4.118006686576167,0.495462585488732,-0.4736540924885015,579988.6752996065,399660.7080004636,0.7208459001304593,0.2499318340714786,2.148350259905245,1.449572630470688,0.4955587630090308,-0.5887723079748439,19.24967263527028,12.863562529241658,0.5023494100707218,-0.5982341261886166,0.7602579234038614,0.5169582167182744,0.5538767249250354,-0.5366480085432999
744000.0,0.5607210017031969,0.4040562003713555,0.5846819460055538,-0.5341619267901891,5.441106730891272,3.995380155643504,0.8025755083075335,-0.0127865713860018,452079.3262180431,337233.10903842456,0.8429728578607293,0.2584600414833637,2.100630330219728,1.4226233156598989,0.4605280688502247,-0.7247701226155252,16.648981940596382,12.08869948334477,0.5885864467814682,-0.4790651631259002,1.2139226137377883,0.7803204551807126,0.3855045885357232,-0.4909153697614554
744500.0,0.6109527289346687,0.4602869485336987,0.591299421736937,-0.741485462770366,4.056457806737514,3.7204012257922554,1.5324167633967,2.672098982184925,618900.9000646037,447710.8884455922,0.5813842396036573,-0.6111806648668492,2.112942762226637,1.5194897138931354,0.5832664332782949,-0.6173932486273572,13.14849498824698,9.117823987891862,0.4878631752590709,-0.7796721520802055,0.9963964925932484,0.6834439932276712,0.5565278989737773,-0.4299661056615749
745000.0,0.5362447636176972,0.4276299435436747,1.196683263576419,1.331119733773666,5.653252794458791,4.341833621959378,0.8525006725568093,-0.0650108328394063,541998.3686011571,414030.42099776055,0.8113834575338751,-0.2322163856806889,1.985488055562315,1.38904457613339,0.5134454881851803,-0.6429921252594775,13.510688488195678,9.404173901867706,0.5420928579836317,-0.5207167140617082,0.9937581377171664,0.9026795576534768,1.5253326538881644,2.139863730724552
745500.0,1.2639355574273432,1.0039357491050556,0.7861928641968571,-0.3787716399566809,5.478908330825022,4.019158105106157,0.6883387264284136,-0.3010578104600947,518199.91474329104,378878.2508304984,0.5750398483566809,-0.7251621704453433,3.4408801164299727,2.446023127123349,0.6225878056138711,-0.431557646333323,24.39626426711441,18.442548100647425,0.833412357518932,-0.0066482587570848,1.604609228734833,1.3815654065299814,0.9825946711814558,0.0531910697020419
746000.0,0.9079256052152176,0.8057465559187739,1.0576711158931205,0.1449009310628257,8.2450206097042,5.482689390545317,0.3939464205019461,-0.8292777950603023,559082.2958148195,426996.85533839074,1.048958359449087,0.923367073758806,2.4064706353754186,2.009117727859157,0.973642567138289,0.1645379466854493,20.63594414886683,16.63002154585851,0.8943041796039327,0.0367693357946592,1.2167645185168816,1.0534624463500928,1.128919395150297,0.5996323437253337
746500.0,0.6997918345549253,0.4715226234204077,0.4130956168826336,-0.8130571859361835,6.717386501738483,5.753652396315832,0.9719203376399232,-0.1335639993601929,752776.5273342945,631961.6982031815,0.8264734027458015,-0.4086213548966957,2.007251992420012,1.3440895609129202,0.4341861774214682,-0.6961367676903154,17.224602603277326,13.051795946523672,0.7662579581825704,-0.2072979895145552,1.0033272514845213,0.706036820218053,0.5378028829162829,-0.587086542230641
747000.0,0.6241958905992834,0.4756610002603526,0.9129746802377756,0.4772803967042667,6.164341397185447,4.7915689289461065,0.8406747120484431,-0.1382820693096103,475496.31756593793,365030.5084461576,1.113384300735414,1.0694183881000638,3.0726228860265974,2.313750725435041,0.7209817773520164,-0.3750893593525406,24.76907042171425,19.73473071687758,0.851631952005616,-0.2241327015251286,1.3829440341357606,1.2957652793857224,1.2230071210676834,0.8044161233046241
747500.0,0.6942984566949333,0.545173733000352,0.8465587167498698,-0.1291806515377009,4.901318981473524,3.492645546900873,0.720136366012576,-0.012551122817495,505968.4181657212,345021.084568568,0.4384851845549795,-0.7342595028641523,3.174865700064535,2.480284240391883,0.7937992537931798,-0.3350421209527652,26.005190029048123,20.246519484789008,0.8250467265990523,-0.2787859261742618,1.4011748722771082,1.2127783530230194,1.1316761882298885,0.609340723332982
748000.0,0.4581232498571067,0.3012312850492455,0.4198967506900095,-0.7443106425990766,4.447653509830927,3.704484359545568,1.1227027879131726,0.5294884328542087,470621.5655523298,327262.3693435244,0.5772307437845213,-0.4271661849916763,1.8539631181232312,1.2683005351117336,0.4659243130184647,-0.6847755311511259,14.46337660666703,9.711111730253023,0.5113922651966403,-0.4919506287669986,0.7753091830780823,0.5625667446429837,0.6657053244745162,-0.2492297257087128
748500.0,0.4626486261255149,0.2878666262134882,0.2331101188910042,-0.8952662118320172,5.108190151353678,3.5527350614074416,0.7243520026130121,-0.054738227434433,286479.8270974932,182603.8868393541,0.3936292957812765,-0.6616548448171282,2.225569398887953,1.4135512418362202,0.2338885768393748,-0.9861822032606216,20.72535784138791,13.765701248649956,0.2521891030805894,-1.1387300140132213,0.6312487268408938,0.4518847042079009,0.7102904536671033,-0.1242294702865587
749000.0,0.441932822120673,0.3350645315974047,1.0767325845158044,0.8523646867926793,5.248956730763715,3.6528539366704194,0.6353680677750734,-0.395821632254937,417165.1722566073,305039.8953781565,0.7246508455652859,-0.1608715220947867,2.1391656188625414,1.5478235584527278,0.8710447393319556,0.406909965312606,18.648810091702625,13.459933912512827,0.8059947983504236,0.1553377462209382,0.9981236856869352,0.7161153924493142,0.7817171551293354,-0.1042712113579993
749500.0,0.418896523926002,0.2889579315702166,0.619124314846631,-0.2454935253514114,4.954060181938618,3.429905693327467,0.4567891908103784,-0.7798171950693789,477456.7805392379,353347.42302806256,0.6298298832473824,-0.624403715445903,1.419192402937237,0.995198294886664,0.6821294269554561,-0.2274576482138703,12.359705334836535,8.056731412796411,0.4101107406450905,-0.6320802793593776,0.7735092381147027,0.5910484718821165,0.8116105257836104,-0.062328482164998
750000.0,0.3714349347979265,0.2593945403273792,0.6269980194821557,-0.2886432484231114,4.013447341026778,2.956777045981565,0.6734216954057792,-0.4056020471531876,370401.1266991111,303794.7732866798,0.974650907664774,0.0667450765846595,1.8659501566692536,1.2191716557481531,0.4461893698403845,-0.593587576362653,14.45804505432802,9.45668122579991,0.4263875764341512,-0.5741602671139936,0.8859608291094327,0.5903500722896018,0.5012953824531574,-0.5659489263252562
750500.0,0.5902156224872109,0.447898838738,0.8111983416624827,-0.1012356017444924,6.991049713649254,5.401933098105859,0.9208527410939924,0.4157891299132425,353598.545449877,256378.80562636568,0.8564671558673236,0.4650350578092634,2.3340163374939946,1.5992800041611392,0.468363019772415,-0.7949607580084685,19.55785972070682,13.132572649459297,0.4102428867791571,-0.8380845014084888,1.1466692221039398,0.7955387602646486,0.4227671541841586,-0.8831893427418387
751000.0,0.728108509549714,0.6076002583220479,1.0638853049278627,0.411718452128357,8.454708820916787,6.321426174635603,0.7932324966146518,0.0166023886273505,436534.0993546173,307050.78029400687,0.6274485495207272,0.0944789446264358,2.208243903064248,1.5602791273743517,0.7797203308100176,0.2750515852507362,17.599401543653425,12.20118018458402,0.6731395202501149,-0.1634260123127289,0.9279488369170084,0.7496422508640835,0.8376280297231455,-0.2891089357125729
751500.0,0.6663395968793089,0.5497689306653564,1.2591338912505896,1.3450577863011324,9.275299424851346,6.640559240193109,0.6061328059489967,-0.5441152316432198,313219.91731523257,236697.09779403944,0.8327056732536651,0.2114045100929704,2.930728674337601,2.458421717102187,1.1553907676732222,0.7065278155346024,22.590264566050703,17.646920130776945,0.9422456503382892,0.2779241285860219,0.9400820429141786,0.7113456632686044,0.7802734568590689,-0.2440209982882182
752000.0,0.6557746209646232,0.4800274159078803,0.6330200452822531,-0.4427503230561695,9.467572625415809,6.401328323136751,0.3900074064909465,-0.8433214627737189,375635.738833381,344794.196798539,2.2194226948708264,8.306767563040074,3.8212621237013096,2.6974265321001147,0.4687597329262683,-0.8243663798615573,26.96484189478329,18.63538254873413,0.3736793177165873,-0.9146763634666506,1.2941896769620755,0.9698565886344304,0.6803650180776857,-0.4105287070684169
752500.0,1.662572092044563,1.563171696468922,2.2033400837592074,7.465249139786794,9.30345242502852,7.279289895814809,1.4057842894008672,3.7661072563778335,939247.862843462,1085673.124482137,1.7690407887978532,2.689535710240471,4.825404984373728,4.62159578298406,2.009123626638128,5.528723514960767,38.42082042836425,41.19951760395104,2.157437735989637,5.5323554345675845,4.931140821195027,5.763003298755978,1.8123662352116492,2.7450725235208617
753000.0,4.805608102392335,7.087433307875804,1.9004340143945653,2.3638640213938373,17.534001497002734,15.353819075701171,1.2983533288554334,1.1852532173427992,1322915.827416921,1357001.643945895,1.676622342939671,2.244509776566524,13.190239593577644,11.345229550252476,1.2151527515246403,0.9217601220630391,106.50457133545768,95.81681779180452,1.2420512118554856,0.9281954873448228,16.371175676823768,15.685673588466887,1.264192831766281,0.5752655154932573
753500.0,10.243399939065338,13.40167674925275,1.897356885561216,3.2975531603540027,14.017712781539712,13.23322356215894,1.2588653254510935,1.0299106419051345,1259621.997271666,1368353.423218109,1.264158868017806,0.531942592572916,14.759977850350277,14.068607895807224,1.6685846255328145,2.865375237477476,120.89150809117736,121.12647221940068,1.680317858252104,2.6617617718493785,22.919977143740148,25.04744794163048,1.8067293137093088,2.7282425070303056
754000.0,19.823451544626163,20.267623671046977,0.7229821552245416,-1.1321593327849306,14.0361439603874,9.060975514400956,0.3355671865519072,-0.7437072886928959,546360.5819287149,520501.58468703576,2.093715930927524,6.337960227706613,26.53816309346518,19.59484284619372,0.4080017085058278,-1.1247957554794874,201.47402762226795,151.03338568318588,0.4613717862426847,-0.9589782562539376,42.818511782675934,30.118541127644686,0.3976792240769066,-1.1028545916627008
754500.0,19.46521302910436,18.51329337484251,0.5401397683411181,-1.3012591154661126,11.65340765427871,7.660031673270829,0.4712675778797918,-0.6520958109585435,432336.8454795437,477059.8990930502,1.223697491331842,0.5198588916890157,23.03765351372732,14.168791382848624,-0.1304604092399888,-1.2014999931745145,162.33493196518376,101.69880234886048,-0.0805739935305264,-1.1693785067763385,31.60284228334857,20.76257328543864,-0.0336779499505018,-1.2241516726163906
755000.0,17.501070970395592,16.264233275686415,0.5862543737831521,-1.158591102726388,12.060323048900113,7.5633145665754355,0.7719302288716162,0.8947214952596032,730255.6422782764,802688.6978984207,1.2044887273904208,0.1553986682090262,16.95884907634581,14.233126158868185,0.7763274981895855,-0.3391063188934495,128.75105502236312,101.9798634133175,0.7500965349524671,-0.3326268979991877,26.24819761228339,16.970216230191795,0.27333806509726,-0.7255259139708046
755500.0,22.587988481386432,20.94123109443184,0.6889720967349664,-0.5011940380278785,14.745621129935564,12.46996585292814,1.0208915989469365,0.1438168110975879,801303.2927190274,940638.8470077596,1.5247939859433255,1.0521457403988226,28.061519595801368,19.36723913974868,0.0939541505165391,-1.3221508088352494,226.27412844696647,155.5819166147937,0.0358594365084258,-1.3524271529782488,37.94119853668353,35.9214314800045,0.936446011982889,-0.2853118890084096
756000.0,39.65195795873536,31.28806952990901,0.1023334790147753,-1.6409146605589708,18.87243933393933,14.01347666436195,0.4463348652150907,-0.9962769090422494,644087.0729754617,726568.7789573879,1.9784743040324324,3.457958880987303,37.8523573946243,23.916227692801648,-0.206678798271385,-1.4829512451603144,286.78504817896265,192.0895542348808,-0.0797526164706125,-1.458391123984765,56.84453775163183,45.76160301549355,0.2825373580352554,-1.3733453265922313
