Time (cycle),Amplitude_Mean,Amplitude_Standard_deviation,Amplitude_Skewness,Amplitude_Kurtosis,Rise-Time_Mean,Rise-Time_Standard_deviation,Rise-Time_Skewness,Rise-Time_Kurtosis,Energy_Mean,Energy_Standard_deviation,Energy_Skewness,Energy_Kurtosis,Counts_Mean,Counts_Standard_deviation,Counts_Skewness,Counts_Kurtosis,Duration_Mean,Duration_Standard_deviation,Duration_Skewness,Duration_Kurtosis,RMS_Mean,RMS_Standard_deviation,RMS_Skewness,RMS_Kurtosis
500.0,3.0221942057598024,2.263349115131657,0.5021093131116774,-0.9042393181513332,52.45812353007652,27.079044696837634,-0.4405518215300893,-0.8438556941184197,1731967.070339333,495991.62036369496,-2.0237994658033966,3.2785917961175963,9.322307165776545,6.006656356665775,0.6247077525154328,0.0884051204479314,52.8091890664377,45.07432790624471,1.4191451349187545,1.369686633444144,8.11922954598824,5.607946306016655,0.6528136847299502,-0.4981129819515839
1000.0,6.698987990464564,3.4551503572872138,0.6608649567778729,-0.6193974214246607,53.931749903202395,27.027362761122504,-0.4620767601553516,-0.7608837649150484,1877086.8434454289,517848.3707712209,-1.4133537587433729,2.4662078915446886,10.698788003279521,7.267344850401813,0.5985220989911099,-0.10904404289406382,64.23129612513061,52.24196756431259,1.3725842121185798,1.2621149842795718,8.204319525574054,5.545938013523987,0.5498213547388975,-0.6555306676851553
1500.0,10.375781775169328,4.646951599442771,0.8196206004440685,-0.3345555246979881,55.40537627632827,26.975680825407373,-0.48360169878061393,-0.6779118357116771,2022206.6165515245,539705.1211787469,-0.8029080516833493,1.6538239869717812,12.075268840782499,8.528033344137851,0.572336445466787,-0.306493206236059,75.65340318382353,59.40960722238046,1.3260232893184054,1.1545433351149996,8.289409505159865,5.48392972103132,0.4468290247478448,-0.8129483534187267
2000.0,14.05257555987409,5.838752841598327,0.978376244110264,-0.04971362797131562,56.87900264945414,26.92399888969224,-0.5051266374058763,-0.5949399065083059,2167326.3896576203,561561.8715862728,-0.1924623446233258,0.8414400823988739,13.451749678285475,9.78872183787389,0.546150791942464,-0.5039423695780543,87.07551024251644,66.57724688044834,1.2794623665182308,1.0469716859504272,8.374499484745677,5.421921428538653,0.34383669475679207,-0.9703660391522981
2500.0,17.729369344578853,7.030554083753884,1.1371318877764596,0.235128268755357,58.35262902258001,26.87231695397711,-0.5266515760311385,-0.5119679773049346,2312446.162763716,583418.6219937988,0.4179833624366979,0.0290561778259661,14.828230515788452,11.049410331609929,0.5199651384181411,-0.7013915329200495,98.49761730120936,73.74488653851621,1.232901443718056,0.9394000367858552,8.45958946433149,5.359913136045985,0.2408443647657394,-1.1277837248858695
3000.0,18.374000237220276,7.153530674605286,0.9492275516305686,0.4232109079030898,58.530299593246376,27.542942035144975,-0.4909588939918295,-0.5672234069203083,2298142.6916908715,583654.0758433978,0.2725280282180113,0.228741311327967,14.914480897464898,11.038845765173289,0.5094385592150726,-0.727338627001389,99.14774576113965,72.97899430610804,1.164913989315075,0.8237247585825807,8.431671928459881,5.3285730728880845,0.24387338773479147,-1.1430167259819977
3500.0,19.0186311298617,7.276507265456688,0.7613232154846776,0.6112935470508225,58.70797016391274,28.213567116312845,-0.4552662119525205,-0.6224788365356819,2283839.220618027,583889.5296929968,0.1270726939993247,0.4284264448299679,15.000731279141345,11.028281198736648,0.49891198001200415,-0.7532857210827284,99.79787422106993,72.21310207369986,1.0969265349120942,0.7080494803793063,8.403754392588272,5.297233009730185,0.24690241070384356,-1.1582497270781258
4000.0,19.663262022503122,7.39948385630809,0.5734188793387868,0.7993761861985552,58.8856407345791,28.88419219748071,-0.4195735299132115,-0.6777342661510557,2269535.7495451816,584124.9835425958,-0.018382640219361923,0.6281115783319688,15.086981660817791,11.017716632300008,0.48838540080893567,-0.779232815164068,100.44800268100022,71.44720984129167,1.0289390805091132,0.5923742021760318,8.375836856716662,5.265892946572285,0.24993143367289564,-1.173482728174254
4500.0,20.307892915144542,7.522460447159492,0.3855145431928958,0.987458825346288,59.06331130524546,29.55481727864858,-0.3838808478739024,-0.7329896957664294,2255232.278472337,584360.4373921948,-0.16383797443804854,0.8277967118339697,15.173232042494238,11.007152065863368,0.4778588216058672,-0.8051799092454074,101.0981311409305,70.68131760888349,0.9609516261061323,0.4766989239727573,8.347919320845053,5.234552883414384,0.2529604566419477,-1.188715729270382
5000.0,20.952523807785965,7.645437038010894,0.19761020704700483,1.175541464494021,59.24098187591183,30.225442359816448,-0.34818816583459344,-0.788245125381803,2240928.8073994922,584595.8912417936,-0.30929330865673516,1.0274818453359706,15.259482424170686,10.996587499426727,0.4673322424027987,-0.8311270033267468,101.74825960086078,69.91542537647531,0.8929641717031513,0.36102364576948287,8.320001784973444,5.203212820256485,0.2559894796109998,-1.2039487303665104
5500.0,21.59715470042739,7.768413628862296,0.009705870901113967,1.3636241036417536,59.41865244657819,30.896067440984318,-0.3124954837952844,-0.8435005549971767,2226625.3363266475,584831.3450913926,-0.45474864287542177,1.2271669788379715,15.345732805847133,10.986022932990087,0.45680566319973026,-0.8570740974080863,102.39838806079106,69.14953314406714,0.8249767173001703,0.24534836756620837,8.292084249101835,5.171872757098584,0.2590185025800519,-1.2191817314626385
6000.0,22.241785593068812,7.891390219713699,-0.178198465244777,1.5517067427894864,59.59632301724455,31.566692522152184,-0.2768028017559754,-0.8987559846125504,2212321.8652538024,585066.7989409916,-0.6002039770941083,1.4268521123399724,15.43198318752358,10.975458366553447,0.4462790839966618,-0.8830211914894257,103.04851652072135,68.38364091165896,0.7569892628971894,0.12967308936293398,8.264166713230225,5.140532693940684,0.262047525549104,-1.2344147325587667
6500.0,22.886416485710235,8.0143668105651,-0.366102801390668,1.7397893819372192,59.773993587910915,32.23731760332005,-0.24111011971666635,-0.9540114142279241,2198018.3941809577,585302.2527905906,-0.745659311312795,1.6265372458419733,15.518233569200026,10.964893800116807,0.4357525047935933,-0.9089682855707653,103.69864498065164,67.61774867925078,0.6890018084942084,0.013997811159659479,8.236249177358616,5.109192630782784,0.26507654851815604,-1.2496477336548948
7000.0,23.53104737835166,8.137343401416503,-0.554007137536559,1.927872021084952,59.95166415857728,32.90794268448792,-0.20541743767735732,-1.0092668438432977,2183714.923108113,585537.7066401896,-0.8911146455314816,1.8262223793439742,15.604483950876473,10.954329233680166,0.42522592559052486,-0.9349153796521047,104.34877344058192,66.85185644684259,0.6210143540912275,-0.10167746704361502,8.208331641487007,5.077852567624884,0.26810557148720815,-1.264880734751023
7500.0,24.17567827099308,8.260319992267904,-0.7419114736824499,2.115954660232685,60.129334729243645,33.57856776565579,-0.16972475563804829,-1.0645222734586715,2169411.4520352683,585773.1604897886,-1.0365699797501682,2.025907512845975,15.69073433255292,10.943764667243526,0.41469934638745637,-0.9608624737334441,104.99890190051221,66.08596421443441,0.5530268996882466,-0.2173527452468894,8.180414105615398,5.046512504466984,0.2711345944562602,-1.280113735847151
8000.0,24.820309163634505,8.383296583119307,-0.9298158098283409,2.3040372993804175,60.30700529991,34.24919284682366,-0.13403207359873925,-1.1197777030740452,2155107.980962423,586008.6143393876,-1.1820253139688548,2.225592646347976,15.776984714229366,10.933200100806886,0.4041727671843879,-0.9868095678147836,105.6490303604425,65.32007198202623,0.48503944528526555,-0.3330280234501638,8.152496569743787,5.015172441309084,0.2741636174253123,-1.2953467369432792
8500.0,25.46494005627593,8.506273173970708,-1.1177201459742316,2.49211993852815,60.48467587057637,34.919817927991524,-0.09833939155943028,-1.1750331326894188,2140804.5098895784,586244.0681889866,-1.3274806481875414,2.425277779849977,15.863235095905813,10.922635534370245,0.39364618798131945,-1.012756661896123,106.29915882037278,64.55417974961806,0.4170519908822846,-0.4487033016534384,8.124579033872179,4.983832378151184,0.27719264039436436,-1.3105797380394073
9000.0,26.10957094891735,8.629249764822111,-1.3056244821201228,2.680202577675883,60.66234644124273,35.590443009159394,-0.06264670952012125,-1.2302885623047923,2126501.0388167338,586479.5220385855,-1.472935982406228,2.624962913351978,15.949485477582261,10.912070967933605,0.3831196087782509,-1.0387037559774626,106.94928728030305,63.788287517209874,0.3490645364793037,-0.5643785798567128,8.09666149800057,4.952492314993284,0.2802216633634165,-1.3258127391355354
9500.0,26.75420184155877,8.752226355673514,-1.4935288182660136,2.8682852168236157,60.8400170119091,36.261068090327264,-0.026954027480812215,-1.285543991920166,2112197.567743889,586714.9758881845,-1.6183913166249146,2.8246480468539787,16.035735859258708,10.901506401496965,0.3725930295751825,-1.064650850058802,107.59941574023334,63.022395284801696,0.28107708207632265,-0.6800538580599872,8.068743962128961,4.921152251835384,0.2832506863324685,-1.3410457402316638
10000.0,27.398832734200194,8.875202946524915,-1.6814331544119048,3.0563678559713487,61.01768758257546,36.93169317149513,0.008738654558496872,-1.3407994215355399,2097894.096671044,586950.4297377835,-1.7638466508436013,3.0243331803559794,16.121986240935154,10.890941835060325,0.362066450372114,-1.0905979441401414,108.24954420016363,62.25650305239351,0.21308962767334183,-0.7957291362632618,8.04082642625735,4.8898121886774835,0.28627970930152064,-1.356278741327792
10500.0,28.043463626841618,8.998179537376316,-1.8693374905577955,3.2444504951190813,61.19535815324182,37.602318252663,0.04443133659780585,-1.3960548511509137,2083590.6255981992,587185.8835873825,-1.9093019850622879,3.2240183138579805,16.2082366226116,10.880377268623684,0.3515398711690455,-1.116545038221481,108.89967266009391,61.490610819985335,0.1451021732703608,-0.9114044144665362,8.012908890385742,4.858472125519584,0.28930873227057274,-1.37151174242392
11000.0,28.68809451948304,9.12115612822772,-2.0572418267036863,3.432533134266814,61.373028723908185,38.27294333383087,0.0801240186371148,-1.4513102807662872,2069287.1545253545,587421.3374369815,-2.0547573192809745,3.4237034473599817,16.294487004288047,10.869812702187044,0.3410132919659771,-1.1424921323028203,109.5498011200242,60.72471858757716,0.0771147188673797,-1.0270796926698107,7.984991354514133,4.827132062361684,0.2923377552396248,-1.3867447435200482
11500.0,29.220713321669482,9.483801988677444,-2.003414149510581,3.2271536200249633,62.14433645300515,39.10285052629235,0.06735737011624061,-1.4486049240201986,2053440.8098658659,593867.6026905917,-2.004041796169277,3.2170635247009147,16.72779649775539,11.036197746391608,0.3217161350375245,-1.1438097241739373,112.17059406885137,61.984433829228024,0.06459773044372696,-1.03662203563856,8.059552139050396,4.843695077114749,0.25822901669852694,-1.3722409153989112
12000.0,29.753332123855923,9.846447849127168,-1.9495864723174758,3.0217741057831127,62.91564418210211,39.932757718753834,0.05459072159536644,-1.4458995672741097,2037594.465206377,600313.8679442019,-1.9533262730575798,3.0104236020418473,17.161105991222726,11.202582790596173,0.3024189781090719,-1.1451273160450541,114.79138701767855,63.24414907087889,0.05208074202007423,-1.0461643786073096,8.134112923586661,4.860258091867814,0.22412027815742902,-1.357737087277774
12500.0,30.285950926042364,10.209093709576893,-1.8957587951243706,2.816394591541262,63.68695191119908,40.762664911215325,0.04182407307449226,-1.443194210528021,2021748.1205468883,606760.133197812,-1.9026107499458824,2.8037836793827804,17.594415484690067,11.368967834800737,0.2831218211806194,-1.1464449079161712,117.41217996650573,64.50386431252976,0.039563753596421496,-1.055706721576059,8.208673708122925,4.876821106620879,0.19001153961633113,-1.3432332591566372
13000.0,30.818569728228805,10.571739570026617,-1.8419311179312654,2.611015077299412,64.45825964029605,41.59257210367681,0.02905742455361808,-1.4404888537819323,2005901.7758873994,613206.3984514222,-1.851895226834185,2.5971437567237134,18.027724978157405,11.5353528790053,0.26382466425216683,-1.1477624997872882,120.0329729153329,65.76357955418062,0.027046765172768765,-1.0652490645448085,8.283234492659188,4.893384121373944,0.15590280107523324,-1.3287294310355002
13500.0,31.351188530415246,10.934385430476341,-1.7881034407381602,2.405635563057561,65.22956736939301,42.42247929613829,0.016290776032743898,-1.4377834970358436,1990055.4312279108,619652.6637050324,-1.8011797037224877,2.3905038340646465,18.461034471624746,11.701737923209864,0.24452750732371425,-1.149080091658405,122.65376586416008,67.02329479583149,0.014529776749116027,-1.0747914075135578,8.357795277195452,4.909947136127009,0.12179406253413536,-1.314225602914363
14000.0,31.883807332601688,11.297031290926064,-1.7342757635450547,2.2002560488157106,66.00087509848998,43.252386488599775,0.003524127511869729,-1.435078140289755,1974209.086568422,626098.9289586426,-1.7504641806107903,2.183863911405579,18.894343965092084,11.868122967414429,0.2252303503952617,-1.150397683529522,125.27455881298725,68.28301003748236,0.0020127883254632967,-1.0843337504823074,8.432356061731717,4.926510150880074,0.08768532399303747,-1.2997217747932261
14500.0,32.41642613478813,11.659677151375789,-1.6804480863519495,1.9948765345738602,66.77218282758695,44.08229368106126,-0.009242521009004454,-1.4323727835436662,1958362.7419089333,632545.1942122529,-1.699748657499093,1.9772239887465122,19.327653458559425,12.034508011618993,0.20593319346680916,-1.151715275400639,127.89535176181442,69.54272527913324,-0.010504200098189434,-1.0938760934510567,8.50691684626798,4.943073165633139,0.05357658545193958,-1.2852179466720892
15000.0,32.94904493697457,12.022323011825513,-1.6266204091588443,1.7894970203320095,67.5434905566839,44.91220087352275,-0.022009169529878636,-1.4296674267975775,1942516.3972494444,638991.459465863,-1.6490331343873956,1.770584066087445,19.760962952026766,12.200893055823556,0.1866360365383566,-1.1530328672717558,130.5161447106416,70.8024405207841,-0.023021188521842165,-1.1034184364198063,8.581477630804244,4.959636180386205,0.01946784691084169,-1.270714118550952
15500.0,33.481663739161014,12.384968872275238,-1.572792731965739,1.5841175060901589,68.31479828578088,45.74210806598423,-0.03477581805075282,-1.4269620700514887,1926670.0525899557,645437.7247194732,-1.5983176112756983,1.5639441434283778,20.194272445494104,12.36727810002812,0.167338879609904,-1.1543504591428728,133.13693765946877,72.06215576243497,-0.035538176945494895,-1.1129607793885556,8.656038415340507,4.97619919513927,-0.01464089163025617,-1.2562102904298151
16000.0,34.014282541347455,12.747614732724962,-1.5189650547726339,1.3787379918483085,69.08610601487784,46.57201525844572,-0.047542466571627,-1.4242567133054,1910823.7079304669,651883.9899730834,-1.547602088164001,1.357304220769311,20.627581938961445,12.533663144232685,0.14804172268145147,-1.1556680510139898,135.75773060829596,73.32187100408584,-0.04805516536914764,-1.1225031223573052,8.730599199876773,4.992762209892335,-0.048749630171354086,-1.2417064623086782
16500.0,34.5469013435339,13.110260593174687,-1.4651373775795284,1.1733584776064578,69.8574137439748,47.4019224509072,-0.06030911509250117,-1.4215513565593114,1894977.3632709782,658330.2552266936,-1.4968865650523036,1.150664298110244,21.060891432428782,12.700048188437249,0.12874456575299892,-1.1569856428851066,138.37852355712312,74.5815862457367,-0.06057215379280037,-1.1320454653260545,8.805159984413036,5.0093252246454005,-0.082858368712452,-1.227202634187541
17000.0,35.07952014572034,13.472906453624411,-1.4113097003864232,0.9679789633646072,70.62872147307178,48.231829643368684,-0.07307576361337534,-1.4188459998132226,1879131.0186114893,664776.5204803038,-1.4461710419406064,0.9440243754511766,21.494200925896124,12.866433232641812,0.10944740882454634,-1.1583032347562237,140.9993165059503,75.84130148738757,-0.0730891422164531,-1.141587808294804,8.8797207689493,5.025888239398466,-0.11696710725354986,-1.2126988060664041
17500.0,35.61213894790678,13.835552314074135,-1.357482023193318,0.7625994491227566,71.40002920216874,49.061736835830175,-0.08584241213424953,-1.416140643067134,1863284.6739520007,671222.7857339139,-1.395455518828909,0.7373844527921096,21.927510419363465,13.032818276846378,0.09015025189609377,-1.1596208266273407,143.6201094547775,77.10101672903843,-0.08560613064010583,-1.1511301512635534,8.954281553485563,5.042451254151531,-0.15107584579464772,-1.1981949779452672
18000.0,36.14475775009322,14.19819817452386,-1.3036543460002128,0.5572199348809064,72.17133693126571,49.89164402829166,-0.0986090606551237,-1.413435286321045,1847438.329292512,677669.0509875241,-1.3447399957172117,0.5307445301330427,22.360819912830802,13.199203321050941,0.07085309496764125,-1.1609384184984575,146.24090240360465,78.3607319706893,-0.09812311906375856,-1.160672494232303,9.028842338021828,5.059014268904596,-0.18518458433574564,-1.18369114982413
18500.0,36.67737655227966,14.560844034973584,-1.2498266688071076,0.3518404206390557,72.94264466036267,50.72155122075314,-0.1113757091759979,-1.4107299295749565,1831591.9846330232,684115.3162411343,-1.2940244726055143,0.3241046074739753,22.794129406298143,13.365588365255505,0.0515559380391887,-1.1622560103695745,148.86169535243184,79.62044721234017,-0.1106401074874113,-1.1702148372010523,9.103403122558092,5.075577283657661,-0.2192933228768436,-1.169187321702993
19000.0,36.84495738897944,14.769355031473834,-1.2393799275220332,0.31738654223384904,73.59996495424458,50.783250077304494,-0.11039095043143778,-1.4015203241184577,1826779.4224488067,684974.068006491,-1.2820848165511751,0.30604688610496333,22.952795720965494,13.425922226816281,0.04529244187986925,-1.1595084189077236,150.10009384637212,80.003013716213,-0.12349084665223595,-1.1590322383645146,9.183138316555766,5.071326752868565,-0.2363974134007522,-1.1471805306912808
19500.0,37.01253822567922,14.977866027974084,-1.2289331862369588,0.28293266382864246,74.2572852481265,50.84494893385584,-0.10940619168687767,-1.392310718661959,1821966.8602645905,685832.8197718479,-1.270145160496836,0.28798916473595143,23.11146203563284,13.486256088377058,0.039028945720549796,-1.1567608274458725,151.33849234031237,80.38558022008586,-0.1363415858170606,-1.1478496395279767,9.262873510553439,5.06707622207947,-0.2535015039246608,-1.1251737396795685
20000.0,37.180119062379,15.186377024474334,-1.2184864449518842,0.24847878542343582,74.9146055420084,50.90664779040719,-0.10842143294231754,-1.3831011132054603,1817154.298080374,686691.5715372047,-1.2582055044424967,0.26993144336693947,23.27012835030019,13.546589949937836,0.03276544956123035,-1.1540132359840216,152.57689083425265,80.7681467239587,-0.14919232498188525,-1.136667040691439,9.342608704551113,5.0628256912903735,-0.2706055944485694,-1.1031669486678561
20500.0,37.34769989907878,15.394888020974584,-1.2080397036668098,0.2140249070182292,75.57192583589031,50.96834664695854,-0.10743667419775742,-1.3738915077489617,1812341.7358961576,687550.3233025614,-1.2462658483881572,0.25187372199792757,23.428794664967537,13.606923811498612,0.026501953401910895,-1.1512656445221707,153.81528932819293,81.15071322783153,-0.1620430641467099,-1.1254844418549013,9.422343898548787,5.058575160501277,-0.287709684972478,-1.0811601576561438
21000.0,37.51528073577856,15.603399017474832,-1.1975929623817354,0.1795710286130226,76.22924612977222,51.03004550350989,-0.10645191545319731,-1.364681902292463,1807529.173711941,688409.0750679182,-1.234326192333818,0.2338160006289156,23.587460979634887,13.667257673059389,0.02023845724259144,-1.1485180530603198,155.0536878221332,81.53327973170438,-0.1748938033115346,-1.1143018430183633,9.502079092546461,5.054324629712182,-0.3048137754963866,-1.0591533666444317
21500.0,37.682861572478345,15.811910013975083,-1.187146221096661,0.14511715020781596,76.88656642365413,51.091744360061234,-0.10546715670863718,-1.3554722968359643,1802716.611527725,689267.826833275,-1.2223865362794788,0.21575827925990368,23.746127294302234,13.727591534620165,0.013974961083271994,-1.1457704615984687,156.29208631607347,81.91584623557722,-0.18774454247635924,-1.1031192441818256,9.581814286544134,5.050074098923086,-0.3219178660202952,-1.0371465756327194
22000.0,37.85044240917812,16.02042101047533,-1.1766994798115866,0.11066327180260935,77.54388671753604,51.15344321661259,-0.10448239796407707,-1.3462626913794655,1797904.0493435084,690126.5785986318,-1.2104468802251396,0.19770055789089175,23.904793608969584,13.787925396180944,0.007711464923952541,-1.1430228701366179,157.53048481001375,82.29841273945007,-0.2005952816411839,-1.091936645345288,9.661549480541808,5.04582356813399,-0.3390219565442038,-1.015139784621007
22500.0,38.0180232458779,16.228932006975583,-1.1662527385265122,0.07620939339740274,78.20120701141795,51.21514207316393,-0.10349763921951695,-1.3370530859229668,1793091.487159292,690985.3303639885,-1.1985072241708004,0.17964283652187982,24.06345992363693,13.84825925774172,0.0014479687646330869,-1.140275278674767,158.76888330395403,82.68097924332291,-0.21344602080600855,-1.08075404650875,9.741284674539482,5.041573037344895,-0.3561260470681124,-0.9931329936092947
23000.0,38.18560408257768,16.43744300347583,-1.1558059972414378,0.0417555149921961,78.85852730529987,51.276840929715284,-0.10251288047495682,-1.327843480466468,1788278.9249750758,691844.0821293453,-1.1865675681164611,0.1615851151528679,24.22212623830428,13.908593119302497,-0.004815527394686367,-1.137527687212916,160.0072817978943,83.06354574719575,-0.2262967599708332,-1.0695714476722122,9.821019868537157,5.037322506555799,-0.373230137592021,-0.9711262025975824
23500.0,38.35318491927746,16.64595399997608,-1.1453592559563632,0.007301636586989513,79.51584759918178,51.33853978626663,-0.10152812173039671,-1.3186338750099693,1783466.3627908593,692702.8338947021,-1.174627912062122,0.14352739378385596,24.380792552971627,13.968926980863273,-0.01107902355400582,-1.134780095751065,161.24568029183456,83.4461122510686,-0.23914749913565786,-1.0583888488356745,9.900755062534829,5.033071975766703,-0.3903342281159296,-0.9491194115858701
24000.0,38.520765755977244,16.85446499647633,-1.1349125146712888,-0.027152241818217127,80.17316789306369,51.40023864281798,-0.10054336298583659,-1.3094242695534706,1778653.8006066428,693561.5856600589,-1.1626882560077827,0.12546967241484402,24.539458867638977,14.029260842424051,-0.017342519713325275,-1.132032504289214,162.48407878577484,83.82867875494144,-0.2519982383004825,-1.0472062499991366,9.980490256532503,5.028821444977607,-0.4074383186398382,-0.9271126205741579
24500.0,38.68834659267702,17.062975992976583,-1.1244657733862145,-0.061606120223423766,80.8304881869456,51.46193749936933,-0.09955860424127647,-1.300214664096972,1773841.2384224264,694420.3374254156,-1.1507485999534433,0.10741195104583207,24.698125182306327,14.089594703984828,-0.023606015872644714,-1.1292849128273632,163.72247727971512,84.21124525881427,-0.26484897746530717,-1.0360236511625989,10.060225450530178,5.024570914188511,-0.4245424091637468,-0.9051058295624456
25000.0,38.8559274293768,17.27148698947683,-1.11401903210114,-0.09605999862863035,81.48780848082751,51.52363635592068,-0.09857384549671636,-1.2910050586404733,1769028.6762382102,695279.0891907724,-1.138808943899104,0.08935422967682013,24.856791496973674,14.149928565545604,-0.029869512031964168,-1.1265373213655123,164.9608757736554,84.59381176268712,-0.2776997166301318,-1.0248410523260612,10.139960644527852,5.020320383399415,-0.4416464996876554,-0.8830990385507332
25500.0,39.02350826607658,17.47999798597708,-1.1035722908160657,-0.130513877033837,82.14512877470942,51.585335212472025,-0.09758908675215623,-1.2817954531839746,1764216.1140539937,696137.8409561293,-1.1268692878447648,0.0712965083078082,25.015457811641024,14.21026242710638,-0.03613300819128362,-1.1237897299036612,166.19927426759565,84.97637826655996,-0.2905504557949565,-1.0136584534895232,10.219695838525524,5.01606985261032,-0.458750590211564,-0.861092247539021
26000.0,39.19108910277636,17.68850898247733,-1.093125549530991,-0.16496775543904357,82.80244906859133,51.64703406902338,-0.09660432800759611,-1.2725858477274758,1759403.5518697773,696996.592721486,-1.1149296317904256,0.0532387869387963,25.17412412630837,14.270596288667157,-0.042396504350603076,-1.1210421384418103,167.43767276153594,85.3589447704328,-0.30340119495978113,-1.0024758546529855,10.299431032523199,5.011819321821224,-0.4758546807354726,-0.8390854565273087
26500.0,39.358669939476144,17.89701997897758,-1.0826788082459167,-0.1994216338442502,83.45976936247324,51.70873292557472,-0.095619569263036,-1.2633762422709771,1754590.989685561,697855.3444868427,-1.1029899757360864,0.03518106556978434,25.33279044097572,14.330930150227935,-0.04866000050992253,-1.1182945469799594,168.67607125547622,85.74151127430565,-0.3162519341246058,-0.9912932558164478,10.379166226520873,5.007568791032128,-0.4929587712593812,-0.8170786655155964
27000.0,39.52625077617592,18.10553097547783,-1.0722320669608423,-0.23387551224945685,84.11708965635515,51.770431782126074,-0.09463481051847587,-1.2541666368144784,1749778.4275013446,698714.0962521995,-1.0910503196817471,0.017123344200772384,25.491456755643068,14.391264011788712,-0.054923496669241983,-1.1155469555181086,169.9144697494165,86.12407777817849,-0.32910267328943044,-0.98011065697991,10.458901420518547,5.003318260243032,-0.5100628617832899,-0.7950718745038841
27500.0,39.6938316128757,18.314041971978078,-1.0617853256757679,-0.2683293906546635,84.77440995023706,51.83213063867742,-0.09365005177391575,-1.2449570313579796,1744965.8653171281,699572.8480175564,-1.079110663627408,-0.0009343771682395197,25.650123070310418,14.451597873349488,-0.06118699282856144,-1.1127993640562575,171.15286824335675,86.50664428205133,-0.3419534124542551,-0.9689280581433721,10.53863661451622,4.9990677294539365,-0.5271669523071985,-0.7730650834921717
28000.0,39.86141244957548,18.52255296847833,-1.0513385843906935,-0.30278326905987,85.43173024411897,51.89382949522877,-0.09266529302935564,-1.2357474259014811,1740153.3031329117,700431.5997829131,-1.0671710075730685,-0.01899209853725148,25.808789384977764,14.511931734910265,-0.06745048898788089,-1.1100517725944066,172.39126673729703,86.88921078592418,-0.35480415161907974,-0.9577454593068344,10.618371808513894,4.99481719866484,-0.544271042831107,-0.7510582924804595
28500.0,40.02899328627526,18.731063964978578,-1.040891843105619,-0.33723714746507666,86.08905053800088,51.95552835178012,-0.09168053428479551,-1.2265378204449824,1735340.7409486955,701290.3515482699,-1.0552313515187293,-0.03704981990626338,25.967455699645114,14.572265596471041,-0.07371398514720034,-1.1073041811325557,173.6296652312373,87.27177728979701,-0.36765489078390445,-0.9465628604702966,10.698107002511568,4.990566667875744,-0.5613751333550157,-0.7290515014687472
29000.0,40.19657412297504,18.939574961478826,-1.0304451018205447,-0.3716910258702833,86.74637083188279,52.01722720833147,-0.09069577554023539,-1.2173282149884836,1730528.178764479,702149.1033136266,-1.04329169546439,-0.05510754127527534,26.126122014312465,14.63259945803182,-0.0799774813065198,-1.1045565896707048,174.8680637251776,87.65434379366985,-0.38050562994872905,-0.9353802616337588,10.777842196509242,4.986316137086649,-0.5784792238789243,-0.7070447104570349
29500.0,40.36415495967482,19.148085957979077,-1.01999836053547,-0.40614490427548994,87.4036911257647,52.078926064882815,-0.08971101679567528,-1.208118609531985,1725715.6165802625,703007.8550789835,-1.0313520394100508,-0.07316526264428724,26.28478832897981,14.692933319592596,-0.08624097746583925,-1.1018089982088537,176.10646221911784,88.0369102975427,-0.39335636911355376,-0.924197662797221,10.857577390506915,4.982065606297553,-0.5955833144028329,-0.6850379194453227
30000.0,40.531735796374605,19.35659695447933,-1.0095516192503957,-0.4405987826806966,88.0610114196466,52.14062492143417,-0.08872625805111516,-1.1989090040754862,1720903.0543960463,703866.6068443402,-1.0194123833557116,-0.0912229840132992,26.44345464364716,14.753267181153372,-0.0925044736251587,-1.0990614067470028,177.34486071305813,88.41947680141554,-0.40620710827837836,-0.9130150639606833,10.937312584504589,4.977815075508457,-0.6126874049267415,-0.6630311284336103
30500.0,40.69931663307438,19.565107950979577,-0.9991048779653213,-0.4750526610859032,88.71833171352853,52.20232377798551,-0.08774149930655503,-1.1896993986189874,1716090.4922118299,704725.358609697,-1.0074727273013724,-0.10928070538231116,26.602120958314508,14.81360104271415,-0.09876796978447813,-1.096313815285152,178.5832592069984,88.80204330528838,-0.41905784744320307,-0.9018324651241454,11.017047778502263,4.973564544719362,-0.62979149545065,-0.641024337421898
31000.0,40.86689746977416,19.773618947479825,-0.9886581366802469,-0.5095065394911098,89.37565200741042,52.264022634536865,-0.08675674056199492,-1.1804897931624887,1711277.9300276134,705584.1103750537,-0.9955330712470332,-0.12733842675132306,26.760787272981858,14.873934904274927,-0.10503146594379759,-1.093566223823301,179.82165770093866,89.18460980916123,-0.43190858660802767,-0.8906498662876077,11.096782972499938,4.969314013930266,-0.6468955859745587,-0.6190175464101857
31500.0,41.03447830647394,19.982129943980077,-0.9782113953951725,-0.5439604178963164,90.03297230129235,52.32572149108821,-0.0857719818174348,-1.1712801877059902,1706465.367843397,706442.8621404106,-0.9835934151926938,-0.14539614812033502,26.919453587649205,14.934268765835704,-0.11129496210311704,-1.09081863236145,181.06005619487894,89.56717631303407,-0.4447593257728524,-0.87946726745107,11.17651816649761,4.9650634831411695,-0.6639996764984673,-0.5970107553984734
32000.0,41.20205914317372,20.190640940480325,-0.967764654110098,-0.5784142963015231,90.69029259517426,52.38742034763956,-0.08478722307287469,-1.1620705822494914,1701652.8056591807,707301.6139057673,-0.9716537591383546,-0.16345386948934693,27.078119902316555,14.99460262739648,-0.1175584582624365,-1.088071040899599,182.29845468881922,89.94974281690692,-0.457610064937677,-0.868284668614532,11.256253360495284,4.960812952352074,-0.6811037670223759,-0.5750039643867612
32500.0,41.369639979873504,20.399151936980576,-0.9573179128250237,-0.6128681747067297,91.34761288905617,52.44911920419091,-0.08380246432831456,-1.1528609767929927,1696840.2434749643,708160.3656711241,-0.9597141030840153,-0.18151159085835888,27.2367862169839,15.054936488957257,-0.12382195442175595,-1.0853234494377482,183.5368531827595,90.33230932077976,-0.4704608041025017,-0.8571020697779943,11.335988554492959,4.956562421562978,-0.6982078575462844,-0.5529971733750488
33000.0,41.53722081657328,20.607662933480825,-0.9468711715399492,-0.6473220531119364,92.00493318293807,52.51081806074226,-0.08281770558375445,-1.143651371336494,1692027.6812907478,709019.1174364808,-0.9477744470296761,-0.19956931222737084,27.39545253165125,15.115270350518035,-0.1300854505810754,-1.0825758579758973,184.77525167669978,90.7148758246526,-0.4833115432673263,-0.8459194709414566,11.415723748490631,4.952311890773882,-0.715311948070193,-0.5309903823633365
33500.0,41.704801653273066,20.816173929981076,-0.9364244302548748,-0.6817759315171428,92.66225347681998,52.57251691729361,-0.08183294683919433,-1.1344417658799952,1687215.1191065316,709877.8692018377,-0.9358347909753368,-0.2176270335963827,27.5541188463186,15.175604212078811,-0.13634894674039486,-1.0798282665140462,186.01365017064003,91.09744232852545,-0.496162282432151,-0.8347368721049188,11.495458942488305,4.948061359984787,-0.7324160385941016,-0.5089835913516243
34000.0,41.87238248997284,21.024684926481324,-0.9259776889698004,-0.7162298099223494,93.3195737707019,52.63421577384496,-0.0808481880946342,-1.1252321604234965,1682402.5569223152,710736.6209671944,-0.9238951349209976,-0.2356847549653946,27.71278516098595,15.235938073639588,-0.1426124428997143,-1.0770806750521953,187.25204866458031,91.48000883239828,-0.5090130215969756,-0.8235542732683809,11.57519413648598,4.943810829195691,-0.7495201291180102,-0.486976800339912
34500.0,42.427410060647134,21.691501739421113,-0.893010534245043,-0.7848961115000184,94.81812422724457,53.667014231411265,-0.04356832784952397,-1.103050882023355,1648157.4226977746,706942.0899142033,-0.872394454761072,-0.25259519991868634,27.834684331727452,15.495103072944818,-0.1097999869197048,-1.0894232340517431,187.3243684160029,92.97512872896372,-0.49061679819644455,-0.8315654836547204,11.828071767392963,5.21689533802126,-0.7382155421820532,-0.5437177807875212
35000.0,42.98243763132142,22.358318552360902,-0.8600433795202856,-0.8535624130776872,96.31667468378726,54.69981268897757,-0.006288467604413733,-1.0808696036232137,1613912.2884732338,703147.5588612121,-0.8208937746011464,-0.2695056448719781,27.95658350246896,15.75426807225005,-0.0769875309396953,-1.101765793051291,187.39668816742548,94.47024862552915,-0.47222057479591356,-0.8395766940410598,12.080949398299948,5.48997984684683,-0.7269109552460961,-0.6004587612351305
35500.0,43.53746520199571,23.02513536530069,-0.8270762247955282,-0.9222287146553562,97.81522514032993,55.73261114654388,0.030991392640696502,-1.0586883252230723,1579667.154248693,699353.0278082209,-0.7693930944412208,-0.28641608982526984,28.078482673210466,16.01343307155528,-0.04417507495968581,-1.1141083520508386,187.46900791884806,95.9653685220946,-0.4538243513953826,-0.8475879044273993,12.333827029206931,5.7630643556724,-0.715606368310139,-0.6571997416827398
36000.0,44.09249277267,23.691952178240484,-0.7941090700707708,-0.990895016233025,99.3137755968726,56.76540960411019,0.06827125288580674,-1.036507046822931,1545422.0200241525,695558.4967552298,-0.7178924142812951,-0.3033265347785616,28.20038184395197,16.27259807086051,-0.011362618979676303,-1.1264509110503864,187.54132767027065,97.46048841866003,-0.43542812799485153,-0.8555991148137387,12.586704660113915,6.036148864497969,-0.704301781374182,-0.713940722130349
36500.0,44.64752034334428,24.358768991180273,-0.7611419153460135,-1.059561317810694,100.81232605341529,57.7982080616765,0.10555111313091697,-1.0143257684227895,1511176.885799612,691763.9657022386,-0.6663917341213695,-0.32023697973185333,28.322281014693473,16.53176307016574,0.021449837000333205,-1.1387934700499343,187.61364742169323,98.95560831522546,-0.4170319045943205,-0.8636103252000782,12.8395822910209,6.309233373323538,-0.6929971944382248,-0.7706817025779582
37000.0,45.202547914018574,25.025585804120063,-0.7281747606212561,-1.128227619388363,102.31087650995796,58.831006519242806,0.1428309733760272,-0.992144490022648,1476931.7515750711,687969.4346492474,-0.614891053961444,-0.3371474246851451,28.44418018543498,16.790928069470972,0.0542622929803427,-1.151136029049482,187.6859671731158,100.4507282117909,-0.3986356811937895,-0.8716215355864176,13.092459921927883,6.582317882149108,-0.6816926075022678,-0.8274226830255675
37500.0,45.212956506142596,25.118947762751443,-0.7216253412868017,-1.1382355132082436,102.64972766844957,58.820622998827616,0.14252101812510845,-0.9839372266782219,1468498.0778479504,685609.7030406289,-0.6047088657342516,-0.3586684477649362,28.400728744402986,16.801920531360565,0.050501147385614356,-1.1520609827371042,187.48690448484516,100.4103564489641,-0.4056055199645317,-0.8721400652628233,13.13723584273482,6.646320155758658,-0.671963643657812,-0.8488061957308939
38000.0,45.22336509826662,25.212309721382823,-0.7150759219523474,-1.1482434070281244,102.98857882694118,58.810239478412434,0.14221106287418966,-0.9757299633337959,1460064.4041208297,683249.9714320105,-0.5945266775070595,-0.38018947084472743,28.357277303370996,16.812912993250155,0.04674000179088601,-1.1529859364247264,187.2878417965745,100.36998468613729,-0.4125753587352739,-0.8726585949392289,13.182011763541755,6.710322429368207,-0.6622346798133563,-0.8701897084362203
38500.0,45.23377369039065,25.305671680014207,-0.708526502617893,-1.158251300848005,103.32742998543279,58.799855957997245,0.1419011076232709,-0.9675226999893698,1451630.730393709,680890.239823392,-0.5843444892798673,-0.4017104939245186,28.313825862339,16.823905455139748,0.042978856196157676,-1.1539108901123485,187.0887791083038,100.32961292331046,-0.4195451975060161,-0.8731771246156346,13.226787684348691,6.774324702977757,-0.6525057159689005,-0.8915732211415467
39000.0,45.24418228251467,25.399033638645587,-0.7019770832834387,-1.168259194667886,103.6662811439244,58.789472437582056,0.14159115237235212,-0.9593154366449437,1443197.0566665882,678530.5082147736,-0.574162301052675,-0.4232315170043098,28.27037442130701,16.834897917029338,0.03921771060142933,-1.1548358437999706,186.88971642003315,100.28924116048366,-0.4265150362767583,-0.8736956542920402,13.27156360515563,6.8383269765873065,-0.6427767521244447,-0.9129567338468731
39500.0,45.254590874638694,25.492395597276968,-0.6954276639489843,-1.1782670884877666,104.005132302416,58.779088917166874,0.14128119712143336,-0.9511081733005176,1434763.3829394674,676170.7766061551,-0.5639801128254827,-0.4447525400841009,28.226922980275017,16.84589037891893,0.03545656500670099,-1.1557607974875928,186.6906537317625,100.24886939765685,-0.4334848750475005,-0.8742141839684459,13.316339525962565,6.902329250196857,-0.633047788279989,-0.9343402465521995
40000.0,45.26499946676272,25.585757555908348,-0.68887824461453,-1.1882749823076475,104.34398346090761,58.768705396751685,0.14097124187051457,-0.9429009099560915,1426329.709212347,673811.0449975366,-0.5537979245982905,-0.4662735631638921,28.183471539243023,16.85688284080852,0.03169541941197265,-1.1566857511752149,186.49159104349184,100.20849763483004,-0.4404547138182427,-0.8747327136448515,13.361115446769501,6.9663315238064065,-0.6233188244355333,-0.9557237592575258
40500.0,45.27540805888674,25.67911951453973,-0.6823288252800755,-1.1982828761275282,104.68283461939922,58.758321876336495,0.14066128661959582,-0.9346936466116654,1417896.0354852262,671451.3133889182,-0.5436157363710983,-0.48779458624368327,28.140020098211032,16.867875302698113,0.02793427381724431,-1.157610704862837,186.29252835522118,100.16812587200323,-0.4474245525889849,-0.8752512433212571,13.405891367576437,7.030333797415956,-0.6135898605910776,-0.9771072719628523
41000.0,45.28581665101077,25.772481473171112,-0.6757794059456212,-1.208290769947409,105.02168577789081,58.74793835592131,0.14035133136867703,-0.9264863832672393,1409462.3617581055,669091.5817802997,-0.533433548143906,-0.5093156093234744,28.096568657179038,16.878867764587707,0.024173128222515966,-1.1585356585504591,186.0934656669505,100.12775410917641,-0.4543943913597271,-0.8757697729976629,13.450667288383373,7.094336071025506,-0.6038608967466218,-0.9984907846681788
41500.0,45.29622524313479,25.865843431802492,-0.6692299866111668,-1.2182986637672897,105.36053693638242,58.737554835506124,0.14004137611775827,-0.9182791199228133,1401028.6880309847,666731.8501716813,-0.5232513599167137,-0.5308366324032656,28.053117216147044,16.889860226477296,0.020411982627787623,-1.1594606122380813,185.89440297867984,100.0873823463496,-0.4613642301304693,-0.8762883026740685,13.49544320919031,7.158338344635055,-0.594131932902166,-1.019874297373505
42000.0,45.306633835258815,25.959205390433873,-0.6626805672767125,-1.2283065575871706,105.69938809487402,58.727171315090935,0.13973142086683948,-0.9100718565783872,1392595.014303864,664372.1185630627,-0.5130691716895215,-0.5523576554830568,28.009665775115053,16.90085268836689,0.01665083703305928,-1.1603855659257034,185.69534029040918,100.04701058352279,-0.4683340689012115,-0.8768068323504742,13.540219129997247,7.222340618244605,-0.5844029690577103,-1.0412578100788314
42500.0,45.31704242738284,26.052567349065257,-0.6561311479422581,-1.2383144514070512,106.03823925336563,58.71678779467575,0.13942146561592073,-0.9018645932339611,1384161.3405767432,662012.3869544443,-0.5028869834623293,-0.573878678562848,27.96621433408306,16.91184515025648,0.012889691438330943,-1.1613105196133255,185.49627760213852,100.00663882069598,-0.4753039076719537,-0.8773253620268798,13.584995050804183,7.286342891854154,-0.5746740052132545,-1.0626413227841578
43000.0,45.32745101950686,26.145929307696637,-0.6495817286078038,-1.248322345226932,106.37709041185724,58.706404274260564,0.13911151036500197,-0.893657329889535,1375727.6668496225,659652.6553458258,-0.492704795235137,-0.5953997016426391,27.92276289305107,16.922837612146072,0.0091285458436026,-1.1622354733009477,185.29721491386786,99.96626705786917,-0.48227374644269594,-0.8778438917032855,13.62977097161112,7.350345165463704,-0.5649450413687988,-1.0840248354894841
43500.0,45.33785961163089,26.239291266328017,-0.6430323092733494,-1.2583302390468127,106.71594157034885,58.696020753845374,0.13880155511408318,-0.8854500665451089,1367293.9931225018,657292.9237372073,-0.48252260700794475,-0.6169207247224303,27.879311452019074,16.933830074035665,0.005367400248874256,-1.1631604269885698,185.09815222559718,99.92589529504235,-0.48924358521343814,-0.8783624213796911,13.674546892418055,7.4143474390732536,-0.555216077524343,-1.1054083481948107
44000.0,45.34826820375491,26.332653224959397,-0.6364828899388951,-1.2683381328666936,107.05479272884045,58.68563723343019,0.13849159986316442,-0.8772428032006828,1358860.319395381,654933.1921285889,-0.4723404187807525,-0.6384417478022215,27.83586001098708,16.944822535925255,0.0016062546541459194,-1.164085380676192,184.89908953732652,99.88552353221554,-0.49621342398418034,-0.8788809510560968,13.719322813224991,7.478349712682803,-0.5454871136798872,-1.126791860900137
44500.0,45.358676795878935,26.426015183590778,-0.6299334706044407,-1.2783460266865743,107.39364388733206,58.675253713015,0.13818164461224564,-0.8690355398562568,1350426.6456682603,652573.4605199704,-0.46215823055356026,-0.6599627708820126,27.79240856995509,16.955814997814848,-0.002154890940582424,-1.165010334363814,184.70002684905586,99.84515176938874,-0.5031832627549225,-0.8793994807325024,13.764098734031927,7.542351986292353,-0.5357581498354316,-1.1481753736054634
45000.0,45.36908538800296,26.51937714222216,-0.6233840512699864,-1.2883539205064551,107.73249504582367,58.664870192599814,0.13787168936132688,-0.8608282765118307,1341992.9719411395,650213.728911352,-0.451976042326368,-0.6814837939618038,27.748957128923095,16.966807459704437,-0.0059160365353107675,-1.165935288051436,184.5009641607852,99.80478000656193,-0.5101531015256647,-0.879918010408908,13.808874654838865,7.606354259901902,-0.5260291859909758,-1.16955888631079
45500.0,45.37949398012698,26.612739100853542,-0.616834631935532,-1.2983618143263358,108.07134620431528,58.654486672184625,0.1375617341104081,-0.8526210131674046,1333559.298214019,647853.9973027335,-0.44179385409917576,-0.703004817041595,27.705505687891105,16.97779992159403,-0.009677182130039111,-1.1668602417390581,184.30190147251454,99.76440824373512,-0.5171229402964069,-0.8804365400853137,13.853650575645801,7.670356533511452,-0.51630022214652,-1.1909423990161163
46000.0,45.389902572251,26.706101059484922,-0.6102852126010777,-1.3083697081462167,108.41019736280688,58.64410315176944,0.13725177885948933,-0.8444137498229785,1325125.6244868983,645494.2656941151,-0.4316116658719835,-0.7245258401213861,27.66205424685911,16.98879238348362,-0.013438327724767454,-1.1677851954266802,184.1028387842439,99.72403648090831,-0.5240927790671491,-0.8809550697617193,13.898426496452737,7.734358807121002,-0.5065712583020643,-1.2123259117214427
46500.0,45.40031116437503,26.799463018116302,-0.6037357932666233,-1.3183776019660973,108.74904852129849,58.63371963135425,0.13694182360857055,-0.8362064864785524,1316691.9507597776,643134.5340854966,-0.4214294776447913,-0.7460468632011773,27.618602805827116,16.999784845373213,-0.017199473319495798,-1.1687101491143024,183.9037760959732,99.68366471808149,-0.5310626178378913,-0.881473599438125,13.943202417259673,7.798361080730552,-0.4968422944576085,-1.233709424426769
47000.0,45.410719756499056,26.892824976747683,-0.597186373932169,-1.3283854957859782,109.0878996797901,58.623336110939064,0.1366318683576518,-0.8279992231341263,1308258.2770326568,640774.802476878,-0.411247289417599,-0.7675678862809685,27.575151364795126,17.010777307262806,-0.02096061891422414,-1.1696351028019245,183.70471340770254,99.64329295525468,-0.5380324566086335,-0.8819921291145306,13.98797833806661,7.8623633543401015,-0.48711333061315276,-1.2550929371320954
47500.0,45.42112834862308,26.986186935379067,-0.5906369545977146,-1.3383933896058589,109.4267508382817,58.61295259052388,0.13632191310673303,-0.8197919597897002,1299824.603305536,638415.0708682596,-0.4010651011904068,-0.7890889093607596,27.53169992376313,17.021769769152396,-0.02472176450895247,-1.1705600564895466,183.50565071943188,99.60292119242787,-0.5450022953793757,-0.8825106587909363,14.032754258873545,7.926365627949651,-0.477384366768697,-1.2764764498374217
48000.0,45.4315369407471,27.079548894010447,-0.5840875352632603,-1.3484012834257397,109.76560199677331,58.60256907010869,0.13601195785581424,-0.8115846964452742,1291390.9295784154,636055.3392596411,-0.39088291296321453,-0.8106099324405509,27.488248482731137,17.03276223104199,-0.028482910103680814,-1.1714850101771688,183.30658803116123,99.56254942960106,-0.5519721341501179,-0.8830291884673419,14.077530179680483,7.990367901559201,-0.46765540292424124,-1.2978599625427483
48500.0,45.441945532871124,27.172910852641827,-0.5775381159288059,-1.3584091772456204,110.1044531552649,58.592185549693504,0.13570200260489548,-0.8033774331008481,1282957.2558512946,633695.6076510227,-0.3807007247360223,-0.832130955520342,27.444797041699147,17.04375469293158,-0.03224405569840916,-1.172409963864791,183.10752534289057,99.52217766677425,-0.5589419729208601,-0.8835477181437476,14.12230610048742,8.054370175168751,-0.4579264390797855,-1.3192434752480746
49000.0,45.45235412499515,27.26627281127321,-0.5709886965943516,-1.3684170710655013,110.44330431375651,58.58180202927832,0.1353920473539767,-0.795170169756422,1274523.5821241739,631335.8760424042,-0.37051853650883004,-0.8536519786001331,27.401345600667153,17.05474715482117,-0.0360052012931375,-1.173334917552413,182.90846265461988,99.48180590394743,-0.5659118116916023,-0.8840662478201533,14.167082021294355,8.1183724487783,-0.4481974752353297,-1.340626987953401
49500.0,45.462762717119176,27.35963476990459,-0.5644392772598972,-1.378424964885382,110.78215547224812,58.57141850886313,0.13508209210305794,-0.7869629064119958,1266089.9083970531,628976.1444337857,-0.3603363482816378,-0.8751730016799244,27.357894159635162,17.065739616710765,-0.039766346887865844,-1.1742598712400352,182.70939996634922,99.44143414112062,-0.5728816504623445,-0.884584777496559,14.211857942101291,8.18237472238785,-0.43846851139087395,-1.3620105006587275
50000.0,45.4731713092432,27.45299672853597,-0.5578898579254428,-1.3884328587052628,111.12100663073973,58.56103498844794,0.13477213685213915,-0.7787556430675698,1257656.2346699326,626616.4128251673,-0.35015416005444555,-0.8966940247597155,27.314442718603168,17.076732078600354,-0.04352749248259419,-1.1751848249276573,182.51033727807857,99.40106237829382,-0.5798514892330867,-0.8851033071729646,14.256633862908227,8.2463769959974,-0.42873954754641824,-1.3833940133640539
50500.0,45.48357990136722,27.546358687167352,-0.5513404385909885,-1.3984407525251434,111.45985778923134,58.55065146803276,0.1344621816012204,-0.7705483797231437,1249222.560942812,624256.6812165488,-0.3399719718272533,-0.9182150478395066,27.270991277571174,17.087724540489948,-0.04728863807732253,-1.1761097786152794,182.3112745898079,99.360690615467,-0.5868213280038289,-0.8856218368493702,14.301409783715163,8.31037926960695,-0.4190105837019625,-1.4047775260693802
51000.0,45.493988493491244,27.639720645798732,-0.5447910192565342,-1.408448646345024,111.79870894772294,58.54026794761757,0.1341522263503016,-0.7623411163787176,1240788.8872156912,621896.9496079304,-0.32978978360006106,-0.9397360709192979,27.227539836539183,17.098717002379537,-0.05104978367205086,-1.1770347323029016,182.11221190153725,99.3203188526402,-0.5937911667745711,-0.8861403665257759,14.3461857045221,8.374381543216499,-0.4092816198575067,-1.4261610387747066
51500.0,45.504397085615274,27.733082604430116,-0.5382415999220798,-1.418456540164905,112.13756010621455,58.52988442720238,0.13384227109938285,-0.7541338530342916,1232355.2134885704,619537.2179993119,-0.3196075953728688,-0.961257093999089,27.18408839550719,17.10970946426913,-0.054810929266779204,-1.1779596859905237,181.91314921326656,99.27994708981338,-0.6007610055453133,-0.8866588962021815,14.390961625329037,8.438383816826049,-0.39955265601305096,-1.447544551480033
52000.0,45.5148056777393,27.826444563061496,-0.5316921805876254,-1.4284644339847858,112.47641126470616,58.5195009067872,0.13353231584846406,-0.7459265896898655,1223921.5397614497,617177.4863906933,-0.30942540714567657,-0.9827781170788803,27.140636954475198,17.12070192615872,-0.05857207486150755,-1.1788846396781458,181.7140865249959,99.23957532698657,-0.6077308443160555,-0.8871774258785872,14.435737546135973,8.502386090435598,-0.38982369216859525,-1.4689280641853593
52500.0,45.52521426986332,27.919806521692877,-0.525142761253171,-1.4384723278046665,112.81526242319777,58.50911738637201,0.1332223605975453,-0.7377193263454394,1215487.866034329,614817.754782075,-0.2992432189184843,-1.0042991401586714,27.097185513443204,17.131694388048313,-0.0623332204562359,-1.179809593365768,181.51502383672525,99.19920356415976,-0.6147006830867977,-0.8876959555549928,14.48051346694291,8.566388364045148,-0.3800947283241395,-1.4903115768906858
53000.0,43.90238213217575,29.80356153663719,-0.281200986611185,-1.6484132768094628,123.36037583843566,50.730427319493685,0.429827571411368,-0.6628305493668374,958224.3709881624,541329.7950259529,-0.1123522871617021,-1.3915625769100786,26.82645333996677,13.782932627737493,-0.097521333079029,-1.045687678657892,183.9390656780855,80.98476649875948,-0.7588638391274664,-0.8545904034450134,15.013536937210072,10.520713985416316,-0.1317095067346378,-1.752423810622659
53500.0,40.24724587508998,30.76954676309599,-0.0164111241127518,-1.7091482770241733,102.88464268210735,57.832199260191466,0.1777018062804094,-0.69318216275378,855303.8199180786,489248.6075452447,-0.1273088240760805,-1.1030644967071863,22.54929292064172,10.455340745874093,-0.570458546510083,-0.4968814104919317,150.66210967863472,84.34503369735592,-0.5120839990640157,-1.2302964980753204,15.655350901810944,11.771505466058665,0.0654975819630008,-1.663437848381375
54000.0,36.27106791950091,30.09654324208586,0.2528652372699444,-1.6223554882474165,79.54616060281393,51.99234943409265,0.4949215751429357,-0.7221861491622832,820443.5373346286,532379.9228084332,0.1378404519085301,-1.1737744081598314,16.0781743140874,8.453211759689587,-0.7035433167881597,-1.1942441289326144,122.4054223397937,83.83450213117544,0.2760717988001114,-1.29838212010688,16.380258663263913,12.284860084818163,0.2840049190632306,-1.4181586554053482
54500.0,36.19760151332654,30.071657741851013,0.2563567218196153,-1.6181097305077146,79.30132573185787,51.713921195595105,0.49672265664866955,-0.7078192666830626,820561.1511929365,533660.8316606485,0.1433914055593407,-1.1743127669595221,15.986137134681316,8.43509140146593,-0.6812664587635037,-1.1828655953751146,122.21217936757922,83.84436488929893,0.28028521631373726,-1.2904080529390933,16.36506290410965,12.300836943987434,0.2881663745378426,-1.4130067280648972
55000.0,36.12413510715217,30.046772241616164,0.2598482063692862,-1.6138639727680126,79.05649086090183,51.43549295709755,0.4985237381544034,-0.6934523842038421,820678.7650512442,534941.7405128637,0.14894235921015136,-1.1748511257592127,15.894099955275234,8.416971043242274,-0.6589896007388477,-1.1714870618176147,122.01893639536475,83.85422764742242,0.2844986338273631,-1.2824339857713067,16.349867144955386,12.316813803156705,0.2923278300124546,-1.4078548007244465
55500.0,36.0506687009778,30.021886741381316,0.26333969091895704,-1.6096182150283107,78.81165598994578,51.157064718600004,0.5003248196601372,-0.6790855017246216,820796.378909552,536222.649365079,0.154493312860962,-1.1753894845589035,15.802062775869153,8.398850685018617,-0.6367127427141916,-1.160108528260115,121.82569342315027,83.86409040554591,0.288712051340989,-1.27445991860352,16.334671385801123,12.332790662325976,0.2964892854870666,-1.4027028733839955
56000.0,35.97720229480343,29.997001241146467,0.26683117546862795,-1.605372457288609,78.56682111898974,50.87863648010245,0.5021259011658711,-0.664718619245401,820913.9927678598,537503.5582172944,0.16004426651177261,-1.1759278433585942,15.71002559646307,8.380730326794962,-0.6144358846895357,-1.148729994702615,121.63245045093579,83.87395316366938,0.2929254688546148,-1.2664858514357333,16.31947562664686,12.348767521495247,0.3006507409616786,-1.3975509460435445
56500.0,35.903735888629065,29.97211574091162,0.2703226600182988,-1.601126699548907,78.32198624803368,50.6002082416049,0.5039269826716049,-0.6503517367661804,821031.6066261675,538784.4670695097,0.16559522016258327,-1.176466202158285,15.617988417056988,8.362609968571306,-0.5921590266648796,-1.1373514611451152,121.43920747872131,83.88381592179287,0.29713888636824065,-1.2585117842679467,16.304279867492596,12.364744380664519,0.3048121964362906,-1.3923990187030937
57000.0,35.830269482454696,29.94723024067677,0.27381414456796965,-1.5968809418092051,78.07715137707763,50.32178000310736,0.5057280641773387,-0.6359848542869599,821149.2204844754,540065.375921725,0.1711461738133939,-1.1770045609579756,15.525951237650906,8.34448961034765,-0.5698821686402237,-1.1259729275876156,121.24596450650684,83.89367867991636,0.3013523038818665,-1.2505377171001602,16.289084108338333,12.38072123983379,0.3089736519109026,-1.3872470913626427
57500.0,35.75680307628033,29.922344740441922,0.27730562911764056,-1.5926351840695032,77.83231650612159,50.0433517646098,0.5075291456830725,-0.6216179718077394,821266.8343427832,541346.2847739402,0.17669712746420452,-1.1775429197576663,15.433914058244824,8.326369252123992,-0.5476053106155676,-1.1145943940301157,121.05272153429236,83.90354143803985,0.3055657213954924,-1.2425636499323736,16.273888349184073,12.39669809900306,0.3131351073855146,-1.3820951640221917
58000.0,35.68333667010596,29.897459240207073,0.2807971136673114,-1.5883894263298013,77.58748163516553,49.764923526112256,0.5093302271888064,-0.6072510893285188,821384.4482010909,542627.1936261555,0.18224808111501517,-1.1780812785573571,15.341876878838741,8.308248893900336,-0.5253284525909117,-1.1032158604726159,120.85947856207788,83.91340419616334,0.30977913890911823,-1.2345895827645867,16.25869259002981,12.412674958172332,0.3172965628601266,-1.3769432366817407
58500.0,35.60987026393159,29.872573739972225,0.2842885982169823,-1.5841436685900994,77.34264676420949,49.4864952876147,0.5111313086945402,-0.5928842068492983,821502.0620593987,543908.1024783708,0.1877990347658258,-1.1786196373570477,15.249839699432659,8.29012853567668,-0.5030515945662556,-1.091837326915116,120.6662355898634,83.92326695428683,0.3139925564227441,-1.2266155155968002,16.243496830875547,12.428651817341603,0.3214580183347386,-1.37179130934129
59000.0,35.53640385775722,29.847688239737376,0.2877800827666532,-1.5798979108503977,77.09781189325344,49.208067049117155,0.512932390200274,-0.5785173243700777,821619.6759177066,545189.011330586,0.19334998841663642,-1.1791579961567384,15.157802520026578,8.272008177453023,-0.48077473654159963,-1.0804587933576162,120.47299261764893,83.93312971241032,0.31820597393636996,-1.2186414484290136,16.228301071721283,12.444628676510874,0.3256194738093506,-1.366639382000839
59500.0,35.46293745158285,29.822802739502528,0.2912715673163241,-1.5756521531106957,76.85297702229738,48.92963881061961,0.5147334717060079,-0.5641504418908572,821737.2897760143,546469.9201828013,0.19890094206744707,-1.1796963549564292,15.065765340620496,8.253887819229368,-0.45849787851694357,-1.0690802598001163,120.27974964543445,83.9429924705338,0.32241939144999576,-1.210667381261227,16.21310531256702,12.460605535680145,0.3297809292839626,-1.361487454660388
60000.0,35.389471045408484,29.79791723926768,0.29476305186599494,-1.5714063953709938,76.60814215134134,48.651210572122054,0.5165345532117417,-0.5497835594116367,821854.9036343221,547750.8290350167,0.2044518957182577,-1.18023471375612,14.973728161214414,8.235767461005711,-0.43622102049228756,-1.0577017262426165,120.08650667321997,83.95285522865728,0.3266328089636216,-1.2026933140934404,16.197909553412757,12.476582394849416,0.3339423847585746,-1.3563355273199371
60500.0,35.316004639234116,29.77303173903283,0.2982545364156658,-1.5671606376312919,76.36330728038529,48.37278233362451,0.5183356347174756,-0.5354166769324161,821972.5174926299,549031.737887232,0.21000284936906832,-1.1807730725558105,14.881690981808331,8.217647102782054,-0.41394416246763155,-1.0463231926851166,119.8932637010055,83.96271798678077,0.3308462264772475,-1.1947192469256536,16.182713794258493,12.492559254018687,0.33810384023318657,-1.3511835999794861
61000.0,35.24253823305975,29.748146238797982,0.3017460209653367,-1.56291487989159,76.11847240942924,48.09435409512695,0.5201367162232093,-0.5210497944531955,822090.1313509376,550312.6467394473,0.21555380301987898,-1.1813114313555013,14.789653802402249,8.199526744558398,-0.39166730444297554,-1.0349446591276168,119.70002072879102,83.97258074490426,0.33505964399087335,-1.186745179757867,16.16751803510423,12.508536113187958,0.34226529570779857,-1.3460316726390351
61500.0,35.16907182688538,29.723260738563134,0.30523750551500756,-1.558669122151888,75.87363753847319,47.815925856629406,0.5219377977289432,-0.5066829119739751,822207.7452092455,551593.5555916625,0.22110475667068957,-1.181849790155192,14.697616622996168,8.181406386334741,-0.36939044641831953,-1.0235661255701172,119.50677775657655,83.98244350302775,0.3392730615044992,-1.1787711125900804,16.152322275949967,12.524512972357229,0.34642675118241056,-1.3408797452985843
62000.0,35.09560542071101,29.698375238328286,0.30872899006467847,-1.554423364412186,75.62880266751715,47.53749761813185,0.523738879234677,-0.4923160294947545,822325.3590675532,552874.4644438778,0.22665571032150023,-1.1823881489548829,14.605579443590086,8.163286028111084,-0.3471135883936635,-1.0121875920126173,119.31353478436208,83.99230626115124,0.343486479018125,-1.1707970454222938,16.137126516795703,12.5404898315265,0.35058820665702256,-1.3357278179581333
62500.0,35.02213901453664,29.673489738093437,0.3122204746143493,-1.5501776066724844,75.3839677965611,47.259069379634305,0.5255399607404109,-0.4779491470155339,822442.972925861,554155.3732960931,0.23220666397231088,-1.1829265077545734,14.513542264184004,8.145165669887428,-0.3248367303690075,-1.0008090584551175,119.1202918121476,84.00216901927472,0.3476998965317509,-1.1628229782545072,16.12193075764144,12.556466690695771,0.35474966213163456,-1.3305758906176823
63000.0,34.94867260836227,29.64860423785859,0.3157119591640202,-1.5459318489327825,75.13913292560504,46.98064114113676,0.5273410422461446,-0.4635822645363134,822560.5867841688,555436.2821483084,0.23775761762312148,-1.1834648665542642,14.421505084777921,8.127045311663771,-0.3025598723443515,-0.9894305248976176,118.92704883993312,84.0120317773982,0.35191331404537673,-1.1548489110867206,16.106734998487177,12.572443549865042,0.35891111760624655,-1.3254239632772316
63500.0,34.875206202187904,29.62371873762374,0.3192034437136911,-1.5416860911930805,74.894298054649,46.702212902639204,0.5291421237518785,-0.4492153820570929,822678.2006424766,556717.1910005237,0.24330857127393213,-1.184003225353955,14.329467905371839,8.108924953440116,-0.2802830143196955,-0.9780519913401178,118.73380586771864,84.0218945355217,0.3561267315590026,-1.1468748439189338,16.091539239332917,12.588420409034313,0.36307257308085855,-1.3202720359367806
64000.0,34.801739796013536,29.59883323738889,0.32269492826336194,-1.5374403334533786,74.64946318369294,46.42378466414166,0.5309432052576124,-0.4348484995778723,822795.8145007844,557998.099852739,0.24885952492474275,-1.1845415841536455,14.237430725965757,8.09080459521646,-0.2580061562950395,-0.9666734577826179,118.54056289550417,84.03175729364519,0.36034014907262846,-1.1389007767511472,16.076343480178654,12.604397268203584,0.36723402855547055,-1.3151201085963296
64500.0,34.72827338983917,29.573947737154043,0.32618641281303284,-1.5331945757136767,74.4046283127369,46.14535642564411,0.5327442867633462,-0.4204816170986518,822913.4283590922,559279.0087049543,0.2544104785755534,-1.1850799429533363,14.145393546559674,8.072684236992803,-0.23572929827038347,-0.9552949242251181,118.34731992328969,84.04162005176867,0.3645535665862543,-1.1309267095833606,16.06114772102439,12.620374127372855,0.37139548403008255,-1.3099681812558788
65000.0,34.6548069836648,29.549062236919195,0.3296778973627037,-1.5289488179739747,74.15979344178085,45.866928187146556,0.5345453682690801,-0.40611473461943126,823031.0422173999,560559.9175571696,0.25996143222636403,-1.185618301753027,14.053356367153594,8.054563878769146,-0.21345244024572746,-0.9439163906676182,118.15407695107521,84.05148280989216,0.3687669840998802,-1.122952642415574,16.045951961870127,12.636350986542126,0.37555693950469454,-1.3048162539154278
65500.0,34.58134057749043,29.524176736684346,0.33316938191237455,-1.5247030602342728,73.9149585708248,45.58849994864901,0.5363464497748138,-0.3917478521402107,823148.6560757078,561840.8264093848,0.26551238587717463,-1.1861566605527178,13.961319187747511,8.03644352054549,-0.19117558222107145,-0.9325378571101184,117.96083397886073,84.06134556801565,0.372980401613506,-1.1149785752477874,16.030756202715864,12.652327845711397,0.37971839497930654,-1.2996643265749768
66000.0,34.50787417131606,29.499291236449498,0.33666086646204546,-1.5204573024945711,73.67012369986875,45.310071710151455,0.5381475312805477,-0.37738096966099016,823266.2699340156,563121.7352616001,0.27106333952798534,-1.1866950193524084,13.869282008341429,8.018323162321833,-0.16889872419641538,-0.9211593235526186,117.76759100664626,84.07120832613913,0.37719381912713185,-1.1070045080800006,16.0155604435616,12.668304704880669,0.3838798504539185,-1.294512399234526
66500.0,34.43440776514169,29.47440573621465,0.3401523510117163,-1.5162115447548692,73.4252888289127,45.03164347165391,0.5399486127862815,-0.36301408718176964,823383.8837923233,564402.6441138154,0.27661429317879593,-1.1872333781520992,13.777244828935347,8.000202804098176,-0.14662186617175943,-0.9097807899951188,117.57434803443178,84.08107108426262,0.3814072366407577,-1.099030440912214,16.000364684407337,12.68428156404994,0.3880413059285305,-1.289360471894075
67000.0,34.360941358967324,29.4495202359798,0.3436438355613872,-1.5119657870151673,73.18045395795666,44.753215233156354,0.5417496942920154,-0.34864720470254906,823501.4976506311,565683.5529660307,0.28216524682960653,-1.18777173695179,13.685207649529264,7.9820824458745205,-0.12434500814710336,-0.8984022564376191,117.3811050622173,84.09093384238611,0.38562065415438357,-1.0910563737444274,15.985168925253074,12.70025842321921,0.3922027614031425,-1.284208544553624
67500.0,34.287474952792955,29.424634735744952,0.3471353201110581,-1.5077200292754653,72.9356190870006,44.47478699465881,0.5435507757977491,-0.33428032222332854,823619.111508939,566964.461818246,0.2877162004804172,-1.1883100957514805,13.593170470123184,7.963962087650865,-0.10206815012244741,-0.8870237228801192,117.18786209000282,84.1007966005096,0.38983407166800943,-1.0830823065766408,15.96997316609881,12.716235282388482,0.39636421687775447,-1.2790566172131732
68000.0,34.21400854661859,29.399749235510104,0.35062680466072893,-1.5034742715357634,72.69078421604456,44.19635875616126,0.545351857303483,-0.319913439744108,823736.7253672467,568245.3706704613,0.29326715413122784,-1.1888484545511713,13.5011332907171,7.945841729427208,-0.07979129209779134,-0.8756451893226194,116.99461911778835,84.11065935863309,0.39404748918163524,-1.0751082394088542,15.95477740694455,12.732212141557753,0.40052567235236647,-1.2739046898727222
68500.0,34.14054214044422,29.374863735275255,0.35411828921039984,-1.4992285137960615,72.44594934508851,43.917930517663706,0.5471529388092168,-0.30554655726488744,823854.3392255545,569526.2795226766,0.29881810778203843,-1.189386813350862,13.409096111311019,7.9277213712035515,-0.05751443407313539,-0.8642666557651195,116.80137614557387,84.12052211675658,0.39826090669526115,-1.0671341722410674,15.939581647790286,12.748189000727024,0.40468712782697847,-1.2687527625322712
69000.0,34.06707573426985,29.34997823504041,0.3576097737600707,-1.4949827560563596,72.20111447413245,43.63950227916616,0.5489540203149507,-0.2911796747856669,823971.9530838623,570807.1883748919,0.3043690614328491,-1.1899251721505528,13.317058931904937,7.909601012979895,-0.035237576048479324,-0.8528881222076197,116.60813317335939,84.13038487488006,0.40247432420888696,-1.0591601050732808,15.924385888636023,12.764165859896295,0.40884858330159046,-1.2636008351918202
69500.0,33.99360932809549,29.32509273480556,0.3611012583097416,-1.4907369983166578,71.95627960317641,43.36107404066861,0.5507551018206844,-0.27681279230644634,824089.56694217,572088.0972271072,0.30992001508365974,-1.1904635309502434,13.225021752498854,7.891480654756239,-0.01296071802382337,-0.8415095886501198,116.41489020114491,84.14024763300354,0.4066877417225128,-1.0511860379054943,15.90919012948176,12.780142719065566,0.41301003877620246,-1.2584489078513694
70000.0,33.92014292192111,29.300207234570713,0.36459274285941246,-1.486491240576956,71.71144473222036,43.08264580217106,0.5525561833264183,-0.2624459098272258,824207.1808004779,573369.0060793224,0.31547096873447034,-1.1910018897499342,13.132984573092772,7.873360296532582,0.009316140000832696,-0.83013105509262,116.22164722893044,84.15011039112703,0.4109011592361387,-1.0432119707377077,15.893994370327496,12.796119578234837,0.41717149425081446,-1.2532969805109184
70500.0,33.84667651574675,29.275321734335865,0.3680842274090833,-1.482245482837254,71.46660986126432,42.804217563673504,0.5543572648321522,-0.2480790273480053,824324.7946587857,574649.9149315377,0.321021922385281,-1.191540248549625,13.04094739368669,7.855239938308926,0.03159299802548876,-0.8187525215351201,116.02840425671596,84.15997314925052,0.41511457674976454,-1.035237903569921,15.878798611173233,12.812096437404108,0.42133294972542645,-1.2481450531704674
71000.0,33.773210109572375,29.250436234101016,0.3715757119587542,-1.477999725097552,71.22177499030826,42.52578932517596,0.556158346337886,-0.23371214486878472,824442.4085170934,575930.823783753,0.32657287603609164,-1.1920786073493157,12.948910214280609,7.837119580085269,0.053869856050144715,-0.8073739879776204,115.83516128450148,84.16983590737401,0.4193279942633904,-1.0272638364021343,15.863602852018971,12.828073296573379,0.42549440520003845,-1.2429931258300166
71500.0,33.69974370339801,29.225550733866168,0.37506719650842507,-1.4737539673578501,70.97694011935221,42.24736108667841,0.5579594278436198,-0.2193452623895642,824560.0223754012,577211.7326359684,0.33212382968690224,-1.1926169661490063,12.856873034874527,7.818999221861613,0.07614671407480078,-0.7959954544201205,115.641918312287,84.1796986654975,0.4235414117770162,-1.0192897692343477,15.848407092864708,12.844050155742648,0.42965586067465045,-1.2378411984895656
72000.0,33.626277297223645,29.20066523363132,0.378558681058096,-1.4695082096181482,70.73210524839617,41.968932848180856,0.5597605093493536,-0.20497837991034362,824677.636233709,578492.6414881836,0.3376747833377129,-1.193155324948697,12.764835855468444,7.800878863637957,0.09842357209945674,-0.7846169208626208,115.44867534007253,84.18956142362099,0.4277548292906421,-1.011315702066561,15.833211333710445,12.86002701491192,0.43381731614926244,-1.2326892711491146
72500.0,33.552810891049276,29.17577973339647,0.38205016560776683,-1.4652624518784463,70.48727037744011,41.69050460968331,0.5615615908550875,-0.19061149743112316,824795.2500920168,579773.5503403989,0.34322573698852354,-1.1936936837483878,12.672798676062362,7.7827585054143,0.1207004301241128,-0.773238387305121,115.25543236785805,84.19942418174448,0.43196824680426793,-1.0033416348987745,15.818015574556181,12.87600387408119,0.43797877162387444,-1.2275373438086636
73000.0,33.47934448487491,29.150894233161623,0.3855416501574377,-1.4610166941387446,70.24243550648407,41.41207637118576,0.5633626723608213,-0.17624461495190258,824912.8639503246,581054.4591926142,0.34877669063933414,-1.1942320425480784,12.58076149665628,7.764638147190643,0.14297728814876876,-0.7618598537476211,115.06218939564357,84.20928693986795,0.4361816643178938,-0.9953675677309878,15.802819815401918,12.891980733250461,0.44214022709848644,-1.2223854164682129
73500.0,33.40587807870054,29.126008732926774,0.3890331347071086,-1.4567709363990426,69.99760063552802,41.13364813268821,0.5651637538665552,-0.161877732472682,825030.4778086324,582335.3680448295,0.3543276442901448,-1.1947704013477691,12.488724317250199,7.746517788966988,0.16525414617342482,-0.7504813201901213,114.8689464234291,84.21914969799144,0.44039508183151965,-0.9873935005632012,15.787624056247655,12.907957592419733,0.44630168257309843,-1.2172334891277619
74000.0,33.33241167252617,29.101123232691926,0.39252461925677945,-1.4525251786593407,69.75276576457196,40.85521989419066,0.5669648353722889,-0.14751084999346142,825148.0916669401,583616.2768970447,0.35987859794095545,-1.19530876014746,12.396687137844115,7.728397430743331,0.18753100419808078,-0.7391027866326214,114.67570345121462,84.22901245611493,0.4446084993451455,-0.9794194333954145,15.772428297093393,12.923934451589004,0.45046313804771043,-1.2120815617873109
74500.0,33.2589452663518,29.076237732457077,0.39601610380645036,-1.4482794209196388,69.50793089361592,40.57679165569311,0.5687659168780228,-0.13314396751424096,825265.705525248,584897.18574926,0.36542955159176604,-1.1958471189471507,12.304649958438034,7.710277072519674,0.20980786222273684,-0.7277242530751216,114.48246047900014,84.23887521423842,0.4488219168587714,-0.9714453662276279,15.75723253793913,12.939911310758275,0.45462459352232243,-1.20692963444686
75000.0,33.18547886017743,29.05135223222223,0.3995075883561212,-1.4440336631799369,69.26309602265987,40.29836341719556,0.5705669983837567,-0.11877708503502038,825383.3193835558,586178.0946014754,0.3709805052425767,-1.1963854777468412,12.212612779031952,7.6921567142960185,0.2320847202473928,-0.7163457195176217,114.28921750678566,84.24873797236191,0.4530353343723972,-0.9634712990598413,15.742036778784867,12.955888169927546,0.4587860489969344,-1.201777707106409
75500.0,33.112012454003064,29.02646673198738,0.40299907290579207,-1.439787905440235,69.01826115170383,40.019935178698006,0.5723680798894905,-0.1044102025557998,825500.9332418635,587459.0034536907,0.37653145889338735,-1.196923836546532,12.12057559962587,7.674036356072362,0.25436157827204886,-0.7049671859601219,114.09597453457118,84.2586007304854,0.4572487518860231,-0.9554972318920546,15.726841019630603,12.971865029096817,0.4629475044715464,-1.196625779765958
76000.0,33.038546047828696,29.00158123175253,0.406490557455463,-1.435542147700533,68.77342628074777,39.74150694020046,0.5741691613952243,-0.09004332007657934,825618.5471001713,588739.912305906,0.38208241254419795,-1.1974621953462228,12.028538420219787,7.655915997848705,0.2766384362967048,-0.6935886524026221,113.9027315623567,84.26846348860889,0.4614621693996489,-0.947523164724268,15.71164526047634,12.987841888266088,0.4671089599461584,-1.1914738524255073
76500.0,32.96507964165433,28.976695731517683,0.4099820420051339,-1.4312963899608313,68.52859140979172,39.46307870170291,0.5759702429009581,-0.07567643759735876,825736.1609584792,590020.8211581212,0.3876333661950086,-1.1980005541459133,11.936501240813705,7.637795639625049,0.2989152943213609,-0.6822101188451223,113.70948859014223,84.27832624673236,0.46567558691327476,-0.9395490975564813,15.696449501322077,13.003818747435359,0.4712704154207704,-1.1863219250850563
77000.0,32.89161323547996,28.951810231282835,0.41347352655480474,-1.4270506322211294,68.28375653883568,39.18465046320536,0.577771324406692,-0.06130955511813818,825853.7748167869,591301.7300103365,0.39318431984581925,-1.198538912945604,11.844464061407624,7.619675281401393,0.32119215234601683,-0.6708315852876224,113.51624561792775,84.28818900485585,0.4698890044269006,-0.9315750303886947,15.681253742167815,13.01979560660463,0.4754318708953824,-1.1811699977446053
77500.0,32.81814682930559,28.926924731047986,0.4169650111044756,-1.4228048744814275,68.03892166787962,38.90622222470781,0.5795724059124258,-0.046942672638917715,825971.3886750947,592582.6388625518,0.39873527349662985,-1.1990772717452949,11.75242688200154,7.601554923177736,0.3434690103706728,-0.6594530517301227,113.32300264571327,84.29805176297934,0.47410242194052643,-0.9236009632209081,15.666057983013552,13.035772465773901,0.4795933263699944,-1.1760180704041545
78000.0,32.74468042313122,28.902039230813138,0.42045649565414644,-1.4185591167417255,67.79408679692358,38.627793986210264,0.5813734874181596,-0.03257579015969714,826089.0025334024,593863.547714767,0.40428622714744056,-1.1996156305449857,11.66038970259546,7.5834345649540795,0.36574586839532897,-0.6480745181726228,113.12975967349881,84.30791452110283,0.47831583945415235,-0.9156268960531214,15.650862223859288,13.051749324943172,0.4837547818446064,-1.1708661430637035
78500.0,32.67121401695685,28.87715373057829,0.42394798020381735,-1.4143133590020236,67.54925192596752,38.34936574771271,0.5831745689238934,-0.01820890768047656,826206.6163917102,595144.4565669823,0.40983718079825115,-1.2001539893446762,11.568352523189377,7.565314206730424,0.3880227264199849,-0.636695984615123,112.93651670128433,84.31777727922632,0.48252925696777815,-0.9076528288853348,15.635666464705025,13.067726184112443,0.4879162373192184,-1.1657142157232525
79000.0,32.597747610782484,28.85226823034344,0.42743946475348826,-1.4100676012623217,67.30441705501147,38.07093750921516,0.5849756504296273,-0.003842025201256094,826324.2302500181,596425.3654191977,0.41538813444906175,-1.200692348144367,11.476315343783295,7.547193848506767,0.4102995844446409,-0.6253174510576232,112.74327372906986,84.32764003734981,0.486742674481404,-0.8996787617175481,15.620470705550762,13.083703043281714,0.4920776927938304,-1.1605622883828017
79500.0,32.524281204608116,28.827382730108592,0.4309309493031591,-1.40582184352262,67.05958218405543,37.79250927071761,0.5867767319353612,0.010524857277964483,826441.8441083258,597706.274271413,0.42093908809987235,-1.2012307069440578,11.384278164377214,7.5290734902831105,0.43257644246929705,-0.6139389175001233,112.55003075685538,84.33750279547328,0.4909560919950299,-0.8917046945497615,15.605274946396499,13.099679902450985,0.4962391482684424,-1.1554103610423507
80000.0,32.45081479843375,28.802497229873744,0.43442243385282997,-1.401576085782918,66.81474731309937,37.51408103222006,0.5885778134410949,0.02489173975718506,826559.4579666336,598987.1831236283,0.42649004175068306,-1.2017690657437483,11.29224098497113,7.510953132059454,0.454853300493953,-0.6025603839426236,112.3567877846409,84.34736555359677,0.49516950950865574,-0.8837306273819749,15.590079187242235,13.115656761620256,0.5004006037430544,-1.1502584337018997
80500.0,32.37734839225938,28.777611729638895,0.4379139184025008,-1.397330328043216,66.56991244214333,37.23565279372251,0.5903788949468288,0.03925862223640553,826677.0718249414,600268.0919758435,0.43204099540149365,-1.202307424543439,11.20020380556505,7.492832773835798,0.47713015851860896,-0.5911818503851237,112.16354481242642,84.35722831172026,0.4993829270222816,-0.8757565602141884,15.574883428087974,13.131633620789527,0.5045620592176664,-1.145106506361449
81000.0,32.30388198608501,28.752726229404047,0.44140540295217173,-1.3930845703035142,66.32507757118728,36.95722455522496,0.5921799764525626,0.053625504715626104,826794.6856832491,601549.0008280588,0.43759194905230425,-1.2028457833431299,11.108166626158967,7.474712415612141,0.4994070165432649,-0.5798033168276239,111.97030184021195,84.36709106984375,0.5035963445359074,-0.8677824930464016,15.55968766893371,13.147610479958798,0.5087235146922784,-1.139954579020998
81500.0,32.23041557991064,28.7278407291692,0.44489688750184264,-1.3888388125638123,66.08024270023122,36.678796316727414,0.5939810579582965,0.06799238719484668,826912.299541557,602829.9096802741,0.44314290270311496,-1.2033841421428206,11.016129446752885,7.456592057388485,0.5216838745679211,-0.568424783270124,111.77705886799747,84.37695382796724,0.5078097620495333,-0.859808425878615,15.544491909779447,13.16358733912807,0.5128849701668904,-1.134802651680547
82000.0,32.15694917373627,28.70295522893435,0.4483883720515135,-1.3845930548241103,65.83540782927518,36.40036807822986,0.5957821394640302,0.08235926967406715,827029.9133998648,604110.8185324894,0.44869385635392556,-1.2039225009425112,10.924092267346802,7.438471699164829,0.543960732592577,-0.5570462497126242,111.58381589578299,84.38681658609073,0.5120231795631591,-0.8518343587108284,15.529296150625184,13.17956419829734,0.5170464256415024,-1.1296507243400962
82500.0,32.083482767561904,28.6780697286995,0.45187985660118435,-1.3803472970844086,65.59057295831913,36.12193983973231,0.5975832209697641,0.09672615215328773,827147.5272581725,605391.7273847046,0.45424481000473615,-1.204460859742202,10.83205508794072,7.420351340941172,0.566237590617233,-0.5456677161551244,111.39057292356851,84.39667934421422,0.516236597076785,-0.8438602915430418,15.51410039147092,13.195541057466611,0.5212078811161144,-1.1244987969996452
83000.0,32.010016361387535,28.653184228464653,0.4553713411508552,-1.3761015393447067,65.34573808736309,35.843511601234766,0.5993843024754979,0.1110930346325083,827265.1411164803,606672.63623692,0.45979576365554686,-1.2049992185418927,10.74001790853464,7.402230982717516,0.588514448641889,-0.5342891825976246,111.19732995135404,84.4065421023377,0.5204500145904108,-0.8358862243752552,15.498904632316659,13.211517916635882,0.5253693365907264,-1.1193468696591942
83500.0,31.936549955213167,28.628298728229804,0.4588628257005261,-1.3718557816050048,65.10090321640703,35.56508336273721,0.6011853839812318,0.12545991711172888,827382.7549747882,607953.5450891353,0.46534671730635746,-1.2055375773415835,10.647980729128555,7.384110624493859,0.6107913066665451,-0.5229106490401247,111.00408697913956,84.41640486046118,0.5246634321040367,-0.8279121572074685,15.483708873162396,13.227494775805154,0.5295307920653384,-1.1141949423187434
84000.0,31.863083549038798,28.603413227994956,0.462354310250197,-1.3676100238653028,64.85606834545099,35.28665512423966,0.6029864654869656,0.13982679959094935,827500.3688330959,609234.4539413506,0.47089767095716806,-1.206075936141274,10.555943549722475,7.365990266270203,0.6330681646912011,-0.5115321154826249,110.81084400692508,84.42626761858467,0.5288768496176626,-0.8199380900396818,15.468513114008132,13.243471634974425,0.5336922475399504,-1.1090430149782924
84500.0,31.78961714286443,28.578527727760108,0.4658457947998679,-1.363364266125601,64.61123347449494,35.00822688574211,0.6047875469926994,0.1541936820701699,827617.9826914037,610515.3627935658,0.4764486246079787,-1.2066142949409648,10.463906370316392,7.347869908046547,0.6553450227158569,-0.500153581925125,110.6176010347106,84.43613037670816,0.5330902671312884,-0.8119640228718952,15.45331735485387,13.259448494143696,0.5378537030145624,-1.1038910876378414
85000.0,31.73100028253285,28.504075412078382,0.47037580612949254,-1.3534447676659396,64.31100062022551,34.99626780729013,0.6077653143695907,0.12812505718059577,827211.0844573202,612076.0026250753,0.4806283868014176,-1.1988427788584926,10.484534088052014,7.3376897017298,0.6524823742369635,-0.49586522148694623,110.93811376035625,84.32512253735995,0.5321489463781797,-0.8088852270053655,15.43683824063447,13.274175514557113,0.5443157161220646,-1.0944138137864172
85500.0,31.67238342220127,28.429623096396657,0.47490581745911714,-1.343525269206278,64.01076776595609,34.984308728838144,0.610743081746482,0.10205643229102165,826804.1862232365,613636.6424565846,0.4848081489948566,-1.1910712627760203,10.505161805787635,7.327509495413052,0.64961972575807,-0.4915768610487674,111.25862648600189,84.21411469801174,0.531207625625071,-0.8058064311388359,15.420359126415072,13.28890253497053,0.5507777292295669,-1.084936539934993
86000.0,31.613766561869692,28.355170780714932,0.4794358287887418,-1.3336057707466167,63.710534911686665,34.972349650386164,0.6137208491233732,0.07598780740144753,826397.287989153,615197.282288094,0.4889879111882955,-1.183299746693548,10.525789523523258,7.317329289096305,0.6467570772791766,-0.4872885006105886,111.57913921164753,84.10310685866352,0.5302663048719622,-0.8027276352723062,15.403880012195673,13.30362955538395,0.5572397423370692,-1.075459266083569
86500.0,31.555149701538117,28.280718465033207,0.4839658401183664,-1.3236862722869553,63.41030205741724,34.960390571934184,0.6166986165002645,0.04991918251187341,825990.3897550693,616757.9221196034,0.4931676733817344,-1.1755282306110757,10.54641724125888,7.307149082779557,0.6438944288002831,-0.4830001401724098,111.89965193729317,83.9920990193153,0.5293249841188535,-0.7996488394057766,15.387400897976274,13.318356575797367,0.5637017554445715,-1.065981992232145
87000.0,31.496532841206538,28.20626614935148,0.48849585144799107,-1.313766773827294,63.11006920314782,34.9484314934822,0.6196763838771557,0.02385055762229929,825583.4915209857,618318.5619511128,0.49734743557517336,-1.1677567145286034,10.5670449589945,7.2969688764628104,0.6410317803213897,-0.47871177973423096,112.22016466293883,83.8810911799671,0.5283836633657448,-0.7965700435392469,15.370921783756875,13.333083596210784,0.5701637685520737,-1.0565047183807208
87500.0,31.43791598087496,28.131813833669753,0.49302586277761573,-1.3038472753676325,62.8098363488784,34.93647241503022,0.622654151254047,-0.0022180672672748314,825176.5932869022,619879.2017826223,0.5015271977686123,-1.1599851984461311,10.587672676730122,7.286788670146063,0.6381691318424964,-0.47442341929605214,112.54067738858447,83.77008334061888,0.5274423426126361,-0.7934912476727172,15.354442669537477,13.347810616624201,0.576625781659576,-1.0470274445292966
88000.0,31.37929912054338,28.057361517988028,0.49755587410724034,-1.2939277769079711,62.509603494608974,34.92451333657824,0.6256319186309383,-0.028286692156848953,824769.6950528185,621439.8416141316,0.5057069599620512,-1.1522136823636588,10.608300394465743,7.276608463829316,0.6353064833636028,-0.4701350588578733,112.86119011423011,83.65907550127066,0.5265010218595274,-0.7904124518061876,15.337963555318078,13.36253763703762,0.5830877947670783,-1.0375501706778725
88500.0,31.3206822602118,27.982909202306303,0.5020858854368649,-1.2840082784483098,62.20937064033955,34.91255425812625,0.6286096860078295,-0.054355317046423074,824362.796818735,623000.481445641,0.5098867221554901,-1.1444421662811866,10.628928112201367,7.266428257512568,0.6324438348847095,-0.4658466984196945,113.18170283987575,83.54806766192246,0.5255597011064188,-0.7873336559396579,15.32148444109868,13.377264657451038,0.5895498078745806,-1.0280728968264483
89000.0,31.26206539988022,27.908456886624577,0.5066158967664897,-1.2740887799886482,61.909137786070126,34.90059517967427,0.6315874533847208,-0.0804239419359972,823955.8985846514,624561.1212771503,0.5140664843489291,-1.1366706501987143,10.649555829936988,7.256248051195821,0.6295811864058161,-0.4615583379815157,113.5022155655214,83.43705982257424,0.5246183803533101,-0.7842548600731282,15.30500532687928,13.391991677864455,0.5960118209820828,-1.0185956229750244
89500.0,31.203448539548646,27.834004570942852,0.5111459080961143,-1.2641692815289869,61.6089049318007,34.88863610122229,0.6345652207616119,-0.10649256682557132,823549.0003505677,626121.7611086598,0.518246246542368,-1.128899134116242,10.67018354767261,7.246067844879073,0.6267185379269226,-0.45726997754333687,113.82272829116704,83.32605198322604,0.5236770596002014,-0.7811760642065986,15.288526212659882,13.406718698277873,0.6024738340895851,-1.0091183491236002
90000.0,31.144831679217067,27.759552255261127,0.5156759194257389,-1.2542497830693256,61.30867207753128,34.8766770227703,0.6375429881385032,-0.13256119171514544,823142.1021164842,627682.4009401692,0.5224260087358069,-1.1211276180337697,10.69081126540823,7.2358876385623265,0.6238558894480292,-0.45298161710515805,114.14324101681268,83.21504414387782,0.5227357388470927,-0.7780972683400689,15.272047098440483,13.42144571869129,0.6089358471970874,-0.999641075272176
90500.0,31.086214818885487,27.685099939579402,0.5202059307553636,-1.244330284609664,61.00843922326185,34.86471794431832,0.6405207555153944,-0.15862981660471956,822735.2038824005,629243.0407716786,0.5266057709292459,-1.1133561019512974,10.711438983143852,7.22570743224558,0.6209932409691357,-0.44869325666697923,114.46375374245832,83.1040363045296,0.521794418093984,-0.7750184724735393,15.255567984221084,13.436172739104709,0.6153978603045897,-0.9901638014207519
91000.0,31.02759795855391,27.610647623897677,0.5247359420849882,-1.2344107861500027,60.70820636899243,34.85275886586634,0.6434985228922857,-0.18469844149429368,822328.305648317,630803.680603188,0.5307855331226847,-1.1055845858688251,10.732066700879473,7.215527225928832,0.6181305924902423,-0.4444048962288005,114.78426646810397,82.9930284651814,0.5208530973408753,-0.7719396766070096,15.239088870001686,13.450899759518126,0.6218598734120919,-0.9806865275693277
91500.0,30.96898109822233,27.53619530821595,0.5292659534146128,-1.2244912876903413,60.40797351472301,34.840799787414355,0.646476290269177,-0.2107670663838678,821921.4074142334,632364.3204346973,0.5349652953161237,-1.0978130697863528,10.752694418615096,7.205347019612085,0.6152679440113489,-0.44011653579062165,115.10477919374961,82.88202062583318,0.5199117765877665,-0.7688608807404799,15.222609755782287,13.465626779931544,0.6283218865195942,-0.9712092537179036
92000.0,30.91036423789075,27.461742992534226,0.5337959647442374,-1.2145717892306798,60.10774066045359,34.828840708962375,0.6494540576460682,-0.23683569127344192,821514.5091801498,633924.9602662068,0.5391450575095627,-1.0900415537038806,10.773322136350718,7.195166813295337,0.6124052955324554,-0.43582817535244284,115.42529191939526,82.77101278648496,0.5189704558346578,-0.7657820848739503,15.206130641562888,13.480353800344961,0.6347838996270965,-0.9617319798664795
92500.0,30.851747377559175,27.3872906768525,0.5383259760738621,-1.2046522907710184,59.80750780618416,34.816881630510395,0.6524318250229595,-0.262904316163016,821107.6109460662,635485.6000977161,0.5433248197030016,-1.0822700376214083,10.793949854086339,7.18498660697859,0.609542647053562,-0.431539814914264,115.7458046450409,82.66000494713676,0.5180291350815491,-0.7627032890074206,15.18965152734349,13.495080820758378,0.6412459127345987,-0.9522547060150554
93000.0,30.793130517227596,27.312838361170776,0.5428559874034867,-1.194732792311357,59.50727495191474,34.80492255205841,0.6554095923998507,-0.2889729410525902,820700.7127119827,637046.2399292255,0.5475045818964405,-1.074498521538936,10.81457757182196,7.174806400661843,0.6066799985746686,-0.4272514544760852,116.06631737068655,82.54899710778854,0.5170878143284404,-0.7596244931408909,15.17317241312409,13.509807841171797,0.647707925842101,-0.9427774321636313
93500.0,30.734513656896016,27.23838604548905,0.5473859987331113,-1.1848132938516958,59.207042097645314,34.79296347360643,0.658387359776742,-0.31504156594216426,820293.814477899,638606.879760735,0.5516843440898794,-1.0667270054564637,10.835205289557582,7.164626194345096,0.6038173500957751,-0.4229630940379064,116.38683009633219,82.43798926844032,0.5161464935753317,-0.7565456972743613,15.156693298904692,13.524534861585215,0.6541699389496033,-0.9333001583122071
94000.0,30.675896796564437,27.163933729807322,0.551916010062736,-1.1748937953920342,58.90680924337589,34.78100439515445,0.6613651271536333,-0.34111019083173844,819886.9162438154,640167.5195922443,0.5558641062833183,-1.0589554893739914,10.855833007293205,7.154445988028348,0.6009547016168817,-0.41867473359972757,116.70734282197783,82.32698142909211,0.515205172822223,-0.7534669014078316,15.140214184685295,13.539261881998632,0.6606319520571056,-0.923822884460783
94500.0,30.61727993623286,27.089481414125597,0.5564460213923607,-1.1649742969323729,58.606576389106465,34.76904531670247,0.6643428945305245,-0.3671788157213125,819480.0180097318,641728.1594237537,0.5600438684767572,-1.0511839732915191,10.876460725028826,7.144265781711601,0.5980920531379882,-0.41438637316154875,117.02785554762347,82.2159735897439,0.5142638520691143,-0.750388105541302,15.123735070465896,13.55398890241205,0.667093965164608,-0.9143456106093588
95000.0,30.55866307590128,27.015029098443872,0.5609760327219853,-1.1550547984727115,58.30634353483704,34.75708623825048,0.6673206619074158,-0.39324744061088657,819073.1197756482,643288.7992552631,0.5642236306701962,-1.0434124572090469,10.897088442764447,7.134085575394853,0.5952294046590948,-0.41009801272336993,117.34836827326912,82.10496575039568,0.5133225313160056,-0.7473093096747723,15.107255956246497,13.568715922825469,0.6735559782721101,-0.9048683367579348
95500.0,30.500046215569704,26.940576782762147,0.56550604405161,-1.1451353000130502,58.006110680567616,34.7451271597985,0.670298429284307,-0.41931606550046074,818666.2215415647,644849.4390867725,0.5684033928636352,-1.0356409411265746,10.917716160500069,7.1239053690781065,0.5923667561802014,-0.4058096522851911,117.66888099891476,81.99395791104747,0.5123812105628969,-0.7442305138082426,15.090776842027099,13.583442943238886,0.6800179913796125,-0.8953910629065106
96000.0,30.441429355238125,26.86612446708042,0.5700360553812346,-1.1352158015533886,57.70587782629819,34.73316808134652,0.6732761966611983,-0.4453846903900349,818259.323307481,646410.078918282,0.572583155057074,-1.0278694250441023,10.93834387823569,7.113725162761359,0.5895041077013079,-0.4015212918470123,117.98939372456041,81.88295007169926,0.5114398898097883,-0.741151717941713,15.0742977278077,13.598169963652303,0.6864800044871147,-0.8859137890550866
96500.0,30.382812494906545,26.791672151398696,0.5745660667108592,-1.1252963030937273,57.405644972028774,34.72120900289453,0.6762539640380896,-0.471453315279609,817852.4250733975,647970.7187497913,0.576762917250513,-1.02009790896163,10.958971595971313,7.103544956444612,0.5866414592224145,-0.3972329314088335,118.30990645020606,81.77194223235104,0.5104985690566796,-0.7380729220751833,15.057818613588301,13.61289698406572,0.692942017594617,-0.8764365152036624
97000.0,30.324195634574966,26.71721983571697,0.5790960780404838,-1.115376804634066,57.10541211775935,34.70924992444255,0.6792317314149808,-0.49752194016918305,817445.5268393139,649531.3585813007,0.580942679443952,-1.0123263928791577,10.979599313706935,7.093364750127865,0.5837788107435211,-0.39294457097065466,118.6304191758517,81.66093439300283,0.5095572483035709,-0.7349941262086537,15.041339499368902,13.627624004479138,0.6994040307021192,-0.8669592413522382
97500.0,30.265578774243387,26.642767520035246,0.5836260893701085,-1.1054573061744044,56.805179263489926,34.69729084599057,0.6822094987918721,-0.5235905650587572,817038.6286052302,651091.99841281,0.5851224416373908,-1.0045548767966854,11.000227031442556,7.083184543811117,0.5809161622646276,-0.38865621053247584,118.95093190149734,81.54992655365461,0.5086159275504621,-0.731915330342124,15.024860385149504,13.642351024892557,0.7058660438096216,-0.8574819675008141
98000.0,30.206961913911808,26.56831520435352,0.5881561006997331,-1.095537807714743,56.5049464092205,34.685331767538585,0.6851872661687632,-0.5496591899483314,816631.7303711467,652652.6382443195,0.5893022038308298,-0.9967833607142133,11.020854749178177,7.07300433749437,0.5780535137857342,-0.384367850094297,119.27144462714298,81.4389187143064,0.5076746067973534,-0.7288365344755943,15.008381270930105,13.657078045305974,0.7123280569171239,-0.84800469364939
98500.0,30.148345053580233,26.493862888671796,0.5926861120293577,-1.0856183092550817,56.20471355495108,34.673372689086605,0.6881650335456546,-0.5757278148379055,816224.832137063,654213.2780758289,0.5934819660242687,-0.989011844631741,11.041482466913799,7.0628241311776225,0.5751908653068407,-0.3800794896561182,119.59195735278863,81.32791087495819,0.5067332860442447,-0.7257577386090647,14.991902156710706,13.671805065719392,0.7187900700246261,-0.8385274197979659
99000.0,30.089728193248654,26.41941057299007,0.5972161233589823,-1.0756988107954202,55.90448070068165,34.661413610634625,0.6911428009225458,-0.6017964397274795,815817.9339029795,655773.9179073382,0.5976617282177077,-0.9812403285492687,11.06211018464942,7.052643924860876,0.5723282168279473,-0.3757911292179394,119.91247007843427,81.21690303560997,0.505791965291136,-0.722678942742535,14.975423042491308,13.686532086132809,0.7252520831321284,-0.8290501459465418
99500.0,30.031111332917074,26.344958257308342,0.601746134688607,-1.0657793123357588,55.60424784641223,34.64945453218264,0.694120568299437,-0.6278650646170537,815411.0356688959,657334.5577388477,0.6018414904111465,-0.9734688124667964,11.082737902385043,7.042463718544128,0.5694655683490539,-0.37150276877976063,120.23298280407991,81.10589519626177,0.5048506445380273,-0.7196001468760053,14.958943928271909,13.701259106546226,0.7317140962396307,-0.8195728720951176
100000.0,29.972494472585495,26.270505941626617,0.6062761460182317,-1.0558598138760975,55.30401499214281,34.63749545373066,0.6970983356763283,-0.6539336895066279,815004.1374348123,658895.197570357,0.6060212526045855,-0.9656972963843241,11.103365620120664,7.032283512227381,0.5666029198701604,-0.3672144083415818,120.55349552972555,80.99488735691355,0.5039093237849186,-0.7165213510094757,14.94246481405251,13.715986126959645,0.738176109347133,-0.8100955982436935
100500.0,29.913877612253916,26.19605362594489,0.6108061573478563,-1.045940315416436,55.00378213787339,34.62553637527868,0.7000761030532195,-0.680002314396202,814597.2392007287,660455.8374018664,0.6102010147980244,-0.9579257803018518,11.123993337856286,7.022103305910633,0.563740271391267,-0.362926047903403,120.8740082553712,80.88387951756533,0.5029680030318099,-0.713442555142946,14.925985699833111,13.730713147373063,0.7446381224546352,-0.8006183243922693
101000.0,29.855260751922337,26.121601310263166,0.615336168677481,-1.0360208169567746,54.70354928360396,34.61357729682669,0.7030538704301108,-0.706070939285776,814190.3409666452,662016.4772333759,0.6143807769914633,-0.9501542642193795,11.144621055591907,7.011923099593886,0.5608776229123735,-0.3586376874652242,121.19452098101685,80.77287167821713,0.5020266822787012,-0.7103637592764163,14.909506585613713,13.74544016778648,0.7511001355621375,-0.7911410505408453
101500.0,29.79664389159076,26.04714899458144,0.6198661800071056,-1.0261013184971133,54.40331642933454,34.60161821837471,0.7060316378070021,-0.7321395641753502,813783.4427325615,663577.1170648852,0.6185605391849023,-0.9423827481369073,11.165248773327528,7.001742893277139,0.5580149744334801,-0.35434932702704536,121.51503370666249,80.66186383886891,0.5010853615255925,-0.7072849634098867,14.893027471394314,13.760167188199897,0.7575621486696398,-0.7816637766894211
102000.0,29.738027031259183,25.972696678899716,0.6243961913367302,-1.0161818200374517,54.103083575065114,34.58965913992273,0.7090094051838933,-0.7582081890649244,813376.544498478,665137.7568963947,0.6227403013783412,-0.934611232054435,11.185876491063151,6.991562686960392,0.5551523259545867,-0.35006096658886654,121.83554643230813,80.55085599952069,0.5001440407724838,-0.704206167543357,14.876548357174915,13.774894208613317,0.764024161777142,-0.7721865028379971
102500.0,29.679410170927603,25.89824436321799,0.6289262026663549,-1.0062623215777904,53.80285072079569,34.57770006147074,0.7119871725607846,-0.7842768139544984,812969.6462643943,666698.396727904,0.6269200635717801,-0.9268397159719627,11.206504208798773,6.981382480643644,0.5522896774756932,-0.3457726061506877,122.15605915795378,80.43984816017249,0.4992027200193751,-0.7011273716768274,14.860069242955516,13.789621229026734,0.7704861748846443,-0.7627092289865729
103000.0,29.620793310596024,25.823792047536266,0.6334562139959795,-0.996342823118129,53.502617866526265,34.56574098301876,0.7149649399376758,-0.8103454388440725,812562.7480303107,668259.0365594134,0.6310998257652191,-0.9190681998894904,11.227131926534394,6.971202274326897,0.5494270289967998,-0.3414842457125089,122.47657188359942,80.32884032082427,0.4982613992662664,-0.6980485758102977,14.843590128736118,13.804348249440151,0.7769481879921466,-0.7532319551351487
103500.0,27.97643435388062,24.622625534898397,0.6512000220097791,-0.8641797131367854,45.22089931039761,37.37485864620104,1.2043872564528777,0.5580461032680666,801760.0748362931,675355.513117818,0.605078404898994,-1.002510237850883,12.800897323020237,8.103626385448969,0.15265435915613035,-0.88471613238991,127.2820192882456,80.34182094090569,0.23589656876393167,-0.8063529102619078,13.956749818219238,14.039084523228265,0.9102312522394438,-0.53464474458701
104000.0,26.33207539716522,23.421459022260525,0.6689438300235786,-0.7320166031554418,36.93918075426897,40.18397630938332,1.6938095729680798,1.926437645380206,790957.4016422755,682451.9896762227,0.579056984032769,-1.0859522758122755,14.374662719506082,9.23605049657104,-0.2441183106845391,-1.427948019067311,132.08746669289178,80.35480156098711,-0.0264682617384031,-0.914657244713518,13.06990950770236,14.27382079701638,1.043514316486741,-0.3160575340388711
104500.0,22.443391021026784,20.041154360855487,0.5369316568485601,-0.9122979862255308,47.25434786471738,40.826815323214426,0.8999075568349012,-0.3495799210600996,873146.8474962506,660906.4635231328,0.4529334951143767,-1.1636614758261328,19.81285219181349,13.371430333938912,0.4146694501119939,-0.7565758746866207,136.54576639014866,83.6428922275604,0.1051331158474553,-1.1704202590445925,11.720801512432896,13.541647103046513,1.3544621957713832,0.4710363984674366
105000.0,19.846598109375616,17.203411542479486,0.4336224610915916,-1.2419024022355738,79.8770456188704,61.544135373273896,0.6210778524210161,-0.9459263434491598,839296.3595277607,587491.3686071074,0.1710560638366766,-1.4469339414994409,20.231032395569112,17.278812043198133,0.6465847118343998,-0.8847460847606747,117.58923801614134,93.17336164364433,0.5386050021256755,-1.0749078406396864,10.46410403429741,12.401609651117685,1.5470262551198557,1.232254018967052
105500.0,19.44986754382477,17.014009400695294,0.4324071537256789,-1.2840144324267984,86.33953902219447,63.55217158241456,0.5744740158036948,-0.9943774974139608,825977.415227996,580660.1141631762,0.17788865674117918,-1.4677449997076037,20.029680722810888,17.2489584658936,0.6577273395615777,-0.9145058554253187,114.8366162101069,91.60074405857023,0.523190223086219,-1.1154574419664547,10.549016327718602,12.01537645952995,1.5619283005245128,1.340024639809951
106000.0,19.05313697827392,16.824607258911104,0.43119184635976615,-1.326126462618023,92.80203242551855,65.56020779155521,0.5278701791863736,-1.0428286513787617,812658.4709282311,573828.8597192449,0.18472124964568176,-1.4885560579157666,19.82832905005266,17.21910488858907,0.6688699672887556,-0.9442656260899626,112.08399440407246,90.02812647349613,0.5077754440467623,-1.1560070432932232,10.633928621139795,11.629143267942215,1.57683034592917,1.4477952606528501
106500.0,18.656406412723072,16.635205117126915,0.42997653899385346,-1.3682384928092475,99.26452582884261,67.56824400069588,0.48126634256905226,-1.0912798053435626,799339.5266284663,566997.6052753136,0.19155384255018432,-1.5093671161239295,19.626977377294434,17.189251311284536,0.6800125950159335,-0.9740253967546064,109.331372598038,88.45550888842203,0.4923606650073058,-1.1965566446199918,10.718840914560987,11.242910076354482,1.5917323913338268,1.5555658814957491
107000.0,18.259675847172225,16.445802975342723,0.4287612316279408,-1.410350523000472,105.72701923216668,69.57628020983654,0.434662505951731,-1.1397309593083635,786020.5823287016,560166.3508313823,0.1983864354546869,-1.5301781743320924,19.42562570453621,17.159397733980004,0.6911552227431114,-1.0037851674192504,106.57875079200356,86.88289130334793,0.4769458859678492,-1.23710624594676,10.80375320798218,10.856676884766747,1.606634436738484,1.6633365023386482
107500.0,17.834889315088702,16.24937870090605,0.47538142050429893,-1.3608922463755881,109.30646116789508,74.73830044170522,0.30070418460754833,-1.2226812066392059,756801.608739774,556666.3832972473,0.20763945405934936,-1.5257393946848146,19.514854028918926,15.888989435959846,0.6045722090665044,-1.0650452667317567,108.12165618523176,79.05694160436742,0.20381412884838684,-1.3365941608591738,10.689300864743995,10.26870249087769,1.6460683743583169,1.9107374118691172
108000.0,17.41010278300518,16.05295442646938,0.5220016093806571,-1.3114339697507045,112.88590310362348,79.9003206735739,0.1667458632633656,-1.3056314539700484,727582.6351508462,553166.4157631125,0.2168924726640118,-1.5213006150375368,19.60408235330164,14.618581137939689,0.5179891953898976,-1.1263053660442632,109.66456157845997,71.23099190538692,-0.0693176282710755,-1.4360820757715873,10.57484852150581,9.680728096988634,1.6855023119781498,2.158138321399586
108500.0,17.542788947706068,16.47305868900378,0.6026076363760574,-1.1851022741372077,108.68631866405119,71.31583187006763,0.17786769748654635,-0.9664026431153644,720235.1970998442,575090.7777688529,0.2555917265837614,-1.483047764626845,16.45755303575916,12.433476076436179,0.5852353829379155,-0.8924196887535423,95.1436009127392,62.84731940509327,0.1958629696877538,-1.0325374498259072,9.09129339549173,8.472031632696062,1.6109285105509894,2.3368953492086133
109000.0,17.675475112406957,16.893162951538176,0.6832136633714577,-1.0587705785237111,104.48673422447888,62.73134306656135,0.1889895317097271,-0.6271738322606804,712887.7590488422,597015.1397745932,0.294290980503511,-1.4447949142161534,13.311023718216685,10.248371014932667,0.6524815704859334,-0.6585340114628213,80.62264024701844,54.46364690479963,0.4610435676465831,-0.6289928238802269,7.607738269477651,7.263335168403491,1.5363547091238292,2.5156523770176404
109500.0,18.515046086278858,17.125868630868695,0.4602432694758747,-1.3075813298890655,74.29666376063444,56.166862681744206,1.0465924330082386,0.6652728900119813,577734.3553331019,504587.68522312667,0.3958865869929643,-1.3820481569769814,14.357492885743987,11.93268113979428,0.7296588644953222,-0.72034064589401,99.24309521129712,73.44880198843833,0.5655527044759543,-0.726237934833589,5.067168649362404,3.986240199776085,0.6018214047294133,-0.8206939663888129
110000.0,15.354223554130185,16.47989129210512,0.8174199561943362,-0.8908354633509097,110.13750465024614,78.84832360922813,0.2861744390120838,-1.4095993597030498,365887.2414107829,323526.8655082007,0.7270148031219418,-0.8491686845866444,16.928970048560092,13.34099251805486,0.3984372768692552,-1.0898745748411771,94.7556091861238,59.61808200672196,0.2541684317687076,-1.006045070761494,5.525677970036335,4.528641057373635,0.6575512851746096,-0.7679292402137166
110500.0,12.211295149411974,13.751247187851163,1.302065629978586,0.6727466254942405,106.0055441966202,76.2166107143971,0.3579356320605974,-1.1508259511699028,346533.0702187901,257478.626086554,0.3809050805313007,-1.183884556784352,13.83540132197368,9.942369842523506,0.4419570620403659,-0.7441060536129687,84.95585391348348,68.70966833483355,1.1089335002462533,0.7060118072734909,7.579322483432916,7.220038260961308,1.3729464698737688,1.4521825580740977
111000.0,9.433136825478218,10.470505263946489,1.1720152466360008,0.4998233630417936,79.80216731721117,59.93990365242518,0.8348149893675092,-0.3095263605171059,395916.3556335954,299129.89565081766,0.4821823497948733,-0.8028097270265069,14.624622051541774,10.94886894596254,0.4141396587704376,-1.1697973290117376,102.64856632980944,75.63103428315172,0.3375528816842368,-1.1106253988343222,7.002756311873994,9.25090112056668,2.081890502494867,3.3294849396091646
111500.0,6.5459826449174825,7.138038775299204,1.0564259118895951,-0.3225078895790556,77.12486428129378,59.49496597156143,0.6519563195812752,-0.757913802305807,305554.7514716371,266854.2993834806,0.8130974118439956,-0.5087815621325795,9.885354522812076,7.896562035661464,0.6833071744560731,-0.5304612096338683,59.68619697758176,49.26422791025589,0.7194343076932544,-0.6745754070501633,8.412429854461244,8.770186274393048,1.795153429836455,2.845917840060385
112000.0,5.283447375350952,4.698798570965253,0.9980970902513464,-0.0752578970342021,66.31612997312456,47.4467179157967,0.3914300344750762,-1.058617893254388,318898.8256881099,202137.42801885787,0.2222799783521595,-0.8215531458279037,10.179195347729625,6.156596981284071,0.55390785035827,-0.4413434681917954,72.87402374222346,64.26563401268602,0.5546129919923002,-1.0233142639072357,7.500466219151127,7.545959074175279,1.609641948457388,2.2510769260325123
112500.0,4.768351387310931,3.625476654807283,0.9413925534481364,0.2189689516640465,52.45496973805553,32.553014438276826,0.278613951903573,-0.9051897539144882,244082.26302793965,167208.3181241677,0.0001998916519551,-1.4385020171213934,13.078881407574988,7.822772421016468,0.1528327821194247,-0.7090469628471658,88.53529409608429,67.58253613355315,0.6060696328433236,-0.814989352151879,5.803788579197999,6.622614578691127,1.7610793177196844,2.6000069102444865
113000.0,4.64246351573144,3.903798693284951,0.7350552576586207,-0.877086087648264,41.649300983749534,29.54153361890332,0.5747102067245539,-0.6081220254541435,186997.6526620446,133472.1897827582,0.5349396991760824,-0.6806184109598874,12.955290566022816,7.582165715106627,0.016454903937678,-0.8578642380066244,74.00148180502079,49.86927522061018,0.8241215151751408,-0.0292630843077232,5.644852746557124,4.340837742608395,1.2785723162442604,1.8049996403641604
113500.0,5.878824673691991,4.559590163312071,0.5594903203773504,-1.0068194361567306,42.96273352280346,38.2468882489172,1.0911822629038057,0.079296520163008,241583.50644951005,165070.99548617232,0.1212913209018205,-1.0971712897819696,10.897412592115892,6.061896546090134,-0.1846488359770128,-1.1284086412768672,52.37090446220809,31.01494069262049,0.2662404163089334,-0.4032524569171531,6.126286949500211,3.619857216506328,0.2640611681769714,-0.548940278992927
114000.0,6.366357584752137,4.532453279784739,0.5195741890192037,-0.9243217526773867,43.091517130770455,40.465728901990474,1.086329551606,0.007450539884135604,252824.41883036232,162177.4979584866,0.24829802926476546,-1.037006006797947,10.363531213893072,5.799785517778519,-0.1038491886453746,-1.1451617766648812,51.948104830919476,37.736997422893666,0.7078782757292181,0.1365889139949233,5.804343950746754,3.972443431631363,0.5068045582830417,-0.4199091060259099
114500.0,6.853890495812283,4.505316396257407,0.479658057661057,-0.8418240691980428,43.22030073873746,42.68456955506375,1.0814768403081945,-0.0643954403947368,264065.3312112146,159284.00043080092,0.3753047376277104,-0.9768407238139244,9.829649835670253,5.537674489466903,-0.0230495413137364,-1.161914912052895,51.52530519963086,44.45905415316684,1.149516135149503,0.6764302849069996,5.482400951993296,4.325029646756398,0.749547948389112,-0.2908779330588928
115000.0,6.725616781351384,4.533212207046529,0.4641381074472053,-0.8103912851961753,42.21460457335263,42.168077603963404,1.1566760301532115,0.1050170236361738,255411.93512470764,168082.11554680255,0.4823570664419405,-0.8256924204942424,9.530863915692459,5.433632685195089,-0.054074345224042905,-1.2136604558552744,53.79021404404722,44.905993895292795,1.0962523465147926,0.5441539406363611,5.422936475889416,4.163671485303804,0.7201394059026561,-0.37581797032924025
115500.0,6.5973430668904856,4.561108017835651,0.4486181572333535,-0.778958501194308,41.208908407967805,41.65158565286306,1.2318752199982284,0.2744294876670844,246758.53903820066,176880.2306628042,0.5894093952561705,-0.6745441171745604,9.232077995714663,5.329590880923276,-0.0850991491343494,-1.2654059996576539,56.05512288846357,45.35293363741875,1.0429885578800824,0.41187759636572274,5.363471999785536,4.002313323851212,0.6907308634162002,-0.4607580075995877
116000.0,6.469069352429587,4.589003828624773,0.4330982070195018,-0.7475257171924405,40.20321224258298,41.13509370176271,1.3070744098432454,0.443841951697995,238105.1429516937,185678.34577880584,0.6964617240704006,-0.5233958138548784,8.933292075736869,5.225549076651462,-0.1161239530446559,-1.3171515434600332,58.32003173287993,45.79987337954471,0.989724769245372,0.2796012520950843,5.304007523681656,3.8409551623986182,0.6613223209297443,-0.5456980448699351
116500.0,6.437037116951825,4.524473965267109,0.49102557426280735,-0.621125452332101,39.75726077146085,40.044618344189466,1.2734256471422785,0.3838336637078852,232093.4785166897,185099.15082260757,0.7603983183147311,-0.4454406134042682,8.835065476478277,5.058169911752372,-0.1983939988006472,-1.2489529858370698,59.86865690014158,44.759499715173376,0.887979148829467,0.13072153498707498,5.258518513859598,3.7378298770560745,0.6008445347697134,-0.6517017544849855
117000.0,6.405004881474063,4.4599441019094455,0.548952941506113,-0.4947251874717614,39.31130930033872,38.95414298661622,1.2397768844413115,0.32382537571777537,226081.8140816857,184519.95586640926,0.8243349125590617,-0.367485412953658,8.736838877219688,4.890790746853281,-0.2806640445566385,-1.1807544282141063,61.41728206740323,43.71912605080204,0.786233528413562,-0.01815818212093434,5.213029504037539,3.6347045917135308,0.5403667486096826,-0.7577054641000358
117500.0,6.372972645996302,4.3954142385517825,0.6068803087494185,-0.36832492261142186,38.8653578292166,37.86366762904298,1.2061281217403448,0.26381708772766554,220070.14964668168,183940.760910211,0.8882715068033922,-0.28953021250304783,8.638612277961096,4.723411581954191,-0.3629340903126298,-1.112555870591143,62.96590723466487,42.67875238643071,0.684487907997657,-0.1670378992289437,5.167540494215482,3.531579306370987,0.4798889624496518,-0.8637091737150862
118000.0,6.34094041051854,4.330884375194119,0.664807675992724,-0.2419246577510823,38.41940635809447,36.77319227146973,1.1724793590393778,0.20380879973755572,214058.48521167767,183361.56595401268,0.9522081010477227,-0.21157501205243762,8.540385678702506,4.556032417055101,-0.4452041360686211,-1.0443573129681796,64.51453240192652,41.63837872205937,0.5827422875817521,-0.315917616336953,5.122051484393423,3.4284540210284438,0.41941117628962093,-0.9697128833301365
118500.0,6.308908175040778,4.266354511836455,0.7227350432360296,-0.1155243928907427,37.97345488697234,35.682716913896485,1.1388305963384109,0.1438005117474459,208046.82077667367,182782.3709978144,1.0161446952920532,-0.1336198116018274,8.442159079443915,4.38865325215601,-0.5274741818246124,-0.976158755345216,66.06315756918816,40.59800505768804,0.4809966671658471,-0.4647973334449622,5.076562474571365,3.3253287356859,0.3589333901295901,-1.0757165929451868
119000.0,6.2835494056346635,4.26556951685,0.728795188277939,-0.10555736269098107,37.865258431821836,35.478223538093,1.1380318323483285,0.1424965581891137,209446.16702361003,182830.4300575403,1.0135366005225521,-0.13374334438136679,8.404926587982565,4.382586993516606,-0.4963426221129824,-0.9567644364381153,65.99707478801612,40.58974865379885,0.47953434046769916,-0.4704624666335881,5.070405745284393,3.336882204868391,0.38551801350549625,-0.9947678401551294
119500.0,6.258190636228548,4.264784521863545,0.7348553333198485,-0.09559033249121943,37.75706197667133,35.27373016228951,1.1372330683582463,0.14119260463078148,210845.5132705464,182878.48911726623,1.010928505753051,-0.13386687716090617,8.367694096521214,4.3765207348772,-0.4652110624013524,-0.9373701175310145,65.93099200684408,40.581492249909665,0.4780720137695512,-0.476127599822214,5.0642490159974205,3.3484356740508816,0.4121026368814024,-0.9138190873650721
120000.0,6.232831866822433,4.2639995268770905,0.740915478361758,-0.0856233022914578,37.648865521520825,35.069236786486016,1.136434304368164,0.1398886510724493,212244.85951748275,182926.54817699216,1.00832041098355,-0.1339904099404456,8.330461605059865,4.3704544762377955,-0.43407950268972245,-0.9179757986239138,65.86490922567204,40.573235846020474,0.4766096870714033,-0.4817927330108398,5.0580922867104485,3.3599891432333724,0.43868726025730853,-0.8328703345750147
120500.0,6.207473097416318,4.263214531890636,0.7469756234036675,-0.07565627209169616,37.54066906637031,34.86474341068253,1.1356355403780818,0.1385846975141171,213644.2057644191,182974.60723671806,1.0057123162140489,-0.13411394271998497,8.293229113598514,4.36438821759839,-0.40294794297809244,-0.898581479716813,65.7988264445,40.56497944213129,0.47514736037325533,-0.4874578661994657,5.0519355574234766,3.371542612415863,0.4652718836332147,-0.7519215817849574
121000.0,6.182114328010203,4.262429536904182,0.753035768445577,-0.06568924189193452,37.43247261121981,34.66025003487904,1.1348367763879994,0.13728074395578488,215043.55201135547,183022.66629644396,1.0031042214445478,-0.13423747549952436,8.255996622137165,4.358321958958985,-0.3718163832664625,-0.8791871608097122,65.73274366332794,40.5567230382421,0.47368503367510745,-0.49312299938809157,5.045778828136504,3.383096081598354,0.49185650700912087,-0.6709728289949
121500.0,6.156755558604089,4.261644541917726,0.7590959134874865,-0.05572221169217289,37.3242761560693,34.455756659075554,1.1340380123979172,0.13597679039745267,216442.8982582918,183070.7253561699,1.000496126675047,-0.13436100827906375,8.218764130675815,4.35225570031958,-0.34068482355483254,-0.8597928419026115,65.6666608821559,40.548466634352906,0.4722227069769595,-0.49878813257671745,5.039622098849532,3.3946495507808447,0.518441130385027,-0.5900240762048425
122000.0,6.131396789197973,4.260859546931272,0.7651560585293959,-0.04575518149241126,37.2160797009188,34.25126328327207,1.1332392484078349,0.13467283683912046,217842.24450522815,183118.78441589582,0.9978880319055458,-0.13448454105860314,8.181531639214464,4.346189441680175,-0.3095532638432026,-0.8403985229955107,65.60057810098385,40.54021023046372,0.47076038027881156,-0.5044532657653433,5.03346536956256,3.4062030199633355,0.5450257537609332,-0.5090753234147852
122500.0,6.106038019791859,4.260074551944817,0.7712162035713055,-0.03578815129264962,37.10788324576829,34.04676990746858,1.1324404844177525,0.13336888328078828,219241.5907521645,183166.84347562172,0.9952799371360447,-0.13460807383814255,8.144299147753115,4.34012318304077,-0.2784217041315726,-0.8210042040884099,65.53449531981181,40.53195382657453,0.4692980535806636,-0.5101183989539692,5.027308640275588,3.4177564891458263,0.5716103771368394,-0.4281265706247278
123000.0,6.080679250385743,4.259289556958363,0.7772763486132149,-0.025821121092887978,36.99968679061779,33.84227653166509,1.1316417204276703,0.13206492972245606,220640.93699910087,183214.90253534762,0.9926718423665437,-0.13473160661768194,8.107066656291764,4.334056924401365,-0.24729014441994263,-0.8016098851813092,65.46841253863977,40.523697422685345,0.4678357268825157,-0.5157835321425951,5.021151910988615,3.429309958328317,0.5981950005127455,-0.3471778178346704
123500.0,6.055320480979629,4.2585045619719075,0.7833364936551244,-0.015854090893126338,36.89149033546728,33.6377831558616,1.130842956437588,0.13076097616412385,222040.28324603723,183262.96159507355,0.9900637475970426,-0.13485513939722132,8.069834164830414,4.32799066576196,-0.21615858470831262,-0.7822155662742084,65.40232975746773,40.51544101879615,0.46637340018436774,-0.5214486653312209,5.014995181701643,3.440863427510808,0.6247796238886516,-0.2662290650446131
124000.0,6.029961711573514,4.257719566985453,0.7893966386970339,-0.005887060693364712,36.78329388031677,33.43328978005811,1.1300441924475058,0.12945702260579164,223439.6294929736,183311.02065479947,0.9874556528275416,-0.1349786721767607,8.032601673369063,4.321924407122554,-0.18502702499668267,-0.7628212473671077,65.33624697629568,40.50718461490696,0.4649110734862198,-0.5271137985198467,5.008838452414671,3.4524168966932987,0.6513642472645578,-0.18528031225455566
124500.0,6.0046029421673985,4.256934571998999,0.7954567837389435,0.004079969506396927,36.675097425166264,33.228796404254624,1.1292454284574234,0.12815306904745943,224838.97573990995,183359.07971452537,0.9848475580580405,-0.1351022049563001,7.995369181907714,4.31585814848315,-0.1538954652850527,-0.7434269284600069,65.27016419512364,40.49892821101778,0.4634487467880719,-0.5327789317084727,5.002681723127698,3.4639703658757894,0.6779488706404639,-0.10433155946449824
125000.0,5.979244172761284,4.256149577012543,0.8015169287808529,0.014046999706158553,36.56690097001576,33.024303028451136,1.1284466644673412,0.12684911548912725,226238.3219868463,183407.13877425127,0.9822394632885394,-0.1352257377358395,7.958136690446364,4.309791889843744,-0.1227639055734227,-0.7240326095529062,65.2040814139516,40.490671807128585,0.46198642008992397,-0.5384440648970985,4.996524993840726,3.47552383505828,0.7045334940163701,-0.023382806674440815
125500.0,5.9538854033551685,4.255364582026089,0.8075770738227623,0.024014029905920192,36.45870451486525,32.81980965264765,1.1276479004772588,0.12554516193079504,227637.66823378266,183455.1978339772,0.9796313685190383,-0.1353492705153789,7.9209041989850135,4.3037256312043395,-0.09163234586179275,-0.7046382906458053,65.13799863277956,40.4824154032394,0.460524093391776,-0.5441091980857244,4.990368264553754,3.487077304240771,0.7311181173922763,0.057565946115616384
126000.0,5.928526633949054,4.254579587039634,0.8136372188646719,0.03398106010568183,36.35050805971475,32.61531627684416,1.1268491364871764,0.12424120837246283,229037.014480719,183503.25689370313,0.9770232737495373,-0.1354728032949183,7.883671707523664,4.297659372564935,-0.060500786150162744,-0.6852439717387047,65.07191585160751,40.47415899935021,0.4590617666936281,-0.5497743312743503,4.984211535266782,3.498630773423262,0.7577027407681824,0.1385146989056738
126500.0,5.903167864542939,4.25379459205318,0.8196973639065813,0.04394809030544347,36.24231160456424,32.41082290104067,1.1260503724970943,0.12293725481413062,230436.36072765535,183551.31595342903,0.9744151789800363,-0.13559633607445767,7.846439216062314,4.291593113925529,-0.02936922643853279,-0.6658496528316038,65.00583307043546,40.46590259546102,0.45759943999548014,-0.5554394644629761,4.978054805979809,3.5101842426057526,0.7842873641440886,0.21946345169573123
127000.0,5.877809095136824,4.2530095970667245,0.8257575089484909,0.05391512050520511,36.13411514941373,32.20632952523718,1.125251608507012,0.12163330125579841,231835.7069745917,183599.37501315493,0.9718070842105352,-0.13571986885399706,7.809206724600964,4.2855268552861245,0.0017623332730971608,-0.6464553339245032,64.93975028926342,40.45764619157183,0.4561371132973322,-0.561104597651602,4.971898076692837,3.5217377117882434,0.8108719875199948,0.30041220448578865
127500.0,5.852450325730709,4.25222460208027,0.8318176539904003,0.06388215070496675,36.025918694263225,32.00183614943369,1.1244528445169297,0.12032934769746621,233235.05322152807,183647.43407288086,0.9691989894410341,-0.13584340163353648,7.7719742331396136,4.279460596646719,0.03289389298472711,-0.6270610150174023,64.87366750809137,40.44938978768264,0.45467478659918426,-0.5667697308402279,4.965741347405865,3.533291180970734,0.837456610895901,0.38136095727584607
128000.0,5.827091556324594,4.251439607093816,0.8378777990323099,0.07384918090472839,35.91772223911272,31.797342773630206,1.1236540805268473,0.119025394139134,234634.39946846443,183695.4931326068,0.966590894671533,-0.13596693441307586,7.734741741678263,4.273394338007314,0.06402545269635718,-0.6076666961103016,64.80758472691933,40.441133383793456,0.4532124599010363,-0.5724348640288538,4.9595846181188925,3.544844650153225,0.8640412342718071,0.46230971006590327
128500.0,5.801732786918479,4.250654612107361,0.8439379440742193,0.08381621110449003,35.809525783962215,31.59284939782672,1.1228553165367652,0.1177214405808018,236033.7457154008,183743.5521923327,0.9639827999020321,-0.13609046719261525,7.697509250216914,4.267328079367909,0.09515701240798713,-0.5882723772032008,64.74150194574729,40.432876979904265,0.45175013320288837,-0.5780999972174796,4.9534278888319205,3.556398119335716,0.8906258576477133,0.5432584628559607
129000.0,5.776374017512365,4.249869617120906,0.8499980891161287,0.09378324130425164,35.70132932881171,31.388356022023228,1.1220565525466828,0.1164174870224696,237433.09196233714,183791.6112520586,0.961374705132531,-0.13621399997215464,7.660276758755564,4.261261820728504,0.12628857211961708,-0.5688780582961,64.67541916457525,40.42462057601507,0.4502878065047405,-0.5837651304061054,4.947271159544949,3.5679515885182065,0.9172104810236195,0.6242072156460181
129500.0,5.751015248106249,4.249084622134451,0.8560582341580383,0.10375027150401328,35.593132873661204,31.18386264621974,1.1212577885566004,0.11511353346413739,238832.4382092735,183839.67031178452,0.9587666103630299,-0.13633753275169402,7.623044267294214,4.255195562089099,0.15742013183124703,-0.5494837393889993,64.6093363834032,40.41636417212589,0.44882547980659254,-0.5894302635947314,4.941114430257976,3.5795050577006977,0.9437951043995256,0.7051559684360755
130000.0,5.7256564787001345,4.248299627147997,0.8621183791999478,0.11371730170377492,35.4849364185107,30.97936927041625,1.1204590245665182,0.11380957990580517,240231.78445620986,183887.72937151045,0.9561585155935288,-0.13646106553123344,7.585811775832863,4.249129303449694,0.188551691542877,-0.5300894204818986,64.54325360223116,40.4081077682367,0.4473631531084446,-0.5950953967833572,4.934957700971004,3.591058526883188,0.9703797277754318,0.786104721226133
130500.0,5.70029770929402,4.247514632161542,0.8681785242418573,0.12368433190353656,35.37673996336019,30.774875894612762,1.1196602605764359,0.11250562634747298,241631.13070314622,183935.78843123635,0.9535504208240277,-0.13658459831077283,7.548579284371513,4.243063044810289,0.21968325125450694,-0.5106951015747978,64.47717082105912,40.39985136434751,0.44590082641029666,-0.6007605299719831,4.928800971684032,3.6026119960656793,0.996964351151338,0.8670534740161904
131000.0,5.674938939887904,4.246729637175087,0.8742386692837667,0.1336513621032982,35.26854350820968,30.570382518809275,1.1188614965863537,0.11120167278914078,243030.47695008258,183983.84749096225,0.9509423260545267,-0.1367081310903122,7.511346792910163,4.2369967861708835,0.250814810966137,-0.491300782667697,64.41108803988708,40.39159496045832,0.4444384997121487,-0.606425663160609,4.922644242397059,3.61416546524817,1.0235489745272441,0.9480022268062476
131500.0,5.64958017048179,4.245944642188633,0.8802988143256762,0.1436183923030598,35.160347053059176,30.365889143005788,1.1180627325962713,0.10989771923080857,244429.8231970189,184031.90655068817,0.9483342312850257,-0.1368316638698516,7.474114301448813,4.230930527531479,0.28194637067776696,-0.4719064637605963,64.34500525871502,40.38333855656913,0.4429761730140008,-0.6120907963492348,4.916487513110087,3.625718934430661,1.0501335979031503,1.0289509795963052
132000.0,5.624221401075674,4.245159647202178,0.8863589593675857,0.15358542250282145,35.05215059790867,30.161395767202297,1.117263968606189,0.10859376567247636,245829.16944395527,184079.9656104141,0.9457261365155246,-0.136955196649391,7.436881809987463,4.224864268892074,0.3130779303893969,-0.45251214485349545,64.27892247754298,40.375082152679944,0.44151384631585283,-0.6177559295378607,4.910330783823115,3.6372724036131516,1.0767182212790563,1.1098997323863624
132500.0,5.59886263166956,4.244374652215723,0.8924191044094952,0.1635524527025831,34.943954142758166,29.95690239139881,1.1164652046161068,0.10728981211414415,247228.51569089163,184128.02467014,0.9431180417460235,-0.1370787294289304,7.399649318526113,4.2187980102526685,0.34420949010102686,-0.4331178259463947,64.21283969637093,40.36682574879075,0.44005151961770494,-0.6234210627264866,4.904174054536143,3.6488258727956424,1.1033028446549624,1.1908484851764196
133000.0,5.573503862263445,4.243589657229268,0.8984792494514047,0.17351948290234473,34.83575768760766,29.75240901559532,1.1156664406260244,0.10598585855581195,248627.86193782798,184176.0837298659,0.9405099469765225,-0.1372022622084698,7.362416827064763,4.212731751613264,0.3753410498126568,-0.41372350703929395,64.14675691519889,40.35856934490157,0.438589192919557,-0.6290861959151124,4.89801732524917,3.660379341978133,1.1298874680308686,1.2717972379664773
133500.0,5.54814509285733,4.242804662242814,0.9045393944933142,0.18348651310210637,34.72756123245715,29.54791563979183,1.1148676766359422,0.10468190499747974,250027.20818476434,184224.14278959183,0.9379018522070214,-0.13732579498800918,7.325184335603413,4.206665492973858,0.4064726095242869,-0.3943291881321932,64.08067413402685,40.350312941012376,0.43712686622140906,-0.6347513291037383,4.891860595962198,3.671932811160624,1.1564720914067748,1.3527459907565345
134000.0,5.522786323451215,4.242019667256359,0.9105995395352237,0.193453543301868,34.61936477730664,29.343422263988344,1.1140689126458598,0.10337795143914755,251426.5544317007,184272.20184931776,0.9352937574375204,-0.13744932776754856,7.2879518441420625,4.200599234334454,0.43760416923591683,-0.37493486922509245,64.01459135285481,40.342056537123185,0.4356645395232611,-0.6404164622923642,4.885703866675226,3.6834862803431148,1.183056714782681,1.433694743546592
134500.0,5.4974275540451,4.241234672269904,0.9166596845771331,0.20342057350162965,34.51116832215614,29.138928888184857,1.1132701486557777,0.10207399788081534,252825.90067863706,184320.26090904366,0.9326856626680193,-0.13757286054708795,7.250719352680713,4.194532975695048,0.4687357289475468,-0.3555405503179917,63.948508571682765,40.333800133234,0.4342022128251132,-0.6460815954809901,4.879547137388253,3.6950397495256055,1.209641338158587,1.5146434963366493
135000.0,5.472068784638985,4.24044967728345,0.9227198296190426,0.2133876037013913,34.40297186700563,28.934435512381366,1.1124713846656953,0.10077004432248313,254225.24692557342,184368.31996876956,0.9300775678985183,-0.13769639332662736,7.213486861219363,4.188466717055643,0.49986728865917673,-0.33614623141089095,63.882425790510716,40.32554372934481,0.43273988612696523,-0.6517467286696159,4.873390408101281,3.7065932187080963,1.2362259615344933,1.5955922491267065
135500.0,5.4467100152328705,4.239664682296995,0.9287799746609522,0.22335463390115293,34.29477541185513,28.72994213657788,1.111672620675613,0.09946609076415093,255624.59317250975,184416.3790284955,0.9274694731290172,-0.13781992610616675,7.176254369758013,4.182400458416239,0.5309988483708067,-0.3167519125037902,63.816343009338674,40.317287325455624,0.4312775594288173,-0.6574118618582419,4.867233678814309,3.718146687890587,1.2628105849103994,1.6765410019167641
136000.0,5.421351245826755,4.23887968731054,0.9348401197028616,0.23332166410091457,34.18657895670462,28.52544876077439,1.1108738566855307,0.09816213720581872,257023.9394194461,184464.43808822142,0.9248613783595161,-0.13794345888570614,7.139021878296663,4.176334199776833,0.5621304080824366,-0.29735759359668945,63.75026022816663,40.30903092156643,0.42981523273066935,-0.6630769950468677,4.861076949527337,3.729700157073078,1.2893952082863056,1.7574897547068213
136500.0,5.39599247642064,4.238094692324085,0.9409002647447711,0.2432886943006762,34.07838250155412,28.3209553849709,1.1100750926954484,0.09685818364748652,258423.28566638246,184512.49714794732,0.922253283590015,-0.13806699166524553,7.101789386835312,4.170267941137428,0.5932619677940666,-0.2779632746895887,63.68417744699459,40.30077451767724,0.4283529060325214,-0.6687421282354935,4.8549202202403645,3.7412536262555687,1.3159798316622118,1.838438507496879
137000.0,5.370633707014525,4.237309697337631,0.9469604097866806,0.2532557245004379,33.970186046403605,28.116462009167414,1.1092763287053662,0.09555423008915431,259822.63191331882,184560.55620767322,0.9196451888205139,-0.1381905244447849,7.064556895373962,4.164201682498023,0.6243935275056965,-0.25856895578248795,63.61809466582255,40.292518113788056,0.4268905793343735,-0.6744072614241194,4.8487634909533925,3.7528070954380595,1.342564455038118,1.9193872602869362
137500.0,5.34527493760841,4.2365247023511765,0.95302055482859,0.2632227547001995,33.8619895912531,27.911968633363927,1.1084775647152838,0.0942502765308221,261221.97816025518,184608.61526739915,0.917037094051013,-0.13831405722432433,7.027324403912612,4.158135423858618,0.6555250872173267,-0.2391746368753871,63.5520118846505,40.284261709898864,0.4254282526362256,-0.6800723946127453,4.842606761666421,3.7643605646205502,1.3691490784140241,2.0003360130769936
138000.0,5.319916168202296,4.235739707364721,0.9590806998704996,0.27318978489996115,33.753793136102594,27.707475257560436,1.1076788007252016,0.09294632297248989,262621.32440719154,184656.67432712507,0.9144289992815119,-0.13843759000386371,6.990091912451263,4.1520691652192125,0.6866566469289567,-0.21978031796828634,63.485929103478455,40.27600530600968,0.42396592593807764,-0.6857375278013711,4.836450032379448,3.775914033803041,1.3957337017899303,2.081284765867051
138500.0,5.29455739879618,4.234954712378267,0.965140844912409,0.2831568150997228,33.64559668095209,27.50298188175695,1.1068800367351193,0.0916423694141577,264020.6706541279,184704.73338685097,0.9118209045120108,-0.1385611227834031,6.952859420989912,4.146002906579808,0.7177882066405865,-0.2003859990611856,63.41984632230641,40.26774890212049,0.4225035992399297,-0.691402660989997,4.830293303092476,3.787467502985532,1.4223183251658365,2.162233518657108
139000.0,5.235147913623937,4.228142030199428,0.982639905583952,0.3353148432386459,33.27562424327017,27.11658794990223,1.1076669365570535,0.1087647497159728,265468.47709561686,183895.52892233766,0.9014916626661871,-0.14004319566246923,6.904668244590194,4.192780766797246,0.7492567667860578,-0.15120042866754602,62.88258071196529,40.437765823715786,0.4404980135534034,-0.6781235622336627,4.8326040850846494,3.849858250634225,1.4443143056091963,2.202192606827765
139500.0,5.175738428451694,4.22132934802059,1.000138966255495,0.387472871377569,32.90565180558826,26.73019401804751,1.1084538363789878,0.1258871300177879,266916.2835371059,183086.32445782438,0.8911624208203635,-0.14152526854153535,6.856477068190477,4.2395586270146834,0.7807253269315291,-0.10201485827390643,62.34531510162416,40.607782745311084,0.4584924278668771,-0.6648444634773283,4.834914867076822,3.9122489982829185,1.466310286052556,2.242151694998422
140000.0,5.11632894327945,4.214516665841751,1.0176380269270378,0.4396308995164921,32.53567936790635,26.343800086192793,1.109240736200922,0.14300951031960302,268364.08997859486,182277.11999331106,0.8808331789745397,-0.14300734142060145,6.808285891790759,4.286336487232122,0.8121938870770002,-0.052829287880266834,61.808049491283036,40.77779966690639,0.4764868421803508,-0.6515653647209938,4.837225649068996,3.974639745931612,1.4883062664959161,2.2821107831690792
140500.0,5.056919458107207,4.207703983662913,1.0351370875985806,0.49178892765541515,32.16570693022443,25.957406154338074,1.1100276360228563,0.1601318906214181,269811.8964200838,181467.91552879775,0.8705039371287161,-0.14448941429966758,6.760094715391042,4.33311434744956,0.8436624472224715,-0.003643717486627257,61.27078388094191,40.94781658850169,0.4944812564938245,-0.6382862659646594,4.83953643106117,4.037030493580305,1.510302246939276,2.3220698713397363
141000.0,4.997509972934964,4.2008913014840745,1.0526361482701236,0.5439469557943383,31.79573449254252,25.571012222483354,1.1108145358447907,0.1772542709232332,271259.70286157285,180658.71106428443,0.8601746952828924,-0.1459714871787337,6.711903538991324,4.379892207666997,0.8751310073679428,0.04554185290701232,60.73351827060079,41.117833510096986,0.5124756708072982,-0.625007167208325,4.841847213053343,4.099421241228999,1.5322982273826358,2.362028959510393
141500.0,4.93810048776272,4.194078619305237,1.0701352089416665,0.5961049839332614,31.425762054860606,25.184618290628634,1.111601435666725,0.19437665122504832,272707.5093030618,179849.50659977115,0.8498454534370687,-0.14745356005779983,6.663712362591607,4.4266700678844355,0.9065995675134141,0.09472742330065193,60.19625266025966,41.287850431692284,0.5304700851207719,-0.6117280684519907,4.844157995045516,4.161811988877692,1.5542942078259956,2.40198804768105
142000.0,4.878691002590477,4.187265937126398,1.0876342696132093,0.6482630120721844,31.055789617178693,24.798224358773915,1.1123883354886592,0.21149903152686342,274155.31574455084,179040.30213525784,0.839516211591245,-0.14893563293686596,6.615521186191889,4.473447928101874,0.9380681276588854,0.1439129936942915,59.65898704991854,41.45786735328758,0.5484644994342456,-0.5984489696956563,4.84646877703769,4.224202736526386,1.5762901882693554,2.441947135851707
142500.0,4.819281517418234,4.18045325494756,1.1051333302847524,0.7004210402111075,30.68581717949678,24.4118304269192,1.1131752353105935,0.2286214118286785,275603.1221860398,178231.09767074452,0.8291869697454214,-0.15041770581593206,6.567330009792171,4.520225788319312,0.9695366878043565,0.19309856408793108,59.12172143957741,41.62788427488289,0.5664589137477193,-0.5851698709393219,4.848779559029864,4.286593484175079,1.5982861687127152,2.481906224022364
143000.0,4.75987203224599,4.173640572768721,1.1226323909562952,0.7525790683500306,30.315844741814864,24.02543649506448,1.1139621351325277,0.24574379213049363,277050.9286275288,177421.8932062312,0.8188577278995977,-0.15189977869499818,6.519138833392454,4.567003648536749,1.001005247949828,0.24228413448157066,58.58445582923629,41.797901196478186,0.584453328061193,-0.5718907721829876,4.851090341022037,4.348984231823772,1.620282149156075,2.5218653121930212
143500.0,4.700462547073747,4.166827890589883,1.140131451627838,0.8047370964889538,29.94587230413295,23.63904256320976,1.114749034954462,0.26286617243230875,278498.7350690178,176612.68874171792,0.808528486053774,-0.1533818515740643,6.4709476569927356,4.613781508754188,1.032473808095299,0.29146970487521023,58.04719021889516,41.967918118073484,0.6024477423746667,-0.5586116734266531,4.85340112301421,4.411374979472465,1.6422781295994349,2.5618244003636783
144000.0,4.641053061901504,4.160015208411044,1.1576305122993809,0.8568951246278769,29.57589986645104,23.25264863135504,1.1155359347763962,0.2799885527341238,279946.54151050677,175803.4842772046,0.7981992442079503,-0.15486392445313044,6.422756480593018,4.660559368971626,1.0639423682407703,0.34065527526884987,57.50992460855404,42.13793503966878,0.6204421566881404,-0.5453325746703187,4.855711905006384,4.473765727121159,1.664274110042795,2.6017834885343354
144500.0,4.5816435767292605,4.1532025262322065,1.175129572970924,0.9090531527668,29.205927428769122,22.866254699500324,1.1163228345983305,0.29711093303593894,281394.34795199573,174994.2798126913,0.7878700023621267,-0.15634599733219656,6.3745653041933,4.707337229189063,1.0954109283862417,0.38984084566248944,56.972658998212914,42.30795196126408,0.6384365710016141,-0.5320534759139843,4.858022686998558,4.536156474769852,1.6862700904861547,2.6417425767049925
145000.0,4.522234091557017,4.146389844053368,1.1926286336424667,0.9612111809057231,28.83595499108721,22.479860767645604,1.1171097344202647,0.31423331333775406,282842.15439348476,174185.07534817798,0.7775407605163029,-0.15782807021126266,6.326374127793583,4.754115089406501,1.1268794885317128,0.439026416056129,56.435393387871784,42.477968882859386,0.6564309853150878,-0.51877437715765,4.860333468990731,4.598547222418546,1.7082660709295145,2.681701664875649
145500.0,4.462824606384774,4.13957716187453,1.2101276943140096,1.013369209044646,28.465982553405297,22.093466835790885,1.117896634242199,0.3313556936395691,284289.9608349737,173375.8708836647,0.7672115186704793,-0.1593101430903288,6.278182951393865,4.80089294962394,1.1583480486771842,0.4882119864497686,55.89812777753066,42.647985804454684,0.6744253996285615,-0.5054952784013156,4.862644250982904,4.660937970067239,1.7302620513728744,2.721660753046306
146000.0,4.4034151212125305,4.132764479695691,1.2276267549855526,1.0655272371835691,28.09601011572338,21.707072903936165,1.1186835340641335,0.34847807394138425,285737.76727646275,172566.66641915138,0.7568822768246556,-0.1607922159693949,6.229991774994147,4.847670809841377,1.1898166088226554,0.5373975568434082,55.36086216718954,42.81800272604998,0.6924198139420352,-0.4922161796449812,4.864955032975078,4.723328717715932,1.7522580318162342,2.7616198412169632
146500.0,4.344005636040287,4.125951797516853,1.2451258156570955,1.1176852653224922,27.726037678041468,21.320678972081446,1.1194704338860677,0.36560045424319937,287185.5737179517,171757.46195463807,0.7465530349788319,-0.16227428884846104,6.18180059859443,4.894448670058815,1.2212851689681266,0.5865831272370478,54.823596556848415,42.98801964764528,0.7104142282555089,-0.4789370808886468,4.867265814967252,4.785719465364625,1.7742540122595942,2.8015789293876203
147000.0,4.284596150868044,4.119139115338014,1.2626248763286383,1.1698432934614154,27.356065240359555,20.934285040226726,1.120257333708002,0.3827228345450145,288633.3801594407,170948.25749012476,0.7362237931330082,-0.16375636172752714,6.133609422194712,4.9412265302762535,1.252753729113598,0.6357686976306873,54.28633094650729,43.158036569240586,0.7284086425689826,-0.46565798213231235,4.869576596959425,4.848110213013319,1.796249992702954,2.8415380175582774
147500.0,4.225186665695801,4.1123264331591765,1.2801239370001811,1.2220013216003385,26.98609280267764,20.54789110837201,1.1210442335299362,0.39984521484682956,290081.1866009297,170139.05302561147,0.7258945512871846,-0.16523843460659327,6.085418245794995,4.988004390493691,1.2842222892590693,0.6849542680243269,53.74906533616616,43.328053490835885,0.7464030568824563,-0.452378883375978,4.871887378951598,4.910500960662013,1.8182459731463139,2.8814971057289345
148000.0,4.165777180523557,4.105513750980338,1.2976229976717242,1.2741593497392616,26.616120364995727,20.16149717651729,1.1218311333518705,0.4169675951486447,291528.9930424187,169329.84856109816,0.7155653094413609,-0.1667205074856594,6.037227069395277,5.034782250711129,1.3156908494045405,0.7341398384179665,53.21179972582504,43.49807041243118,0.76439747119593,-0.4390997846196436,4.874198160943772,4.972891708310706,1.8402419535896737,2.9214561938995915
148500.0,3.988471723451009,3.9669786173045263,1.4943384820808039,2.147692125997504,25.7299622561017,18.802251966918053,0.9478911354721685,0.1880445788816237,296746.5915828,169773.34139689646,0.5469520121607425,-0.35699842335959214,6.175007002666271,5.288014545420978,1.2360494402857327,0.5187764709732717,53.302409604786355,43.3002789613026,0.7243705963594483,-0.5262694974669466,5.198349992785361,5.323256385413178,1.7480038762203176,2.6044832840571686
149000.0,3.8111662663784607,3.828443483628715,1.6910539664898838,3.021224902255747,24.84380414720767,17.443006757318816,0.7739511375924666,-0.04087843738539726,301964.1901231814,170216.83423269473,0.37833871488012405,-0.5472763392335249,6.312786935937265,5.541246840130826,1.1564080311669251,0.30341310352857703,53.39301948374767,43.10248751017402,0.6843437215229667,-0.6134392103142495,5.522501824626949,5.673621062515649,1.6557657988509613,2.2875103742147456
149500.0,3.6338608093059124,3.689908349952904,1.8877694508989635,3.89475767851399,23.957646038313644,16.083761547719583,0.6000111397127647,-0.26980145365241825,307181.78866356274,170660.32706849303,0.2097254175995057,-0.7375542551074576,6.450566869208259,5.7944791348406754,1.0767666220481174,0.08804973608388234,53.48362936270898,42.904696059045435,0.644316846686485,-0.7006089231615525,5.846653656468538,6.023985739618121,1.5635277214816052,1.970537464372323
150000.0,3.4565553522333645,3.5513732162770926,2.0844849353080432,4.768290454772233,23.071487929419614,14.724516338120345,0.4260711418330627,-0.4987244699194392,312399.3872039441,171103.8199042913,0.041112120318887224,-0.9278321709813904,6.588346802479253,6.0477114295505245,0.9971252129293097,-0.12731363136081242,53.5742392416703,42.706904607916854,0.6042899718500034,-0.7877786360088554,6.170805488310126,6.374350416720592,1.471289644112249,1.6535645545299
150500.0,3.279249895160816,3.412838082601281,2.281200419717123,5.641823231030475,22.185329820525588,13.365271128521108,0.2521311439533608,-0.7276474861864601,317616.98574432544,171547.3127400896,-0.1275011769617311,-1.118110086855323,6.726126735750247,6.300943724260373,0.917483803810502,-0.3426769988055071,53.664849120631615,42.509113156788274,0.5642630970135217,-0.8749483488561585,6.494957320151715,6.724715093823064,1.3790515667428929,1.336591644687477
151000.0,3.647543914984718,3.1792353097326096,1.1819184737969868,1.3430772255754135,29.730324906031157,26.88322976972743,0.9728422473708908,-0.040173509803838,206220.1992216494,147087.98873910093,0.3817636571921218,-0.978002098329676,6.276224898527497,4.774163860440546,0.4785976070114976,-0.85414995532056,53.32838767294463,40.72034541160812,0.5188346994266311,-0.819962976431492,9.884926495869314,9.206515877409556,0.8802054660333049,-0.089092217146383
151500.0,4.767915343980424,3.5973153794966977,0.2763650550500737,-1.163579820102152,27.923991586275136,23.14439350330117,0.8774029555359351,-0.0892051043396118,218594.09431406643,163106.99548099007,0.5849617784370046,-0.6447697781806738,9.99108234223696,6.34107687147538,-0.238808170371829,-1.3862393909364124,83.17130683692058,47.919233991969335,-0.5585572311834583,-1.1868268746249826,11.201012790264548,9.0092663369922,0.4813464324827746,-0.8592364123656635
152000.0,3.212143829369249,2.958762192048612,0.7191578893569472,-0.786415080531436,18.720487266230496,10.819032511545828,0.50705345660516,-0.3111235013540572,292665.3816505732,201508.1068006376,0.0942280511154972,-1.3191823011840984,11.047770841639863,5.289420498093344,-0.857707036095781,-0.4907409344172366,71.84496900840263,42.3948308564307,-0.3881128222809445,-1.3537240028752455,13.005810795747186,7.173329012284585,-0.6687896966329845,-1.1028052145435618
152500.0,3.1232933890158523,2.834714290601708,0.7051428596783359,-0.7881888117688642,18.645062114792758,11.274840470963483,0.5228487909264273,-0.38249368094289826,308307.74023342115,199243.29671061985,0.0008141616007059788,-1.2231192564917652,10.882840273207472,5.153454496104922,-0.8407226926544529,-0.4313876447427859,71.46564792820678,40.67472868094668,-0.4187551572042079,-1.18835266828286,12.961716975603483,6.997438419478637,-0.6735219381708156,-1.0061578864644496
153000.0,3.034442948662455,2.7106663891548037,0.6911278299997246,-0.7899625430062923,18.56963696335502,11.73064843038114,0.5386441252476948,-0.4538638605317393,323950.0988162691,196978.48662060208,-0.09259972791408524,-1.1270562117994323,10.717909704775082,5.0174884941165,-0.8237383492131248,-0.37203435506833527,71.08632684801093,38.954626505462656,-0.4493974921274714,-1.0229813336904745,12.917623155459781,6.821547826672689,-0.6782541797086468,-0.9095105583853373
153500.0,2.9455925083090584,2.5866184877079,0.6771128003211132,-0.7917362742437205,18.494211811917282,12.186456389798794,0.5544394595689621,-0.5252340401205804,339592.457399117,194713.67653058434,-0.18601361742887645,-1.030993167107099,10.55297913634269,4.881522492128077,-0.8067540057717967,-0.31268106539388457,70.70700576781508,37.23452432997863,-0.4800398270507348,-0.8576099990980891,12.873529335316078,6.645657233866742,-0.6829864212464779,-0.812863230306225
154000.0,2.8567420679556617,2.462570586260996,0.6630977706425019,-0.7935100054811487,18.41878666047954,12.64226434921645,0.5702347938902295,-0.5966042197094215,355234.81598196493,192448.86644056658,-0.2794275069436677,-0.9349301224147659,10.388048567910301,4.745556490139655,-0.7897696623304685,-0.2533277757194339,70.32768468761921,35.51442215449461,-0.5106821619739982,-0.6922386645057036,12.829435515172376,6.469766641060795,-0.6877186627843089,-0.7162159022271127
154500.0,2.767891627602265,2.338522684814092,0.6490827409638905,-0.7952837367185769,18.343361509041802,13.098072308634105,0.5860301282114968,-0.6679743992982625,370877.17456481286,190184.05635054884,-0.37284139645845893,-0.8388670777224329,10.22311799947791,4.609590488151232,-0.7727853188891404,-0.19397448604498324,69.94836360742336,33.79431997901059,-0.5413244968972617,-0.5268673299133181,12.785341695028674,6.293876048254847,-0.6924509043221401,-0.6195685741480005
155000.0,2.6790411872488678,2.214474783367188,0.6350677112852792,-0.797057467956005,18.267936357604064,13.55388026805176,0.6018254625327643,-0.7393445788871036,386519.5331476608,187919.24626053107,-0.4662552859732501,-0.7428040330300998,10.05818743104552,4.4736244861628105,-0.7558009754478123,-0.13462119637053255,69.56904252722751,32.074217803526565,-0.5719668318205251,-0.3614959953209327,12.741247874884971,6.117985455448899,-0.6971831458599712,-0.5229212460688881
155500.0,2.590190746895471,2.0904268819202843,0.6210526816066678,-0.7988311991934332,18.192511206166326,14.009688227469416,0.6176207968540316,-0.8107147584759447,402161.8917305087,185654.43617051333,-0.5596691754880414,-0.6467409883377666,9.893256862613129,4.337658484174388,-0.7388166320064842,-0.0752679066960819,69.18972144703166,30.354115628042543,-0.6026091667437885,-0.1961246607285471,12.697154054741269,5.942094862642952,-0.7019153873978023,-0.4262739179897759
156000.0,2.376406401140529,1.8715714744605818,0.5168195529879654,-1.015665147495663,21.226064380018848,15.266914297501874,0.6089408825482678,-0.7177705823957821,433772.3314674782,181106.11036658718,-0.5768164052962972,-0.6817530754224725,8.805971171160984,3.7786693858645024,-0.5758032935065273,-0.18529542519473047,63.87822545593904,30.500260806152824,-0.14057630866152127,-0.16000886126565333,11.940098611198515,5.642078027778229,-0.6486147749015889,-0.46506935870465793
156500.0,2.1626220553855875,1.6527160670008791,0.412586424369263,-1.232499095797893,24.25961755387137,16.524140367534333,0.6002609682425042,-0.6248264063156195,465382.77120444766,176557.78456266105,-0.5939636351045531,-0.7167651625071785,7.718685479708839,3.219680287554617,-0.4127899550065703,-0.2953229436933791,58.56672946484642,30.6464059842631,0.3214565494207459,-0.1238930618027596,11.18304316765576,5.342061192913506,-0.5953141624053755,-0.50386479941954
157000.0,1.969274790789836,1.0511810382586302,-0.2687765957824926,-1.008099276751498,26.335130544908484,18.496541196632283,0.7721240181366724,-0.2026816769094179,518002.6245638429,175627.55081320385,-1.0490445598360587,0.6145494123188922,4.986335728820341,2.7119039526515984,-0.0663285678507526,-0.9502952503885344,42.491767363183726,27.743987499557065,0.4166893736862954,-0.9925595894992244,8.686920998555347,3.9975089685410743,-0.3313956557213632,-1.233790161352021
157500.0,1.9303122326823439,1.0550498580329044,-0.1462183531527334,-0.944709866306733,25.917397484194563,18.86591885811194,0.7980095566993793,-0.19394102824053552,514180.4087877227,171169.20223337167,-0.9007866295336214,0.48564857209227386,4.848431580547989,2.6250105488006117,-0.03927184237434114,-0.9423919586932864,39.93050410080606,26.034404833441403,0.4116137098847533,-0.9973758695470586,8.20491069229047,3.8260154819329486,-0.3191251045383871,-1.2361122877877022
158000.0,1.8913496745748517,1.0589186778071784,-0.02366011052297423,-0.881320455861968,25.499664423480638,19.235296519591593,0.8238950952620862,-0.18520037957165314,510358.1930116025,166710.8536535395,-0.7525286992311842,0.35674773186565556,4.7105274322756365,2.5381171449496245,-0.012215116897929687,-0.9344886669980385,37.3692408384284,24.324822167325742,0.40653804608321126,-1.0021921495948927,7.722900386025594,3.6545219953248225,-0.30685455335541106,-1.2384344142233832
158500.0,1.8523871164673595,1.0627874975814526,0.09889813210678494,-0.8179310454172031,25.081931362766717,19.60467418107125,0.8497806338247931,-0.17645973090277078,506535.9772354823,162252.50507370735,-0.6042707689287469,0.22784689163903726,4.572623284003285,2.4512237410986373,0.014841608578481769,-0.9265853753027905,34.80797757605073,22.615239501210077,0.4014623822816692,-1.0070084296427269,7.240890079760717,3.483028508716697,-0.29458400217243497,-1.2407565406590644
159000.0,1.8134245583598676,1.0666563173557266,0.22145637473654411,-0.7545416349724381,24.664198302052792,19.974051842550907,0.8756661723875,-0.1677190822338884,502713.7614593621,157794.15649387517,-0.4560128386263096,0.09894605141241897,4.434719135730933,2.3643303372476505,0.041898334054893224,-0.9186820836075426,32.24671431367307,20.905656835094415,0.39638671848012713,-1.011824709690561,6.75887977349584,3.311535022108571,-0.28231345098945887,-1.2430786670947456
159500.0,1.7744620002523754,1.0705251371300009,0.34401461736630323,-0.6911522245276731,24.24646524133887,20.34342950403056,0.9015517109502068,-0.15897843356500602,498891.5456832419,153335.807914043,-0.3077549083238723,-0.02995478881419933,4.29681498745858,2.2774369333966638,0.0689550595313047,-0.9107787919122945,29.685451051295402,19.196074168978754,0.39131105467858507,-1.0166409897383952,6.276869467230964,3.1400415355004454,-0.27004289980648283,-1.2454007935304265
160000.0,1.7354994421448833,1.0743939569042749,0.46657285999606246,-0.6277628140829081,23.828732180624947,20.712807165510217,0.9274372495129137,-0.15023778489612363,495069.3299071217,148877.4593342108,-0.15949697802143503,-0.15885562904081763,4.158910839186228,2.1905435295456765,0.09601178500771614,-0.9028755002170465,27.124187788917737,17.486491502863093,0.386235390877043,-1.0214572697862294,5.794859160966087,2.9685480488923197,-0.25777234862350673,-1.2477229199661077
160500.0,1.6965368840373911,1.078262776678549,0.5891311026258217,-0.5643734036381431,23.410999119911025,21.082184826989874,0.9533227880756205,-0.14149713622724125,491247.1141310015,144419.11075437866,-0.011239047718997863,-0.2877564692674359,4.021006690913875,2.1036501256946893,0.12306851048412758,-0.8949722085217986,24.562924526540073,15.77690883674743,0.38115972707550094,-1.0262735498340636,5.31284885470121,2.7970545622841936,-0.24550179744053066,-1.250045046401789
161000.0,1.657574325929899,1.082131596452823,0.7116893452555808,-0.5009839931933782,22.993266059197104,21.451562488469527,0.9792083266383275,-0.1327564875583589,487424.8983548813,139960.7621745465,0.13701888258343953,-0.4166573094940542,3.883102542641523,2.0167567218437026,0.15012523596053906,-0.8870689168265506,22.001661264162408,14.067326170631768,0.3760840632739589,-1.0310898298818978,4.830838548436333,2.625561075676068,-0.2332312462575546,-1.25236717283747
161500.0,1.6186117678224068,1.0860004162270973,0.8342475878853398,-0.4375945827486132,22.57553299848318,21.820940149949184,1.0050938652010344,-0.1240158388894765,483602.68257876113,135502.4135947143,0.285276812885877,-0.5455581497206725,3.745198394369171,1.9298633179927156,0.1771819614369505,-0.8791656251313027,19.440398001784743,12.357743504516106,0.3710083994724168,-1.035906109929732,4.348828242171456,2.454067589067942,-0.2209606950745785,-1.254689299273151
162000.0,1.6693478463825615,1.1343338002308843,0.8109055025218751,-0.49085514252308143,22.293380012094232,21.867431768250643,1.0264925108021492,-0.10431969026440063,469541.67922742484,137942.0399505364,0.231825237990487,-0.6199014324017504,3.929177320487462,2.1019168876462806,0.16273216175690475,-0.9420942698661887,20.59103449551811,12.970786988459837,0.3735174515350903,-1.0794180846070083,4.177109289075186,2.3329627342489303,-0.1696334908393419,-1.2020266924961642
162500.0,1.7200839249427162,1.1826671842346712,0.7875634171584104,-0.5441157022975497,22.01122702570528,21.913923386552106,1.047891156403264,-0.08462354163932478,455480.67587608856,140381.66630635847,0.178373663095097,-0.6942447150828284,4.113156246605753,2.273970457299846,0.14828236207685902,-1.0050229146010747,21.741670989251475,13.583830472403568,0.3760265035977638,-1.1229300592842846,4.005390335978914,2.211857879429919,-0.11830628660410532,-1.1493640857191771
163000.0,1.770820003502871,1.2310005682384584,0.7642213317949456,-0.5973762620720179,21.729074039316334,21.960415004853566,1.0692898020043788,-0.06492739301424892,441419.67252475227,142821.29266218052,0.12492208819970702,-0.7685879977639064,4.297135172724044,2.4460240269534106,0.1338325623968133,-1.0679515593359608,22.89230748298484,14.196873956347298,0.37853555566043734,-1.1664420339615609,3.8336713828826436,2.0907530246109074,-0.06697908236886874,-1.0967014789421903
163500.0,1.8215560820630257,1.2793339522422453,0.7408792464314808,-0.6506368218464862,21.446921052927383,22.006906623155025,1.0906884476054937,-0.04523124438917306,427358.669173416,145260.9190180026,0.07147051330431703,-0.8429312804449843,4.481114098842335,2.618077596606976,0.11938276271676754,-1.1308802040708468,24.042943976718206,14.80991744029103,0.38104460772311083,-1.2099540086388372,3.6619524297863726,1.9696481697918955,-0.01565187813363214,-1.0440388721652032
164000.0,1.8722921606231804,1.3276673362460323,0.7175371610680161,-0.7038973816209544,21.164768066538436,22.053398241456485,1.1120870932066085,-0.025535095764097196,413297.66582207964,147700.5453738247,0.018018938408927043,-0.9172745631260623,4.665093024960626,2.7901311662605406,0.1049329630367218,-1.193808848805733,25.193580470451572,15.422960924234761,0.3835536597857843,-1.2534659833161135,3.4902334766901015,1.8485433149728838,0.035675326101604454,-0.9913762653882163
164500.0,1.9230282391833353,1.3760007202498192,0.6941950757045514,-0.7571579413954226,20.88261508014949,22.099889859757948,1.1334857388077233,-0.005838947139021347,399236.6624707434,150140.17172964677,-0.03543263648646294,-0.9916178458071403,4.849071951078917,2.962184735914106,0.09048316335667606,-1.256737493540619,26.344216964184938,16.036004408178492,0.3860627118484578,-1.2969779579933898,3.3185145235938305,1.7274384601538721,0.08700253033684102,-0.9387136586112294
165000.0,1.97376431774349,1.4243341042536062,0.6708529903410867,-0.8104185011698908,20.600462093760537,22.146381478059407,1.1548843844088381,0.01385720148605453,385175.65911940706,152579.79808546885,-0.08888421138185293,-1.0659611284882182,5.0330508771972085,3.1342383055676706,0.07603336367663031,-1.319666138275505,27.494853457918303,16.649047892122223,0.3885717639111313,-1.340489932670666,3.1467955704975594,1.6063336053348605,0.13832973457207765,-0.8860510518342424
165500.0,2.0245003963036448,1.4726674882573931,0.647510904977622,-0.8636790609443591,20.31830910737159,22.192873096360866,1.176283030009953,0.03355335011113038,371114.6557680708,155019.4244412909,-0.14233578627724291,-1.1403044111692962,5.217029803315499,3.306291875221236,0.06158356399658457,-1.382594783010391,28.64548995165167,17.262091376065953,0.39108081597380484,-1.3840019073479424,2.975076617401289,1.4852287505158488,0.1896569388073142,-0.8333884450572555
166000.0,2.0752364748637993,1.5210008722611803,0.6241688196141572,-0.9169396207188274,20.03615612098264,22.23936471466233,1.1976816756110678,0.05324949873620623,357053.6524167345,157459.05079711298,-0.1957873611726329,-1.214647693850374,5.40100872943379,3.478345444874801,0.047133764316538845,-1.445523427745277,29.796126445385035,17.875134860009684,0.39358986803647833,-1.4275138820252187,2.8033576643050173,1.3641238956968371,0.24098414304255078,-0.7807258382802684
166500.0,2.125972553423954,1.5693342562649673,0.6008267342506924,-0.9702001804932956,19.75400313459369,22.28585633296379,1.2190803212121826,0.0729456473612821,342992.6490653982,159898.67715293507,-0.2492389360680229,-1.288990976531452,5.584987655552081,3.650399014528366,0.0326839646364931,-1.508452072480163,30.9467629391184,18.488178343953415,0.3960989200991518,-1.471025856702495,2.6316387112087467,1.2430190408778254,0.2923113472777874,-0.7280632315032816
167000.0,2.6715303444153307,1.5917832093764228,0.4284602777718549,-0.8695509695957049,18.719552858603244,21.16878968950641,1.2086589997148476,0.083835246755749,330100.2104291248,150609.381593753,-0.4516038364612467,-0.9726833881828324,6.442510968481498,4.366201741455723,0.07482574752776236,-1.5166699869727989,44.07715068116199,21.363684802409388,0.23395614607196558,-1.1899649603454954,4.903787624719005,2.0243763207684853,-0.18108749630743598,-0.6392670960771434
167500.0,3.217088135406707,1.6142321624878782,0.2560938212930174,-0.7689017586981142,17.6851025826128,20.05172304604903,1.1982376782175128,0.0947248461502159,317207.77179285145,141320.08603457097,-0.6539687368544705,-0.6563757998342128,7.300034281410916,5.082004468383079,0.1169675304190316,-1.5248879014654344,57.20753842320558,24.23919126086536,0.0718133720447793,-0.9089040639884955,7.175936538229263,2.805733600659145,-0.6544863398926594,-0.5504709606510052
168000.0,4.011117086658785,2.518168135409913,0.0838242081845375,-1.1861031569739051,15.052885002492571,11.657363172723404,1.1304784818992089,1.3834986736001538,243925.80758467707,210098.2073210468,1.2445254536403565,0.9320673437195643,8.135190715260704,4.253805481615699,-0.1066058628036548,-0.877087269539754,73.839038720344,33.32828859150558,-0.7216107105572611,-0.4868734590621275,12.623760140618522,6.40298517746265,-0.6090675838792255,-0.6991076220819905
168500.0,3.754470344093507,2.8483445594986927,0.25126093630123725,-1.371070543558408,15.458690224149276,12.994418533430139,0.9768390475879885,0.4881040579527618,271538.0470589751,195813.99949682402,0.8533652557563927,0.3698513750252359,7.94011764440355,4.655464720080193,-0.1094771837031946,-1.1378634858427106,70.61298050020748,40.875782551650275,-0.3517063982994038,-1.0295164559491936,12.868424551582587,7.732380014782576,-0.3526683982661192,-1.084597991855409
169000.0,3.497823601528229,3.178520983587473,0.418697664417937,-1.556037930142911,15.86449544580598,14.331473894136874,0.8231996132767682,-0.4072905576946302,299150.28653327306,181529.79167260125,0.4622050578724289,-0.1923645936690925,7.745044573546396,5.057123958544686,-0.1123485046027344,-1.3986397021456671,67.38692228007096,48.42327651179496,0.0181979139584535,-1.5721594528362597,13.113088962546652,9.061774852102502,-0.0962692126530128,-1.4700883616288272
169500.0,2.620606439585704,2.3575930253948325,0.7263867998969281,-0.8080315831157563,21.20828876176996,19.320327901501837,0.5361448421332075,-1.1182298838399976,383782.3997592084,218572.4121583893,-0.2819777010878666,-1.113266729399572,6.895260073617341,5.247813918736677,0.1853001484492396,-1.3899666323816464,51.34381902019301,42.28208330608409,0.5050402738756258,-1.0033827469612062,9.590065343411345,8.253630979858855,0.5876317566536157,-0.8258573958801869
170000.0,1.556545277426148,1.3239710029296456,0.5653639344872758,-0.8880209804576826,14.397204333364888,15.319511269099824,1.1030103066301935,0.2327772349023931,278883.8913465232,162825.50725998424,-0.0214530622100026,-1.102256368592582,3.966037555041024,3.2616063618021305,0.7134137728430985,-0.3726596260755799,30.02865996735636,25.30604034714069,0.6224176247686825,-0.5031656494577352,5.695884035361155,5.232542150332879,0.742753844464944,-0.3049243136420601
170500.0,1.7572117347694145,1.698998332040642,0.8575427781901878,-0.6932648161166304,17.396287418605333,13.096157699077336,0.527525900995993,-0.3571633781515402,217106.18905715505,141136.71120214454,0.3690395285223888,-0.762032041757772,2.820729228483238,2.1849357243778105,0.3994019104047852,-1.1936722173002594,26.77199678595457,24.61810127522168,0.6256953406681292,-1.0467067619116164,4.875375407285333,4.627135230421035,0.5830736222239141,-1.185996809737015
171000.0,1.8958116566201584,1.9876800491923612,0.738118305398025,-1.0741511786705713,19.351338465838804,16.614369833713557,0.8906554296726401,-0.5082023527737021,306626.82252680085,169931.49643707165,-0.1573543819230517,-1.2937587635464711,3.646745864490353,2.911931899468009,0.3220543230109547,-1.2022917290175592,29.992685139374466,29.455305623587623,0.5479810292963511,-1.3537194317441772,5.564221745674669,5.137415514808377,0.4596782984197039,-1.4129160518230228
171500.0,2.0206428327217467,1.911122466147576,0.7531409349026039,-1.0372455544257244,18.755866746657222,15.9496182293125,0.5516188631356631,-1.0123526009471788,405911.7984980634,171801.1984696686,-1.1185478086557192,-0.2030564613995249,3.928691670222003,3.558080341316625,0.6162945982056647,-1.122122191155132,31.44221223654305,31.40943194440005,0.6758828803386602,-1.272923459060486,5.60597324688701,5.629406778291982,0.5304722761252851,-1.4179876422142452
172000.0,1.6071667766108393,1.7645365659310834,0.9790158372083568,-0.6985307451415887,15.190118099368052,8.999464018963595,0.3178228974315408,-0.7365433883880579,292156.40178723744,151394.30370733465,-0.1951314609978998,-1.0635426818442126,3.938048555596753,4.227915575034097,0.8253315920426572,-1.017832513746722,29.0264581711501,33.280093122541,0.9550020043627484,-0.7713088910176387,5.275863878095653,5.871951262867442,0.832144326912989,-0.9589984055499134
172500.0,1.1296076132783734,1.0826996510383218,1.4161841450760155,1.0622634124440324,19.54797645879832,12.66998870531446,0.2132745125148335,-0.9883937350833932,223476.16040261532,135063.19152542876,0.119082752855498,-0.774728187440239,3.339048717437904,3.5325270931963284,1.1252317950891952,-0.1816745339839389,21.424758912127345,27.995743215534745,1.4588228011591275,0.7230838796856585,4.03444505501905,5.129496143297542,1.2866787392070915,0.3454551676184452
173000.0,0.8109266469976844,0.7380254354266519,0.9200086201339772,-0.2488005338364241,28.399470950223204,17.080923862459397,-0.4783028083695907,-1.309404073918614,200455.4895494597,139024.44624614282,0.4760745997673227,-0.6121560617785029,1.7941437516070886,2.00218597229642,1.710854344483654,2.136501655840256,14.104537241783262,16.903024292361316,1.764009292986986,2.6203097195661,2.6083508513108957,3.3824772078281,1.695295159607698,2.2431252323110087
173500.0,1.0590105898102866,1.050932001105228,0.9472728290615184,-0.547036705615437,18.16665887840869,13.674744982337057,0.3656173803474802,-1.149063273020057,172051.47576996713,118165.1300528355,0.4132027040048873,-0.8661802504378042,1.5338566912232243,1.5230723073271613,1.2409041614932377,0.5833309762144312,10.282323206383632,10.860406109963645,1.2023339389847771,0.0643524265715838,1.8844591444242789,2.111226750857417,1.2175992239251618,0.4522827547274222
174000.0,0.9729054594264552,1.0963904490079197,1.1019112634284267,-0.400235416671594,13.859415180944278,9.955616103210543,0.677610711519744,-0.5683940549414017,149246.3078329784,103474.2643810088,0.720288288054866,-0.0342248647231335,2.920183987488555,2.5755011427304275,0.5159868193360905,-1.1745349817090596,12.891353943049836,15.43054802365826,1.252128154997144,-0.0220243798180801,2.013825745372344,2.315850615237135,1.2549899841657963,0.0446255484333613
174500.0,0.7139659457171832,0.6799233703137271,1.5471696658146443,1.6223952851019918,15.596248019029046,11.248842514092056,0.3951216713492797,-1.12302800841044,117605.16404819256,88725.83929620759,1.142045831538198,1.2200295066021285,2.473187428362391,2.5703802325276945,0.9821095745520548,-0.4617872519502484,11.558093274741989,15.98081279626684,1.5084313317707962,0.6138892687147739,1.6003806347214322,2.1595047737934747,1.4443374531797508,0.4496407395526209
175000.0,0.5899022335668417,0.3921678854210348,0.3407087163902159,-0.986359761506872,14.875348981635344,10.828277885149548,0.3476343629333843,-1.2614076563856924,116118.30250381942,92715.99933104418,0.9182071326925412,0.3184611347030612,1.4375470493467886,1.5593761185637702,1.6308198779440144,1.962157757822693,7.973192806085647,10.172124533137056,1.9802520849036749,3.002671064957112,1.0895893204343683,1.3460554654181234,2.244185265585212,4.107769829589086
175500.0,0.8550539847218073,0.5855495141804509,0.7150798663558509,-0.2492688083102434,11.423027078904642,10.73567636478074,0.8299821270379831,-0.4347811064492877,136320.12609018723,114384.81653408548,1.109151032982952,0.2393089672124633,1.6977147922293898,1.0955576985936986,0.0640193412964123,-1.3329758100987943,4.874693172500996,4.493563385938736,1.4884998156296674,2.4326086240154767,0.8866768706897263,0.9560506231274204,1.5914142198775914,1.8671132596776976
176000.0,0.7332075869621225,0.7742683654407124,1.2164357304611115,0.1063843834771161,7.223497576354199,6.324269570087517,1.0113230272971518,0.026816683051567,119339.0708318404,85210.80883356508,0.8077867766237071,0.2697656403054593,1.883455399780214,1.6817492743456817,0.9500445485456565,-0.4130789582664982,8.800970173081184,8.517329960456477,1.2472073352238109,0.3816912825957748,1.1122382752382651,0.983739072417124,1.164737409520267,0.4312784544646457
176500.0,0.6203168480787246,0.5309268895619482,1.1166111971629331,0.8526070578128762,4.902072636594547,4.40725825369029,1.6382616779600556,3.1672309931280003,135625.93572287774,132342.03484217316,0.8948417088842665,-0.4547234840445475,1.9085387163734184,1.6934485894732365,0.9568330163754458,-0.2586855902142724,9.49140359846874,8.490352865181235,0.8701496275536151,-0.4474324973743786,0.8669002465357153,0.6131628229060418,0.6244723639538894,-0.4506264501312342
177000.0,0.336116828345336,0.2555039329651879,0.8955968944935884,0.1033247736399101,8.955699810910813,9.592531080034137,1.478290762857093,1.2570961277368458,144895.45871455825,113789.3245725864,0.628802825855894,-0.7371463747169322,1.2335394389156646,1.0113639972134127,1.0690764232892689,0.8233813509478041,7.565521309635257,4.930620714007273,0.3411336816270085,-1.018421607911097,0.9975210497393104,0.8388835644057566,0.975297965726282,0.086375588267253
177500.0,0.6222894662454295,0.4427054175450713,0.3544977665239887,-1.013939127450986,9.05988924235526,10.456603220332154,1.4460911861413228,0.7396526634700193,184372.69930927144,127182.32063900658,0.2854006088220771,-1.2342342490284808,1.2016663756662649,0.8933352013410039,0.6888929781563271,-0.2761679771054877,9.816337291494971,7.152480414861811,0.5686176515866956,-0.577639897816391,1.662685682723479,1.2346433482753416,0.4480105183502377,-0.9111734639923688
178000.0,0.7167947939474436,0.5489782547617235,0.7881338224457796,-0.2952500136339178,8.391606653164985,6.949305340909519,0.9860214562105488,0.1308463144598537,111140.22709437629,83657.31314311562,0.4281860056122085,-0.980056382112569,1.9293535136383688,1.1481388466236535,-0.080240574228449,-1.2318489367785723,13.477606209196813,10.754093879447089,0.5139115463051284,-0.8768213384271704,1.721894707724618,1.081331356878671,0.1524587446928517,-1.1032557029032584
178500.0,0.8158940097600749,0.5007399046643409,0.6190343028388857,0.2392938039762238,8.791860484391188,6.63521885026346,0.5578666159303423,-0.7784107963553231,142648.93580679872,128411.12655691004,0.8116269091132264,-0.6221174215233467,2.06943018790978,1.217306234295446,0.056677581490952,-0.9941533230068252,15.117399307097942,11.488216788071153,0.4745869249102326,-1.1063673774897769,1.536743731868558,1.1171453980631272,0.9428269123936326,0.3569387557393169
179000.0,0.702698029785613,0.4575880609457016,0.3661484258141498,-0.7318318125823042,12.75868884365368,11.373206714397869,1.5148099894682143,1.5472838317240196,100893.08698958904,75192.80411463538,0.8159609768111268,0.0877610799513011,2.253158769679554,1.2537367625085456,-0.0995705221970303,-1.1368260106682075,15.05683013463496,9.443778160880072,0.1699341731565826,-1.2156316852121736,2.7077705995839123,1.7358570962036075,0.6705814733300975,-0.1760846831367275
179500.0,0.3179961938480362,0.257494312730493,1.5752732056137375,2.7447686381274634,13.898888850092176,15.45156317859226,1.205241896278917,0.0498946778380893,145582.32740683138,86012.4032156502,0.1888179139645226,-0.5440600692231841,1.4188514375956096,0.9929882369543558,0.7606097600881861,-0.3707889759368719,13.339376534396257,8.069217291130338,0.7098506470177018,0.0394732178354924,3.5454888350800142,1.5627185805708532,0.6993094595740783,0.0675523316158042
180000.0,0.4949417443152031,0.3382521343297115,0.3837248373067271,-0.7559676156578048,18.16272777456218,15.728582112314877,0.8334941996234917,-0.7638044618596331,183180.22995178853,138623.90881014132,0.7601191582150423,-0.4776393197745592,1.247229654603896,0.915673468175208,0.6056419436490047,-0.4433651060519912,16.446888219095904,13.206654570777507,0.8009005677317104,-0.433799342181465,3.568149255571399,1.6734170487158555,0.4924697092591628,-0.3381437705401673
180500.0,0.8285343295072001,0.4890429575771191,0.0443700781514082,-1.233318531589849,22.536685708261636,12.965674563447966,0.3265091135168897,-1.0896203084970226,208155.0635706432,138738.28523898005,0.8717299446827099,0.006802770982238,1.9837822926029267,1.2942307346304514,0.1661710257206553,-1.1701934220788075,27.16803905686271,14.789726149136316,0.4087452623101946,-0.6196822875689727,2.3752162791624274,1.8393442977713836,0.661147827958806,-0.6497374081081082
181000.0,0.6017871526528151,0.3655839797330475,0.3408641734265205,-0.6596345014086578,18.084838908452344,10.724306812028267,0.3910955213297827,-0.7633508538701648,146028.70726332752,92140.16654767856,0.5339016995706787,-0.0102147216855228,1.972467410755527,1.7638919153678572,0.7629891960028622,-0.9249751721594092,24.42923762058483,17.346618356121457,0.4203728497034418,-1.0598368283713004,1.7517557249898763,1.165972264013041,0.7131469912913807,0.3197954424420235
181500.0,0.4215938841577653,0.2724205214694698,1.1051738221238665,2.122711202726788,10.22819632718327,9.281389862448028,0.7034401442994789,-0.9673822170933716,149480.74856198678,105970.90312655793,0.6235718320885726,-0.668270415056957,1.7884377062682135,1.6013037394736367,0.6905214808462607,-0.9963483894867388,18.909193914559488,13.87573105884295,0.6301245526371109,-0.836779323870446,1.5137840188386138,1.2488918684317938,0.8161204185182613,-0.399531608886333
182000.0,0.4669727085598263,0.4051540214537089,1.1607241260395489,1.1664564746244137,11.252599599509102,6.324063948077481,-0.0116713661000713,-0.6576777714742805,205048.095633386,148998.7310684589,0.672968642321774,-0.6220032754842282,1.7655743810291518,1.3082099798208642,0.4445277539014945,-0.9746981052359076,17.329016376083835,10.084574392912304,-0.0020591275035427,-1.070283501395035,1.9086325141297944,1.7893620442726266,1.2170635435580537,1.109972191028084
182500.0,0.6575929422915249,0.6266043595693981,2.002512874015788,5.523162086426076,14.165421198837628,14.788764481830889,1.2364921813417664,0.3774650173797771,244933.56859186743,214353.69780591875,0.9180821046895864,-0.3571317577727493,1.716817875076545,1.381894872995207,1.1129979201347224,1.140385307948698,14.793853283859583,14.516706766289882,1.3991649088220894,1.2367795074013117,2.4998936779532825,2.9630588948903767,1.7536515704571207,2.1767182914111025
183000.0,0.8334976355289587,0.8958238898847468,2.587048031774004,7.11546815709187,23.21517886281541,22.94165789826194,0.6468048809265678,-1.226790522405344,238871.47615258212,166318.699594965,0.7730530324987342,0.1460128911480946,3.46764491023106,2.568682801536676,0.4557277130209215,-0.2315024166047123,29.084664991121123,24.56549373137649,0.7377858817548268,-0.5734270741237903,3.5430789121671222,3.975198564220808,1.2759375017112669,0.2332032201187104
183500.0,0.7330300492832834,1.1876807559158675,2.376396161924165,4.756309839236737,25.08075706319811,22.300479331546924,0.5581648403397708,-1.2833705928232977,237613.0722770799,139552.9238744866,0.1724494658620564,-0.8686737649204455,3.9854217119604343,3.0490814802010897,0.7677730094246199,0.4045850233261525,29.13142506873616,27.523924255555063,0.7445378798689729,-0.7864515365785172,4.270840863792745,3.542901123595775,0.8275516231831408,-0.5497139845534331
184000.0,0.9559931209912164,1.2443988318566763,1.9954949614015596,2.8612755881622887,20.81304131563437,18.43925551384813,0.6108666030474068,-1.1300109197850063,368817.0357248837,196437.101792993,0.1826531301459882,-0.796104491961322,4.184707516499174,3.338095472800716,1.0437840015121145,0.6915346985264543,30.15487198334159,22.716121598213505,0.5474291072066532,-0.8750548411098338,4.035052612971556,2.791468079102286,0.5420692355974766,-0.8387324079949234
184500.0,1.0698198161747048,1.287127911890404,1.489600864793545,0.9292394633085008,15.697290731381567,9.83417174906334,1.0236758784150013,0.7627506567707756,448557.54183151823,276754.71475597715,0.3686741622648469,-0.7361510431045084,4.329180727641583,4.001967380999674,0.8297063478282157,-0.5971209704818103,28.484160483478703,22.658939626558592,0.8841836431720427,-0.0461740799013163,3.554948378032543,2.2716645048733075,0.2324425073308303,-1.1799765011127183
185000.0,1.009383393082504,1.2831940248398317,1.3159861708609744,0.3458837278285696,11.593732422489436,5.019345246893079,-0.5548219957282183,-0.5637448058988732,399530.174463669,292880.99839402543,0.7794102853042889,-0.6389793750906518,4.6182941346134685,3.82254867165012,1.1171971102042235,0.0607711383991751,24.78986226640533,29.18088285067884,1.4274415998681569,0.5152674726890454,3.501060730487814,1.7282657676447155,-0.0041971526291567,-0.8717208858084371
185500.0,1.0677682599774367,1.1848312434725403,1.4109384121815924,0.5847543396364103,12.076720568208565,8.905680168729802,0.8052037892372985,-0.304816466355096,483417.15202366974,265378.6031457315,0.524711005500253,-0.797098149569103,4.739927135017401,3.790781186138725,1.0644755304589408,-0.0361003163093003,26.608265263438117,33.94109824609464,1.3015407605561644,0.1453983963594201,4.072430372592458,1.879007457608488,-0.5397903023551319,-0.192505909699133
186000.0,1.1519671961447455,1.2510548741044762,1.306896822467617,0.3980162051078895,19.799253982582822,20.55344731125997,1.0802441167439758,-0.2010775641535014,292119.30036610033,216449.69782363647,0.6965664981666334,-0.1531401824866405,6.39376512427541,4.261521649060397,0.3016657861392878,-0.9710838258060596,43.017953179210025,40.86742144552084,1.1202799306640645,0.0549334338972364,5.524886879450326,3.737617013549552,0.9404289794365184,0.8797584766461402
186500.0,1.747098137025332,2.169381008312026,2.1402333949834724,5.321985941953152,29.0481405350063,27.498060244426817,0.6791392205250767,-1.0563357861894471,390542.35482032713,323084.3802957604,1.001980276135742,0.4747890553280789,5.809363633652923,5.557665010162884,1.4076076378994458,2.375168719381418,45.70397377995438,51.00003115166589,1.03047248551748,-0.3232714803644305,6.748430516654056,6.316624974430994,0.9327052190602414,-0.3837524720965537
187000.0,2.8165484497239035,3.869588237510335,1.69903614061799,1.6933135255891596,15.654043280481766,17.125886708308755,1.308696731695294,0.767806778358795,486524.2168227555,351711.58117505244,0.5171705528122875,-0.4793445365442355,8.459147226339095,10.00669775516652,1.6162129559981957,1.523584341203092,58.99724856620016,71.78823039766321,1.6129565843953635,1.6144960164978714,8.11815315104996,5.390783765582338,0.2480937402861378,-1.1593269631533254
187500.0,3.9672320862337775,4.495865396706258,0.923033119208023,-0.6473220962725788,20.178449446758137,24.458862656564985,1.1033216249504565,-0.1949676262023532,435245.60547526873,306578.40890433954,0.9436726803852814,0.7450637492305874,11.452702049733505,12.511281488629075,0.9665502486036708,-0.6906755255213928,86.51422095230782,103.55089949816984,0.9470987061930386,-0.7707273737838123,4.989579308712645,3.4005385841303664,0.188085129001231,-1.2108181295573262
188000.0,3.9690445323334025,4.0459154597712566,0.7698103598403738,-0.8403832082469127,35.183405776210144,37.29213463139884,0.6042142441175778,-1.302847794496698,670063.0714735688,545862.0476634505,0.5418853811750549,-1.066350191150041,11.96216206625871,11.403089505195837,0.7275053580974611,-0.888069046435648,101.7042605039253,105.48568489169244,0.7334378634971912,-1.000741010174235,4.524072623260552,3.8410995279057634,1.419575426588779,1.7146257276343784
188500.0,3.69121634581442,3.63945532197629,0.7515387222783871,-0.9157361090839892,37.72966384268786,37.54929147976079,0.5620201131550527,-1.326472653690553,738242.9383288968,492075.8146802748,0.4244985927399022,-0.7902979263436118,9.641606386480584,9.640687170172558,0.8732174333155872,-0.732374158137377,91.90751245886264,95.29355558327616,0.781946086135676,-0.9423240906040888,7.787710350047936,6.49551064760766,0.7292624607917775,-0.5599273656095973
189000.0,4.36821944379906,4.026272628835354,0.6618108284009553,-0.6279332816632754,29.550243088511746,28.97206443694332,0.6712745517165886,-1.0185260593287675,460364.2973101679,382114.7701784029,1.3055790387579167,1.672702599459023,10.093598931988057,9.80012489007724,0.8317161684312291,-0.0413004587138137,90.6351744406106,83.57339659447466,0.5782530111845513,-1.0350122801346846,10.0564710547222,8.53942283058396,0.4891055888989357,-1.0353072687786384
189500.0,6.164625119623707,6.25111304710105,1.2343299825827123,0.8203835234440358,20.7753225325123,17.14516868873762,0.678253044836487,-0.4730446998235322,710041.2073260049,515240.5356711479,0.5938509586737651,-0.5589974478051327,15.652586422716915,16.565072875682773,1.3537223960258082,1.0123390756959028,122.85240700276525,125.36762127747292,1.2533176976219589,0.8869630262622481,10.387651912000914,8.491914179962203,0.4158555360015072,-1.0420180424690306
190000.0,7.428876210949288,8.103841127174713,1.1040767584224735,-0.1986734686081428,31.84888328340343,28.8315636523008,0.4986772205581513,-1.2823968940600534,780198.7834354601,515529.2276081266,0.2056199455769143,-1.2778825795499962,19.726717181546217,21.940182561981917,1.0935237922226797,-0.3235529666986991,161.831054919934,170.68727373274456,0.97979501495033,-0.4888442810699804,9.29031823754772,6.393578042208657,0.4346732584919627,-0.8677231791728159
190500.0,7.966777411749288,8.694100440602984,0.9739148490901516,-0.6114459097952083,40.191199002435056,34.54453918380519,0.4001636943766297,-1.497544372958447,701119.2570922569,439487.6085384119,-0.0546678211225517,-1.1959482862059323,21.013181342128163,23.796255104709584,0.953720747645564,-0.7324125288275125,178.2971684462473,185.70016412780245,0.8358584658713007,-0.8852893363292385,7.972491944645674,5.64245420309329,0.4789351872388873,-0.9362704723435686
191000.0,9.622809874146403,8.89001966122472,0.5858195985406539,-1.2858072904260605,53.84235557073725,44.822276826562366,0.2797260741107263,-1.5869485304245523,520240.2183599993,377237.19060629874,0.7686696813445173,0.3798229985179735,25.36785250027061,24.12728736650025,0.6197363631126306,-1.289636842094292,218.18657558788905,195.452613760788,0.4968092009034577,-1.4156670963778633,5.279705268511767,3.83062147000912,0.6546746335100152,-0.2969105135467433
191500.0,9.89271138445846,8.72772422128846,0.48426728792534196,-1.3322311489539278,55.33596746960868,45.52069110672169,0.23769916865855084,-1.6055572581917485,550539.062658412,374005.946818459,0.6706357760563377,0.0734886509612746,25.868625285906642,23.706919929135445,0.5331268048214356,-1.3385863056529488,223.22978591810286,192.9335817051184,0.41262340268759534,-1.4453626480636275,5.122475519732996,3.7572012847569494,0.6410636576125737,-0.41677327090856403
192000.0,10.162612894770517,8.565428781352201,0.38271497731003,-1.3786550074817951,56.82957936848012,46.21910538688102,0.19567226320637535,-1.6241659859589448,580837.9069568247,370774.70303061936,0.5726018707681582,-0.2328456965954243,26.369398071542673,23.28655249177064,0.44651724653024055,-1.3875357692116053,228.27299624831667,190.4145496494488,0.328437604471733,-1.4750581997493917,4.965245770954224,3.6837810995047784,0.6274526817151321,-0.5366360282703848
192500.0,10.432514405082573,8.403133341415941,0.2811626666947181,-1.4250788660096625,58.323191267351554,46.917519667040345,0.15364535775419985,-1.642774713726141,611136.7512552374,367543.45924277965,0.4745679654799787,-0.5391800441521233,26.870170857178703,22.866185054405832,0.3599076882390455,-1.436485232770262,233.3162065785305,187.89551759377918,0.24425180625587062,-1.5047537514351559,4.808016022175452,3.610360914252608,0.6138417058176905,-0.6564987856322055
193000.0,10.70241591539463,8.240837901479683,0.17961035607940617,-1.4715027245375298,59.81680316622299,47.61593394719967,0.11161845230202438,-1.6613834414933373,641435.59555365,364312.21545494,0.37653406019179914,-0.8455143917088221,27.370943642814733,22.445817617041026,0.2732981299478505,-1.4854346963289184,238.35941690874432,185.37648553810956,0.16006600804000826,-1.53444930312092,4.6507862733966805,3.536940729000437,0.600230729920249,-0.7763615429940263
193500.0,10.972317425706686,8.078542461543423,0.0780580454640942,-1.5179265830653972,61.310415065094425,48.314348227359,0.0695915468498489,-1.6799921692605335,671734.4398520627,361080.97166710027,0.2785001549036196,-1.151848739265521,27.871716428450764,22.02545017967622,0.1866885716566555,-1.5343841598875751,243.40262723895813,182.85745348243995,0.0758802098241459,-1.5641448548066843,4.493556524617909,3.4635205437482663,0.5866197540228074,-0.896224300355847
194000.0,11.02585552950807,7.880937140471633,0.04399285211625138,-1.50189317401224,61.70542868317966,47.714635669759176,0.046552604504508543,-1.660413642217322,722526.1101806941,377982.2115177418,0.23145624307907975,-1.1914524862177693,27.96373946656732,21.420693324604223,0.15692771129034988,-1.5301250646273927,244.56672889694627,177.90342955451126,0.047075090818246935,-1.5505773135997445,4.767183249072935,3.684274868614479,0.5924217251298683,-0.9308802101198046
194500.0,11.079393633309452,7.683331819399843,0.009927658768408565,-1.485859764959083,62.100442301264906,47.11492311215935,0.023513662159168183,-1.6408351151741103,773317.7805093257,394883.45136838336,0.1844123312545399,-1.2310562331700174,28.05576250468387,20.815936469532225,0.12716685092404428,-1.5258659693672103,245.7308305549344,172.94940562658257,0.018269971812347977,-1.5370097723928047,5.040809973527961,3.9050291934806913,0.5982236962369293,-0.9655361198837621
195000.0,11.132931737110837,7.485726498328052,-0.024137534579434253,-1.4698263559059261,62.49545591935014,46.51521055455953,0.000474719813827823,-1.621256588130899,824109.4508379571,411784.6912190249,0.13736841943000005,-1.2706599801222658,28.147785542800424,20.211179614460224,0.09740599055773866,-1.521606874107028,246.89493221292253,167.99538169865392,-0.010535147193550976,-1.5234422311858646,5.314436697982988,4.125783518346903,0.6040256673439902,-1.0001920296477196
195500.0,11.18646984091222,7.288121177256262,-0.05820272792727707,-1.453792946852769,62.890469537435386,45.91549799695971,-0.022564222531512537,-1.6016780610876873,874901.1211665885,428685.9310696664,0.09032450760546018,-1.3102637270745139,28.239808580916975,19.606422759388227,0.06764513019143303,-1.5173477788468457,248.05903387091067,163.04135777072523,-0.03934026619944994,-1.5098746899789248,5.5880634224380135,4.346537843213116,0.6098276384510511,-1.0348479394116772
196000.0,11.240007944713604,7.0905158561844726,-0.0922679212751199,-1.437759537799612,63.28548315552062,45.315785439359885,-0.0456031648768529,-1.5820995340444757,925692.79149522,445587.170920308,0.0432805957809203,-1.3498674740267622,28.33183161903353,19.00166590431623,0.0378842698251274,-1.5130886835866633,249.2231355288988,158.08733384279654,-0.0681453852053489,-1.496307148771985,5.861690146893039,4.567292168079328,0.6156296095581121,-1.0695038491756348
196500.0,11.101901368873778,6.519732699290333,-0.10202309303483464,-1.3546953980589689,63.71391958065632,42.29136491395277,-0.1142283206553202,-1.4941039473975124,970515.1471865914,480601.3592266887,-0.03692125578002065,-1.4096310356048427,27.70302725317373,17.54653361082095,0.003217414757456953,-1.4716704952353485,244.38232098842127,146.38070665054266,-0.13143714845066679,-1.4005938802269986,6.812874085673225,4.9048269162136675,0.4197837044081578,-1.0757372993628547
197000.0,10.963794793033951,5.948949542396193,-0.1117782647945494,-1.2716312583183258,64.14235600579201,39.26694438854565,-0.1828534764337875,-1.406108360750549,1015337.5028779628,515615.5475330694,-0.1171231073409616,-1.4693945971829234,27.074222887313933,16.091401317325673,-0.0314494403102135,-1.4302523068840338,239.5415064479437,134.67407945828876,-0.1947289116959847,-1.304880611682012,7.76405802445341,5.242361664348007,0.2239377992582035,-1.0819707495500746
197500.0,10.19415498897231,5.5814281783436055,-0.11180851688422816,-1.2290659332538287,61.2886150454173,35.818693453534564,-0.2852169910236912,-1.243620249085739,958799.5594374363,508645.8203294434,0.03746348138048117,-1.3726118907876868,25.407614006225636,14.542719555481655,-0.0483554120817872,-1.3471356169893496,224.5063134784922,121.52313630243103,-0.2157573900692976,-1.2226022616722587,8.831882117931995,5.217431146268545,0.11862368326641136,-0.8887150526103131
198000.0,9.424515184910668,5.213906814291018,-0.1118387689739069,-1.1865006081893317,58.4348740850426,32.370442518523475,-0.3875805056135949,-1.0811321374209293,902261.6159969098,501676.09312581737,0.1920500701019239,-1.27582918439245,23.74100512513734,12.994037793637638,-0.0652613838533609,-1.2640189270946651,209.4711205090407,108.3721931465733,-0.2367858684426105,-1.1403239116625052,9.89970621141058,5.192500628189085,0.0133095672746192,-0.6954593556705517
198500.0,8.343712879073799,4.929784463477413,0.02437411989013369,-1.1889742073032803,54.664426440029864,28.21896321575148,-0.4067795635178445,-1.0220672121367276,797361.2063844919,494026.92651282926,0.17420666521545342,-1.2347460559015224,21.007174618098873,12.07077487498664,0.04152121882026315,-1.2397422944357082,183.5119961791561,101.56661513446619,-0.16810113517927058,-1.1517651761119354,10.450521254165125,5.1205814742049105,-0.19492725516253637,-0.6569245619892738
199000.0,7.2629105732369315,4.645662112663807,0.1605870087541743,-1.191447806417229,50.89397879501713,24.06748391297948,-0.4259786214220941,-0.9630022868525256,692460.796772074,486377.7598998411,0.1563632603289829,-1.1936629274105948,18.2733441110604,11.147511956335643,0.1483038214938872,-1.2154656617767512,157.55287184927153,94.76103712235908,-0.0994164019159307,-1.1632064405613658,11.00133629691967,5.048662320220736,-0.403164077599692,-0.618389768307996
199500.0,6.608332984493995,4.460245809160374,0.26578298308588766,-1.206325433716512,47.25272887769089,22.583650708738706,-0.3890920952177841,-0.997162802548115,667629.0507328396,475723.8958965604,0.17497686306839025,-1.21711731217493,16.60055188020812,10.685749344315642,0.22815223486001157,-1.237324189567884,142.66828434584716,89.44669060265946,0.027454075258317015,-1.2155499206607692,10.998273086924437,4.991506876919686,-0.4097396970444342,-0.7039923221021752
200000.0,5.953755395751058,4.274829505656942,0.37097895741760095,-1.2212030610157951,43.61147896036466,21.099817504497928,-0.3522055690134741,-1.0313233182437043,642797.3046936052,465070.03189327975,0.1935904658077976,-1.240571696939265,14.92775964935584,10.223986732295643,0.30800064822613593,-1.2591827173590167,127.78369684242278,84.13234408295983,0.1543245524325647,-1.2678934007601725,10.995209876929202,4.934351433618636,-0.4163153164891764,-0.7895948758963545
200500.0,5.299177807008121,4.089413202153509,0.47617493174931425,-1.2360806883150781,39.97022904303842,19.615984300257153,-0.3153190428091642,-1.0654838339392936,617965.5586543707,454416.1678899991,0.21220406854720494,-1.2640260817036,13.254967418503561,9.762224120275643,0.38784906159226035,-1.2810412451501492,112.89910933899843,78.81799756326022,0.2811950296068124,-1.3202368808595761,10.99214666693397,4.877195990317585,-0.4228909359339187,-0.8751974296905337
201000.0,4.644600218265184,3.903996898650076,0.5813709060810276,-1.250958315614361,36.32897912571219,18.13215109601638,-0.2784325166048542,-1.099644349634883,593133.8126151364,443762.3038867184,0.2308176712866123,-1.2874804664679351,11.58217518765128,9.300461508255642,0.4676974749583847,-1.302899772941282,98.01452183557406,73.5036510435606,0.4080655067810602,-1.3725803609589795,10.989083456938737,4.820040547016535,-0.4294665553786609,-0.960799983484713
201500.0,3.96339888055638,3.247650821962112,0.5713665087059592,-1.208106849013918,27.03753060728352,15.166002290881707,-0.11301105378458445,-1.366141932491351,557710.9753887254,399313.44243288424,0.2730613519556593,-1.1922280621412862,9.499158552777468,7.819821946647013,0.5113715145601573,-1.2477030711745876,75.67283846912899,58.22455639439128,0.5287981990246556,-1.1313897933731676,10.276119388900227,5.306063744709384,-0.12836889067627905,-0.9275125494123273
202000.0,3.282197542847576,2.591304745274148,0.5613621113308908,-1.1652553824134748,17.746082088854852,12.199853485747036,0.0524104090356853,-1.6326395153478193,522288.1381623144,354864.58097905,0.3153050326247062,-1.0969756578146372,7.416141917903655,6.339182385038384,0.5550455541619299,-1.1925063694078932,53.33115510268393,42.94546174522196,0.6495308912682511,-0.8901992257873559,9.56315532086172,5.792086942402234,0.1727287740261028,-0.8942251153399416
202500.0,3.674356042497812,2.86852164958804,1.3818833400183683,1.8836338653586464,9.237326678862802,5.00118204748733,0.0467977207510921,-1.427700966657012,461420.2861741252,285315.0252724188,0.3201507942143953,-0.84175108840068,8.546261469355143,7.0394034971250665,1.4694128218518336,2.141415436325381,66.07948316942303,46.36360757238256,0.9289473800508972,0.5898289340727412,7.6962848436269615,7.097070191902254,1.001816171913979,-0.3506643076709363
203000.0,5.009284745780109,4.718480948302511,0.971504005680984,-0.0217306830164618,19.721732532447728,9.876839666073952,0.3045720021803047,-0.5315380132889711,442527.1758838242,319147.28636983124,0.6013019738402926,-0.6825373797353262,12.67408550621319,11.699419280771314,1.023891230708718,0.0910966877634322,110.16425949810694,79.2741076982019,0.6014790450516001,-0.6794003300719815,6.868334553047065,8.128187372362191,1.215162553282367,-0.0491355629000018
203500.0,7.361286979260998,5.926062385855369,0.8214084425965171,-0.2412292237081805,33.84984369144355,15.745020972888156,-0.8485788978389776,-0.5112070134715774,448627.5536039396,352776.2132339635,0.7366203238545976,-0.4677337567353512,18.874813389733472,15.164747744557893,0.8492912698396431,-0.3299839331541818,160.6532563637823,108.45282115749028,0.3169363190819443,-0.7195494374598117,8.660644012143633,7.760160506720484,1.0889136617481685,0.1617027413334706
204000.0,10.352083801757969,9.215342702522806,0.643802776135607,-0.8870317152419931,50.25910046950369,32.493103921886416,-0.0737425545014479,-1.0768990521937238,531988.3947016825,378936.0744180936,0.2868808652843874,-0.9389132414770938,26.68455712011941,24.178185000205264,0.6500426953647518,-0.9359981885418752,221.2394413755162,184.5859334411734,0.4419726022865357,-1.1247314672539923,10.808264599991938,8.120377004599105,0.3933324294633737,-0.9402103475879672
204500.0,12.686763760051273,12.021514515712862,0.4265177728354405,-1.4734162110985196,57.84012259386237,48.02427668691679,0.1114417924094845,-1.761665598833391,582467.7774723069,386310.9415559975,-0.1577402034948657,-1.4084184681605023,32.858126764088006,31.50984996041633,0.4342031031412627,-1.460531144351031,267.1685142552058,246.48169415954385,0.3568040570100732,-1.545883702257331,9.259270784452044,7.699731197623677,0.4820593424034828,-0.8863937195690954
205000.0,12.508736097499122,11.14727424233622,0.4604181056148017,-1.4194045081669315,56.087378930557385,46.16671744534077,0.3406432257962309,-1.5203138978391562,503585.44922837394,353381.90482091723,-0.0726575941245254,-1.5292725018321855,32.67716415731221,29.07532201918993,0.4832755614475624,-1.344887353393012,259.77087522081007,231.2373212069284,0.4959602506278143,-1.3363152392367326,4.893386559701901,5.304558608750564,1.5575772043475888,1.980537257789046
205500.0,7.769127944658385,7.833917163423722,0.6497538199229688,-1.211903959859204,33.65922652438138,37.66177266461467,1.1520384651916686,-0.0298526954148043,373328.298072034,281162.79476539243,0.197475377400483,-1.4215739324953405,20.82744650452304,20.532477305896894,0.7663673266748798,-0.9084409277861184,159.50011976734837,171.78911170620083,0.9017531546480694,-0.6440562876221358,6.103418530601648,5.739898136376714,0.7630024173295572,-0.8695306573943262
206000.0,4.745072613470616,3.741319109525569,0.6910798746337401,-0.4094043624360584,25.829378561929676,27.473915221613986,1.6695249171769866,1.7633667718877923,257723.5648388136,191511.2301803057,0.3785826531413763,-1.1798999244495454,13.134599385026418,11.088551065156192,0.911997303540897,0.0906481003978196,107.05821435294708,100.42141421330632,1.197420920712983,0.6966001184482216,5.995400422120599,5.803446070922444,0.9407544777104824,-0.5220373606356707
206500.0,3.2853882258467086,2.053591354289871,0.2399869992402719,-1.0793029476915688,27.249906645918426,22.198651472297914,0.7595932393559574,-0.3663310488379929,173965.73557601075,155345.897259904,1.149656269412966,0.5027312145551841,9.37931529306155,6.09460300058035,0.340795218279221,-0.939489207285502,85.69593096111218,56.20041672282457,0.515168477686509,-0.6155094974659252,4.826768041378158,3.628979150105136,0.8557027674644158,0.1783705549813623
207000.0,5.316314737375392,4.177350232227107,0.1362471489138751,-1.7551985351957045,28.679451123736268,26.280533559569115,0.7803599215643389,-0.8571128944067739,230031.77304557356,141147.61494890883,0.2281221980645087,-1.084821484689386,12.90357140510402,11.073703021521052,0.3914798426776636,-1.469055714730733,97.63665879045604,94.82154967999594,0.7456672133210515,-1.0912988563566672,3.832575391305291,3.074250741754923,0.2638293605410324,-1.2871606220885934
207500.0,9.907557161401174,8.100964161699133,0.5026800852424875,-1.0907664968615034,31.502488925059705,30.70290367767097,0.8167549630641237,-0.8442957265638769,336861.54242339585,300125.5329424891,0.743693152120538,-0.715420180248195,25.47023473739951,18.668175869272854,0.3296207314446986,-1.1728843550239283,185.83498017934684,138.45443078275204,0.333799322228492,-1.3070339650214622,6.6303900512081935,4.232810387875236,0.2053509432053837,-0.8397595863688685
208000.0,10.959572950183462,11.031909247714824,0.6047931162128161,-1.328744498452971,28.32413630065067,25.104700675391083,0.5030454898624707,-1.134188610514382,419143.3265215704,411989.7471446252,0.7020907220815125,-1.251979027186068,26.954115100397228,26.35908173807175,0.63062647824544,-1.1962867218339095,194.4278622409376,189.01904106969303,0.6513277918152909,-1.1231741241686355,7.038601914482083,5.569854310938398,0.5424556660455121,-0.7770338992109891
208500.0,8.207377344534553,9.801435071971508,0.9015584305610131,-0.8665356965130848,20.36787276544729,28.31630686096477,1.7345251199409422,1.7621869643415753,360643.75131187605,362114.9119887462,0.7776797617576611,-1.143619909005131,20.600235532726384,24.88482324277775,1.1254541038160593,-0.270914934233323,142.73551918022488,190.31631592131689,1.2973228369365648,0.1893212571249516,4.716787949270217,4.834644607182216,1.614362568157503,2.3531913590451223
209000.0,6.681564119633689,7.587641295008478,1.0823113406829128,-0.3272530572361964,24.615782315901697,30.452779181405838,1.480689953078432,1.345508932266414,264898.7647661772,291697.0323138423,0.710455881441748,-1.2877727993830057,17.398831771524623,21.05648362929357,1.39173761578388,0.5918814425020118,127.27383647260372,167.75624384141454,1.6354866841477418,1.335878665751424,3.1190987184759504,4.6729765830197225,2.225695681785856,4.073606983457642
209500.0,4.846438883443579,5.422812164347263,1.275726456833507,0.5428874246856195,30.80497131881756,32.770260111581514,1.0222859865309333,0.0122354439154928,200449.28748517577,178987.4744107628,1.0488271911139158,0.0274230699483628,14.763384259098892,16.659113376373867,1.4900547286894177,1.234151473240107,119.71419791145836,142.63226470686337,1.60440299178382,1.6297046132045656,4.07397720593571,4.203812074246633,1.628168567729124,2.3785670148966105
210000.0,3.1213885826417487,2.782696304991945,0.9048233759375548,0.7472890657827356,34.396600160742615,34.55224958160337,0.7495572235207936,-0.6094089052095693,106150.48979598554,79763.88554286028,0.4292946505463327,-0.8050981209405124,11.694363263608922,11.16320747582864,1.1236117362296982,0.926454644726796,107.1537146563849,112.9352447997204,1.1593750891827912,0.8137145185481298,5.070960559547009,4.30907513261371,0.6026147061781071,-0.927930285845409
210500.0,4.51264140571054,5.059954508261285,0.9342971351560666,-0.4566242059234122,28.728348244244746,27.45686459707497,0.8897482384292561,-0.1127738890772551,226225.70562670575,233403.14930141284,1.16721844947164,0.3986829439143284,10.0002304655027,9.902303716233252,0.6742685759834813,-1.0731437558603687,79.90726456702436,81.96015268100514,0.7094968448867289,-0.7856764111010688,4.207547701544128,3.99942186444483,0.8798754198242467,-0.5002891110516203
211000.0,7.470722655838538,7.6956200255225315,0.6182280002004595,-1.267560835748817,15.863445162488802,15.069048954806783,1.392140419386146,1.9345418390125548,409378.68249667255,402764.7934595916,0.6405424665324704,-1.1965728173989096,12.570183091457896,13.535669596386166,0.7152899251676818,-1.0799246146565904,57.65178026174491,66.49448154921741,0.8180719526377921,-0.936778039255472,1.8841867989023404,1.5599929954291003,0.9549810192213732,0.2631769421475072
211500.0,7.3919336505690145,8.287544545746947,0.7974340692005178,-1.0789050266067155,23.541870220754436,20.012108895404005,0.7211207106179631,-0.5334635032639374,462979.5005146486,439658.2995748036,0.5624412681479812,-1.2907457328873384,12.48554816385145,16.887695912529527,1.117982268813836,-0.460159087158297,68.85279274801402,87.42785489701588,1.253519049271467,0.06651715319436,3.050051017319925,2.374304472957029,0.554970165943088,-0.6582080729686148
212000.0,6.112315591578597,7.132194174089963,1.0785009725250605,-0.4378025400505732,31.46294785783801,29.33035053311925,0.7005731457110347,-0.9497332172376884,457299.043119944,359996.34383366804,0.3470902530731825,-1.1727652310755556,12.141315528531686,17.388333664282477,1.4115371083235142,0.3945205474117541,88.84295073814519,109.49806766904824,1.2426447930792075,0.4234780362890635,5.402829796300603,3.666450964393885,0.1556225277929254,-1.0710221490725629
212500.0,4.516916364843193,4.901708684252444,1.2905945867226398,0.5381742374529561,35.98307047263343,25.50766748068454,0.3445556933136133,-0.9999283275756484,378531.5990394808,212031.60678120572,0.1198428501121403,-0.2842549009929818,11.48473861456038,15.428524766030804,1.6316786098855884,1.3157515207890145,96.9958478381196,117.07871820875744,1.3590558863466866,0.887246928029997,5.938578914651402,3.4937270251469488,0.2257992532383175,-0.746781869168077
213000.0,3.652628456168346,3.145259163714294,1.2321280216138737,0.8464646286874804,33.37107102849917,19.761706355003643,0.1854770613157846,-0.754498766681909,253606.53635860665,99928.20155159934,0.0975047200277097,-0.7929782316248941,10.152555368017058,13.235432101627202,1.6971281239853224,1.6664605760395252,93.0753094916665,111.45784658760496,1.550860800111243,1.5066387367853311,4.881025598353509,3.4662713981952207,0.7421047397724246,-0.4436330180966696
213500.0,3.348095548132463,2.621742650745815,1.1798220241077075,1.2354281984157767,30.59956718285894,19.27246268067467,0.7727408020218829,0.41815738771556665,178697.34152865142,93214.69615519687,0.29854546719850295,-0.9991328654230832,9.433377723646014,12.350117832984257,1.7851726105211387,2.0513928217445168,88.03800944711313,108.61320688982212,1.6823592197298316,1.943265929900341,4.380143298610731,3.5000579971240917,0.9932559527669726,0.13877257333228915
214000.0,3.043562640096579,2.098226137777336,1.1275160266015416,1.624391768144073,27.828063337218705,18.783219006345696,1.3600045427279812,1.5908135421130425,103788.1466986962,86501.19075879439,0.4995862143692962,-1.2052874992212723,8.714200079274969,11.46480356434131,1.873217097056955,2.4363250674495083,83.00070940255976,105.76856719203928,1.8138576393484205,2.379893123015351,3.879260998867954,3.533844596052963,1.2444071657615208,0.7211781647612479
214500.0,2.8624826819476654,2.0044151372686523,0.9737317134897484,0.7638108657355405,24.696826716511907,20.790979999091483,1.5078683694050021,1.7752202186369022,98482.4931735406,74295.04108332339,0.3235449906881809,-1.1682221791662677,8.203633174754787,10.92267907056852,1.899017486518654,2.5600247110373213,78.84006018101903,104.25547399368766,1.8478992816049784,2.4504292159693843,4.206674012199392,3.446533595701025,1.2136252438511896,0.7970507512081666
215000.0,2.6814027237987514,1.9106041367599689,0.8199474003779552,-0.096770036672992,21.565590095805106,22.79874099183727,1.655732196082023,1.959626895160762,93176.83964838501,62088.891407852396,0.14750376700706563,-1.1311568591112628,7.693066270234605,10.38055457679573,1.9248178759803527,2.683724354625134,74.67941095947828,102.74238079533605,1.8819409238615366,2.5209653089234183,4.53408702553083,3.359222595349087,1.1828433219408587,0.8729233376550852
215500.0,2.500322765649838,1.8167931362512852,0.6661630872661619,-0.9573509390815244,18.43435347509831,24.806501984583058,1.803596022759044,2.1440335716846217,87871.1861232294,49882.74173238141,-0.0285374566740496,-1.0940915390562582,7.182499365714424,9.83843008302294,1.9506182654420516,2.807423998212947,70.51876173793754,101.22928759698442,1.9159825661180945,2.591501401877452,4.8615000388622684,3.2719115949971487,1.1520614000305276,0.948795924102004
216000.0,4.3357403973395074,3.2917075318594864,0.5700966761036027,-0.6264945939295665,35.916138999704465,28.63430139862633,0.7145329783619963,-0.6071023268341125,330269.92701944493,214027.77578249824,0.236361068649171,-0.9235365214733228,4.438904819425502,5.321645453614195,2.8370798901709584,9.633332935381729,55.92200017037961,76.45524525139913,2.0432084189233497,3.707943356782825,5.897691382938243,3.275363018340105,0.2452498820708943,-0.5420162128804762
216500.0,6.149208523231125,4.8675294280706245,0.4419738395786253,-1.067824452384417,50.2643941264713,37.61070262014561,-0.0926124155179121,-1.7291383597061012,490480.6514459101,340465.92408442515,0.0356262749175423,-1.316978235899524,5.557845178783259,4.428451226317113,0.7936179444595174,0.0300867232585435,59.2184865528895,58.74514513517557,0.7294780819283183,-0.8886866551285264,6.019806618030351,4.387579781159642,0.1362011639734364,-1.3951489172958955
217000.0,4.91132900563112,5.618419059768757,0.9996292482983878,-0.6560579332722707,42.04030410701584,32.61352271000726,0.0905892730942916,-1.539433213538999,408812.1798378609,387791.9677262692,0.7275836338934769,-1.0462132501148056,8.630109355691516,8.194087939965787,1.0203549061154709,-0.0634407586894059,57.72972292151511,57.59257012701023,0.7393233430716796,-0.909980649013968,5.071080760718051,3.575341187969782,0.5396654539460303,-0.6179175707237805
217500.0,4.643989419796865,4.884672288957368,1.1557909513133735,-0.1238006916901537,25.91201038056553,20.3290966163656,0.1216560245345727,-1.6740650903453025,369036.4962410569,331684.99862010416,0.9424529601453244,-0.5227156293560449,10.555587929864837,9.885438601534176,1.0962575993042087,0.069288965011538,60.36967312081119,45.78229602314728,0.2585458653385057,-1.427606853353987,3.0966242740578216,2.154120656800672,0.2287871106288555,-1.3086141248198877
218000.0,4.563945331662238,4.395306216078692,0.9921429788746304,-0.1760787970528281,15.85330151837366,12.628923648795846,0.2377493592422772,-1.4596028941007946,393593.0553000581,272550.555093083,0.8363843112320601,-0.2670315601175952,10.617036736145332,10.61488140586074,1.148261758260657,0.200173383228885,54.92247045935092,50.84851583096232,1.182643293772744,0.548965668946606,2.237641198289404,1.1938873214136023,0.3320217575353268,-0.3336546946363499
218500.0,4.073732347419934,3.829953652894716,0.6781762704875827,-0.8087753912909372,8.900713366804547,6.363936248085884,0.5723568433337608,-0.5567260077431877,331619.7398544137,232533.80039544145,0.5495840092262582,-0.7995055645281628,10.509739383811455,10.974607840267034,1.141709636306072,0.2168641732266842,58.29598338531272,65.80760963099425,1.5459155184466644,1.4639240339266628,2.6233606352101138,1.663432353299457,0.1975388991272529,-1.057932672710136
219000.0,3.7440199944567287,3.3747836392299106,0.6564169820031724,-0.9260324316373896,14.14261142654393,9.983932747385287,0.5510907619009411,-0.6992289482032965,298754.3627902218,216411.80286507605,0.461804895077234,-1.0431026448662455,10.770466900572643,10.478573339805784,1.201705576522571,0.4676341360294134,70.24331296632799,69.63651857158227,1.3793177752171217,1.1167321030402746,3.6058275813579215,2.1680330007766346,-0.11944136045712947,-1.2132689158971341
219500.0,3.414307641493523,2.919613625565106,0.6346576935187622,-1.043289471983842,19.38450948628331,13.603929246684691,0.5298246804681213,-0.8417318886634053,265888.98572602984,200289.8053347107,0.3740257809282098,-1.2866997252043284,11.031194417333833,9.982538839344535,1.26170151673907,0.7184040988321425,82.19064254734327,73.4654275121703,1.212720031987579,0.7695401721538864,4.588294527505729,2.672633648253812,-0.4364216200415118,-1.3686051590841324
220000.0,3.1505415387831732,2.5563314696014556,0.6154943279965047,-0.9447292466717452,23.949258978807787,17.25384988153468,0.3653211348883112,-1.0913556884915772,262188.6996801446,172174.10840861266,0.35153843477488234,-1.1615167688735877,11.072781247952202,9.753309988756953,1.2085362081677629,0.7524429322152311,90.50374700595242,77.92284951411715,0.9791989522805291,0.29255702620187396,5.39802416144265,2.9394376533600575,-0.4434487117013572,-1.3440877485107587
220500.0,2.886775436072823,2.1930493136378058,0.5963309624742472,-0.8461690213596484,28.514008471332264,20.90377051638467,0.2008175893085012,-1.340979488319749,258488.4136342594,144058.4114825146,0.3290510886215549,-1.0363338125428472,11.114368078570571,9.524081138169372,1.1553708995964558,0.7864817655983196,98.81685146456157,82.380271516064,0.7456778725734793,-0.1844261197501384,6.2077537953795705,3.206241658466303,-0.4504758033612026,-1.319570337937385
221000.0,2.2101798116459923,1.494996113484352,0.210374350626938,-0.6779287408738566,35.47295242131248,26.62268319685527,0.0734209613524544,-1.4892067604661163,229738.7385088648,118503.84158736512,0.1205037580997087,-0.4536587143701345,10.874563830886752,8.811826402828505,0.9604542338685338,0.606392103142245,112.8730868770555,86.49110592194089,0.466247028424358,-0.6544449920028415,6.951779388495813,3.8684922493136544,-0.498894280419681,-1.107565722200053
221500.0,2.2950710052200844,1.9758210762994932,0.6864558129838539,-0.6471892338014666,44.66187788089667,33.553639293936946,-0.0465633251512848,-1.7262391596689983,199875.31960960384,144992.02343673244,0.4436402044497453,-0.8266960125420342,10.94903549563702,7.884742695680416,0.2044442074804532,-0.8480314887461295,128.61892524544737,87.56480123353148,0.0288097976054271,-1.0768884259689513,7.22329594069135,4.802588876826318,-0.2360400941595822,-1.5273228821857698
222000.0,3.17161189019905,2.4458016257112076,0.34032135057427926,-1.0737794137188854,46.120969377644414,33.180337297474935,-0.0153550453198191,-1.7612511900851966,243199.23586012216,176100.40533286662,0.22441028945067878,-1.1836039240918548,10.921896620325189,7.680100072878659,0.14995419359794734,-1.0196062878937417,126.87658331923058,81.78216377665498,-0.082788787021476,-0.9167633995026961,7.3791828440306855,4.5327150191685215,-0.4740935561632952,-1.357467011899041
222500.0,4.048152775178016,2.9157821751229225,-0.0058131118352954,-1.500369593636304,47.58006087439217,32.80703530101292,0.0158532345116466,-1.796263220501395,286523.1521106405,207208.7872290008,0.0051803744516123,-1.5405118356416756,10.894757745013356,7.475457450076902,0.0954641797154415,-1.1911810870413542,125.13424139301378,75.99952631977848,-0.1943873716483791,-0.756638373036441,7.535069747370022,4.262841161510725,-0.7121470181670082,-1.1876111416123123
223000.0,4.8549778767477205,3.203886832212826,-0.1696539868625248,-1.4683732114721526,43.23191467795538,32.94378366130142,0.1140121372200041,-1.6718185491124344,366250.5878335226,229338.4624577792,-0.2025194343719698,-1.5000001844180215,9.92041480639836,7.190273176236894,0.4629002790255054,-1.109506313840799,114.18918997010437,63.40095720989789,-0.0459111107883059,-0.2939690553492333,7.640365834133997,3.581260977982299,-1.0462954922123715,-0.5608137163583677
223500.0,5.0254431892418285,3.29611462664963,-0.16857233612132927,-1.4761449342920896,40.37435941575103,32.19075554692291,0.2798066581419271,-1.5895760393763074,392589.9930786255,237751.7533721784,-0.26708666280603677,-1.4073842292429064,8.596604901728128,6.915046215827725,0.552557921483331,-1.039267382807913,102.3864971704667,59.72584148228095,0.1549838435760054,-0.197778887874894,7.294367164161538,3.3906730495482025,-0.7824934867256181,-0.4793590127709202
224000.0,5.1959085017359365,3.388342421086434,-0.1674906853801337,-1.4839166571120264,37.51680415354667,31.437727432544403,0.4456011790638501,-1.5073335296401804,418929.3983237284,246165.0442865776,-0.3316538912401037,-1.3147682740677913,7.272794997057897,6.639819255418556,0.6422155639411566,-0.9690284517750274,90.58380437082904,56.05072575466401,0.3558787979403167,-0.1015887204005547,6.948368494189079,3.200085121114106,-0.5186914812388647,-0.3979043091834726
224500.0,5.029014726857875,3.274828215073124,-0.0230139936922082,-1.3203519363334155,30.450432635907173,31.066283689505667,0.7280041146755731,-1.1717991662167,416393.5932220536,238280.56515484067,-0.2901066818131231,-1.470092488772071,5.0960717191213885,4.473689559160872,0.8649383728357403,-0.587706724515582,67.03817433922059,51.28191952067877,0.7810572468065295,-0.2173213779832874,5.853072167193266,2.8982708313703656,0.0232921115927777,-0.9343073500702244
225000.0,4.109563912534127,3.573400062800608,0.8737114274640831,-0.5858286429357769,25.47186726017016,25.1997617524766,0.943807011353596,-0.6374100725938514,362447.7601458925,236228.03523653196,0.3613134014716011,-1.0672743650291985,4.737623819312845,2.7197554819393237,0.1953935382191876,-0.8268532185831976,52.08084036045784,37.0189111451592,0.5383612736065118,-0.5270164071420447,3.313670097479445,2.0167568724698337,0.1002458783328294,-1.0841989820578284
225500.0,4.454322422554816,3.1905600800901115,0.5440745207279482,-0.8140182686285158,24.840238214408195,18.71854260086405,0.629357913814835,-0.7849079636218343,318186.6118478173,227073.66917253856,0.3426744923108835,-1.200388222311882,13.231818515448197,7.198720813431002,-0.242273868367686,-0.8591007261710968,82.48995827029202,54.47004309682082,0.1950782955164866,-1.1556454700874126,6.073686309974005,3.958206481145552,0.0892745227714587,-1.2422853527029951
226000.0,2.378016981412192,1.7832947004238824,0.996924838115574,0.7826958403474569,25.05918522933576,19.454833905795837,0.5770778903053382,-0.9212919220826844,201579.6362545794,139349.81432379383,0.6695297020014528,-0.1996307648626438,9.902829377935015,7.556076156176223,0.6658106086995013,-0.5204010807436661,89.88875977045959,68.97006676808655,0.7457236784674325,-0.1927801398446349,5.541711717983441,3.271358993361108,-0.0802179997327954,-1.3583153763951463
226500.0,3.2891710521871738,2.228254624126325,0.1580584136145193,-0.9665659555597484,28.78300303687438,25.28340215586723,0.7639730914419863,-0.7924307874120671,259981.6923359049,169606.96645429108,0.1508324970774684,-0.8653019934155819,7.856655662712344,6.603067830563977,0.6309586577606618,-0.7974546387562818,85.6987195203203,79.53981540187483,0.9452668165035716,-0.0832974272516731,5.08301967161758,3.493546479409986,0.1655308963069445,-1.3828303621307452
227000.0,2.5894846767356,1.9047825153723767,0.4256648402521138,-1.002512220961826,22.72408634675111,20.88063939454759,0.8513549616187169,-0.3985517893795607,166532.5816961591,114093.9118274982,0.3784168672912333,-0.6596072087617073,5.789266823727427,3.696748455399245,0.277641570196464,-0.7033564325374173,54.4794153766438,56.671232933921104,1.430085874745873,1.4454691383589795,2.8187508543639344,2.0613564882344533,0.6616158947896359,-0.305062523543032
227500.0,2.639008901454758,1.9663002842563664,0.7339118149007614,-0.4659624340693984,8.68868470485249,8.638645221261244,1.741156019443482,2.7276873894738944,143901.69050197327,120059.19595105769,1.0754317906253588,0.2916279696587192,5.485596671363854,3.603418838366714,0.4103231340124404,-0.775819754501105,38.72685227753762,33.52138017013937,0.763498304596941,-0.7259558421121226,3.4500321778519822,2.0389944605192176,0.4072437090111456,-0.3038063279817611
228000.0,2.3395445629587406,1.822727052749443,0.6130738538355412,-0.6338945006110723,15.76269153088427,15.267152879104737,0.8691692904422699,-0.6044042678017845,146211.44286466957,96161.76341045024,0.0958420494696575,-1.2667597987641213,5.604268326331633,3.505690892685952,0.3543033213925398,-0.3442499027714958,40.24981904872354,30.110156399877383,0.8235435370554826,0.0799459711898693,4.611818032450064,2.8337283793494272,-0.0051148734602806,-1.2207841487440063
228500.0,1.2691528558731944,0.9854068335264496,1.2129494066491324,1.3529294576849926,24.42661056294232,21.8721982186433,0.7031441177788431,-0.6778344727212398,157040.38683785888,94383.26197334669,0.061953182082693,-1.1769563542276809,4.224640765293538,4.407612344522004,1.891151335668052,3.115431629464033,54.98147660033634,57.87382285832024,1.510766785361464,1.3689544335580823,3.678781888604009,2.4642628137766205,0.3297513921093263,-0.9994142933200548
229000.0,1.5687463544966307,1.2781905614073614,0.9150204798258142,-0.0934401113408691,29.028719896630648,24.85334210542624,0.636036942924332,-0.8635515139205028,88018.2915761887,60789.058427749216,0.6793260665423979,-0.1657139031180881,4.352770561022563,4.567073856885682,1.853699480289255,3.19075116521711,73.09126927108998,67.32232574078465,1.3702951247226662,1.0666652438338335,4.301390850795495,3.293481480034885,0.6350315531753824,-0.5946683514739219
229500.0,1.6106423044669589,1.1888362561427936,0.6089017854861852,-0.5516588384337475,30.48346276138875,17.179963150971368,-0.1493014216184124,-0.9885420920869632,113647.1106240306,81403.68519783614,0.4165255647532357,-0.9370651761890398,4.003063490930336,3.5246704415110326,1.6812780302449024,3.0837077440185494,53.74831428089104,49.7269473510402,1.6137776443726728,2.390803162113774,4.43527986414909,3.267044211378128,0.7435882464523289,-0.2341099875076029
230000.0,1.6704912265112848,1.007913316190922,0.0323804985188915,-1.303812938611515,12.076993232144009,6.876352699540006,0.0966940638641691,-0.8740187615981099,169893.71382298614,97826.94524622704,-0.034703170677461,-0.9654535464950236,5.3752145680686025,3.17054960140864,0.2001125277535156,-0.7281618935853227,37.2258411667466,23.678228773445596,0.8007330782794239,1.098895121350835,4.594125311988342,3.431427969959404,0.7217572669832142,-0.7287316060469244
230500.0,1.5387943596478235,1.2160002760685564,0.6405787429556639,-1.0597080090190183,5.040890888633851,3.6615856384419354,0.6151384371239969,-0.644224441798646,170440.97638213032,95088.96819869912,-0.1125626291789192,-1.1080959507806376,5.033701864164336,2.5916283095995083,-0.1295772717977169,-1.0226154806833196,29.824511788409115,19.29209791860709,0.2667319987271873,-1.111954386490063,6.494578075394604,3.936891371939879,0.3643253377517184,-1.130473932626378
231000.0,1.985368523847881,1.2531752231986244,0.5524700511438362,-0.9149315734481824,17.940722234464758,7.250577949323914,0.1266674480999349,-0.1528362829166361,156293.76600126468,94867.46513703294,0.5283342135781505,-0.9411662175366096,5.530429561614294,2.774860137747947,0.199002568755944,-0.7606912112969146,33.435089098000354,21.789477456398597,0.2547603846742495,-1.480576447861954,7.175735399215295,4.934375554755254,0.3761481688499736,-1.3876694821437745
231500.0,2.797881468744565,1.425482331999672,-0.2792709514599705,-0.943163146655825,27.041464339840275,8.556598492423301,-1.070492643159583,0.9715626581001278,137504.64062915504,109765.97452872172,0.4897602442440658,-1.046897620057358,5.625327164376149,3.3118676021812754,0.5434174150564738,-0.2178554589976697,41.35942114199489,26.572735198828063,0.29953116949276,-1.054215170924222,8.268588173352638,5.129635216761506,0.2871816211989934,-1.385683969392468
232000.0,2.624761473838926,1.5412401923537624,0.126264328028988,-1.4672539927710395,33.77832967251154,15.784748137338372,-0.7336961933394558,-0.8574434329137768,132673.91373925676,81239.7380777177,0.3595637136722908,-1.0079443194469389,5.177696947331592,3.025278078424685,0.1758885187337359,-1.1660523423687996,46.23285134247458,24.116275046783656,0.2854553636025654,-0.6283786527682822,5.687284326997272,4.61202501783108,0.6605408858808892,-0.8977910075234652
232500.0,1.415952320401707,1.004048738305337,1.0246059661187712,0.5721163330499661,35.05284398741045,22.03405506736349,-0.3336804116292646,-1.4741227181303846,80728.95071257728,66444.15429814352,0.8796016645049932,-0.0591866688415287,5.248700678747306,3.183564319486673,0.0346025466990519,-1.0094007466503965,47.71966512149276,41.906946879154816,1.2590344471507886,0.9589702282109024,3.627123552224416,2.9649503909102317,1.0741058522474796,0.7913629155641551
233000.0,1.5993740683287432,1.2136699500457375,0.6266654027270483,-0.8205120074261418,28.48387592851117,21.018632945462027,0.4039772252778441,-1.093283980381596,79790.09675982577,58974.55446224532,1.524499713104804,2.906169057549479,7.292182479253299,3.902441604356793,-0.1916624122206338,-0.9141760869144936,68.09079129283393,53.68555090650551,0.8343710488848133,-0.1456327457671147,6.612278090051489,5.549001090828651,0.3781269527226755,-1.399729849756142
233500.0,1.8883153898375291,1.7279816232122285,0.682400067720184,-1.1483808127494706,24.918846523652142,17.862167228714366,0.513504311921013,-0.6717185897179352,142660.54218826452,72141.78599770069,-0.1870062407994918,-1.17601891467438,6.547770264211268,4.208502217877669,0.7465560633423965,0.3754738858420361,62.160336796079285,56.48727043148302,1.110942424565347,0.1815029473118623,5.649550705317913,5.168261649216329,0.6126977101381176,-1.184460664386146
234000.0,1.4499371793020193,1.3505023468349702,1.034306005431335,-0.1223351255095352,20.158634998785526,13.20471013749761,0.5746312045213035,-0.0530829361855444,157774.9934161409,98078.58043516093,0.3219844934186463,-1.0052313575323664,6.243982828035592,5.232667214900147,1.0514248323637003,0.2160003679409903,50.08838703510106,53.10850946551256,1.3909864074960756,0.8735240875315551,3.509811570840531,2.959287454105468,0.9687714631319072,0.2398434326418455
234500.0,1.191734873247428,0.773195677239633,0.5861135395053241,-0.1899411872506755,16.421214519878458,11.08795733472912,0.3118411249870145,-1.0531628130266202,176778.39437125766,110787.74109569032,0.3214582178474851,-1.0012209090638922,8.310727852345076,5.36607909883107,0.1899794784093999,-1.1935915251646847,50.3755447113416,37.31639339115888,0.8361651664950871,-0.0639821641975748,3.826543787607582,3.155255181310685,1.1299759815643924,0.4034245281512842
235000.0,1.8501437443881128,1.1433223712059992,0.2890439557210715,-0.7216979445668734,17.965963326797414,11.598375154085918,0.1851030694181051,-1.2301367776233834,135299.63683453356,114083.25385669532,0.8551654184979627,-0.3135183618553459,8.12719650313915,5.606991452900873,0.0549079285358973,-1.5589018935553347,29.665688103016222,21.058513368381774,0.980850823369581,1.3840295565628074,5.135336166438255,3.8538445853708967,0.5760271047391218,-0.9788097306166286
235500.0,1.803182941845444,1.1623546866604302,0.7765787698632427,0.0481876447494937,14.746588955201531,11.01324665741117,0.4218250704588895,-1.2392217754813966,104227.88639231246,89712.6999252411,0.863563810181839,-0.2104004225197702,5.344117542408791,3.7135121692213486,0.6272785017358029,-0.4571971858969341,33.93200095621372,24.89186664770531,0.8301545702998143,-0.0197013830917698,4.123734263809718,3.323517795912629,0.948907682098161,0.0091642703338274
236000.0,1.5491430188485338,1.2113354847777635,1.024861229335992,0.5552246464329,12.13350903170121,10.036717346219865,0.92314314905916,0.0987744702850497,109961.74549102408,84998.91601620702,1.165756619481502,1.2602477777773968,6.525743418451448,5.08689541610333,0.5909933871499967,-0.769883449484543,54.17962270614118,35.96852961623626,0.1597424032564652,-1.1591947522140742,2.9880146798297864,2.763470312547819,1.245284310021498,1.170995743130212
236500.0,2.073273445253974,1.5186521310407703,0.771178796729447,-0.1535197108944226,9.284187727095864,6.286415981901075,0.8605166201703986,0.8316533463438898,166739.70401773954,119361.10378985024,0.5633278341203589,-0.7214168247268442,9.94895034173116,4.991081328443251,-0.39040265997286,-0.8613167212699118,50.19782983801147,34.81798307132649,0.5645910750662998,-0.3209017862851242,4.01578197212042,2.853809966413112,0.9860798454610632,0.3938931762166326
237000.0,2.802382194952751,1.8425324024810608,0.3078341027319805,-0.917403526123712,8.896915071073854,6.56417058593274,1.045337591816413,1.1122725896232089,129779.99162768008,115080.63836212223,0.8898172551126627,-0.3052090214754264,8.084428880688558,5.673363106982395,0.2835907279474718,-1.1715479820358887,49.735698941190506,33.113022788319675,0.7804361375902895,0.5016925155081617,4.288210051211309,3.5230991196283497,0.7512216997001098,-0.5643307957317822
237500.0,1.842893847047668,1.5469033979850386,0.8626839482635105,-0.010221266706897,7.083124049031244,4.697834840726786,0.6021417293546396,-0.0765747797217826,87344.35940097205,75885.75230999134,1.0402778629415388,0.3516159203010982,5.8845887165950685,3.863549705378334,0.3861130102638935,-0.7854865950337881,38.55621744468951,25.445185177108467,0.5116472067697959,-0.3089535711594227,3.780185217724135,3.076373239745212,0.8906313974559305,-0.3364038207941275
238000.0,2.5068386956134265,2.0850978056165395,0.9223787788457258,-0.3217663155018195,6.429868868358989,5.043782864838564,0.7855399759124252,-0.3057196779704552,110378.49565024444,73023.88387695907,0.3685985488076478,-0.9069904270661496,6.816791734360215,4.981144448042077,0.5710107738260347,-0.7514062510897612,42.02819621667365,31.288598923654064,0.5355595292292594,-0.8381666159982397,5.198492946067368,4.3272691693376455,0.5449052656228063,-1.0687341044800898
238500.0,1.936498856631261,1.9854446757509785,1.3641176759373013,0.805226657945981,9.021498866431946,5.282564421787881,-0.001019925165527,-1.0785070543765594,96138.0701875732,57492.548214326176,0.2290697481483147,-0.7452954405926775,4.8409139745347405,3.917326105513632,1.0168624383686318,0.2470661283165567,30.431532469455508,26.75642878349411,1.109477485975028,0.3248090592848194,3.899977670850972,3.406772627739105,1.1466105081671063,0.446346922980779
239000.0,1.7230243214245402,1.654157214060938,1.344707410632341,1.2048974035584,8.251163014203659,5.379350551672847,0.2259876819549845,-1.0111536245154311,78968.41379669843,57387.17708787666,0.6487141471735108,-0.3574953259519007,4.418056377491686,3.14981966174482,0.7586202431900498,0.2153581791771666,31.523799517365497,26.116034716354577,0.8924760583732988,-0.1143853274727981,3.9601308591513535,2.444474839716512,0.9432349530633872,1.211448575535635
239500.0,2.238855381489429,1.9566578053789876,0.7554927208257912,-0.7048865030704472,11.614195034835468,6.78051769302048,0.1350328787742106,-1.013687488569556,128253.01759744382,71224.59284493103,0.0311119495875781,-1.0258440026039686,4.446644580056649,3.095777313799552,0.879221766096155,0.0544866574092348,30.641695422197973,27.61711298281185,0.6964699926770037,-0.871946022172637,3.365370532133578,2.918503132561559,0.9258641276298044,-0.2277285723118063
240000.0,1.3760494178592562,1.197767990358746,1.2353099265301468,1.1060257778249687,14.367858155375046,9.049296933955766,-0.0064915486406954,-1.3083080589847975,90637.986672732,62070.364903864334,0.4092454962899459,-0.8395316416108862,2.7243465371377398,2.490897957203739,1.1209578398199662,0.3956207800674773,25.69065288133863,23.199711323797366,1.1786128132293645,0.733382269228751,3.19623663831516,2.2176122129540885,0.8270484767588538,0.2598279169858872
240500.0,1.7924000168152652,1.4524919490512482,0.7907835585729794,-0.5341399243931302,9.63789090453562,7.286957133752892,0.6527532679900379,-0.4337815131090838,112266.94975645174,94692.16626997798,1.235572561545719,1.1150396811234806,3.4919315301642206,2.2849962153613594,0.6052438017848217,-0.2285888800817006,31.32044322504003,25.42880153051417,0.645181168063013,-0.6794916201474059,3.888510275664259,2.4814709986672154,0.3216577585552453,-0.6621609883508901
241000.0,1.373205047362909,0.8958296299568608,0.3516527133530961,-0.7803373904773565,16.079988574465368,9.948659821773813,0.1383734156117858,-1.2152009258862444,159965.84675930644,122248.35509489923,0.8463805685694925,-0.3268340276003645,3.733655615526872,1.967855322361139,0.0678345555390262,-0.8648945010659665,25.097009384884736,22.475628320559224,1.0771091368171852,0.1456839680474573,2.9244503195023315,2.10712785831774,0.4961943082989798,-0.7901504111121405
241500.0,1.2760918226204503,0.9770173985600682,0.5621020774012664,-0.800645243554845,16.781328357685315,10.430365085451424,0.1802542862565533,-1.1800492254037718,120153.9064665162,88658.80447798541,1.032361753406921,0.949062458122992,2.5977654040686566,2.042551015122109,0.6858118969513487,-0.589365988859849,25.8610008934615,17.30709119557333,1.2415033343952544,1.705813449446663,1.967116848120975,1.4045784589198012,0.6431360791125191,-0.3790088545009147
242000.0,1.4553319552056856,0.9780055179812024,0.2706295042844516,-1.0629372284439769,10.230644018465476,7.010317791749049,0.4511774839486286,-0.6359313872774481,175729.5607929421,190799.89111055929,1.901793582760068,3.268324711028522,2.626964963960476,2.123483052022752,0.715391747207789,-0.4874059245018363,18.14141690306411,14.750719520478214,1.380650419985939,2.069299491374969,1.791190569976398,1.5890655745008089,1.115659988033849,0.2241308942667861
242500.0,1.4836043883603516,1.0244839677318842,0.2332363559477211,-1.1344913514848851,20.399718747892692,10.56467915053515,-0.2377159079106818,-0.9473888957384204,280126.4174837455,283747.06658029224,1.1217340552809416,-0.1314769903641766,3.2613049407579524,2.2018349126027426,0.5554960223323407,-0.2510273691957145,19.51409799229891,19.30421614339451,1.4883750566373597,1.6997325458817034,2.42723389784354,1.7201433485801068,0.3879755403200154,-1.1007646744284088
243000.0,0.938420040400306,0.6367296901877618,0.8454574195552286,0.302135124063259,15.969741693988814,10.911341820244056,0.2746309098025876,-1.0615925481465447,295540.2562974022,216672.97234881343,0.4378048492027424,-0.8432401010002972,4.548358111060284,3.106308835911442,0.3888001904253506,-0.9056111088345448,29.582337675744736,18.72116132873191,0.6509994991542045,-0.3934383773781245,1.9096603783856725,1.202222058526188,0.2178759879871652,-0.9901163679557275
243500.0,1.7517132048063784,1.425518229307746,0.5160862130052576,-0.8197392239707035,10.829451157090393,8.838475503698906,0.9988375371645148,0.383109650070939,303783.3899186597,281076.493058198,1.2855180648931104,1.766633985076285,6.167646629817533,4.740431292692062,0.2479730603780346,-1.437472279018254,20.75448344169379,16.040602676726603,0.6283381262967095,-0.5679335044447753,2.0075909159063032,1.5628436574935765,0.990047015172243,0.239546429996365
244000.0,2.10045143912484,1.6649093542189184,0.3358362720159788,-1.391726771798792,20.088640061495767,14.550307382872605,0.1124093455474248,-1.3908624151612283,498614.37698644935,510018.49074665824,0.9295297874079956,-0.5509869892432588,6.981826031164997,5.168967345622932,0.1925122806300695,-1.4336568645026249,22.21262953969639,18.35785879960472,0.8873467331382047,-0.3070356998685497,3.345989199409542,2.2399476430397853,0.0673090340203152,-1.2953748182553988
244500.0,2.065984072529668,1.4954054667445318,0.2891507928172219,-1.249695889955183,17.57682852343469,13.00890331701222,0.350569871663996,-1.0457587882685189,606488.4230194552,459042.9683251296,0.2827899524202876,-1.3520478965197766,8.589983993127495,6.192897052161609,0.2479953846002374,-1.182284523888527,16.223312558529415,15.975233662898033,1.483189195908507,1.7187967882657746,1.93057763480496,1.4844424705578876,0.6783008903216102,-0.4489589014648545
245000.0,1.7614018280798276,1.34462362414269,0.5601008974683348,-0.8465932630496389,12.341326332816932,10.049096512450811,0.8610202336609367,-0.2706224924495126,319257.38266789634,269978.2083382505,0.9435026960324238,-0.1010753125674845,6.2299508284745455,4.480407943265837,0.4029388737195373,-0.954544336491734,24.31377164032494,19.24657991857431,0.7546493572921931,-0.1622748413202197,2.048817666494289,1.5325873208207512,0.7492225273281131,-0.0849338633771648
245500.0,3.150758588142548,2.0983602382248727,-0.3560651170386645,-1.631981331028142,18.459224586913656,14.545437508863332,0.2979567753062501,-1.3353285832135662,659818.2063449047,590291.6523556038,0.5695273474337427,-1.1870026716115758,12.054491132174892,7.949863158310355,-0.2276447213284403,-1.4506140599028945,28.96043313704001,18.91675289506844,0.1565352695268126,-0.9023735434433932,2.971450170141136,2.15601185965558,0.4201445351301505,-1.1645651980744376
246000.0,1.607186021386031,1.1686369092147253,0.5335565250521908,-0.7800786743978607,22.0661502071035,16.75014604807594,0.0117698932658234,-1.6691501661381962,798551.452059379,633827.6964769433,0.2475625014565601,-1.5487274225655925,7.778277885688976,5.238124450232813,0.2775147979370286,-0.9742129269987778,42.15274196554519,20.37319876641827,-0.0369442199330444,-0.7015170680054661,1.9952492465945544,1.532707928454894,0.5595958537933103,-0.8275091895973596
246500.0,2.2206313484543383,1.5492555591147537,0.2529026605339777,-1.2097452776767452,10.285341081506155,8.380731988988387,1.2837795778589922,1.504707164031326,327633.26169761043,285752.2345513785,1.3503915174337089,1.2857862440080297,7.873224627221519,6.595246294941706,0.7505555027937274,-0.5784925178432356,24.433796174648595,21.776017909874472,1.0352099689113885,0.1644669872898201,2.657476858315136,1.9666685232304075,0.4894311498272045,-0.7651586334912186
247000.0,1.9431855409619585,1.3760699595415722,0.3218421713436081,-1.0227669316566363,14.612149209861515,12.99375865458395,0.634727354518194,-1.0612488825694055,597866.4324607191,448623.7220502556,0.3261505301735335,-1.2529017560128983,8.059456709573187,5.782970207460578,0.2342864752783993,-1.0442375255075331,30.92918069396676,21.50843084359253,0.5848973764114984,-0.4134425047165129,3.341049627012996,2.72136757877295,0.7532341086861961,-0.6675383351360864
247500.0,1.3075346129550038,0.9690623810972064,0.4915720217447474,-0.8561445382304065,10.49194742519477,10.365659357099794,0.7621280191723621,-0.855689813424727,541316.1572178883,550143.3394860598,0.7483692237392356,-1.0603951807653618,8.385221075250914,5.873279251450177,0.10718500030092,-1.3935380931943788,33.55512842221634,24.611943877891942,0.0580717345246179,-1.5015951490432642,3.174196968040133,2.4780615538602864,0.7753418618570541,-0.2699162861312683
248000.0,1.2819160361638626,1.1020860339306748,0.6424893278624412,-0.9578920359356728,11.985318723491352,10.945700605035237,0.9941888765150536,-0.0315207655225466,357180.6145909399,343645.3005067274,1.4067465734662217,1.4809593063242303,5.176567889422253,4.257737185623923,0.7058074973787047,-0.4388692539988663,17.03416870312833,14.369726214833358,0.734086003647324,-0.5536933715224923,5.059385060309397,4.007566056989647,0.5471709546112423,-0.9459842854749514
248500.0,1.0232649239861382,0.8566821184918895,0.8614285327753595,-0.2242379169374579,14.819357321024308,10.60701669580327,0.6642079356515032,-0.5983249361920207,323125.6801530835,252429.23456497875,0.719706074547216,-0.6593204856326413,3.920779526183137,4.051292993141038,1.0869089559747445,-0.2218781842475254,20.261729288888223,17.760072257715137,0.9797033530210524,-0.1902268312383084,4.32880761046883,3.4325492900760994,0.900541310133652,-0.0587492906144362
249000.0,0.8481584938846203,0.6776733201630721,0.8044862663062633,-0.437688656817897,10.412248499930838,7.620097757230355,0.6619026286995673,-0.4642602258406825,311165.75449556665,301050.33647984953,1.1469295813060574,0.4058262766801195,4.245080333742006,3.620602069513421,0.6637742831353893,-0.6323159751662706,27.56169186904036,24.93275450493004,1.0177753718792149,0.1512756904307823,6.638033668229014,4.780317221945071,0.1056987564468179,-1.2743379708214024
249500.0,1.191119999730333,0.8796259508756546,0.352053286371255,-1.111356142593504,14.750134488947555,11.84471612451382,0.5231514438294183,-0.9781485128995624,314958.79542426683,326029.6886827203,1.20459865571982,0.520665711556465,4.277813326395656,3.623152631728701,0.9508064866567256,0.2122242941771439,26.60311559885913,23.062944174538675,1.0645309368906892,0.2819925706844128,5.126727329635342,3.6036616654857614,0.4911828149589803,-0.8437832771131397
250000.0,1.02907426786709,0.7378319078885053,0.5555495685366013,-0.6345601506372698,15.253843399782944,12.964786564131956,0.912809604057478,-0.3379317169300297,205092.0662776262,187318.59462866688,1.2511570308749698,0.9920040321218916,3.645152522666068,2.893605703357034,0.6831831714960642,-0.6785903201700472,20.18710625195461,18.081381910075606,1.1736677514925908,0.89031333158955,6.23843750803958,4.528710932002732,0.2732224710327071,-1.197077715468725
250500.0,1.065036679701749,0.8083805502644877,0.6020363586465595,-0.7253203749867128,14.877679794573986,13.088459506590617,0.976457149073641,0.0604155315303862,403593.96491648944,335479.0940483839,0.5487180432692116,-1.0551166990269794,5.695567664274592,4.726581857919679,0.5571884163742586,-1.1682162720795883,36.541161390696445,28.907165794892947,0.8150578710242634,-0.1353203654686128,5.72251068802832,4.393177565350711,0.6059202956906456,-0.7705549324824763
251000.0,1.0737306664764052,0.8531574689639435,0.7392243947256297,-0.4459427919209777,19.671134832480494,15.901104880126102,0.7323595922081994,-0.3567665821205783,539802.7448070161,446670.017230616,0.82774022533477,-0.1843193716099715,5.909106787969496,4.3985443572396585,0.5306555967953508,-0.7985798392449204,43.07481243727239,31.81065263721696,0.3928320600281398,-0.9583919242453628,5.446079889215589,3.754406781322019,0.2476636165601217,-1.0108016897548489
251500.0,1.2527498084646822,1.0124273008950126,0.8499393561835307,-0.1190867605214376,19.270928631443343,17.00470450675437,1.0922547419561217,0.4492363470396698,734457.1883124692,553227.0835339072,0.5331442073704235,-0.7348001322484761,5.803456378716257,4.194435068118399,0.4545728028308392,-0.7943351867882131,47.4352610817661,35.37866522015935,0.5348399952816317,-0.7128973378401442,3.195756664783199,2.5811345088656226,0.7135475933683184,-0.5684475539758105
252000.0,1.1606870054123362,1.0122717842158395,1.0610939259746857,0.285189419908145,24.688389623357068,21.860304723315725,0.8618216346698219,-0.3884208486982907,485830.01361251983,401395.2828502008,0.8278298179052465,-0.15668310216124,3.366673435566167,2.8743665076132,1.1212592182208128,0.7485475374167345,28.56277107982138,25.055294453757877,1.1673088014810444,0.7057431828989298,2.965258892921598,2.1736339772826256,0.3992594733691981,-0.968410080204583
252500.0,1.2202976786838284,1.0207405214579095,0.8447393777562989,-0.1477677116361393,20.10874033928008,16.99180351302097,0.8723258438067003,-0.0798649991511482,614298.769325355,698248.5430901751,1.6311954546117724,2.079578068246903,3.3391378333092563,2.225771136003574,0.3452113119859603,-0.8661809018728515,30.50781651575468,23.247138661540102,0.7254498051195098,-0.2880693219926957,3.5316766813727365,3.701935453601605,1.5937493928565596,1.9575576504079384
253000.0,1.6541838356058818,1.329843586266756,0.6875658561358208,-0.6269232506703468,15.94543951417349,11.89845170905592,0.5749436910598423,-0.7129335174295681,1745587.629670869,1657547.8363832638,0.8767954610405199,-0.4330575761815689,4.020540117978004,3.2720311149677674,0.796655649234946,-0.4079152861895219,38.42155436696326,31.710285754121895,0.6299038396607486,-0.7789133090462221,7.168185840299678,5.439347433199642,0.5365472263530292,-0.647456667617933
253500.0,1.921458388711824,1.3961678476002175,0.4361999375353003,-0.8832682013996083,14.35457909481838,10.72456913066878,0.7243585515967621,-0.1418576092735586,2691416.7655248125,1937369.2177734256,0.3372184089768616,-1.0573823934041715,4.836320003223042,3.216921164445371,0.4496784537638495,-0.5456659367005168,47.43420583865954,31.22689431988492,0.1681782062143833,-1.114689221477157,5.8008679045159806,5.1445782404225975,1.0000559797118314,0.2121005595499046
254000.0,1.585449768019487,1.3185571193707135,0.7859005458908783,-0.3634622265606118,11.9360997230518,8.55645876504651,0.3603644618722346,-0.946693384800716,1696855.1989737947,1649095.904890395,0.8747296137452536,-0.4732299489519174,3.5456360889609817,2.678526354961415,0.8661392623905276,0.6006746860638774,34.025371428105004,23.912782887310147,0.4850098221377051,-0.8728526052808814,5.784635022820034,4.694983197137537,0.9167825633961456,0.0048164286714542
254500.0,1.6289750588544674,1.3331772011621743,0.9095435247533136,-0.0374926823987507,14.895272954321934,10.712631830343,0.5524773897876727,-0.5499749031818029,692427.9789529662,866617.405931975,1.5048938982935502,1.1803772316546883,3.483235796746712,2.447971702900565,1.0868160033673384,1.6612972608554513,31.17977978904637,19.34128943557292,0.3660935459422258,-0.716192320209637,6.180638697111357,5.060763548211264,0.6586022823770236,-0.6964178747540988
255000.0,1.82533547907086,1.4350238744782735,1.0247951113809273,0.4821063763509818,14.862670477410385,11.321393558623486,0.7056339004763031,-0.3661749619944245,451567.7517797966,423088.1737086201,1.4847609388734966,1.924038047667799,3.2808763948802366,2.444713488945285,1.3764221576171711,2.905505131622549,29.82060732073968,21.22448223636673,0.98032350001935,1.074028965268505,6.568236996243393,5.494697183185286,0.6753849651913041,-0.7292234052159654
255500.0,1.754317347312582,2.049967858289222,1.7084628625283165,2.115247683678704,11.565563745091364,8.926397366043949,0.7121517166705349,-0.2601513735668348,398010.7526019013,374169.2292632196,0.9631355396251174,-0.1913346665645243,3.417733411577448,2.6715539934964325,0.7234912930653046,-0.2247503554614587,19.780499933289985,18.755594878926416,1.5251395765427491,2.283894935564451,6.693603900182393,4.97604176425204,0.3683414255120865,-1.0216383332096342
256000.0,2.290993038226308,2.1563266524330094,1.2816824472239374,0.9633455418264512,12.095368773015904,9.083259820272358,0.6521310432778272,-0.2960271414899953,242411.40989599584,257025.2667683554,1.6652026003914238,2.1461128192222256,4.6176781650781935,4.534952406875646,1.1868378431869695,0.4199138824445398,20.437211430148043,15.920350203495287,1.0917528293927252,1.051898375690442,4.874904566698714,3.5750215077675453,0.5383525443713001,-0.6959630656353153
256500.0,1.7233276989414914,1.8656808683968176,1.5669125451870236,1.6648257360261098,11.894731945605608,10.004467058256036,0.774194346746099,-0.4617132274969338,170288.4227261361,184671.6027061454,1.6684706261723832,2.108851603725745,4.847419793979749,5.053577263694091,1.5652297054433408,1.7622303168446063,23.15850445861602,17.605921851015452,0.819262254674119,0.1239701986953578,5.04236394933763,3.35221189908068,0.249467489028397,-0.9788891700571988
257000.0,1.4329897907984788,1.5743519909882338,1.5725270387092607,1.6873802682807597,10.223740401289064,8.712467870570459,0.8077309851938458,-0.3002441547380354,105210.10787493308,115971.5559796236,1.7667356589965668,2.6404630163924807,5.035521615026432,4.231920653578901,0.990745494443455,0.4811331817203408,23.9583585439863,17.81999401487953,0.8445118826518561,0.0090385666294601,3.103178329603014,2.424799760557598,0.7448029568454934,-0.4625031018204599
257500.0,1.1380359149625543,1.1325084975952495,1.3936013529510585,1.3677802720262768,14.187992218282211,10.80128372616947,0.4640346358730663,-0.97068082387905,123830.52404677776,115263.43067349642,1.2421241516835495,0.6784327529124785,3.176158145704918,2.6743991194856305,1.33130682698934,1.4961571103718023,23.198257036764154,16.52314633185892,0.7284403718676146,-0.0509785086265641,1.65264181206323,1.7789653117834243,1.5026887640894016,1.5726991855383643
258000.0,0.7958923978408503,0.8094002464150927,1.4141290743103283,1.3711267100907447,14.912396086251622,11.928775341779655,0.7788725417878927,-0.2910010305918571,144382.6286739328,136876.3250407464,1.2936722284722753,1.2078630199827076,2.5138139305286686,2.045215960287546,0.9562909221868784,0.2289557041090115,19.051445201466933,14.810550814526596,0.7867523834736636,-0.1454069921555016,1.314204961892016,1.5927714666042792,1.9671875161687635,3.4524522939586357
258500.0,0.9936445584363406,0.797649003658338,1.047076662713839,0.9194564764052826,13.115503430522306,10.999345514014207,0.8432894277972756,-0.3142937736864533,181688.403012608,197317.9272679284,1.6572174883922677,2.524717904839342,2.1339154401425646,1.7975482145967725,1.0867629280821527,0.5052750305401825,29.277226398339323,25.16251918821836,1.1153730281126626,0.8017585116529968,2.240452756022366,2.0335706795522643,1.1646787475011713,0.3411791583631558
259000.0,1.338979351665708,1.074321854061698,0.942262275496958,0.4257816438776953,11.83592311671867,9.236250139390808,0.8965645428995086,-0.1697462090030215,305836.8320727623,347653.65408166935,1.612505773513497,1.9472274986982008,3.199385823232942,2.611133727579315,1.1135538399208316,0.9937205697410764,35.247490080960965,32.88790795104906,1.1860426964226254,0.6216694015691462,3.4746337419999573,3.158941857124401,1.0418133887782148,0.2213970300452707
259500.0,1.8805105739192651,1.6026215561755168,0.7482727207365829,-0.5792072169238627,10.771773603011914,10.218819048388994,1.1368966238024316,0.1352708624935203,629392.8983493802,739893.6951516442,1.3148688622844698,0.8649388464236507,4.6109402946851095,3.587448071871419,0.9194285168446226,0.4479509396964305,45.017585543737326,31.738775593396557,0.4042164280679531,-0.6919327460902052,4.802012701668404,4.999129939778306,1.1284030471880455,0.1571311961541246
260000.0,2.2220395614723043,1.6564962253591804,0.4887210795855284,-0.9717175040308632,11.453109331832666,8.961676803360438,0.609530117135717,-0.8061686717565899,1327954.9160523498,1309195.0691038591,0.929302808499708,-0.1970357622232526,5.783972915155867,4.263519614386843,0.5930314279847121,-0.479358800593848,44.828348207194594,32.61243538107377,0.4146638158998494,-1.037824724006156,7.432357085704763,6.388948552900509,0.6720738040093037,-0.834041936360455
260500.0,2.443509238841837,1.7295517821808866,0.3533529469405287,-0.9388621783079252,10.973403319381593,8.206841547584993,0.9017099295552988,1.0116140377876173,2185154.9099437213,1681464.54690888,0.5457679152826144,-0.7725099775826179,7.167178139108147,5.204904956856644,0.3813580950980761,-0.966750273241772,55.91618366149014,39.71633870464287,0.3023488717197766,-1.0891378940280856,5.99442845384771,4.737504903506721,0.6263940049008964,-0.4299446514458784
261000.0,2.343000203867849,1.9629325203508596,1.1529930768310517,0.8495586745395869,11.121579251722824,9.981126636668902,1.2224658305466365,1.1530508635364898,2968737.562451815,1869730.2741360543,0.202264590626421,-0.7935927006886674,6.387413736414914,5.060077565811446,0.9697550118544968,0.3556874858221377,49.29686643063673,38.200007487374094,0.9080897444544443,0.1669726977878953,5.4450665789626855,3.96218464681136,0.5279837690194785,-0.7365010020765439
261500.0,1.983885858706735,1.7775426461838262,1.4701305396784208,2.049457249728797,10.519589082878252,8.980357589600047,1.4284181429486515,1.7874434893075437,1598979.7612494384,1163977.157377988,0.5763127108475771,-0.1291844894040186,6.083322935358431,5.278776346266009,1.0777159722728846,0.2832547632192304,47.54358669148122,38.63984574202394,0.8473951763407666,-0.3966955133486078,5.6035519379767,4.156490622740932,0.5355851385235599,-0.6634399497369992
262000.0,1.6391621440946695,1.2028439342861417,1.22521887082847,2.157269512892313,12.449092391665976,12.782803208908156,1.4745892230739228,1.455878098180264,573396.5222979448,567360.6969172184,1.4180314851100977,2.007504472439956,5.753678242113199,4.01532598679559,0.6789417994287907,0.2434111362060487,42.70088736327981,27.646382438088363,0.3389674219929454,-0.6630867037930939,4.742136342418233,3.610115358082631,0.8694016728741037,0.2764764355711424
262500.0,1.1005133906417583,0.8003248744549804,0.5293332928763984,-0.8157059310658505,14.343098376652607,12.08979564376557,1.0602188352816209,0.3311315561643408,252918.8969558154,313692.34108338563,2.562800153078046,6.309290250224564,5.187620418491528,3.996044069333789,0.8876580485192209,0.313692760692601,36.95574710576857,28.77525394889818,0.8451210699863273,0.3460482239968661,7.72624144988793,5.087724605445067,0.1087027546461767,-1.131318169288407
263000.0,1.226292100754707,0.7513838416622675,0.3044620271753678,-0.8495926416616988,10.544338106109157,8.912038206883842,1.0723335500727509,0.7061265701678221,150629.509255738,140095.8604504332,1.2234562179670323,0.4900306229535425,6.638654295425928,4.235267265406625,0.32321187878531,-0.8908299017613652,45.645815858939855,29.240392563657384,0.7427520232998598,0.3060149852061418,6.675002899485986,5.32981967070541,0.6889713745126698,-0.5832088786062157
263500.0,1.1712395813246388,0.7505520114426236,0.2836081593221411,-1.0195085264850543,15.620675106865844,10.433370969227571,0.1243471685775323,-1.1608281346822558,115162.22564460013,102315.99544283997,1.9736159882764837,4.665044554005821,4.805562416621541,3.910126251155572,1.0202214630457198,0.5822690091706542,41.396919258674174,34.4212694590719,1.2842182474536543,1.320151552452648,7.966568621469131,6.790675097109634,0.6407111670390303,-0.9043683796249886
264000.0,1.132361984595151,0.7344742186100879,0.159313918123202,-1.2730289622435111,10.945452110580032,7.949816877666628,0.5670869395291065,-0.5399828143835328,67932.10658482484,51273.13346067938,1.0042219534054042,0.7799740186551247,8.810016704861342,5.012810223250639,-0.1371832887236502,-1.149247502633186,70.43312103007266,40.00854433508087,0.0691908542028227,-0.5969169903749947,4.705930806040717,3.710105004820211,0.6856046425752477,-0.5739436673260201
264500.0,0.7946030693084972,0.6209210413131163,0.8057507366553109,-0.2993953452971882,11.238851902989406,8.816274238780661,0.6867409481054576,-0.3324983828326804,54639.043621102144,47334.15630843511,0.9841986906782572,-0.0756568371086792,6.694660648926482,4.882160012531604,0.3349357816010699,-1.173144394032623,52.29587121179744,37.45272904997601,0.5498025502209066,-0.4281350158961219,3.643990394652911,4.433802865120804,1.7722988277736735,2.438747346120179
265000.0,0.6760315717723089,0.5108331749324929,0.8141022362035375,0.0095316905362823,12.319840624093736,9.062173237221492,0.3888851696709916,-0.9965166155037464,55232.40798765457,37616.975528663694,0.6098073485759145,-0.2697663782787183,5.295583460586573,3.6134126232922426,0.5164131157327535,-0.5079866531460935,43.690914808433554,31.76594439232176,0.6113688329830672,-0.467088938549232,2.763711656674587,2.3190067019198994,1.0332850243651426,0.7562864723231169
265500.0,0.6880264766759345,0.5527496483042246,1.0028516931971885,0.1670775741086596,10.27619699346696,7.281395319842172,0.3965761832761861,-1.0892879927226486,65204.10514469037,42711.585708044026,0.1818194497179735,-1.182124634609129,3.684370362646888,3.2004353388118223,1.2450004450861707,1.1269832582053505,30.44198555414723,24.311071971547165,1.0927495216960017,0.7444156086750358,1.8002621695810097,1.8319704335606135,1.874543060642943,4.26208935020152
266000.0,0.9667099593552816,0.5890232884543077,0.092917259847002,-1.0139784579302458,7.718956478436409,6.44351682330722,0.6861244752742218,-0.7718585352822007,86043.62402187582,59668.52826208334,0.3986221315265145,-0.8258023990432415,3.546881899803015,2.4619815088736705,0.5060709614449712,-0.4849495400839583,30.969825834625503,20.95233904361197,0.3418575163784486,-0.8428593182371342,1.765112872282029,1.4055535333735572,0.8702100951292467,0.3012847857492304
266500.0,1.1897558880621069,0.7868737348686742,0.1006080064223599,-1.302622276303175,7.330759626239049,5.459015136795396,0.7947944416348909,0.0374779205449247,107802.37528333992,71718.84877868376,0.1710259292416985,-1.1205761828922345,5.62054387606671,3.531005238673187,-0.0406224093463184,-1.181430059749968,49.71588813473369,30.504479993606573,-0.127378044836388,-1.255134306015563,2.7167026105872822,2.1321321315747057,0.8482800210561691,-0.0450553831960669
267000.0,1.0096110485155885,0.7233295864210566,0.4109096686698974,-1.0024532121827467,9.407481386369174,9.82270061598401,1.2533545146577805,0.5135646183552458,116949.91544042544,84197.25057669438,0.4077532533961932,-1.0189466167830263,4.5474053604671365,3.1950524625932597,0.215489975595085,-1.2813055860448554,42.15183949568637,29.68200176291336,0.175263676059215,-1.30696822141848,2.1185766092935263,2.101269712131158,1.9651595708096672,4.20193141618106
267500.0,0.7401277254656302,0.5803980597340599,0.6487508890784546,-0.7219935365706553,8.233170793137257,8.655171751963726,1.3762576950542038,1.0331906341863697,106774.0604163674,75863.11470903383,0.4795154167783162,-0.7416071916373053,3.2206539987773,2.559074843385478,0.9685625483056016,0.3626692295548137,28.883614105690068,21.82609979183741,0.6074240270742007,-0.604023783243504,2.4596099884431544,2.9583742683683827,1.5394286354413036,1.2540117354998177
268000.0,0.6629492870219822,0.5405149988247931,0.7284627659430154,-0.5886971914173031,4.551284983744528,3.814570939391728,1.892494431478966,5.19767416869982,112896.25763406976,86373.79765928039,0.654989361479635,-0.6423532855205396,2.488506123336198,2.127818670803468,1.0075473793393348,0.0457754009714901,21.21045301859448,16.747974091329493,0.8805082746584698,0.0314181008162792,2.7908859243984407,3.4111088271767334,1.335066192914133,0.4227641620277
268500.0,0.9680088847018372,0.713555604829498,0.4116755053538587,-1.028507010448162,3.6051431998699672,2.916106718025701,0.8710783716174809,-0.0576499285796257,126647.73735773042,95167.54602119816,0.6450231887926517,-0.7238963980115432,3.024513617847284,1.7756969823421922,-0.0264860122936935,-1.0832638699566084,23.470294990530245,16.568664890739075,0.6142492301381077,-0.2412159231838897,3.0595829783168504,2.8211914172254384,1.1859679278524498,0.3584238407153668
269000.0,1.2461515079725298,0.7195030451562884,-0.1014494347055331,-1.2144923772049825,4.924733800572178,4.237565566102777,1.474864083346313,1.947793207933774,152069.82398748025,95333.3849115462,0.1944300082258805,-0.8973670671045926,3.028175812681416,1.980880342653701,0.1250046145902265,-1.2583086122393503,30.087066758397203,17.419516390781173,0.1318058215137189,-0.6925314075903444,3.748630314538228,2.412941693643989,0.2473241298445492,-0.9748001896197094
269500.0,0.939337992695168,0.7404617264643703,0.7402889938733088,-0.5113202625816604,6.837403041892327,5.772608618016952,1.1575673882816353,0.6490841381246915,139537.1433804082,100184.3600392728,0.5983241093229162,-0.5677941425992015,2.469856520912786,1.7515720746373504,0.5738866066819189,-0.5547561171394721,22.0275459696442,15.81321894946092,0.3686895351430095,-1.1659283818425286,4.249742219317602,2.672839476486312,0.225657634923046,-1.023779843559938
270000.0,0.7443238332375905,0.7110079703188891,1.2645522355024132,0.7406988553223735,5.610409945472063,4.148381512397871,0.8185119054169528,0.05642779047123,122708.04082893752,104152.51324445216,1.120001949442346,0.4579456975447731,2.547714533575811,1.573407580692825,0.2338814032911393,-0.8634706991404326,15.737055993339576,12.39133360460782,0.7915280621298242,-0.4513872353527994,2.534878147639271,2.180925673581634,1.1660741827636956,0.8458740842535928
270500.0,0.9184569410084532,0.8320214873058384,0.9192807217298734,-0.1911786219231834,7.067533562283818,5.148415855483971,0.5047767742391684,-0.7056572263244685,158132.02542105742,120754.94155633848,0.7865306843073961,-0.2814284892606027,2.031230624564307,1.6981351526214663,0.8058821496767785,-0.4116416585869693,17.335430816148175,12.417042176796215,0.6474225835999953,-0.293023749625227,3.2064336545450063,2.6823737633558085,0.5820857291464794,-0.772319938851783
271000.0,1.2473263821231424,0.8797791538428682,0.536594037564993,-0.6097658791969227,8.71326156060901,5.852980086625219,0.1658241968974601,-1.2816559215643015,160802.805803111,128861.87257398712,0.8807820031153851,-0.0943074062501843,2.886688720356588,2.0265558464885003,0.4695906773932676,-0.729170825179787,19.81222607316278,14.212215373074535,0.6934743589374899,-0.3421112500445109,4.930307086846076,4.148879146864546,0.4156622404360752,-1.24322279892439
271500.0,0.935610129149884,0.8031996626021971,0.7675097829877867,-0.4711302391551006,6.894093833515418,5.511683326386757,0.6796693218887927,-0.5859873932431303,132416.611365999,117327.68537131784,0.9743034964368228,0.0483923910105814,2.844398646851308,2.5280304185542146,0.8073822377388483,-0.5127595055281327,18.999164496983266,14.978113332015376,0.6782342691818422,-0.5879882508712613,4.480291330298132,3.8965752174158967,0.899081892360986,-0.1342893195319265
272000.0,0.5651945234515215,0.4567433714760727,0.6714154397843648,-0.60829118391614,7.605746880051002,5.254299020398387,0.3743060071161929,-0.839536057147344,110082.14224094684,81858.95565491523,0.692339429228037,-0.3766818570913508,2.906645593317747,2.414833718596575,0.7866945740483113,-0.417073556780795,19.667256959517967,13.456513118466033,0.4151717961424408,-0.701216467186589,5.79546243291833,4.863555715400022,0.6739892452098046,-0.6854110084934466
272500.0,0.6922046231540862,0.4810021787977271,0.386447002750075,-0.9541698389029158,5.521586128238846,4.38354715353243,0.7258395331240667,-0.3998790172322524,101860.45449996756,74259.66521092234,0.4504751546745724,-0.8069269344796095,2.367676695095556,1.898828514541028,0.8284691097669692,-0.2303088288913062,15.750312510592826,12.872458116527913,0.8180094431145568,-0.2869799307435814,5.289843449843324,4.4932772809281705,0.6512068550880855,-0.7703617884356944
273000.0,0.875612484404336,0.6331954866418629,0.369616246641538,-1.0945713165151247,5.342415396917272,5.320730959875654,1.107286535098586,0.1903719780669934,75727.81085059837,57265.31498936244,0.5500187826521383,-0.7800300668624507,2.68862155233516,1.9096199255406212,0.2518456493806974,-1.1632876627845636,19.07606944284545,14.024404103676506,0.4653069434669138,-0.8059252098997445,2.9939018740648016,3.3413423503776896,1.217764938745038,0.233005259115727
273500.0,0.9581657801349815,0.7014642672816076,0.3541389823921244,-1.0641898845388842,7.130894841010562,6.391288204209996,0.9939911674096612,0.0197289803456679,100403.3245827365,65831.62927883916,0.3586000210488959,-0.9019193166568272,2.359107001658706,1.7733645347775535,0.5888051096451086,-0.6433525525914958,18.59360483460337,15.27729890569152,0.8609617020584273,-0.0693638197861639,1.5965261855565296,1.4979157302874613,1.5705873496676763,2.107414810013423
274000.0,1.0533498125266,0.8146181518852571,0.6293169035277099,-0.6416243893846416,9.28921649248298,7.017142025640899,0.4193116979987378,-0.9638367928108048,127185.1680500083,87657.16935047059,0.3954691376317707,-0.9437773451984904,2.7336244329878547,1.8369054298406875,0.2838480982709568,-1.0579188788248337,24.77712788647468,17.928828718548164,0.4510987221260871,-0.8208106326293385,1.3948368515885825,1.0979340414361731,0.7109278814819521,-0.4552428332929485
274500.0,1.3104172095866924,1.0999448481270775,0.6166969580763224,-0.8263071029404592,6.866940873701256,5.438237406862821,0.4855938371841409,-1.0430246687627225,141247.43931997326,104592.1662821756,0.5020124400111793,-0.9021163054098524,3.13817148651215,2.6498997014377874,0.6861031515961414,-0.6143958265080531,22.64574394099994,18.80331503288605,0.8171614062470606,0.0688493281585675,1.954567224587608,1.2730750683484928,0.184564704373903,-1.0360072731967276
275000.0,1.7676344478805244,1.29963737345173,0.2469841026009251,-1.2731879869366218,4.945718838821688,4.617056426512499,1.2153293977244322,0.6033972552006519,155510.79075983545,112001.66616243486,0.3970792479521087,-0.9777693054681268,3.741635009550054,2.969864574109142,0.5953322744021362,-0.7077533819252868,27.405871645122723,24.83001672265956,1.2345991629381137,0.9178064254628446,2.665343712338216,1.8172443108894976,0.326196555022205,-0.9814779152009124
275500.0,1.5447574718929389,1.1166247583777988,0.3573746101403172,-1.062595071432133,6.186606055558423,4.486770580375623,0.4813696024851725,-0.8797380004036426,141320.8594667197,100091.74770759237,0.4608934706249501,-0.9277889715569714,2.952880393711835,2.4031083021202813,1.061175129726653,0.52799270049724,22.605056414616143,22.484695454830053,1.5209817707451716,1.787529639361165,2.46932220158458,2.021059783742992,0.8976321815203284,0.0067064063762423
276000.0,1.1445818110909871,0.8927432369666656,0.6680707825102926,-0.6330216788254508,4.841237623259337,3.919581070586783,0.997528568528445,0.544792812743959,132197.78943668611,88841.89471273245,0.2904440590122791,-1.0457825542838135,2.2954089495985146,2.028779789918173,1.2078221042809023,0.9214158753594606,18.964994028911484,15.433418368813678,1.1269214754512111,0.7792612892372675,2.5591317155355866,2.1071582865084,0.933909267868996,0.3017858964293904
276500.0,1.2519716568781891,0.9355658091608736,0.6507755808102509,-0.3833092753755487,8.07879770415565,6.054303603223678,0.7738954128204459,0.091007219089279,120019.0593062888,87559.30729381324,0.732621882331678,-0.0778625879378158,3.0056236083194965,2.293630537945192,0.8824606129829149,0.1760987559993241,21.97180324098876,15.98723188999738,0.4273662453333501,-0.8629806700405522,3.531139918201931,2.6730559198410098,0.7680747906333408,-0.2481149353680769
277000.0,1.740012907395616,1.29148562106363,0.6175888218255364,-0.2354715454894962,13.1606058349518,10.444084316686371,0.5864404915166485,-0.8065339031185674,137231.36343080373,123216.026366577,1.4207513062901242,1.4915936613162657,4.660172171131273,3.376295175381085,0.4808763049360984,-0.4047569211032709,25.607447873871724,19.20265485796524,0.440335392739477,-0.8526110929356316,4.071967857771787,3.138341798877811,0.5385303412059502,-0.9382569992389796
277500.0,1.9247156331462427,1.4645885900700613,0.8785724411263229,0.3296076773704213,12.747585565099568,10.03324900599367,0.699605734875385,-0.5516062566470454,135196.5370143615,131460.7150062544,1.4144431783406868,1.6693401352408357,5.628262379753531,4.308777107770262,0.6072978717622531,-0.317250489077403,30.69641359524671,25.152647251354,1.110014331777657,0.9214651252406498,4.566863759683304,2.8964888094628565,0.0672680645455068,-1.0805399963314892
278000.0,1.4599221449242448,1.047621802069718,0.9721033245625316,1.1037933010568084,17.123365205002006,13.747216662676434,0.632842462260351,-0.6393597426217581,126766.91371747803,97871.11043683748,1.0833257316445657,0.9629580614182638,4.692034561624437,3.304638911625374,0.8519601299387478,0.5586612850244461,29.88866084808577,25.194025778367937,1.124049456699463,0.8382858134443478,4.247144229212489,3.0953837605139345,0.2569422007941807,-1.2658426800664502
278500.0,1.3237232907138223,1.0097215771566606,0.8584809444268414,0.1548701866049708,15.258907354534,15.175005398511484,1.7418095910309075,2.741592406416556,131801.20073459245,102384.59501953836,0.576354291869241,-0.8338469059429285,3.676972181712108,2.905459546748465,0.9086658888810436,0.1360493705849355,21.37569477460406,20.10526260703025,1.3616400019687398,1.0730941413176938,3.999402039821872,2.975909137448362,0.8073014771836512,-0.052494775769972
279000.0,1.4499300352378122,0.8554711790562202,0.230108796152507,-0.61447022765975,24.946074034985195,23.118025313939075,0.6694425368144011,-1.0284266754177256,141363.23801996303,107459.2769394228,0.7877778189106828,-0.1146052949793765,3.612549209419041,2.162445733652624,0.2800038448225385,-0.471906624504907,18.77704458703063,15.501956771145638,1.316564749819039,1.507502415112702,4.386948696621534,3.1113396379391305,0.5332783555098404,-0.6574630260459053
279500.0,1.4274225234737807,1.0990176500179027,0.6915925167919503,-0.6870120410174221,13.471001786900954,10.37711030785925,0.8756475701992193,0.0589137610966119,168082.48862173097,115499.49795780962,0.3050381976371681,-0.9660193136438298,4.127710098331052,2.991809079539246,0.4734389203489689,-0.9016579094645653,23.58315030673903,21.172087536756017,1.4334842803082852,2.010119603160242,5.776775418254303,4.114388272050804,0.6712691000742258,-0.37908277597329
280000.0,1.7674822962627308,1.4191785910842514,0.8365799996703578,-0.189523372854901,28.79280572810393,22.5744746213673,0.3807371768361809,-1.4887144391898544,218192.8130117992,188226.83864807183,1.0134428391834422,0.2933075205790918,4.140166340919439,3.168352695820538,0.7178948242130401,-0.4178940224926695,31.32952455215453,22.487081967839615,0.8601443219725666,0.583303229631464,6.184385358670364,5.305471264565221,0.9681687153560168,-0.042119832281227
280500.0,1.859492315187104,1.2527031514030964,0.7139185246243271,0.0105167098483067,17.564028058337808,13.74886457033399,0.830729564804117,-0.2200973393902949,329110.37991879747,255707.09709575225,0.6829215188087383,-0.7803679758721556,4.601884263138468,3.654248262065898,0.6187478873218865,-0.8157934814970966,36.53697196068008,21.90742586131944,0.3274096926789924,0.180495294926871,7.661339622423366,4.864575068072522,0.1001451341067677,-0.9535844927288246
281000.0,2.664452517158444,2.082038349794169,0.5123196187497003,-0.9202991458876366,24.33885927972465,19.026465847633222,0.6394250802423336,-0.8220702036265388,375237.65005651006,300678.9135059107,0.4691784611160396,-1.1387953699812945,6.176837718424963,4.037917706951482,0.3460886845003231,-0.8249862450637391,43.94683449287724,27.878518893089705,0.2633860403918157,-1.0259623404807123,9.820443029890294,6.827600760526609,0.2947207357808974,-1.1473094429642634
281500.0,1.9028282447092424,1.3222518843644038,0.5161826532670811,-0.8970410008948528,13.785595898906934,9.941278921268236,0.7257220033622004,-0.1703223844176049,364765.5281136842,374113.912215147,1.2078828543839384,0.1506777790299343,4.017707517638844,2.8206031356667367,0.4407380259306558,-0.9364755207729608,37.946380865988274,35.80334231943415,1.1203769667474277,0.1951070001719834,9.476891609979246,5.95665144156568,0.6735100142224956,0.2866288542383031
282000.0,3.7674564368896064,2.4789382893765177,0.0465340539994943,-1.301517943664702,21.389339174857465,20.823393660747197,0.9935361803437116,-0.1969349769461281,654447.3374671215,501091.1960839079,0.1997858220468289,-1.5586934432185895,7.156885110147275,4.518100294888895,0.0230113454011584,-1.2035570123718051,66.77549395471499,43.31986902900948,-0.0012127194629453,-1.4020472894258162,9.736768814328157,5.855614463639325,0.0062454685483474,-1.0155120129207311
282500.0,1.943164317020776,1.5689094154289145,1.000229531500375,0.2582151760323188,21.211093661822776,16.2230106234656,0.9286073249098667,0.0171650559333267,315348.3146775009,278376.06843109854,1.0803262505100544,0.2976875185109073,3.819980408147386,2.740543846274724,0.5265059803660782,-0.630806899651815,35.4640245316496,27.75640548657014,0.7655832726914669,-0.3961867633192391,5.386105343081025,4.128034317212596,1.2320053800080155,1.2320343129627682
283000.0,3.3809728101495966,2.1643579253349605,0.2318333417715883,-1.0431337914856242,18.096911310744947,17.721213013139966,1.3665826911934869,1.1790661502553252,551354.6684857139,459213.5253256989,0.7571574089307812,-0.5852604110882909,7.671656391784538,4.096533926999193,-0.1734613110263303,-1.1335218772814064,58.89279293557429,40.21395841354151,0.4948180169986413,-0.7048325023032058,7.927744681156962,4.83876059708204,0.2230038111151882,-1.0221743357797428
283500.0,3.5253696045906078,2.850584536493346,0.4126984052763593,-1.381460942932314,31.205966333566707,20.854298174276693,0.3749745869074329,-0.6672311262551998,754604.7484309766,581544.7082170361,0.354907375334278,-1.3643791185193743,6.850471218605316,4.774808708053548,0.2396176965928487,-1.1802113303071369,73.13050220449928,54.25390510693611,0.2685774467864605,-1.4000785028671887,6.82940758539461,4.844186220278787,0.3947124787111428,-0.8727771356406011
284000.0,1.667582132736273,1.1893172343372618,0.5774075397094163,-0.4079968720837739,19.72750805664336,15.191876923217986,1.130567148907765,0.989972413235956,319243.2945386215,233394.4684229784,0.9453115578328112,0.6748216380337917,3.9140360478100273,2.290593503705661,0.046292791611465,-1.0706393469393152,32.710613205614926,23.744672654556805,1.0066654414445413,0.6742759172643074,4.960465489587089,3.27326445363918,0.4436560063953781,-0.4664696013821605
284500.0,2.851231443319307,2.6255294996532714,0.782555547519129,-0.8271429918392812,23.220182199206118,18.86071299758543,0.9620799005489648,0.2695586104172802,576900.7367401378,527727.5840094313,0.7528439380888248,-0.9243289625416612,6.365726449126678,4.714002626997073,0.5874441660942553,-0.6985979378736022,51.92961476070006,43.20434913000615,0.7753657648506228,-0.6057132808207051,4.868360621408955,3.569548015474957,0.6523532227563926,-0.5981380048967568
285000.0,2.120989939377074,1.9910146771179056,1.1613141991035074,0.4262449975678439,18.81265461089694,17.944336270134375,1.032648717799561,-0.0102951120126242,395217.3583179278,375156.9561405947,1.1129002338704557,0.0919807177140867,6.06492846206149,5.042072515209672,0.8072033516800524,-0.3518890660036087,42.26719515699008,35.70248565089776,1.053683214217729,0.3538643056708448,7.331498157625287,5.373040494544041,0.712779955511981,-0.1393554382404151
285500.0,2.102672723216388,1.856837080823529,0.9598161583599676,0.1819388858439445,16.165641375235907,13.180669320156769,1.1465166303717755,0.8442226012559115,347463.19123771455,324343.7121170034,1.242183766908802,0.7712210620351923,5.761969361562311,4.6339573546594,0.5279818641119425,-1.0269141174335803,42.87577227817025,30.335240028331388,0.3797797814529573,-1.0141240856701157,10.560420658573996,8.633344739709356,0.6280744620432864,-0.8556828279656261
286000.0,2.562428477919715,2.1147864823988263,0.4510579937913995,-1.2063808106856178,18.67455741549108,14.030285658681445,0.343335495438167,-1.0895354078566175,362449.23762270913,329069.04829566134,0.5887887347030715,-1.106878359772952,9.85961784537291,6.122837380343,-0.0489237315847415,-1.3022595266494466,74.69501073107773,42.30794173844633,0.0053163826639784,-0.9033555634628914,12.532888035862827,8.900774560256053,0.5272458089826906,-0.6611968514701236
286500.0,1.4214471668925792,1.2225043470674395,1.055254229790757,0.1200949724332822,11.564742530193415,8.86714632723356,0.6999058748742996,-0.2929519345766933,207012.3821974917,189182.8648260189,1.007830177345164,-0.0751441305315441,7.539838675010447,4.80401468266316,0.2133952893244054,-0.9722036740887124,62.23919758718144,42.27990242848943,0.263811632145102,-1.168421550341914,9.593309531873372,7.469592726257364,0.7323686160741392,-0.2681544991274553
287000.0,2.023110575433661,1.7362019134182862,0.6870631226726059,-0.9633397633268208,14.405644059456506,8.387292742814697,-0.0770652037396327,-1.1498827924122448,205130.44225846988,220413.2855928488,1.0251956027296767,-0.4298781688423978,6.796250987843197,5.938500397025488,0.9756381261263288,-0.2689440565527339,61.30256801927901,40.66837581334077,0.3151339315592908,-1.0076949785464508,8.138170660896472,7.929360820813131,1.3533189945133135,0.8717805422055922
287500.0,1.5694692217663324,1.0717684495033069,0.6301291185650061,-0.0441302597710722,7.653872199612452,6.164006118040268,0.847118361519934,-0.1648064609084456,142195.70899557063,119183.93186800215,0.8438462436666246,-0.2182018667647476,4.876454350900253,3.1847662505285697,0.3986684086754904,-0.2393297192685648,46.42253071513194,30.15075611482833,0.1868870942396779,-0.8829863584122206,7.945243396709384,7.93958761239905,0.9233048584499802,-0.5263067882922559
288000.0,1.8092310208024776,1.265286567037671,0.6831607555556924,-0.1971091070082296,11.835026470947827,7.181560210933003,0.2583572925701273,-0.8631658767321864,191761.8355472331,151381.62329080654,0.7153738437391175,-0.7025460485546389,5.537645864054464,3.747404107828043,0.6964571318924602,-0.1140517992741707,42.01682949766165,29.32924835078201,0.5915762526650503,-0.417536314108788,4.974775787654092,4.885098890516955,1.488353512234874,1.60977786766255
288500.0,2.4473255527462303,1.5810333911381538,0.2810772055806439,-1.074492927634897,13.504821522256533,7.747281873314509,0.0361190328901154,-0.9723790868096812,161143.3208988122,110735.00082471163,0.7232733429251782,-0.0394908357336798,7.468155330719317,5.58453747840383,0.5392137632520909,-0.9545885907110244,55.40134846836752,36.823146564553525,0.4307740896806917,-0.8604298482425272,8.150692838342945,5.6934306745743655,0.6289952178077095,-0.6302102921611756
289000.0,2.2879672263079813,1.4285091179317295,0.1574008080512964,-0.9688386755411948,9.52012729347558,7.090961966487677,0.395331678379672,-1.227375254457934,166544.3903026541,89634.81635718924,0.1352489429502426,0.1628550223872591,5.833964462533317,5.369918923504722,0.825681092671211,-0.6118629712881622,37.07009890707612,25.90084859686801,0.8924871086687274,0.8154078151487716,8.776879726071597,6.167617583687142,0.2948679150697434,-1.1839882431254447
289500.0,1.3847088135759085,1.0636371069778137,0.7024252663124702,-0.4081540332126945,6.379763887909979,4.865981629041664,0.502459123451481,-1.0122210096517,143684.80595050307,96682.12969297262,1.0740556945470057,2.020194098011407,4.048663608653093,3.862895325852695,1.753960163655503,3.059128188047133,30.25042970554153,25.049591889851914,1.303215517049556,1.218332147315075,7.651130983564963,5.322349165103617,0.3247036781201102,-1.2730874452825192
290000.0,1.9060442942894116,1.1313974476390258,0.2990977429547543,-0.9380984820292544,11.6245314365575,8.944152717488635,0.5696787152486897,-0.620564433873751,157118.68983461428,124035.51690628564,1.234908709664537,1.4610920611791558,7.609768515150511,5.513186383681342,0.8633391135746247,-0.1383705828489452,45.90473925523987,37.994343877097926,0.8162580127118129,-0.4444721051550653,5.883454161107917,3.723454084016111,0.2832041909626046,-1.0143623017409382
290500.0,1.6179557544998564,1.2175399361734562,0.7955222868581912,0.0713383989898877,15.789133464451597,11.834354376841702,0.4207706785326391,-0.933219531291266,178963.51482007932,157626.41476424944,1.1622361977759823,0.5349732766944002,5.771018005503441,5.149913998961369,1.2688518126709627,0.9305105337535466,38.473719902681815,30.143088427023063,1.2213718214065497,1.3143465724405168,5.263077301831329,3.8859508052068494,0.419801963944686,-1.097897351003775
291000.0,1.8122811090805355,1.4356119953946178,0.6921453807768732,-0.3127063578979556,11.055365212561007,8.536862626731644,0.8222746175340676,0.115253431008198,146173.68670395127,114507.63329590252,1.4615403417746324,2.630982925089442,6.520002822840324,4.9414853083885575,0.7563453292732382,-0.3948209929482704,41.87459870571221,31.49744145332753,0.6470373653996998,-0.4545709222062397,4.756664090618376,3.837952109579507,0.7514682257957138,-0.4323798552958493
291500.0,1.406064159341402,1.3087837925379946,1.2044137582835523,0.6196982718766755,16.452771196694204,14.504136091679758,1.1665360780596858,0.7202634314421426,200304.43048062705,189521.2134686695,1.4662903653339694,1.5330405454218656,4.492237765027923,3.50925465685886,0.9754852227953938,0.2539604975099627,40.37124386655984,26.615661057673247,0.3492923815008136,-0.8156153976544291,2.64900633728394,1.972799666631725,1.044449062156527,1.2830318432299554
292000.0,1.3366737591097826,0.9693015976110052,0.659648514182816,-0.065814189107038,21.001978743423287,16.46445518946632,0.6851650610934684,-0.719146122648548,282737.7691856798,182209.2573327231,0.1751087876163587,-1.1422919251922976,4.800080524404148,3.747221608501104,0.8907250062881097,-0.0363029674722072,37.90362063462483,29.287733052102848,0.7574968351627671,-0.3829569105498427,3.10049810205271,2.318909322756957,1.021655098398849,0.6628605619625678
292500.0,1.7140750451394204,1.0987403481936846,0.1974670901115307,-1.0519231951620405,19.01918665441756,15.20698127277148,0.584243803084393,-0.9330440043699464,405446.20357228455,236095.46892845628,-0.1265944441447359,-1.2467371747177436,5.870940269227268,4.243001751614337,0.7201736085913257,-0.255490655290632,42.45646981630408,34.50019721843966,0.9910566077840254,0.2667430668660779,2.741555674761069,2.030271734768595,0.8464039292831039,0.1773665020902126
293000.0,1.0045781301283196,0.9552393038725452,1.3852504552644105,1.3816550885311625,16.09504230971617,14.041405366714375,0.642926094622504,-0.9504325860827604,241368.87842751364,160077.48522387157,0.2948933463169675,-0.8529082845579281,6.899297881028457,5.302222630954569,0.3778128560521577,-1.159811769456402,49.10408324808727,41.21971601137786,0.7151023866865518,-0.4914956726950406,2.041913630210148,1.6640673847581635,1.084712971163574,0.7478167897353072
293500.0,1.2963367364261682,0.9934008304157776,0.9518817314007836,0.3789237906901177,11.631835816681162,8.929796291634325,0.4179171932281829,-1.14312589142767,110486.5022984491,80597.44688142183,0.710262029723345,0.2076438305705354,6.882649208157519,5.41258171957133,0.5536320101414772,-0.810663559691839,54.69243351003568,40.11514853391117,0.3732730942824751,-1.0677693981918497,2.647889830693884,1.8376767788060264,0.530409610528954,-0.3799946680207151
294000.0,1.1626040836991656,1.1611124125057606,1.2825136673056643,0.7078927056532516,10.376324728980666,7.116994258947169,0.5404493489930274,-0.515543047031136,129106.5107273352,91746.71351960325,0.7231397075371759,0.1336375688490592,5.790970167178571,4.097444236033967,0.3541647235061608,-0.8823004243410972,40.342546849655726,33.01957159378253,0.6433628988807252,-0.7018632785735348,3.920394513235978,2.8581650804198477,0.510022147185535,-0.682357786113482
294500.0,1.7958240481628391,1.3164387912068451,0.7282178423259811,-0.1425946885312492,8.991861241541905,6.092271815092038,0.226140222026883,-1.050322059920614,119105.54562702784,86716.17210938472,1.0540336470523082,0.9873995067905912,6.218080615277589,4.965255811044787,0.8292981622209021,0.0188405904158148,45.53587522776152,34.6102862071881,0.6659394480482482,-0.2840645096199101,5.669880711296756,4.236404445500715,0.3944396051138775,-1.0579731562959551
295000.0,2.5842864374060275,1.9009717002026765,0.7199685702478821,-0.1856174571519098,7.261557212363272,5.46002947046338,0.5029228048359004,-0.8041443779815629,119146.5090420234,86118.31804538569,0.8373165027312727,0.50170083075654,6.904284967848845,5.409035040668706,0.7594845098912428,-0.3855500403996164,62.9364744361451,42.78938042601059,0.163397170691205,-1.2162179213899678,7.59555934804296,5.518621821966075,0.5694854910267123,-0.729450119058447
295500.0,3.4909569944949217,1.997749475227663,-0.0896824660628394,-1.110725450086714,10.515069090204255,7.2679576058331055,0.2939219645326298,-1.2271714299567962,160920.2259614959,139376.45414709905,2.049773657166728,4.792068402218067,9.479432802130736,5.662595530015289,0.120869714340667,-1.0473309454677973,83.23985486106491,52.12633927359752,0.1728557148957463,-1.1067239767607264,12.087750091157142,6.422747828428694,-0.3712607995486052,-0.9487809511386938
296000.0,2.838966799877734,2.295582100571268,1.0803111007243154,0.5370108552320518,7.680857754281116,6.645354401033394,1.007324288822721,0.0363421617125134,159962.6261203375,133338.26468548953,1.7469484103939483,3.789657750526928,8.278433151108363,6.675377904215994,0.8046287326036499,-0.3104415907276925,78.63248669467494,57.28883536874294,0.4392619968981684,-1.0752188098981674,7.533569510565181,5.642304557054566,0.6052162808358088,-0.6625059675821987
296500.0,4.246087319611807,2.6912391664122453,-0.0222335423159455,-1.169185719087756,11.318251732208166,8.053249024863165,0.3857879760292045,-0.9129229903419877,107713.56040612368,97022.51885583485,1.3775899276358576,1.550571788823456,10.694351535296104,7.009372210626829,0.2350467907171686,-1.0370747466760974,77.49568908151176,56.60692850950618,0.4636508898659102,-0.8902810544732258,8.857737227082346,5.011074092034092,-0.0431857413837575,-0.9335788423855792
297000.0,2.5216089830950468,1.9586740468289987,1.0236623517297667,0.5368225060385257,9.621443921448092,5.828720315220244,0.1589394815341887,-1.028019202571358,127225.94196097064,90368.812064921,0.9159690592336872,0.4940134243709555,7.844911233253193,4.792146103243291,0.35404501555851,-0.7796579152827876,66.57842053248771,45.535982375183664,0.4579912400041678,-0.8781370296411066,9.058222128038588,5.840198260291052,0.5741308811694934,-0.2847224833431983
297500.0,3.1778345140311925,2.0340584295058157,0.0977062080616145,-1.082975103179646,12.3442996240208,8.460287399219176,0.3014803431281896,-1.053758055211537,151789.7194840494,102961.88321396636,0.841656255382512,0.5277743738154554,7.273380417430963,5.623158114794067,0.8757637129625615,0.062255059955262,60.776904840010666,47.60477890612649,0.8312976126085903,-0.1566811540751151,5.104114652781834,4.069268222301155,1.2280607567174848,1.5721787642373588
298000.0,2.144508450953619,1.598212532737891,0.6583077279360957,-0.5176390060826472,11.115021393901957,8.422837661903108,0.8126423953844889,-0.2533683539540154,126256.58086557747,108718.61253835072,1.4262288523161415,2.165853638558559,7.045294686725127,4.567181768154816,0.412984669485321,-0.5392064922077644,62.4116557833948,42.20245391404805,0.6461074341655119,-0.2182813282626479,5.847725657039821,4.883428926750544,0.7427162662787239,-0.6597962504949093
298500.0,2.157786949130031,1.3683329410424223,0.2642689066835058,-0.9707388586921116,8.930720028256264,6.746254178624407,0.8496008206967404,-0.0967374971349648,169748.66916780372,126922.81402211975,1.704996919799443,5.123520855063624,4.652979698354953,4.100936711522874,1.0736329077799995,0.3892455965495345,49.8978265665821,39.55510146825478,1.0538484919957274,0.3370567837501483,4.118789357018006,3.0044548643106697,0.5117299874172068,-0.8965622392163248
299000.0,2.2419742394449336,1.5591689332343346,0.4843971597901945,-0.7719541734024284,11.413852563852716,8.779106125133623,0.6315194919055869,-0.6188989738505026,148490.87900387868,106188.20707421225,1.0415825554462217,1.4189398860494735,6.2454642494676085,3.606725530295845,0.1863559036464113,-0.6923590149820176,43.89291030598802,33.09771877607639,0.8635969231552638,0.0666930984653473,5.612347874615733,4.760668354121285,0.6630767657661647,-0.8734677693473163
299500.0,2.000541754869793,1.3172667415488877,0.5631800270124488,-0.2683119733116546,8.339389725341034,5.6275961168873465,0.6242584082574579,-0.1369400620801619,152644.84711738926,86193.05417374821,0.1061435862440323,-0.9214963234443472,6.07571229167762,3.89178942900366,0.339611769593078,-0.7312327381855397,59.89365746999836,37.76575172625031,0.2479731039946609,-1.0685133879803197,6.495342308107136,4.064888813330567,0.3165129164695873,-0.9667123875029908
300000.0,2.4204277453709824,1.754294406662024,0.8419800831689391,-0.0881956763312161,12.962544597145143,9.367154117986509,0.5825571270683726,-0.7505360984332321,161816.5281693405,95395.75170554008,0.0537436253594578,-0.9894399488796416,6.419915782420375,4.113582063969468,0.1792758834282035,-1.2758437758135763,40.185105881212834,26.233241929612166,0.3613776644358616,-0.941943456154532,5.206080339950506,4.312408084539814,0.8404034425174562,-0.3403881764672003
300500.0,2.3221407418312072,1.954337603313957,0.7772762408640931,-0.5720431553823908,10.354880134702723,8.38652714458084,0.7528722599874,-0.5321025041102794,163701.78834124887,102120.0621044474,0.3275131922163566,-0.90667592555522,6.001997152983306,4.122068535909031,0.2403022012242026,-1.2454798791806756,49.33352513698733,34.82902470725171,0.3181098833278344,-1.1378370927333787,7.599443718782288,5.12468838650105,0.307344872164716,-1.0511780216722648
301000.0,1.6919016714907893,1.3672238317462937,1.0446626339861929,0.4146498909810456,13.49162264359035,8.625981886245293,0.5944675477336326,-0.1062824216933275,150669.2072385609,90870.31908982736,0.1438309455788418,-0.9398785480610125,6.2282990633410895,4.895268954707962,0.8197284832395023,-0.2714039834243382,41.65930208743325,33.74959491473279,0.9357009426362316,-0.0757961272372647,5.080693425579545,4.419802581308872,1.0968311101694843,0.5150510478623143
301500.0,1.3458748772636446,1.0700136770026276,0.7991902147616287,-0.3186465471112796,10.100550046174542,7.61772599201299,0.7730330184985161,0.1977878153839927,105190.34574115956,75490.5139652428,0.8318291015504883,0.5218379437709211,6.697485259494199,5.226185091742917,0.6212132392970311,-0.7536127245542787,50.61638031336925,40.512739989517,0.6613100344529899,-0.7558485439202571,6.827313275639309,4.74642279612538,0.5151143740266655,-0.5737125370667226
302000.0,1.10231958122407,0.9760523576158217,1.4426482204577074,2.2914941865144662,6.070959961810345,4.936111331614861,1.0854334923512845,0.6822711385977143,118700.71428257164,77583.5431739301,0.4733347476626966,-0.6052811065805845,7.466513221742218,4.850449033118503,0.3504488797625447,-0.6342584793262316,56.84488938763691,45.009807758808336,0.9893514695556894,0.2816506369015066,8.218318823337434,5.263193508951833,0.3129983997314859,-0.7846072561253936
302500.0,1.3942767968830607,1.317636522294254,1.4413726438555068,1.841145988099241,6.3641335997842186,4.304009741457445,1.313028590625312,2.52847450175768,162043.852277284,102860.7019103086,0.3759704836450828,-0.7616585523370625,6.787054326446476,5.239200223985418,0.8208046526056305,-0.350634805566401,55.52295507197359,50.68064617449837,0.94949024327387,-0.3409995943575632,6.223064246781708,4.743512256254379,1.218246779811512,1.400534437322512
303000.0,1.494128223182701,1.220395276272638,1.5145876111462753,2.887046936058339,7.076238658678053,5.086241889715101,0.618997476834778,-0.2124973801404563,187758.0525687085,131105.74240509493,0.8446635200395268,0.671095923226626,5.221333676377356,4.212072796660404,1.2290924407380823,1.8509071266597743,38.81081431949237,37.6319863302037,1.306301055385288,1.0467514826965827,7.146217267388905,5.742794393376432,0.7141786807121797,-0.4799837914517737
303500.0,1.2719114390783304,1.1803105895568824,1.466029521423292,1.589441784652344,8.534966216502355,6.731330122309805,0.68611335045508,-0.5127475535737434,205616.52331197704,153968.18566011725,0.5655225412390112,-0.6724758751042099,6.134368912130713,5.202796226995142,0.8122971935516595,-0.4755891841445141,62.86246688104315,54.75180632768692,0.8729091902013786,-0.5309391759107767,8.070458443784274,5.499317276725852,0.5062151848716477,-0.6953854495767704
304000.0,1.8047739487535488,1.5735085686321852,0.8773040897156916,-0.4366469593424367,11.615219598752743,7.40943572450692,0.3412654548874595,-0.424394253540115,320509.16402593645,168410.63393972162,-0.3160478857454302,-1.1352015026808675,3.4693178874735304,2.5097194603784496,0.9498096509467264,0.5613954631251539,28.49732533154705,23.863960206340884,1.2365408653722916,1.3947062336193738,7.141623079138455,5.1416035443905885,0.8153730010786794,0.0618655450491751
304500.0,1.3080670218838066,0.9994077733268484,0.97087990210062,0.3634114078143593,12.450466134056835,8.06958914402562,0.5164360559378731,-0.4677774843394129,215286.7110228696,137347.6868213751,0.3276190866692688,-0.8060502889747454,4.144928720948849,3.331026125725314,1.009064966136142,0.2044825659532203,57.061538974708135,47.54800752146584,1.0178814938228604,-0.1349006895525728,6.866979467146404,4.524942611963386,0.3967289442036593,-0.799486289889614
305000.0,1.6871674544189603,1.4309849180940872,0.856394620929363,-0.2419387668856183,10.46989254224636,8.12573523480249,0.5294996859345071,-0.9005682538147703,194815.16864882148,157255.53573266527,0.7811053350589701,-0.4000550944887622,4.937227910907795,3.519237954765594,0.441177043534507,-0.8211163274427964,47.14108955688513,39.11990431842744,0.801668039168007,-0.2874899430561242,6.915383265023174,5.113974546727985,0.4625446832484797,-0.9015996348200694
305500.0,1.4848288450175606,1.1098587372635036,0.3948374010839793,-1.13294112432636,12.094938543718412,8.196191847394056,0.4162875681575732,-1.0618507306754006,151980.87415161758,110440.4812125818,0.723628683135753,-0.1384763525570762,5.927176115256792,3.9214741767968726,0.2237920914881331,-0.9667585699145608,50.30788136704041,32.586069278361535,0.2200087655788193,-0.9822816970042592,9.366325088541576,6.396238772653009,0.2323021282446342,-1.1257827046016862
306000.0,1.4586135951897197,1.0961063457156357,0.6756765844844431,-0.5314383768329507,9.248854120652238,6.467934389310969,0.4383466586887207,-0.9237571521384904,171210.02829372144,106989.17296073736,0.5167855013809787,-0.5981615446779656,6.65605400664451,3.781258717186899,-0.0241242986465039,-1.0573594483598188,55.62654773669408,34.75548564290924,0.1974610743405696,-1.0600717632548096,10.465885939648825,7.655740386410897,0.6450092758822412,-0.2666613464371075
306500.0,1.492875134011123,1.1371558631512937,0.6950345837537294,-0.4170650630615258,10.552576203266645,7.647948229151683,0.4188977492803288,-0.9210631079836776,232414.15390023205,178123.45481911395,1.0012216431212613,0.9357844357751994,5.163601721485934,4.429738375139482,0.7740814678907273,-0.5089018083281056,44.32370059728581,34.93256005509002,0.7168434042695535,-0.5676285341599763,11.620860060084738,7.9533000104620255,0.2382536295484862,-1.09097888848059
307000.0,2.016162869507172,1.4374344302771465,0.4103971911694506,-1.0335765807444448,9.42919381279192,8.004008409309163,0.8704852673534863,-0.3538545233958121,389348.2985892696,281070.99084990204,0.7619878353092416,-0.1788706803341146,5.21048277010402,4.054026781673977,1.0017168252388082,0.5369948017629569,39.69236786722134,30.262015172989635,0.6874400505271095,-0.5493790584732099,13.171844144229231,8.055498848104737,-0.1952094684710436,-1.301953147778192
307500.0,2.5673828676563986,1.7574313355370026,0.1890534291485413,-1.120804420249228,8.95930328079233,8.14598891313825,1.0577665898676711,0.1095779872810376,474932.5242011074,507184.33768081,3.334865191085896,16.555793385334553,6.967141828507602,4.585243819099667,0.1576587087823068,-1.1549000123323223,46.2188730458579,37.979878074575865,0.9059118123381198,-0.0907869163822439,8.697478415468852,5.893146432729642,0.2730350421374311,-1.1155376001889652
308000.0,2.1853660029296287,1.7134179278704296,0.7375717746572165,-0.3745899313505441,12.224798061792548,9.061634994831971,0.4655643846689835,-0.9722649451968204,1041160.5063850876,1403549.9840150329,1.7474558315953517,1.928356092491545,5.403252660147175,4.600301275548137,0.9035483077692612,-0.2099917846648709,46.05388484484568,41.94835518495023,0.9387206901473444,-0.2458667550119466,6.685558157147085,5.566804716432594,0.8803604030320485,-0.1696116644899916
308500.0,2.107366354598028,1.524808685706603,0.5050459030303492,-0.8116715842908206,10.224834818553065,7.736144272456783,0.5903631446586164,-0.6677902119063548,1385281.5134568182,1428883.9944412564,1.1614779813024134,0.0625389768893622,4.233789851353664,3.691620480803582,1.4922495841619856,2.862617181002744,31.624893874995795,26.36652329124347,0.9488807923049548,0.1353950935925092,6.0250079942011805,4.416100405022584,0.6107456955360219,-0.5088919747508132
309000.0,2.247500849885407,1.682302363249813,0.3755259848785409,-1.0637673061022503,11.323428454236929,8.231953512242518,0.4452783309407244,-0.9560571804097892,2163204.044839754,2353710.2951760488,1.6626595281698575,2.7225491625084084,8.387898556166002,7.078719210094712,0.8301224495333904,-0.2020103700288276,57.81514609737975,49.39480365294051,0.6971893915772196,-0.7737134505615653,7.716724631122898,4.799281606522125,0.4618952682748183,-0.5934734641527042
309500.0,1.8825026162697824,1.5070045436453978,0.7034877323690589,-0.447333082267217,15.99939637463074,11.617181705095792,0.3591625782902534,-0.991400639043852,3227762.15711082,4021881.2990088463,1.4505688087593136,1.0645809137084823,8.80972578575379,8.218533888599698,1.115880705148428,0.4568005348707298,56.19001034732472,43.32896919196787,0.7365513797436659,-0.4616668758449433,6.178418127169639,3.957699251307016,0.3388130708721159,-0.6571322041768224
310000.0,1.271188789690547,1.1179040064216303,1.2385339282322712,0.8543161945294373,13.889587786472784,11.825994691196,0.8354403431682231,-0.5857970400379142,4365051.813463051,4799147.467391421,0.8342150893823905,-0.8598171392648917,9.135458776667935,8.31020568406356,0.7531163674822411,-0.906725113711826,44.56428287658191,36.38157744154941,0.7667959920585886,-0.3859902252594183,7.418026100023463,4.889277924000921,0.2815710055507023,-1.1206021794865533
310500.0,2.42160573224242,1.808394012535266,0.2609724120548131,-1.4325132256751218,13.670095981635749,7.668964880213267,-0.0065002338825904,-0.927480124154798,4735187.122087828,4504836.210841854,0.5415539658902195,-1.3056711901402895,12.539921165878487,8.8401210227662,0.2552332490577337,-1.2269884001870213,76.35846462823915,56.37483686279423,0.5238309176649301,-1.001698391971145,8.292316217869702,4.973653496312735,-0.0563017246887987,-1.2270389515519806
311000.0,2.2421819024617378,1.7787109350297734,0.4257718225336161,-1.1086241447495022,9.15578198351367,5.19356279104787,0.0021229619059376,-1.1012049255552776,4535301.089793206,4357983.723573772,0.6186288763616433,-1.2157943139320049,11.564938632457167,10.001613588912068,0.6313456115049649,-1.1072623771109396,76.82599813033247,72.59072912998671,0.6750519026738087,-1.08896244020481,11.7438574663416,4.99123458116867,-0.8493670571684242,-0.3793538037837178
311500.0,2.546505042061861,1.500691066969513,0.2235635593336273,-0.9618729956678932,5.545721558349387,4.031663028501978,1.0799794213691258,1.7243335416503325,4456602.732947636,4190592.467831848,0.555334953815754,-1.2115011987600626,12.473359628469009,8.041300306570022,0.3854354432322156,-0.7715309366066241,81.95511531640997,62.28531256237421,0.5742921932222788,-0.974522837777886,13.830342145761412,5.278094168848655,-0.7029705239644496,-0.2894307426735665
312000.0,1.7311003488641044,1.4440674276585808,1.2998035118965348,1.005696391427425,11.33568318607272,9.570814757247954,1.0631274103738872,0.6552215301634012,5368106.424333868,4819750.864362831,0.7143461908780276,-0.3380522740782155,11.364828819850926,9.941244071226487,1.6159472772317354,2.4438972460407085,65.26175799071896,55.095099948437685,1.3685642677409606,1.750763661564875,7.003491161657011,5.0962471775325735,0.5805700474176355,-0.5861970727981984
312500.0,2.6617347439172736,1.5417519248685576,0.2421036797785518,-0.81602146687817,13.215382664907557,13.888849244100424,1.4067650535849954,0.9697234704141366,6784316.631045148,6505055.743962199,0.9141177920964296,-0.1647298209712939,14.902948549034614,14.255111533590002,1.2064550047747953,0.4053148237993125,72.28719907429185,77.74660242867041,1.3912404368210003,0.8446762629603253,6.155786425123953,4.540367870906036,0.702555043010584,-0.2833484910884851
313000.0,3.1037318044616558,1.755986308124447,-0.029669498463643,-0.9590254621200612,13.071252552742674,16.737478982845353,1.5447357809906852,0.8834643383860383,8397282.87332973,7585826.09093019,0.7177706648934503,-0.6464646283840723,19.412322732920945,16.092382773635503,0.7630686962502794,-0.5084353584507229,105.67330893194996,86.44750143734164,0.7891778071088721,-0.5081251660732486,8.435229319991636,3.780587697569045,-0.6603190649440318,-0.1858916852328263
313500.0,3.097356783257645,1.811268437314532,0.0497925543855893,-0.8891815966892604,13.215319415186883,17.42002511095114,1.486481173844428,0.6752311102066102,9489006.42187903,8031284.525511213,0.4950385681604178,-1.0038328538452692,21.23146926129256,17.615722575472162,0.5301502812986001,-1.0336286008703324,119.73302810983286,99.12785204291184,0.4314279408017906,-1.2395469360444806,10.171769824397462,5.17148892174564,-0.4584438254053252,-0.5852550666100984
314000.0,3.1239677092598286,1.9027359030778528,0.0252486684365299,-1.036640409785452,15.895335264709246,17.290131099756056,1.2870355245299157,0.2502258599053522,11038139.0506342,8400745.509753397,0.1625853163220767,-1.3513892401281198,23.090174282771397,18.65647826476704,0.3139121521037845,-1.432221146777354,136.99231881234093,108.3747917743517,0.2379025447833083,-1.615459221724252,11.922456852175882,6.242648487886869,-0.4787796053269272,-1.0392336374532418
314500.0,3.3787023763919937,1.692417695247048,-0.4448188793135273,-0.526951486842373,16.276476200726364,16.28991772776872,0.995823709928096,-0.3322281011308878,12237151.582311336,7921918.420043806,-0.295052859141126,-1.4497703194952312,25.202073957022822,16.65661682520064,-0.036645461414515,-1.480157195000206,149.93771428657044,105.3195002777752,0.0469732220877409,-1.6268560866592974,11.506691130367562,6.270054499561984,-0.4825701054088032,-1.3292117622386572
315000.0,2.3663343533193397,1.7799458505781314,0.6892664910692822,-0.4476277599788743,13.023207453881197,12.40133271881168,1.9361733855282135,4.426759643645788,9740704.819302008,6259395.866295971,0.0856989478592809,-0.9479001169298972,18.26011314286089,13.220987806717591,0.717969099163505,0.0953526595844134,111.91601010051426,84.0166315671102,0.8626515193876472,0.1757170593791919,7.272876154683672,4.970549620201757,0.5323505897602538,-0.6385642696466474
315500.0,2.737634781030448,1.9602224126167955,0.6133765924663507,-0.3455963339461743,21.118770711653436,17.803550800790745,1.1025194101456437,0.6673535752768052,7842685.864994842,6776851.988021295,1.23765009474279,1.0707412633487072,14.791106211077096,15.422215631942551,1.4974122908988694,1.3851484125892393,94.2739286169396,99.9862015669602,1.394901726113043,0.888787467190034,8.016863120332737,6.386275608934086,0.621479608714094,-0.8621065324363197
316000.0,1.7129750551190503,1.294928556006546,0.6726172312344603,-0.2314696907450311,31.23969163625669,22.23313336578033,0.7858784349859186,0.0599586915857139,5807683.949572929,5675800.813675365,1.2002093591554177,0.4136461212750069,12.064671831476964,12.512463977542462,1.2615477250871057,0.34612122303345,79.61363843125395,83.0780966727901,1.24325331497982,0.2318569257999136,8.350402019662033,5.95371661251877,0.6643634451812269,-0.1225206691238933
316500.0,1.43945898827705,1.2288045076506262,1.4919722557511377,2.557307240877817,24.72233188285009,23.803849597138075,1.2893282372833963,0.9303321961274356,3224908.5787288896,2688559.3972787014,0.5572263529624513,-0.846869286913031,8.884355065338672,6.340095960094526,0.4472993526703065,-0.8857812368221247,64.34978734913756,48.931280865437024,0.663751871800967,-0.4630423016303031,5.3027913504738,4.416679686202344,1.4872777405879327,2.062058740905904
317000.0,1.298071243128013,0.9986910638248224,0.9308033143389898,0.4270608028771216,29.79625529658504,24.315772574849813,0.785732879960839,-0.1922741750972023,2455256.016245951,2304285.0189659745,1.68989264017856,2.830872133750862,5.701456225375364,4.320710763213133,0.5436672218969457,-0.7331602638873753,49.8207509682147,39.69456510770461,0.8622559449511797,-0.2087749475537643,3.678588244770687,2.9967503279652727,1.149111146729274,1.0169085670071594
317500.0,1.9380738918392488,1.1419197401734889,0.1270714637559324,-0.9070330961897416,41.4138788589465,24.494544122276512,0.0183862489615503,-1.0020685738230817,1240555.9887511518,854437.7603324291,0.5161152650388982,-0.5589587474085951,5.456919237402578,3.6109470377483848,0.4404462349944872,-0.7498417384745264,55.44991752766783,36.5792500618607,0.5249888347997868,-0.4814330957008068,3.825752175435825,2.583771814408579,0.4609189350416791,-0.5078932690722984
318000.0,1.9103446349387097,1.4054115396842988,0.4081017238113253,-1.0125856741466994,23.919538173931112,18.587015522079888,0.7862619937434976,-0.0643962371978856,1173118.035415667,853869.9321195489,0.4412288939515991,-0.8359431478027823,4.0903272708498015,2.9857787202612567,0.6537971375976115,-0.1901017502357911,44.12632183327352,35.58964573000103,0.7404711509990323,-0.5200215161106474,4.820295571338018,3.4327469921546467,0.2234206808771674,-1.3288451490452202
318500.0,1.5483748930789976,1.25728912031579,0.7932059419355627,0.0330131144158607,12.310066122165354,14.763724533938973,2.0808368602311167,3.86078797856535,1015245.213293467,793884.7676159429,0.6308754504925169,-0.4257261029699823,3.767108829359665,3.3659818939230144,1.8429823352657984,5.081315590370837,39.88756729743231,32.7141075301984,1.0742788728997554,1.2939031505289904,3.9197755826055,3.099088016752593,0.6470661164476383,-0.6267399955001283
319000.0,1.9051710178341157,1.4587737601485733,0.8241750571335336,0.4206216806820944,21.46921930960404,20.660310612495262,1.002053064719482,-0.0773737024897331,815143.9243560473,649003.001751146,0.8565264688686101,0.2908699091649973,7.482345326759276,6.4234995767245024,0.9638030213390136,0.2248348605160006,54.859644560680216,46.89470085786167,0.9105141986475218,-0.0486797821631164,3.917211375319408,2.9312104938616623,0.4671345406193409,-0.8838054569492977
319500.0,2.1199545895745056,1.5930457568258916,0.6346984917684622,-0.4177909993033748,30.815664812558303,24.64757772079441,0.8526607440262522,0.0090632542904485,805892.57108615,582798.0851544731,0.4215507014547516,-0.9559040534262166,10.571007511305574,7.694405353293158,0.2910129299073725,-1.185908390248761,78.82008668572391,54.66063663668462,0.2343238700677655,-1.1566666409753497,4.602257840633593,3.3441967922844187,0.42602249111761,-1.0131259032716229
320000.0,1.4143064122080835,1.2500628967682992,1.4287382562375526,2.093967592388916,26.54503254257997,29.847177873014846,1.4763432747623424,1.1482535652531285,528967.4450777707,443255.8284102328,0.5434170662548521,-0.9797006317634768,7.176559932400293,5.4346118697383226,0.6498184948785463,-0.6020974541877697,55.96540918765505,48.81518476217126,0.850111363568977,-0.3152819939193008,4.441322857641771,3.64374651894816,0.8621276718509503,-0.4098681360077227
320500.0,1.9073874336511072,1.1151324291829774,0.0919276796099293,-0.9922213439719996,21.852666017183164,22.043111099897835,1.637309280555254,2.2499183668709577,379161.0803676628,299501.41477983905,0.7925292618569916,-0.0307992825040614,8.062566747566413,5.502122412919457,0.4325272455405486,-0.7979908944403351,57.12023957085651,40.97416391473237,0.7485258025378273,0.0650942445242148,5.08391231748165,3.681736370484101,0.4445810327047876,-1.0516689096299474
321000.0,1.394609983555572,1.1088497032866016,0.7629849570816869,-0.3051748805414451,26.78897058405525,27.4427240331212,1.515238915763274,1.48365825572463,367500.89010976657,258174.8000642971,0.3670292168304488,-1.0506587365059543,6.440883854076837,4.556060910808215,0.3728410627245962,-1.0306891826044875,54.296379426145776,41.72618462466252,0.5506849741246735,-0.7784727654771468,4.199457180726998,2.865119182389345,0.4376527883677943,-0.7882737749056101
321500.0,1.441673325373234,0.9831535150290928,0.4960868712614787,-0.6070485034440254,19.856434631175446,23.60577772277444,1.6638554640451333,1.7733702865019296,231396.234486179,165549.75828892272,0.6158094413048483,-0.436025075047711,4.848483333141224,3.525526997887268,0.6240437410813422,-0.4513813120219194,36.76890488698772,31.199018644542733,1.3336115017759782,1.3645566782952736,3.5400077939695587,2.713558061499565,0.8953936036802849,0.585405034353844
322000.0,1.5448898019393826,1.1499464559017554,1.107635463916069,1.457923102386542,23.5537912356714,18.237326249295208,0.7691025817425046,-0.3428868028010554,224465.88850812367,194355.74166260677,1.3207832206870844,1.357303049504158,7.87386748643193,4.819279251258672,0.1098591485988517,-0.9307581094443038,52.56738797894312,33.28385062754109,0.2612108039443816,-0.7271867468364772,4.844810282444174,4.096427594803474,1.0915197592712924,0.4960200053574182
322500.0,1.384810943500581,1.1427801559826445,1.3011395764676594,1.7470963623281426,18.58013595292005,17.296572806912398,0.7923352195326031,-0.7328959936221979,171891.93012309528,158109.3953844942,1.5261305320373182,2.3350256421019218,6.473935777807562,4.625855678693745,0.2764295091567585,-1.2637437526782882,43.83809763269967,34.04001647792395,0.445663737981159,-1.0038404991439518,3.5095927097790507,2.932244724992805,1.153392932840384,1.086718386672466
323000.0,1.083805694776269,0.7738422470564028,0.6997841916052463,-0.1632918262695151,19.349291383727657,14.546544097179082,0.6667585824763329,-0.4742536067015872,146144.37368809214,97503.77462437729,0.4136335939015903,-0.6477615674840735,4.283970780806994,2.9174272709618894,0.4367126325705827,-0.7542982291743194,31.715094748325683,24.599187876372483,0.8260555438639082,-0.1768062860938042,3.552396951394097,2.637815990141942,0.5124260072592688,-0.7401025017299672
323500.0,1.0268265707947737,0.7522271667565025,0.4408995999437806,-0.8772978210839222,16.7078732398594,13.10785491463337,0.6240005794303444,-0.6123389339213778,211047.60670210115,155156.98314487856,0.6140393711804193,-0.4503585149869034,2.409409726046697,1.8819223756358796,1.1887468170969762,1.7362279393905895,25.28919796950332,19.425135111654825,0.6004953771111592,-0.5738605469292035,5.456894059413518,4.0751243749508514,0.4885350211330364,-0.8179340625312133
324000.0,0.925272631523911,0.679675335638202,0.5537728660621329,-0.7157156524412729,12.41433687236511,9.153143602662707,0.4652709279935043,-0.8689906155045013,163149.66946496296,119662.86756617216,0.9004617997064693,0.4770279086731315,2.8449020372703657,2.2592753328065966,0.9239718807253212,0.0725436190328112,22.355585595534173,19.432282546540243,1.0922997037077418,0.4625777551093244,5.474663480364559,5.149572624599896,0.9389209264301882,-0.2183002054328251
324500.0,0.7694486379026336,0.617013392178056,1.028838066873365,0.9370070196019408,6.443715883939481,5.034777199953282,0.8052785905847996,-0.0751702157352491,74652.87529026582,56494.71531016188,1.1055994299244114,1.3965351692546957,2.5149327953473763,1.9956249019823813,0.8827597780233093,-0.0492166749588753,11.67630771476836,9.29421867081147,0.965560232445896,0.4909246307471884,5.687804541716326,5.6745696602942,1.1268585618566402,0.2244792467605068
325000.0,0.8057082099651903,0.8373736093330203,1.7397995368513963,3.064160111832446,8.172360910192669,6.239964866263193,0.84431611123072,0.0575288771174773,92685.49749688598,80442.91508806952,1.2886926760817898,1.1524212763653274,2.2873008320069856,2.2955745053114045,1.6240923002226677,2.4145587191045914,15.550618768696026,10.837879308710058,0.5277391949692991,-0.3924082474905632,6.328925705669223,5.655349386332661,0.9998413074235352,0.097644183061631
325500.0,1.1898006570914714,1.057664444642358,1.1958073297174865,0.9693950281910904,10.183172892691058,7.875686433379592,0.4780781373127798,-1.038825482944025,200925.32697478167,146368.0863690873,0.819150419911999,0.4872068334277224,3.3429903839719564,3.1136099169352502,1.173956472325052,0.4898029840519529,23.62079732511497,18.73389135569604,0.7481834134090534,-0.5357978413687032,6.57603756399546,6.020344832839585,0.9448325577025865,-0.2263044824050721
326000.0,1.5516413068042971,1.17326777295085,0.6831331183447563,-0.2644885741661702,9.320222927953994,7.100087018469071,0.7923574906984006,-0.2775914501113794,225291.48495808573,156405.25877307344,0.268906242430616,-1.078839489985472,4.383843807859855,3.3742181254029093,0.6012843170018546,-0.774678013460369,27.496880725099853,22.540381290749696,0.6417277346483005,-0.8193228295435655,5.704963549214987,5.628809912299365,1.1054398659906033,0.0253455756093088
326500.0,1.7634053940775716,1.2636606178710543,0.3985903705942602,-1.080188881855537,7.094734000148953,5.956938630278102,0.9986454328466792,0.3368753968522489,226424.2975787349,153367.20326068712,0.2491245291672043,-1.1720245660731017,3.857261586450884,2.82642420667887,0.550472454245758,-0.6722735868332319,25.810818266052717,19.220579276135528,0.5384769444400588,-0.7460544874282902,5.445404235436959,4.576814962606267,0.8272303914388245,-0.3582302694424264
327000.0,1.5208800051461049,1.1130033133883117,0.5393007932353181,-0.840979628573157,6.400575411641763,4.977364492060681,0.743513831616935,-0.4029063521570148,189969.9096628742,137629.49154379708,0.5880245754914739,-0.6529457568933021,3.5947028234507834,2.7593345250971875,0.6842702553660082,-0.5126921818965391,23.189647664321903,17.85974451617332,0.6732262596587015,-0.5534176289070962,4.843843946936573,3.467896995127665,0.3495640678928378,-0.9496180929315948
327500.0,1.1793864293981475,0.869532856583506,0.5844496683255282,-0.6491637638177261,8.692016650236063,6.134579162812474,0.4193791742190157,-0.8543053702336327,169446.81194688616,119320.51396032276,0.5382565404489572,-0.6796562134391144,4.070116058691671,3.2629961663494758,0.656465907920351,-0.6850460764897601,24.747255666357272,20.69160352872205,0.7344812045928483,-0.6491038723492619,3.688292573689945,2.6696881661149283,0.519313286814466,-0.7070803087720816
328000.0,0.9631340939624558,0.8609997365155577,1.1432189922082503,0.4656263454305915,9.55027794569277,7.043709521520586,0.353459034978331,-1.134244045891503,164508.84199249465,118565.3668824396,0.7671618852752697,-0.0449097166323584,3.369039411353908,3.370413035289366,1.4672291027256192,1.591127291785547,22.487550498231567,21.36152565445645,1.017020101514038,0.1060337620510698,4.103700897553003,3.0644756318080546,0.6278548248643615,-0.6008210295459548
328500.0,1.7033975702790822,1.3864750584611876,0.8149030687046278,-0.3765270892076255,7.968846290532774,6.864715136169555,0.9112522322823922,-0.2401874851421368,214857.82909157465,159745.75795673486,0.6903100772240222,-0.4135184177929836,5.519685340287633,4.531031724554995,0.9743339271740185,-0.0317214389384594,32.15793448978957,25.745674864095125,0.8009363388720475,-0.5189939891178161,5.557391764656618,3.505830177578093,0.3998111987948223,-0.5025825569634077
329000.0,2.5077992651329946,2.132193041359677,0.8294855261711007,-0.2746436269596373,9.769038956494164,9.914145644697829,1.2313327186444527,0.3156884432194067,274073.4136035778,229423.46637468823,0.7930506497923175,-0.5148398205899061,6.238895885012501,5.444040776789778,1.2469375948139516,1.074040143189027,25.498639790240297,20.96795454239271,1.243680736601043,1.4380998169545265,4.15466850889788,2.886009027771387,0.648240813375454,-0.3516586723983872
329500.0,3.608575449163448,2.82828115062284,0.5806410877332607,-1.0995858894797388,10.813563024235382,10.286269723416387,1.3886086969690614,1.2000577338561786,352699.2283480257,224723.0630517504,0.3007345357658879,-0.8253816132855292,9.261695102794242,7.96298647882327,0.5334322697918649,-1.248737999755731,48.88527199734881,34.52611641269903,0.3762428210470551,-1.1109149825992124,5.216590662376766,4.761218082705418,2.231915097840392,6.448494510041666
330000.0,3.875738928383933,3.3619870502794256,0.9403140318852332,-0.2025836289274365,18.90577529039607,20.64840964903147,0.9333740040500904,-0.7878222112411795,401505.8109029255,284936.43148075417,0.5027279096596647,-0.8457527163442786,8.845842408546442,6.249020246125447,0.7127451412617333,-0.1084218205155864,44.09334017120333,29.43362711347065,0.3051303983799543,-1.0170187690337402,8.892666938883279,8.394873801813848,1.0627826118394,0.1998251221214859
330500.0,6.550220110192222,4.435243457456141,-0.0032312821010782,-1.5351291668014424,19.238953882108543,15.908101004644095,0.8635637296644377,-0.366041175466695,488306.4226418816,317784.48642617394,0.0470853802180987,-1.3415490895175943,17.742989644710292,9.782390603496308,-0.3504489911514493,-1.282694327953495,83.30682800063532,45.00764090719303,-0.4080443388916437,-1.280060446446886,10.12358166556697,7.772518586313195,0.355170857077994,-1.3743571650647162
331000.0,3.279751442124559,2.0459676001770686,0.0259062180640789,-1.2380622542374684,20.86681142367477,19.375831044549727,1.2252194853367535,0.5543413904682457,305282.7351727585,232084.3362733541,0.4610358012146959,-0.9083051268647746,11.678226711012318,7.780270361894147,0.1973958110171513,-1.1782051068849573,68.24165217994764,37.781391590434666,-0.0434557927457362,-1.1127267923745772,10.978630187949738,8.90098629412478,1.1211476120045032,1.2865232482737357
331500.0,4.958905738210577,2.7700588770770307,-0.2011795917761034,-1.2104482922770057,32.76288663227563,29.181211676680835,0.6051758359693098,-1.242259442170374,480174.2979728432,258755.4031646008,-0.1099035351966994,-1.1658437812798,8.769083076450006,5.363813178434183,0.2401497034529705,-0.9728274209835676,31.36267846839725,26.45961335564808,0.6624837402513697,-0.92533240270741,10.786027314088177,13.802918934233311,1.6822754540147171,1.5894438666837774
332000.0,7.544556890622458,4.065331604145427,-0.5045520200582171,-1.3182886382648262,37.85923383558167,33.47335514746773,0.3684523899080519,-1.600700734367677,604538.4724397006,237914.4224622403,-1.140965724154396,0.1208495495697183,15.96665668154176,7.609170634476342,-0.7327545325654097,-0.6697815275547363,67.23813066920691,38.39915408862469,0.0780142732457611,-0.9256859043132756,16.91641231267962,15.859080205783542,1.155760456293836,0.2210220165663439
332500.0,8.491194585816887,4.818855456467814,-0.5362745671756032,-1.2797543388465045,40.80943961953445,31.67610088720708,0.076869268186283,-1.6601860209603176,505235.7288389895,254567.67258994983,-0.5237394477089221,-0.9770281899356412,18.756181714692463,9.129097057157566,-0.8934560635219645,-0.7815613598008624,84.39548481691463,42.279378041485096,-0.7041233283534465,-0.8006398903782892,21.79880766587535,16.928193501390652,0.5693699888403757,-0.7783029924873626
333000.0,7.2744712348000435,5.218740807001984,0.1013348917994424,-1.4968014290022924,39.249743285956505,24.19283194008431,-0.2840476695992188,-1.3803167106274057,333797.6815926168,279865.235703508,0.7217935955126176,-1.0006837066406171,16.32583532521907,10.843878186779484,-0.0843013178101862,-1.5962599465440863,76.60692113513052,45.91749887013471,-0.2962028895286639,-1.387039332564004,24.046601966857857,15.452468838856165,0.3007113899751389,-1.0952817304704294
333500.0,5.542735958261708,5.19423346105409,0.5912892507876876,-1.420272526314175,32.10105443915194,16.804488241723565,-0.6956433690114365,-1.0600396921386093,392605.7728499645,246218.2319765093,0.1578090700740689,-0.9984785769052332,14.741762336274748,10.55520446383218,0.224629259215663,-1.4978383419818986,70.48342877566765,49.00792932981684,0.3443929974630356,-1.2841162073041394,21.934613044071646,14.446324965415045,0.2514321882701905,-1.2332973919987458
334000.0,4.921219145150176,4.6568942492452505,0.7310003944684098,-1.2209963753456587,25.747625896522877,9.522112508071354,-1.079952216828583,0.1940664852995546,436614.1392125535,260433.79712144472,-0.1571500036079856,-1.4579610348201737,14.312199615155198,9.543019440173364,0.2458157969639623,-1.3943160808645707,69.93043947934662,49.16070429303344,0.3734456600731528,-1.2415337227103729,18.64216249814212,13.437548967737468,0.4873399770479851,-1.4596310085934818
334500.0,4.382656006909463,3.42730191439424,0.3976251938166966,-1.1955753538677274,17.83808236498307,13.353218617311478,0.7578526637119652,-0.258306682404485,359980.7768482829,225326.35840679565,0.2002889721168728,-1.1235806070693406,10.951112171805404,7.310091604871016,0.2841185663008462,-1.0437547510398066,65.2759720876952,42.66286513016118,0.2272497229244087,-1.0582059141941107,11.338636574907223,9.232497884032036,0.796451034876355,-0.1582176531317252
335000.0,3.230845214797102,2.6205694869584346,0.4256609984463766,-1.068203100906042,42.12482609842756,27.58793192349502,-0.0089410872983589,-1.362705118439296,239641.50118035864,152429.63221113238,0.1363380479731116,-1.1525107343273322,7.206645443087422,5.023964501597352,0.3040826166830903,-1.0379266891138124,34.88192855639665,24.206862401613503,0.3700648215623519,-0.8681235171727151,12.74676781476282,12.20706749722792,1.5000344101908143,1.8297286479256332
335500.0,5.417693092755399,3.964974276142847,0.2350693380267637,-1.3576827662516298,34.5600312590612,30.15887463072312,0.5159258359827742,-1.19492965636381,211927.81488069863,135530.9097527503,0.3420440485724429,-0.8314532693982994,8.81670539545554,7.561371077589712,0.5230841319515094,-1.1852305009278283,39.050469226190586,31.70554283557585,0.8291824833997326,-0.0375725150053436,22.805338863327016,23.235805186740187,0.8429498045318086,-0.7784781846402127
336000.0,3.4382278537641717,3.126496758827553,0.8658502578685299,-0.4250332328520128,16.04061179876857,14.695206684939274,0.9374038952326332,-0.112078800986656,147745.29273136306,113021.28205576478,0.8032842679380047,-0.2041561328199046,5.755950786407973,5.951819109214186,1.102416095598932,-0.0424342372870221,46.495732402863794,44.72514934435696,0.8754460316926127,-0.7420885879815042,19.39696618172551,18.63919703301364,0.9292660487365246,-0.3219416869179521
336500.0,2.470858472673269,2.023905503275261,0.8908777060664989,-0.1974470940500738,26.422464858219687,20.26495892698848,0.2511900492870209,-1.4491131929180605,103522.34128374985,84413.64112798996,1.175902751560695,0.8813829218118814,3.355672823173604,3.0226751682868023,1.086453778252068,0.4038809406966899,35.604223517311404,25.79256393627381,0.7327466020685087,-0.0208635015004912,11.179916295678218,7.538858868069105,0.2097133870971959,-1.1836526559117555
337000.0,3.9208687701831337,2.6107313953335285,0.3003015084020989,-1.1219542260124045,28.333635633785423,21.68483266875361,0.4295824804587577,-1.1253629796817486,67146.03461403633,53343.21719217619,0.883662803556008,-0.0762054868889845,5.610766939243035,4.95962442850989,0.8793283130465838,-0.6459781000813871,30.806632924517555,21.229812511388285,0.4892176795533836,-0.7548927080346743,21.558268679167035,16.039012516686363,0.5184856548973094,-0.802397017938802
337500.0,2.709502138898237,2.243144410592159,0.5433542610675876,-0.9567492326284236,19.0045910735722,14.314199264698145,0.6122276782386407,-0.1544380293587233,58146.03863697636,46569.38784774091,1.082050485893672,0.827505364150479,3.769829433779491,3.762068254578348,1.3114298549806724,0.8521929132304962,42.62437207586026,31.885209827087984,0.4480186154498932,-0.8918965597976749,16.804633240502017,16.483216900777556,1.3618576948988257,1.2651701706670702
338000.0,1.8364838260442435,1.4390650132327854,0.6832708142106244,-0.5975711102239951,14.04656415872238,10.375014629846609,0.6940062301228095,-0.1651680459767153,75830.63490514032,52274.91290663064,0.6014326112846763,-0.3323227974035529,3.842284093755412,3.064118866703935,0.8663900267694482,-0.0560554962914419,35.2049624469727,27.39020524935014,0.5974170478698372,-0.7590381207987811,10.020471999855346,11.547623965090091,1.5456854709459933,1.3698306977923052
338500.0,1.404623137766798,1.034455924017203,0.6189024674214578,-0.6315600714392589,12.886517301667064,9.281716408231352,0.2843799186270923,-1.2027645241288942,124433.66561676453,92473.19112115222,0.5144565666952641,-0.8027660222152964,3.1795489901581435,2.8174687787326462,1.226835830020262,0.7465955088891194,24.20620380477821,22.553280595758466,1.0348832815276556,0.0523174147072813,6.714268077706973,5.705176149153674,0.6648206483673369,-0.7596893379856438
339000.0,1.659728336838808,1.158322524966328,0.5148810003001333,-0.6384506866299549,14.23932702733876,9.749081133644902,0.2775789485498302,-1.0592080365168888,173225.6917257184,131888.4705111299,0.6950057230764872,-0.5859699400820753,2.9249537160921077,2.530711266832381,1.0630079753204298,0.2493315330156891,23.80446384288214,19.201437366629943,0.752893790123561,-0.5309744199945059,6.438920317176014,5.864597347690356,1.0710294092449126,0.1439471862796
339500.0,1.7192257076728676,1.3179490339260873,0.7644307996210642,-0.2732720796210395,10.76886151388805,8.80888342461659,0.8068875377298451,-0.305677007405293,174280.06856892267,147451.0612521366,0.7031552691894587,-0.8268832323104407,2.73430024670179,1.9648243530099296,0.4678772006814702,-0.9003692460401687,25.077515416246023,18.43497834925589,0.6235359137528251,-0.5634711580164367,6.5975425908490735,6.3352461376660685,1.1957630871988538,0.407044444624546
340000.0,1.7210489464259977,1.238393766839612,0.4461914607297411,-0.7886755235542089,9.650771853937194,6.758430932861482,0.394683623716006,-0.9421920067437672,164696.00605514762,109772.32368337034,0.3503060097536999,-0.9856271193284272,3.5177697828817,2.3531342941978566,0.1631680405154237,-1.2662499295413543,33.073198288939544,22.89579973401646,0.358960258003332,-1.0109884963547622,5.643597572268831,5.40973384145297,1.0775886473623852,0.1537773674360041
340500.0,1.5541420834348625,1.1414387273187587,0.81761620713461,0.2824077576968484,10.254870480019182,9.12022520566964,1.5061394731283095,2.1529906827307377,146727.29593125114,101388.45771241852,0.6128344984835786,-0.3604744270965754,3.492317119329118,2.520293131758159,0.7885689680189131,0.2011932016533473,29.612115039166667,21.859880087340763,0.5830968057360374,-0.5833973089862194,6.084276626284549,4.533089006871829,0.360321882469332,-1.1543210166500155
341000.0,1.3050938064376565,0.962446929554194,0.614074858627956,-0.5966012882942935,9.79083565503386,9.14968081103803,1.6608322072965818,2.5688791828770743,80948.457155266,58315.92331109791,0.8182107994364042,0.2404901916393744,3.198671803714481,2.268648087358227,0.4329733934906596,-0.8794771248869155,32.817084958735784,24.541598035536733,0.5229309431912641,-0.9541082522578774,7.633670550676889,6.311585153184597,0.7427828692219435,-0.580872215100896
341500.0,2.014774771719596,1.7083134922134409,1.0476123166916955,0.3211912951326301,7.827756727175909,6.299718067351895,1.004303379938612,0.5545385102728675,141771.70646001262,92947.8250420773,0.4443417258500215,-0.463486006625839,5.4197839316110645,4.479179919183659,1.138706320830869,0.7928970035786982,51.04204386652654,37.10447085394209,0.6154459645146362,-0.5411663442943833,6.666028411704134,6.139606041896661,1.553203453838489,2.407825442305465
342000.0,2.925667063672179,2.369703792838288,0.3889340226255948,-1.34191643951276,7.581651166675846,5.902428601038651,1.5466895582329785,2.9759294383906845,179820.26539063622,121606.19458069616,0.3926047127479108,-0.9198303414845634,6.815439361786134,5.921416148198839,0.5820507230376365,-1.0778386127330806,56.19326756777666,43.11752329517776,0.4349520987135228,-1.149366869999192,12.427850469965897,10.373295077114603,0.5510927514538978,-1.152316722342967
342500.0,2.9279760457296344,2.2676334568261503,0.8371713907261599,0.0184914919681227,8.149099636820313,5.680566522450546,0.526594558375996,-0.2963746183384104,196180.571645866,151964.5876132546,0.4705434021063525,-1.0893234134629788,6.733201781659724,5.494111872716945,1.2075284640039552,1.52496683712529,47.73181313136056,43.96379981867293,1.1312738496204826,0.5198636528959857,7.744416358936622,6.713712534991771,0.7650243553570625,-0.5854722460534689
343000.0,5.197985643934491,3.7944600552009295,0.3420404182515091,-1.2169234034002323,8.018806741804958,5.375885700601318,0.6253682803791988,-0.4483860839880793,240984.7297921511,160113.05459985838,0.3472181709739917,-1.00453560772912,12.827240268688012,10.52968433697886,0.6149230628765875,-0.9401369702660634,88.04884956432319,71.54679660327331,0.5363296479333294,-1.0893533149742558,13.573324638534649,11.817548288085762,0.5566212353575921,-1.1577471986880992
343500.0,4.340118670022205,3.04267264916559,0.0115328415945641,-1.5484721625301312,8.481539215343943,6.337399064848224,0.5885606278538912,-0.7618528525647896,196702.91690598408,131702.0660193472,0.4734314662295912,-0.7233300544448227,11.826880805005745,7.529851497654839,-0.0552978967174278,-1.3546763194988942,80.03594401195092,51.41371021872422,-0.0976425051803323,-1.3886488902388667,9.4151505105691,7.677686912558356,0.8801258195152427,-0.2331572439132756
344000.0,3.959587055459884,3.082289975976892,0.7415548005403906,-0.2165589364023907,11.04451134014834,7.883940290446252,0.2758892424409891,-1.2274450041771787,283096.9010520087,208747.71445168668,0.4201758577434393,-0.9057878240854054,10.268610277651325,7.872016806502037,0.7867774140785196,0.083238786847847,75.59129944026822,55.56861530246768,0.6152456630872697,-0.257851254266237,9.952567364405889,8.569254643538802,0.822641833634045,-0.3737447939065679
344500.0,5.6345069639106375,4.681025319369931,0.3243097929869145,-1.339981198147412,10.744062811505655,8.046682549328931,0.6487049399016124,-0.6500029742837827,254483.729178358,184820.9671476548,0.571915258704347,-0.4353418687142216,15.438068213668169,12.644139806266754,0.382233066666413,-1.1853675141151203,105.04482997654672,80.64554984216127,0.292074495971173,-1.2157941463082311,14.721408766079366,10.618815585095147,0.4434862151119613,-0.9402660749391032
345000.0,2.823168664934752,2.0186291648302856,0.3327948376256039,-1.330408142086874,8.380689853367285,6.766070136738292,0.3907280803724786,-1.2053564468719191,366131.4950572736,239043.244833253,0.0115092174825074,-1.5147791121238103,8.787846606449593,6.612422800789474,0.4214062805139241,-1.218798577763932,51.01508577485442,37.09401904565142,0.4109508477890091,-1.1397218768883048,5.429031551911889,3.442752072500835,0.8174541531524496,0.0722706083726305
345500.0,2.556848636517986,1.5987316485232224,0.109164493966433,-1.2185449130294397,10.13181647397528,6.973722194052349,0.4216457783208858,-1.0849318032251922,409768.1223884761,234862.1916477068,0.0325884031906341,-1.310018227609448,8.006894157365261,4.840129991443069,-0.0126409231698443,-1.4062630272206584,42.992689308045655,27.47365450973148,0.3221693017271499,-0.9182024469296324,3.601499117540369,2.981587725135453,1.254809520827534,1.154797152720084
346000.0,2.6995249639063967,2.216957748873703,0.8527139240524705,-0.4678008031968579,13.742874658104473,7.679420483742404,0.1812547402201895,-1.25633177725413,526277.4320512282,236971.35559630947,-0.2507014368920142,-0.8555916908020578,6.862582735530257,5.800331463608767,0.9276001883262148,-0.3093547496894642,43.99643390213736,35.17466530385284,0.7787785834184745,-0.5258536841181081,8.48298467352809,5.6905853858709845,0.161213147496772,-1.1696322307149831
346500.0,4.417928797603421,2.1405260593107345,0.0533602579664398,-0.5845908105629887,12.817869591556637,11.974030226970154,0.4584961487083139,-1.5588115527802342,511848.127834086,247764.06889565056,-0.3633489291719127,-0.7109493970705594,10.25173324222409,5.526705183289293,0.4556017645038835,-0.6362052336001196,75.54335200992463,34.244411972374195,0.0710963292028166,-0.6109395294141855,12.01946853193698,8.163503881527236,0.2338688991971269,-1.2656203018766954
347000.0,5.378131694753682,2.234279608733287,-0.961387644475324,-0.1404653772947655,17.49758236292131,11.064262709018283,0.2263637449058047,-1.3187721327637576,485874.7034216036,252045.5889476518,-0.2470306724547484,-1.1004964309912482,12.698167122507938,5.269923050343961,-0.7788611778756486,-0.1304919236814581,90.86805062714006,40.08868821117437,-0.7029581900204321,-0.6459992702940749,15.109701673143736,9.14442882957619,0.3146163936824078,-1.038329404468681
347500.0,5.931386636842478,2.418652966988037,-0.2074347022933464,-0.8945167480714997,18.728032013766224,11.277703594649845,0.0082577955428163,-1.3787477290378296,360527.10525490186,212723.3138989489,0.0948106046965153,-1.1379551469733065,14.351123176670756,5.0557513200211615,-0.3593985811045207,-0.4662233352188054,104.43673993148862,43.70740609633913,-0.1078032960786254,-1.1322074189688152,15.924039409566424,11.784544159052317,0.3830181698208063,-1.3151049212785857
348000.0,4.833889312578786,4.160906436277531,0.6194475999211226,-1.171806493205309,16.535406552006243,10.712037138826426,0.1972411461112926,-1.1885100667896054,205610.6756451976,124834.25193011656,0.3969921857125797,-0.4121361740182045,11.84930578159408,10.30780499055776,0.6774999222010109,-1.0105988890952662,90.29825990969192,72.8778660871127,0.4981091300514484,-1.316815745653615,16.40062839773572,12.38892391820597,0.3947816089280394,-1.3551131836668142
348500.0,4.763900172403962,3.948244022060704,0.7795659170968294,-0.5406328048416018,8.74765391294902,6.730819766862688,0.8757641959975262,0.0026883224750506,276386.4893204564,217308.9300174129,0.7585014917549104,-0.386838784987324,13.156466552659934,10.950991222803326,0.7535748569320385,-0.599487629664107,79.46325654904466,69.35623603045214,0.868403111510963,-0.4996721713052752,9.234015768877269,8.803811405156988,1.040278181854495,0.0109271780890711
349000.0,3.001084697101329,2.3468306341952765,0.79954962782872,-0.0943919673174726,9.17462816658668,6.650719302469212,0.3407153968053217,-1.0180539028608269,446342.40596064046,304276.4893109905,0.0049492664685444,-1.3677861754043208,8.913183627784841,7.849538859634464,1.1509081379635773,0.3172858364072652,48.4038499158006,40.44000751253858,0.9858281834082798,0.2036380358264273,5.01142488987796,3.9863337359989184,0.8112603184217164,-0.3621473543105384
349500.0,1.893214001162196,1.505501703246401,0.7728917305179943,-0.2350621994501249,16.520639604278475,11.747477354789307,0.3210992597779786,-1.3278752737743615,299570.23142900266,224372.7418831061,0.5290767027647807,-0.7281414591541546,5.064677182338304,4.529250648066362,1.061837882250475,0.5506827091748212,32.50138478351116,25.930990288310124,0.8138174504843546,0.0182127345118474,13.735869299711403,11.461496616282728,0.4434574181881222,-1.24495487861348
350000.0,3.2108610209596,3.427589635359176,0.9630964896922548,-0.4939356973579469,11.07304256327613,8.993141697801754,0.7037452017212282,-0.6386589002266945,296389.4969986696,189267.67891514316,0.2367346846327538,-0.9506728135698328,7.741144998448405,7.68240902724513,0.8749799330843069,-0.5374376805771841,51.426134043498514,57.19706371540629,1.0151474355070844,-0.5150855413273829,12.94517164452227,9.752956391296586,0.5720896238585799,-0.9203968728161483
350500.0,3.2234085045096625,3.3819723834851305,1.0034532675018335,-0.2806599639826568,8.01179852442796,6.265654531303627,1.0338297643302554,0.6006992058995353,393650.8761977378,198031.05385898717,-0.2945494285409163,-1.0600097268874018,9.694017555853856,8.742409427538298,0.6268184972915298,-0.890428563821871,46.52602893250533,52.94210242583879,1.2307070732650571,0.0911122006557518,7.0607307851777845,5.077723641940695,0.8617602267645912,0.3067086297947878
351000.0,1.8313995658963371,1.6524066556909052,1.042233964454228,0.3824180581543519,15.084363284004684,10.83225564463282,0.1780062683241077,-1.37988622471972,259754.5054600349,153337.62046499242,-0.0434558524547174,-0.9244581856907276,5.676984890551116,5.314327369259449,0.9629731364689136,-0.0973626662618616,21.21174912398618,20.275614609553827,1.4663223567216643,2.3134805331033146,14.462716218924555,9.772448568014388,0.1110393706713845,-1.4604680767514957
351500.0,2.646340398171488,2.260129372478908,0.8435635932610478,-0.1553208845586149,10.472185316247105,7.56205014519077,0.5545982590256276,-0.8761151140963781,177597.51574692686,129220.26581905322,0.401322771946427,-1.089212802132266,6.2899465392678655,5.123518434846586,0.5620580100360626,-1.0055364533190914,38.48224366507091,40.76809813717607,1.284200662845484,0.5737552271385016,12.505225894673274,9.758486983240704,0.8250282568356853,-0.4610668774963185
352000.0,3.340173513042679,2.691219968075679,0.7631254131678723,-0.413292200111075,11.61305530803184,7.297555689564585,0.1318871122512961,-1.173021778348238,140996.53279359368,120571.9713166039,0.886446785221731,-0.1705701488218611,7.717339787018215,5.7920831674497535,0.4807840216149253,-0.9639009870794356,45.744666959136495,43.75592636343817,1.0445122137574196,0.0709799053980102,10.321511150260376,7.313743872684586,0.6195341992335451,-0.5382390531628798
352500.0,2.0509670848931583,1.7358556179603382,1.0474748637008922,0.66683446918405,8.803059934353799,5.911637449240207,0.3835141404347047,-0.7670685788289724,77637.63876486181,82327.71589327513,1.7524343217686822,3.1195553962558726,5.164919820500601,4.004289653909803,0.881209416483475,0.1103624381670713,36.63195562285954,40.80549584792433,1.8975581457284032,2.9668557370172763,15.1926404034074,12.698829541032072,0.4447090391635034,-1.1882414943620383
353000.0,2.822182691484304,2.4908863199361684,0.7247554730434059,-0.6911229037620314,8.915597358379502,6.437002752359498,0.5445386680738904,-0.4963385095690218,127433.22419584032,121028.1493650205,1.1971591551216136,0.540368612168908,5.785467507155453,5.210181447012182,0.7834139524389347,-0.4270909820300415,52.52569131003796,52.41248562656843,1.1411909660454425,0.0788062784522503,16.54510863340527,13.334227325000972,0.846878644416742,0.0014185489630968
353500.0,2.311912708391762,2.0056558845123464,1.1112349675764304,0.4317031379141216,9.158970605182413,8.224128999497292,1.2631863804985288,1.159944456667393,216880.04124872465,181200.1948814112,1.0597916091798665,0.3396324201383982,6.263353615677087,5.678622375726729,1.111425586570679,0.5290843468671715,54.15864498906014,52.76948818509688,1.47982780022353,1.7074579905840066,23.110977675361656,16.27115642880163,0.2557981828302779,-0.9851350055305664
354000.0,3.8658967038566736,2.9821941384188637,0.3711538896877743,-1.1548662291953222,10.520736567108482,10.73909317264408,1.5783063841698317,1.9945054281363,352624.30964485824,221009.01787695556,0.2771925886729796,-0.9506766456328766,9.655804899683757,7.825460319116043,0.5449246510705071,-1.039244098303226,99.8504591812318,75.4504027466386,0.2699699108571666,-1.2201802296505495,21.55910091406053,19.959384428287866,0.7965569242281021,-0.6635672210838428
354500.0,3.2425349170631907,2.332038433933866,0.5326740609961597,-0.7325486063210596,10.01167258579125,9.63083042746671,1.7326372473008615,3.019917330644815,437802.3973305355,261818.32775728012,0.0104469133098447,-0.8725508945637732,10.65236590236901,6.579488541785294,0.0121741616849042,-1.1361365528794023,102.9522041934646,72.38432493627299,0.3027490011890792,-1.1868852322203347,26.510328324171976,17.143791352353315,-0.1573780525941076,-1.3111251954127745
355000.0,4.946343333244125,3.870814416734326,0.6021238030576475,-0.9263416364589876,11.658391747044762,11.370385771544845,1.818831234759956,3.288055038629584,434370.764245739,388608.3833252937,0.9217794023500884,-0.3256460814868389,13.299681669146112,11.00775728287964,0.635777986194303,-0.8559658259535197,111.64615565278966,78.59545072032697,0.2651371890328093,-1.1140673380797423,32.209024186010495,24.72479498017215,-0.0914208913968411,-1.7036493641094892
355500.0,6.007824604315951,4.984779495208386,0.5388089529162305,-1.1000438255456224,13.43403408735703,12.266837518923914,1.4764346505423045,1.804132695858112,695489.5075505563,400748.73571115726,0.2779731453599166,-1.0647947281299908,21.07197033440707,11.258662573037451,0.0013297868123923,-1.0605292654429863,187.95818114460383,88.82905855309511,-0.3905010676475837,-0.8813669800528015,18.746563522938985,16.198526322690864,0.7179601175649483,-0.7773980774406883
356000.0,5.705904384138767,4.433875450592864,0.7025069228356029,-0.9308288194788696,10.156488602880412,7.658334819352214,0.7842974989183896,-0.2625944076433604,581102.4512910388,394401.283355879,0.3804632066844841,-1.0746780586207143,15.42026243976387,10.78299272173691,0.2578679231397578,-1.0901741315837157,164.85458129214,92.97197812798244,-0.3636644029050914,-1.174715352574307,10.976293245158873,10.460735868931067,1.2282246574344746,0.7273910131456534
356500.0,4.50318046336835,3.795973947138376,0.9458134159902496,0.2574240816688178,16.018341228919574,13.240251052473258,1.1978509475782868,1.136177081995008,392192.3564669516,263341.4240384349,0.5856977319680091,-0.4839092099124489,9.301698207808306,6.62671831387931,0.5559465666023201,-0.7245243643250743,77.84125237381826,60.00539466325654,0.66266895156482,-0.6212940031067049,23.520856940477188,17.40100708538464,0.179975418309936,-1.4431363537725623
357000.0,4.903184719887732,5.167292259460792,1.4658730763595316,1.2639144929213213,12.958937131349002,9.492081330507837,0.3962374363592594,-1.2295020250122346,336472.42976076336,293097.8599074073,1.2122078878788316,0.683944680510534,13.795633257165347,8.727255016830515,0.50615618193141,-0.8872241411514374,92.42428926875344,59.002120672752575,0.6136481400539534,-0.3311429425438903,26.959269896458355,20.39645676456426,0.1759566340857829,-1.6959803972493297
357500.0,5.389469054898941,6.291397483895617,1.2599831119632985,0.2452761372538465,13.798919626614376,9.81728310418282,0.3639240630515905,-1.0643977623906071,374539.0635297336,401037.6938411492,1.3402224168665224,0.3902173253714993,15.42423425864524,11.3929289970829,0.5152855626974294,-1.0879663031438864,113.59605165973056,58.62658640668264,-0.272842867469104,-1.0707045839627474,26.60195973190444,20.301954854339577,0.2520381799413406,-1.6114343596498095
358000.0,6.45237213385174,7.262394541083725,1.022555277943732,-0.5075903349144268,17.586801655399732,13.519196501253145,0.5509196338079625,-1.0304237011526909,437770.4030255381,531909.1059432502,1.0523101819292071,-0.5510368610877445,16.606380531774303,15.350622010898768,0.4952285677751827,-1.422095756486203,125.46749035921736,82.98687526135585,-0.1980410173175882,-1.4450765049744785,25.795673494759345,20.2810360728032,0.2433883476397518,-1.54070956175293
358500.0,6.955844699306013,7.70590532116382,0.918144566693768,-0.7548420509784711,18.77190213896357,15.718310625756851,0.6856553546230355,-0.7173158496069372,497415.3186984757,567016.3046258424,0.9612522941070532,-0.7367600337136326,17.695397563939096,16.297826764096328,0.46328104525312763,-1.5103989589593032,132.3648126054995,90.7804017885986,-0.025532450050140237,-1.519140375747067,24.60532935564516,19.8817768218872,0.3498699538444135,-1.5144952255847186
359000.0,7.459317264760287,8.149416101243917,0.8137338554438039,-1.0020937670425154,19.95700262252741,17.917424750260558,0.8203910754381086,-0.4042079980611834,557060.2343714134,602123.5033084345,0.8701944062848993,-0.9224832063395207,18.78441459610389,17.245031517293892,0.4313335227310725,-1.5987021614324035,139.26213485178167,98.57392831584136,0.1469761172173077,-1.5932042465196556,23.41498521653098,19.4825175709712,0.4563515600490752,-1.4882808894165074
359500.0,9.67902622685227,8.996030586572973,0.478499286641505,-1.502829964390933,15.890521167356932,15.25113176422798,1.0761278533561829,0.1876051791166459,736743.5881565501,728221.4672786209,0.5562576540295795,-1.4054556479577414,22.90442884673197,18.51853821005373,0.3234793403149134,-1.6454182865597284,162.57730713030443,128.35202213314452,0.255725072093303,-1.618951706499566,20.66885758670561,15.051493930829151,0.5061919645739933,-1.0236369390040183
360000.0,9.606755258004622,8.30651830665384,0.1956416130219249,-1.673110897159274,21.692539024016337,16.077330443906916,0.5885664445546559,-0.7588386805456881,797517.1303012121,729209.7585486971,0.3108096241585507,-1.650616283982631,19.39228148901027,15.80215158433513,0.3193441160699844,-1.3886928800550062,156.29838492089766,118.33554721447234,0.2491850205740543,-1.4246942150736108,13.637105950952998,8.326271636091438,0.3027284644570395,-0.7114394973173304
360500.0,6.155848338980291,4.349622106261153,0.2929969751660499,-1.2872462505474018,22.20212838147357,13.75751151165626,-0.0490951035855121,-1.25466312824173,578001.8234024635,425102.1590200472,0.1492575190604964,-1.3249674129141304,9.19212055752028,7.099889868353569,0.3386928399190079,-1.226185765672847,70.87589958701167,59.208874570677935,0.8401913336314437,-0.403928391144186,11.86333688638035,10.225401739071346,0.9691736237789372,-0.2248766196079752
361000.0,7.36900479044608,7.378052153574577,1.4888177251296688,1.9953079467160189,13.150302948824136,10.984276976987124,1.0417364227238863,0.4708021966997471,451015.0151030812,343743.84754313773,0.793861530512294,-0.2480957402146471,15.488410656034135,11.819218079372598,0.5673158641701161,-0.7656015568604677,95.8956150017029,76.02397603991137,0.5902943152906638,-0.7303491330644243,17.33132988459707,14.352928672222866,0.5160335561734433,-1.210962888980165
361500.0,15.429784300996785,12.285164912765548,0.6500163150048657,-0.4795963717807265,14.818427134102643,10.90258893835317,0.2488244196679451,-1.2690923617526213,1039170.0039038776,712247.6178811534,-0.110957838982405,-1.5487465811136782,26.899167386431326,17.080036815044743,-0.1129202516287217,-1.3529375749087151,181.2596623600976,116.7297340178393,-0.111100771575234,-1.4038909678231366,12.741430074525978,15.374632107038336,1.4053570376904378,0.665706709923533
362000.0,11.3518094059204,11.123209285545707,1.1471677112569427,-0.1114307043075641,11.12545448963758,9.141608939505236,0.7769243433989123,-0.4708851081900955,856773.2844275655,563906.9201000566,0.4100750283348887,-0.9883841088707536,16.748668187838877,12.68247271387595,0.8169599827499546,-0.3387899524020796,131.2347945883478,92.6201377650102,0.4702281800956449,-0.831835575755318,12.180387431943627,10.312122509458275,0.8101583015957126,-0.0358198014715793
362500.0,9.175424192917742,7.876937222737099,0.9257378897641854,-0.3295767066911268,8.871993300083778,6.3272208625526565,0.287359196660311,-1.2033400383217243,416710.9279451453,461146.8383491377,1.2472571819459917,0.0214763987014228,13.323319417675318,8.064329292784391,0.176323315438177,-1.0843062958167062,80.78349571180094,59.19603425702496,1.1237317760702763,0.2576829551704893,11.319734125087123,7.534854979820444,0.1649964655637494,-1.0699886418280131
363000.0,10.524728040522325,5.513733863441942,-0.1856900054814394,-0.7648672245346364,8.246049198556083,5.320407370990092,0.3231764535491222,-1.1416490354819606,540250.6867395163,287476.084845007,0.0973682078751126,-0.6010860359701917,18.762754947630736,10.2475343808704,-0.1759488848118306,-1.1286748370017847,122.7337535674401,59.7584611364109,-0.4101116376595032,-0.8704568416610798,9.926705568930172,7.394704243112329,0.7255945129326655,-0.321034485842274
363500.0,9.102691797172168,6.538528723184962,0.3823923056252092,-0.9967563015180088,10.558274692736944,6.733849363278085,0.5910288773459001,-0.5049233131845514,597373.6449950506,407758.48734254576,0.0697189303567385,-1.4517031396137092,18.48899004941971,12.257368427321806,-0.0443005230925311,-1.5515082033162115,122.77655518863548,83.39700873249011,-0.0080146405072089,-1.68656106439402,11.83050614463111,7.424212298723234,0.4592467266647722,-0.6488822829584535
364000.0,8.337206645972422,7.579530059277002,0.8397525200592452,-0.4239290667674034,11.018391682007406,10.55531631055148,0.945944370354151,-0.6415693785077381,630108.4357972463,482055.8919344384,0.179040548315642,-1.4984070879268463,17.308968277654813,9.675062881043164,-0.2643051283288916,-1.0865305610479563,126.6649403157807,69.43578390635804,-0.0487862786525292,-1.1026033263401194,14.704546125702812,9.006607252158696,0.2614382025970131,-1.1189796684521944
364500.0,8.383000378541222,9.140224685557424,1.4536456332954029,1.4703927396460923,13.214477019044688,12.187771539973454,0.9039989207667029,-0.5399411718009866,678978.0566687182,477606.0549403987,0.1167528101221364,-1.471041496477053,16.18102201413433,10.043486466730222,-0.3874653621168978,-1.5292084881463492,126.93119279792042,64.90657634605112,-0.6258018037797486,-1.0582969779977918,16.67880522651146,10.555367174568213,0.0856202873764226,-1.2302774360611437
365000.0,9.332200651184955,11.441915349199826,1.8994985689298485,2.825722749822285,14.88603911082379,13.090957211497749,0.9357917448037916,-0.3968105043596703,685405.7021924478,492231.61753804993,0.0447169466377738,-1.5141348886192154,16.935973801578182,10.88702915948795,-0.0075127085403424,-1.3144981050848494,123.57622685105058,73.76379225236181,-0.4016734224934744,-1.3089947718969162,15.232563212531383,12.769618710208992,0.6069488656621386,-0.8289261091207107
365500.0,10.721297762476294,14.359380059475866,1.782605727428226,1.9622711272712132,16.540399729036512,13.353003551574291,0.992908715993192,-0.3884660555118424,689086.3988100834,502273.54484113713,0.0144603312476656,-1.6346275587301544,17.931848406955258,12.734274178478676,0.3445653450613168,-1.1255535553421574,126.76559867193696,80.88552816973622,0.3686790537859359,-1.0510700271171256,18.34777862438372,11.82892436627083,0.824478797018726,0.3606397311056848
366000.0,14.358063215124844,18.47150136553343,1.5753904220391892,1.1898837562874665,15.8079950980923,13.361280444854666,1.04147902342683,-0.0755128937932583,634721.590804924,533622.3285664334,0.3554614527733257,-1.4290849884026022,18.234248093973143,15.870423796770528,0.6553013124664462,-0.7465679805494316,119.35249993992788,109.38489808858954,0.873983493491612,-0.4797831314188068,18.47579079223435,14.689801977594408,1.1706002307657344,1.221938826946074
366500.0,18.37156139807272,21.432755174509523,1.194674147527217,0.0686383829675416,13.6760919540032,10.690859338169467,0.606616525286251,-0.8390030106788062,565546.402028501,546542.8449884881,0.7761011193081361,-0.7983116949431497,18.375994187055618,16.41268365762138,0.8322524909158833,-0.4246339111336228,129.2764093656781,116.49128821571745,0.9492927279053736,-0.2893192155971387,21.51563310369128,17.2693140192885,0.9854500242269222,0.3379965608533486
367000.0,16.914503849416526,18.40212143608177,1.0006646919436215,-0.1964734004445452,18.793336595811333,14.290254648159587,0.8606312404821838,-0.0419079756342477,422091.5225886075,438484.41357120266,1.0439058970824378,0.2184449588147781,11.711931135354709,12.18547707770223,1.4263394082902656,1.4077124263706304,87.4808755999809,92.74249263086897,1.2699981850966071,0.7583359512380858,23.13177484019404,16.01735146476827,0.3729709101061343,-0.8149052958239675
367500.0,17.189999582178768,16.899884953931462,0.9823485692236548,0.3889255711450539,23.804555916882123,19.928524784182205,0.6608212252724068,-0.9767710618977968,240852.96995916005,218653.23352725728,0.6821656504029556,-0.751591965041583,10.140243814685016,9.606494765663228,1.300912321856689,1.2080201798685417,75.94331969508046,75.08948558760079,1.1892542516426,0.6754639112357297,24.43906869454696,19.588691050116868,0.5823998304510462,-0.8505443435402045
368000.0,33.567902175635595,28.334787844972443,0.4450082535767229,-1.207196520369695,32.397589163058385,23.20561666059134,0.2963165755384815,-1.138562374289377,284748.1483754917,281441.4491788318,1.2577171523115105,0.4970243434759758,16.672909544623614,14.564479241669114,0.8438875424579909,-0.4104469735644627,128.8879280560963,112.77147074249442,0.8041129179192436,-0.4999029103876076,33.97312043976653,24.622235043499312,0.3594411180092938,-1.1068302138103032
368500.0,37.26349537930003,19.595592755870147,-0.4212386504951858,-0.8519971378315905,51.27980114712739,24.294519719467704,-0.7787839580132276,-0.5694593849803415,277769.5847828896,196962.1851683267,0.995296269449256,1.2499757195212036,17.46202555168863,9.3392195985998,-0.2349359420356008,-0.5198851751046241,148.01713985562844,76.76329587377758,-0.4062693871873823,-0.6794204583652879,51.61922463439633,24.94633172882084,-0.8230787049707704,-0.6088750048081772
