Time (cycle),Amplitude_Mean,Amplitude_Standard_deviation,Amplitude_Skewness,Amplitude_Kurtosis,Rise-Time_Mean,Rise-Time_Standard_deviation,Rise-Time_Skewness,Rise-Time_Kurtosis,Energy_Mean,Energy_Standard_deviation,Energy_Skewness,Energy_Kurtosis,Counts_Mean,Counts_Standard_deviation,Counts_Skewness,Counts_Kurtosis,Duration_Mean,Duration_Standard_deviation,Duration_Skewness,Duration_Kurtosis,RMS_Mean,RMS_Standard_deviation,RMS_Skewness,RMS_Kurtosis
500.0,14.133211169809003,10.21714587574168,0.5084837682813363,-0.6567942979534629,28.550337537645387,17.86026408314386,0.3015440936396363,-1.010761542184767,2483851.7554856166,2013788.4064191813,0.3140204319143631,-1.408494195783896,17.53588913863211,12.680388547219046,0.4820354714722695,-0.8603673645515015,115.43817061148457,82.28311256741766,0.553733991642675,-0.7076191247695927,7.630639957625134,5.184985470958935,0.5724022938726716,-0.2804537734751089
1000.0,32.88313462000972,12.036075777739464,-1.3770039361239967,0.880722250404455,30.95897914403115,19.33357669517588,0.5560506969064356,-0.7803502649487912,2620534.517331082,2013793.7126512348,0.1003195471989226,-1.5390887825740904,8.329603337302897,5.252251340159737,0.4386549161475004,-0.4778232903418917,51.90028002680456,40.95487826796512,0.7624860962759942,-0.4911766086113465,14.64650716242132,4.87742989694591,-1.3112047271949705,1.0381409094280292
1500.0,37.07960822012197,18.441170130945608,-0.8902269024885507,-0.18197106922093464,27.54094411040506,16.558870604505127,0.45226917295355995,-0.3362137693787722,2569287.423936659,1740027.3001480359,0.08073982472794669,-1.2296109795723396,10.824362236970128,7.716430263182923,0.5471510456846936,-0.5032724294807647,82.32199943951574,59.90380193526178,0.6763112379353599,-0.5540692151552604,16.883121314933923,8.31864251169629,-0.7180016537380234,-0.06465108655649399
2000.0,41.27608182023422,24.84626448415175,-0.4034498688531048,-1.2446643888463242,24.12290907677897,13.784164513834376,0.3484876490006843,0.1079227261912469,2518040.330542236,1466260.887644837,0.0611601022569708,-0.9201331765705888,13.319121136637357,10.180609186206109,0.6556471752218869,-0.5287215686196376,112.74371885222692,78.85272560255845,0.5901363795947255,-0.6169618216991744,19.119735467446525,11.75985512644667,-0.1247985802810762,-1.167443082541017
2500.0,36.07347073415507,31.199324174177654,0.4018235985439545,-1.3952691987413173,24.686973167980256,17.89569464541504,0.540103466470484,-0.5001064665357737,1203535.7516788295,909163.8920060926,0.8713973385435505,0.0847780023336852,26.020770803088112,21.81136892478132,0.3062074817615335,-1.461997160085884,188.15737272101327,163.3196348478079,0.3203718809374947,-1.5133014313029127,18.64738690504552,16.786904042485357,0.4917316224186067,-1.3137946314751454
3000.0,17.258719282089007,18.76892590141332,0.944780955243494,-0.1939406112357753,16.438286439709223,14.99443031988326,1.416176190434541,1.5738748361992911,2155720.4583375603,1618528.616890005,0.4523654394810831,-0.9247096761119852,13.660393346149233,16.15911899035909,1.4350265669880005,1.384992115617676,99.0290075883422,112.7037926407397,1.430188572998824,1.3888849731775474,8.890948509656901,10.039248541484987,1.2852798679331432,0.8934310175889006
3500.0,5.736506993044826,9.214526617722678,2.497245207241693,7.519258285171805,17.473028122481345,16.41640875612674,1.2799206636857048,1.2220252270153926,1686276.0857313585,1337264.5667963014,0.6807203573199857,-0.5126727853151296,6.0311519013152965,7.66628596213021,2.378528660832206,6.078626478308015,45.47626751753048,53.8403567281065,2.268708955135223,5.892550410262231,4.653189669121668,6.01104599797636,2.4868473042800447,7.004479590626859
4000.0,1.2765324084818586,1.5164123867832735,2.758439671845122,9.70073450518986,22.19108661705824,16.681853613896585,0.4950477096230684,-0.7967837930653823,1298146.2884770464,1008704.5401501775,0.7436618593825185,-0.2956841455691594,3.0250979670397435,2.3391276179871414,0.54727445439651,-0.8291278950050471,17.729691633728237,15.503898501471427,1.1536480867969388,0.7190219370967439,3.8432131729320496,3.328715103217877,0.7373509793695336,-0.5828638805516699
4500.0,0.861994517629367,0.645071620488799,0.6858056398640502,-0.3372127249793717,21.640220845854422,18.403140002495025,0.7438346892729365,-0.6657493890972987,1291070.4719791408,972877.128949832,0.4061764951197448,-1.000640618266028,2.3720389642830315,1.713139702042463,0.5871176855443845,-0.667378911258897,14.673825566474092,10.328045742234217,0.4222771653355581,-0.831730674553782,3.053265238601863,2.599078407200065,0.6867276409198387,-0.7148384528902478
5000.0,0.9278319974296684,0.7526889969144664,0.91272847866857,0.2582438992138414,17.52399716700976,14.816044233217893,0.8740037325102126,-0.2064274265254488,844007.6632749592,678822.4412469497,0.7657030300315486,-0.4531303201505978,5.636166292130777,5.106047306487746,0.9052461945818476,-0.203598593000545,28.826696569593064,25.65961553585892,0.8701905788821991,-0.2499774515159454,2.8234499741707557,2.2891429937567067,0.7063023496788056,-0.3312382708133596
5500.0,1.040604202237248,0.925753183033825,1.1620333625175103,0.7864470467486222,11.15405379796154,11.559257096195386,1.0316926228188623,-0.2644746902703465,525437.099053421,448253.2446116816,1.0045607062867643,0.4061466800079469,6.668061843536985,5.694952590643023,0.8573629029390397,-0.2727704293210045,33.87272723258521,29.207029063705846,1.0454337931955389,0.3686870918295688,2.789841958260825,2.269731960264743,1.002939168195521,0.7247515984035569
6000.0,0.7236059996268333,0.6199882823489129,0.8495622836314134,-0.3700043329745019,4.24870744792267,3.990679299229712,1.4635360650650435,1.951449134416258,560390.3238999846,474857.7586481438,0.750934253083867,-0.5733235087494348,3.620895003625408,3.298495175502345,1.0584888078326633,0.2923083870365675,24.753764599216623,22.027126915359137,1.0499693093052982,0.3875473778385818,2.472122361265008,1.89512629496287,0.7837064015039193,0.2737159405521612
6500.0,0.6280804173859158,0.4656775470203318,0.6429487890404011,-0.4712325320527775,4.714421026003917,3.60967976869845,0.7581887529124558,-0.3087170348810142,711753.708807842,628591.4229471026,1.00730125957452,-0.0260488450337224,4.037690485960535,3.256367098116832,0.7584192805611767,-0.4924236672436186,23.020618940510843,17.47855326053877,0.7023541955689886,-0.3236435870165679,1.4710272957066597,1.130097618066256,0.9465214203857828,0.6977903624861068
7000.0,0.990872482659896,0.7599676492899251,0.7427247590883542,-0.2563260926335111,4.016612190004829,3.3865413474270207,1.0294740538051603,0.2794919512439611,894517.7807746951,698558.0829710431,0.6775912154505302,-0.4986709633776871,2.5727965694710133,2.26772754775184,1.377232952637434,1.6407056804875388,15.00240149953374,10.951726681111564,0.7499265655459999,0.0021247995723014,2.8542834381742197,2.6194762409247776,1.140462573756326,0.5268094998263839
7500.0,1.1797700655651553,0.966927703885606,0.618606696899765,-0.8036328293336479,3.9112362280819872,3.420464177659573,1.3542480129133685,1.7088578908138563,793320.6345235221,751480.7952679696,0.9150686063999142,-0.1974904299460584,3.123539298134311,2.313951624273632,0.5329118952712254,-0.7578652303978424,16.92756657387389,12.708352344939788,0.6654305222256468,-0.5030894568850064,4.143420193662515,3.8788916711258152,1.0785669341938666,0.3229840787482883
8000.0,0.7187644512955375,0.5432438612381659,0.7510789242663434,-0.3093233366152366,6.910475914222735,5.016142208938421,0.5914377377630171,-0.5186260561827019,503810.33421022864,412702.4521213743,0.8089562410583417,-0.1483812478918151,3.781721145301184,3.706744222158168,1.399916051965159,1.4027945383095144,27.55324057615385,21.30181961238699,0.6407057541917335,-0.422474538029951,5.10580696906279,4.204198384432386,0.5689538882174507,-0.8689703032946277
8500.0,0.7883820239429307,0.6910061659084513,1.1641960053043292,0.8638005846307779,7.846929643991403,6.294789571347782,0.6635973984167679,-0.6763913373659731,268040.83992146177,237883.34373121007,1.1840134111426417,1.1338346819914182,4.368322115335755,4.620129841150637,1.5860676723833915,1.7254735973910078,26.730574228649647,25.803562880863243,1.6614616348519466,2.550747080227053,3.580906562941135,4.477063384911683,1.377933581904346,0.690864228168929
9000.0,0.7344579365517961,0.6401405061529669,1.0740400615276031,0.6300507874258754,9.688965906016344,7.072636769731009,0.4045254541677327,-1.0357866651143888,210838.4407883704,164876.65713235625,0.7530289099184793,-0.248893892832827,2.328446082411985,2.742336901321329,2.177717858357089,4.876128829308887,18.405111465575523,19.94727110730535,1.996873224001976,4.031408971360941,4.071537786262395,4.76713015299328,1.5155455358908538,1.2843912233945085
9500.0,0.5446107215051991,0.4190236260293028,1.0093905844563096,0.91223637068025,7.358222508113887,6.141589014794668,0.8767790638125188,-0.2852499825933505,246125.25566294973,181906.00344320515,0.5060432110811247,-0.6829946204491577,2.672592019600548,1.981180258148668,0.5682679293918302,-0.6530510338453719,19.16417854503456,17.41346646508477,1.2258729554936367,0.7949334207135776,3.183499650949269,2.7918138539681108,0.9802720627104832,0.2091871941418719
10000.0,0.6563009154651672,0.5154584298448803,1.0220783626776262,0.8152892270273799,5.953188241322834,5.309080225533401,1.3559632158068746,1.3680154425303217,239138.72649437792,196297.45769896088,1.1436947054096769,0.9907354649092897,2.5112529542716047,2.069211647234163,0.7583438525339394,-0.4892499035874111,29.549543649324765,26.49319915374844,0.9413160522511664,-0.2461200629901059,1.7479054093562445,1.399948677441778,0.87105008618082,0.0629304215852029
10500.0,0.6353166394279107,0.5049528985379541,0.7538553197066615,-0.3496795040358629,8.896733106106577,6.65478143325027,0.5001682889309064,-0.824412974401247,265429.6038208613,201568.77645233404,0.6036260680841619,-0.5596232198143856,2.396710695401088,1.722769941066311,0.5388008429651531,-0.6443698332202805,19.63201220725455,16.28787254100951,1.2331834714267207,1.4597381025249678,2.831404719816579,2.117624137147166,0.4461024141407811,-0.9521840855351384
11000.0,0.5389681302260122,0.4158862380834773,1.2773922713967336,2.1600978228395,8.122030800757805,7.612420666184573,1.0465591534038947,-0.1074436501829629,137867.8796631476,112184.40082018156,1.024127716855461,0.4719638553731133,1.8686398624518643,1.585963304065801,1.0683365256291926,0.4902781742148954,12.068327615367767,8.947826712393717,0.8188154561463117,0.4981445499245591,2.711840511568604,2.093084984888251,0.5502960929479489,-0.8596226858301885
11500.0,1.0031031766798308,0.7923311407560353,0.6505965765410752,-0.5460511119479889,6.552089429281949,5.485971911854173,0.9895289682126808,0.3495256064638123,144951.22799425293,125443.05152248876,1.5233020871123206,2.7057342679207217,1.5212592722306535,1.2588811100540105,0.9937478946357228,0.3004902841852614,18.687386291545348,15.862820821265156,0.9968285909465946,0.1256552306907377,2.059007422371896,1.797425396022878,0.9352969360230228,-0.1320771801506421
12000.0,1.2515338770317657,0.929028856854834,0.4504957176450377,-1.0500298756225754,5.871048872846545,4.206857116557038,0.6423581647335564,-0.402036336849823,312617.63561333314,240325.54066507777,0.6222220555646916,-0.5806077678433668,1.5266567673370912,1.0034838520580078,0.3718080299780192,-0.5666868703302699,14.164860694123144,11.189263269040886,0.6738929157641708,-0.5609356747566907,2.468130232625289,2.1531526475390885,0.9102862895299114,-0.057270182657906
12500.0,0.816236789788859,0.6938487562992186,0.8845273478221731,-0.1624338326990599,5.085655922066176,3.9413054218781736,0.7758340838510783,-0.3963313441405054,335673.86950142425,277042.6379567489,0.7354147219544801,-0.5567895532151934,1.7035770160318595,1.441654440712114,1.096491230694606,0.4715010956119561,14.230028035425292,10.324323806543982,0.481306377289028,-0.8607045358154481,2.3379321176610155,1.961053989212843,1.0317610267958606,0.5771614817346138
13000.0,0.6459518296084047,0.4746649439154171,0.7591557515620571,-0.0910163387476452,4.275201759750595,3.799383022248896,1.1496742575455452,0.492786409799022,373105.9765898824,268482.3385859367,0.4506535195233465,-0.8766863609852553,1.7574896114023768,1.3620430113863855,0.8860722787205977,0.0884106453689095,18.98288533916282,13.091594772863909,0.4363588896397811,-0.9319223938096172,2.4893951314590006,2.023962405028574,0.8998251098922048,0.2925245060117758
13500.0,0.6978533028915562,0.5021879481624636,0.6744587242888814,-0.3705641741981935,3.596687456829732,3.182787739401321,1.47482678367991,1.8892193257885916,243316.15492682773,187851.52326718543,0.87390178770382,0.0669912611026752,1.6945699370492129,1.114395758596428,0.3263653723510829,-0.917305749216387,17.052436857273776,11.701785340172233,0.4442328148692651,-0.7722508255717506,2.960030061835483,2.2599831583395784,0.381505714234931,-1.2155656359774791
14000.0,0.8015330486271474,0.6411989996717794,0.8578548833650473,-0.0898392993307855,2.9618481864686683,2.144986152068284,0.7016920108098803,-0.2115071549387779,447498.9769330057,367058.2292468546,0.6892173637001616,-0.5877920367874525,1.6221299704025105,1.2525585028609227,0.9606119059393344,0.4715200096587204,12.288756760256971,9.843322580804632,0.8916764625728365,0.0231564144639828,2.47970025051058,1.8243037622354277,0.4486788648856719,-0.8490590834370666
14500.0,0.6324545729646649,0.5158055943364862,1.1097184830905549,0.7633812488718243,2.7332146130829065,2.299911390274733,1.1377711683113991,0.9196675826518836,588444.9636080742,596628.2641374582,0.93500426098496,-0.4568273563044442,1.6563218486325135,1.140001807704219,0.7244766943040966,0.2416960160436931,17.354307858379542,15.514393079909516,1.6316779927348102,2.709919910612661,1.4222892162122804,1.2429908242478254,0.8402615371559675,-0.3495131771750612
15000.0,0.9259238436849612,0.8521724940871973,1.0826656767500824,0.1444230856152577,3.073824912795339,1.9831961298327525,0.4939390096487688,-0.2798309646144576,499071.6841041487,575271.8316387533,1.3494492970884884,0.6045489805915896,2.382256323286169,1.8581340438838647,0.9349686982474366,0.1427455077142347,25.9296985737562,24.15750380614712,1.2154068399380134,0.5793396719368653,1.878769089545987,1.4584814018690562,0.7535925374053539,-0.3287844864080544
15500.0,1.3042483410639556,0.9656765473811982,0.6375989653949298,-0.6565955808501429,4.128354730772038,2.648839408609642,0.415499634784285,-0.610794640911986,499347.1898771728,461545.9012837228,0.982464442714646,-0.2673064824492313,3.566717897115146,2.552809960638758,0.501847035661457,-0.9350187277358312,33.42850258798231,25.179380345101443,0.6359639061197316,-0.703840212110229,2.0582287055381427,1.802256748612444,0.8570256560345986,-0.3551856381891687
16000.0,1.1034442456880111,0.8390719451241169,0.6124642135730091,-0.7278070043542275,4.862864839717109,3.437646604854022,0.5680104547458821,-0.5994853466557619,434614.3695696742,328973.657493116,0.5444161810199419,-0.7619073349489849,3.0301493531043757,2.114328832072329,0.4510530225839718,-0.8884103353905397,26.429435187176644,19.32838867228008,0.514411413841675,-0.8253287969009708,1.8842720069610304,2.1889450986220607,1.2640237006316404,0.3092768481651164
16500.0,0.6989254495625475,0.4971690325893982,0.7103060152101288,-0.0566809343376313,6.206626420032131,4.828402449003212,0.5432647420451646,-0.7765533056470848,259270.7895887351,219415.63825748887,0.9922926679149738,0.2603564181537106,2.113333815954346,1.687906506419273,0.9833193698945965,0.2563231473911278,16.779721256647694,14.29956849285111,1.1977136794042182,0.8065518794771567,1.847557875806492,1.7937650357714223,1.5011454217605804,1.728672655756629
17000.0,0.6001099349003649,0.3938170069877342,0.3891972288103713,-0.803407390851381,7.314080518564518,5.526283346446766,0.6223276807694844,-0.5108034462877642,173336.08365614177,133407.2085348932,0.6079940496555036,-0.787858745682378,2.517605820244908,1.6760350714009251,0.3796539679319682,-0.848771375790426,15.8428438141417,10.994341830875248,0.6490789203852955,-0.2504384846138152,1.201487376939864,1.1604867101415222,1.7616547716587692,3.02502495477952
17500.0,0.5626591281904321,0.4260963019475816,0.911407451272606,0.3037627295440095,6.85420739684411,4.723801013165661,0.6306267737711114,-0.177217039549391,184581.872804169,140289.76689306943,0.7242733984580751,-0.2919677097973259,2.7792762791273264,2.136090366520547,0.7491904249787786,-0.2334184740585203,17.14612399622231,12.250095694114,0.7246153908422364,-0.1452491070387118,1.102024913253539,0.8069188534229265,0.7543555670463614,-0.2729558574046642
18000.0,0.5775780875273414,0.4822235387726993,1.003829760812769,0.3158085923966904,5.544192852108538,4.300175426938813,1.2873677277809374,2.1994141436125867,198154.0275745548,170681.61108178218,1.384388981238314,1.466593240526115,4.16011407706633,2.8580279077895963,0.321305098038838,-1.0551801044339288,24.339251247550816,17.224228439167398,0.7574501154737137,0.1900725411354176,2.0653642557068705,1.554377518611624,0.4433709281741513,-0.9212539042593066
18500.0,0.8717275876689022,0.5952338536779641,0.5172774011530674,-0.4769805264912983,6.133280528818901,4.363218402011479,0.895259213220348,0.6581189970739811,263077.1615539713,234606.9212994444,0.9351997730377294,-0.394241122298594,4.271742406143302,2.8453878767144807,0.3544080798814835,-0.7992980716057692,23.802509972125996,17.111798133432668,0.6759227234182681,-0.2697625543940716,2.1419883464158955,1.669746942823824,0.5846223672228623,-0.8414205271467807
19000.0,1.1933735799529392,0.8816615881406875,0.455718253197262,-1.0259340159531114,7.699946077164237,4.948757200572865,0.146118863276104,-1.2671699943037311,346897.6459117982,274053.967092279,0.5296501446921934,-1.0114927889984522,3.5260573478867023,2.75536933257914,1.1526098514161776,1.0020174882161852,25.53358368111446,21.45022850647941,1.2029651804527906,0.9002875395425578,1.7286107345773614,1.4167147681978414,0.7092490832319678,-0.582221690118299
19500.0,1.505263080153232,1.0407964270592136,0.4591493696927518,-0.6903585192580208,6.443652324061545,4.787672152740236,0.7297884219079893,-0.205383055212045,375928.8759362221,251383.08072289717,0.4057203243798597,-0.8459594449327867,3.727295118872125,3.06985234324589,1.203248758008321,0.9838872854376262,30.426141606699545,22.574639002491885,0.9434172551423804,0.6215787262061632,1.600890595921952,1.184253823319699,0.6606486553256848,-0.4279374685339916
20000.0,1.85082524690094,1.479241046028873,0.8506816361777103,-0.0246488991796565,8.284851311407714,6.252729308655074,0.6011344144112458,-0.6650854102673036,342941.9076865956,250005.6941704808,0.4804972161541257,-0.9466596967264712,5.048850474876251,4.421117432546062,0.9707262089295516,-0.0340638047339898,39.86907526308861,29.46481245830354,0.6650242163226615,-0.2402906543862806,2.517808728334283,1.9420115257850672,0.7521110026420107,-0.1541243681554625
20500.0,3.0610927608937293,2.0685596830313178,0.2311748013260025,-1.1520168927767869,12.302504030239632,8.555463811767108,0.2669045032838743,-1.2251239996649697,466056.6356156209,318647.7800984508,0.1982315973429577,-1.1364296130631872,6.193692258100762,5.225903779153281,0.9909853208534104,0.1327648795160585,58.32711022678973,41.21170621817371,0.4940355133222848,-0.610700606060282,2.24652637902086,1.9870235423111744,1.1687739704794964,0.901017212166825
21000.0,3.248195929939792,2.297905506415705,0.3043444307544408,-0.9939345927756088,9.93568919386508,7.078568886011985,0.3942237370424542,-0.929722416800765,453951.2150968597,311638.5187076473,0.1452014569353543,-1.344636538042861,6.849978542140336,5.175757637159464,0.921923958840648,0.5300246408969094,59.54519077956597,41.733619599670654,0.509790472259211,-0.4006647261719003,2.482683877950682,2.048102105926229,1.2817134618359185,1.3221994698871251
21500.0,2.429232408577348,1.704555731308413,0.4855286694071632,-0.7111141950836122,5.9286795330142015,4.48195391987612,0.8561397479707611,0.3548910321964329,302161.9617917199,205358.38923104544,0.3359403757896816,-0.9484162267009606,4.993129644265968,3.5513850448472124,0.8074512829045007,0.2290115083644504,40.03366052745402,27.944407415654386,0.5880958653555225,-0.2997490001454999,2.1607815900604765,1.703689290228957,1.1329699749297273,1.0160577271771205
22000.0,1.6057932369165993,1.3015359297587774,0.7454218877584708,-0.4960113385839415,3.4490425131279907,2.400118398674055,0.869520873683243,0.6374250795104697,166921.6078398287,130559.98919502598,0.8111671399444214,-0.2540552044173081,3.133119903469681,2.476284139050408,0.9032335570613302,-0.1581269675085312,23.775170619689263,16.81286312450616,0.6485877692785956,-0.4533665115965477,1.5001992718184936,1.1388421055316793,0.9138161201004136,0.4699363490646693
22500.0,1.1747220945689172,1.014253053505429,1.073247747729477,0.4382156508502115,4.554072571093714,2.9157647815653323,0.326050145410528,-0.5845740991417165,141336.31276169064,101784.34821262809,0.5686468830357909,-0.514314276035416,3.364927126868108,2.4549877609541912,0.6168366344926888,-0.3766122814153618,25.691888693314574,17.42087401170236,0.5312511815596476,-0.4790852871815212,1.741740336706163,1.2471052473127044,0.4621762453945918,-0.958770119730632
23000.0,1.205048552542959,0.8123804102839772,0.6412902807690418,-0.3090200571346475,4.337499900445599,2.836735973601649,0.4133944755098056,-0.847020500471992,180266.9048051177,108415.13463951786,0.1648271634618058,-0.976900797394403,4.539192645753027,2.839767695058764,0.2485822123204627,-0.9243621724094542,36.84179942817235,21.30742404972084,-0.0245064317553501,-1.0811645634369458,1.5703516173491745,1.114275701082032,0.6199146350117518,-0.3643119098455054
23500.0,0.9826121870497048,0.6465487046645361,0.4226210024385499,-0.7947844000187727,3.573138654562547,2.2939367547249825,0.4226638853629046,-0.6514854815064761,154802.76682672242,126047.94208209933,0.9941444268056848,0.1926937349362734,4.1471274608668205,3.095217505353894,0.8064458676107776,-0.1793982426288543,30.79091773997879,22.073189559671714,0.6390214989413938,-0.4071982206837385,1.376762768362061,1.0370680944804267,0.5742650562669636,-0.7201362630987056
24000.0,0.6161763798031706,0.4283579212902175,0.6850716329026434,-0.0246325621066358,3.8770800873707514,2.7679017091189198,0.6560522985753096,-0.3662222479747226,147275.75283904732,107996.72108219602,0.8087659156282121,-0.0251999699441416,3.84922520805854,3.073155911492804,0.919093284247163,0.0744802256035366,23.090594216690366,18.74055769765905,0.6557267367282646,-0.7083666365222037,1.4049140752351663,0.9434154039935052,0.4305681972739084,-0.8909906036304633
24500.0,0.6134732680714109,0.6143562328845735,1.9231671762682672,4.335601605135206,4.852801455963653,3.964846226260789,1.1364067362253223,1.25417443092232,152095.16343990905,111791.79180047422,0.6974456496814013,0.0173191807810586,3.8510721441949416,2.882255236977303,0.6330195386467473,-0.629168347622493,22.98459518658938,20.067657426122462,1.3461242525708144,1.6851867792433346,1.976744682577385,1.5948703430727278,0.7329220182929466,-0.4084230469577763
25000.0,0.9345365720488694,0.7770418890975469,1.2368253410729064,1.5192340958858113,4.977586674682322,3.588376727736432,1.160932555771719,1.7446422398809052,198043.0847447277,131221.95222040647,0.3470754778098797,-0.6757486227937792,4.751427659377495,3.270101148810389,0.486273470199063,-0.490859280092049,29.927373333518908,26.10519719053068,1.2329597834722563,0.7710551311501996,2.508415137419229,1.736467447431176,0.2672676211360683,-1.0905529036382005
25500.0,0.9411720293165092,0.6369581263400546,0.6219000422981629,-0.2314497374040551,4.704551999647005,3.518932320997997,0.9750554641338174,0.7367434003804676,172853.9710057353,132496.29170311984,0.6507500606699551,-0.6594032804182541,4.040743087719666,2.800653693101949,0.4371321915879239,-0.825660942552553,25.06157564030752,19.17902606997044,0.9339215092077876,0.3203793660013203,2.069666015600169,1.8788022838950895,1.1401394104105922,0.4950279125327137
26000.0,0.9394171329988236,0.7164898169712901,0.68001616273098,-0.4419520008391777,3.1118380804913754,2.524403460189629,1.4374560673603358,2.183070592848553,174130.10393360924,135232.08643300328,0.7494557887822173,-0.2431950484507146,3.685952248661304,2.6787745307713635,0.7593466231400062,-0.038755670565286,22.95592622041862,17.528114186189004,0.8326582912259992,0.0529916803841916,2.068640405892358,1.6559641491495969,1.0541747086695272,0.7289963640735757
26500.0,1.0694418847879954,0.7656080405951723,0.5107080130870597,-0.823908591129483,3.212645985933733,2.227691791465647,0.6385256938525288,-0.2074876613175544,119139.05568214644,99886.05164422056,1.1117433218041597,0.7386680626880073,3.616083120084748,2.8363252803714354,0.9084836481453188,0.0320568412003816,27.682187404917936,20.21707705371166,0.5759751869553756,-0.7257897052311946,1.5978484274442408,1.163461537919276,0.5599308586869061,-0.4752976902128836
27000.0,0.96106036293962,0.7134889984397974,0.6446855589581687,-0.6085637764066689,4.164140032336129,2.5925846605672804,0.219468114834199,-0.9061679888501925,93994.20079656548,64321.05637438737,0.5350137202928178,-0.4268116220736675,3.910805591844635,2.746806039867069,0.5807362913284788,-0.3047626247523816,28.14721016437727,19.950105589859053,0.5560782357380466,-0.5274873657715182,1.9151215974510327,1.503543687852587,0.9388586717429388,0.2213465399006078
27500.0,1.0681477290743036,0.6946590479342842,0.4968941418930496,-0.4684266436533768,3.665455035001632,2.5774364282857656,0.533599320857209,-0.6215506814711329,101712.18321339876,75618.4672593509,0.6613157130245755,-0.3775753186720472,4.150020502631024,2.668247720498859,0.3866402757615531,-0.8056291188541524,28.92507523263402,17.71955199261365,0.1236524851166965,-1.0428477366974993,3.0595080037982485,2.0499122630435096,0.4500162660363924,-0.5858690723661861
28000.0,1.0479700986336653,0.8135356710752004,0.8855838393149833,0.1692020633148372,3.2266737984787017,2.439890847221611,0.6156564099544646,-0.6437673330671143,91878.34710541404,69365.64683628814,0.7765695829939663,-0.1208122211978648,4.610536690861907,3.37946194026886,0.7899804401080608,0.0161288934688048,30.974042352357333,22.769482802821862,0.8605342019876472,0.178192457085363,3.3759942955823945,2.4117829514342675,0.4727029720435464,-0.8549311785726967
28500.0,1.4946931769858531,1.3067782297747248,0.9091734319046832,-0.1529164143064121,3.959238986142325,2.895528850824436,0.588101511652054,-0.566718430396906,129083.8566516032,104265.17564975675,0.8646509784220211,-0.1263596567550333,5.516620827726519,4.501447369657491,0.8568968363621404,-0.2133347532213574,39.26828885448821,30.3301546994121,0.7068367755962455,-0.4552371347570152,4.030141601022804,2.87888053206774,0.4777881228025725,-0.6939086091017628
29000.0,1.491876260804935,1.3102558315990267,1.060495667917804,0.2555040218050313,4.236136690885421,3.290476446847782,0.6818315709504486,-0.5389194003301503,152591.0998840917,114361.5448775879,0.7717046846176014,-0.1723348004037888,4.1743292958200335,3.604844007907836,1.1714802338967034,0.6980414128447743,27.730918709029872,22.7369683974757,1.0882833349931265,0.5824336333996207,3.727920596336011,2.98968800268346,0.8728658350034532,-0.109101832095575
29500.0,1.291376750964848,1.0081716659181923,0.8096776347286619,-0.0830806356842583,4.160993149939225,3.087040866328351,0.7380600839922584,-0.3280442037320847,119141.6539685609,92741.93525339388,0.8096654376299895,-0.0686291040582478,3.347553036503472,2.781727289718265,1.0039055877741896,0.300919170814379,26.476594739432898,21.03859517573091,0.7993828512383232,-0.3003921553258135,2.309046204136421,1.8642072319997025,0.8992566709947667,-0.0186844420022973
30000.0,0.9084542621046016,0.6458948760323666,0.6138197150780081,-0.4647821224951265,2.9125799724225483,2.195473578758637,0.98406890920932,0.4313974996109517,97711.73436592837,67798.48117470107,0.4445049260641905,-0.7550292304877919,3.303280238267861,2.1446915739722576,0.3175802346882861,-0.8662438363106499,31.26332045540005,21.07727186843651,0.3657966802318524,-0.9348267858360376,2.2378101965131965,1.540996061362616,0.4475404502247642,-0.8668255793882911
30500.0,0.8299730178293595,0.5949656556794873,0.6822424773515945,-0.2744213963672739,3.024827373922093,2.997163190616714,1.6445296444420754,2.22470191575938,122359.97039567432,86234.18580653159,0.5653247645801721,-0.5641154696910777,2.956839373000392,2.117399324869602,0.6430239313601245,-0.4013430419896764,28.192767330054156,20.662099731927665,0.9540617641425796,0.6603475953964444,2.25195160698469,1.6719875462972944,0.6962105519186184,-0.1548118083115368
31000.0,1.0136711674960612,0.6799386186090483,0.3400386608404961,-0.9642875650381724,2.8813826056549434,2.4371410898228274,1.2881288987430766,1.592792602425252,115625.08485525187,81232.0850707318,0.5581875743945627,-0.5761457675799058,3.4829578697058654,2.3919271154506747,0.7324521915511977,0.0072729290621831,33.12097848290427,25.52024553301591,0.9618579456730956,0.5146482493341451,2.1623984207553,1.7942530304654976,1.016653315832278,0.383297907346563
31500.0,1.3505687554484551,1.0118419367510614,0.7941575377366069,-0.0337987066988785,2.641374496803952,1.7356679696905697,0.3603967080828815,-0.9090028594356584,96423.54534052072,69142.09656054902,0.5926219521186751,-0.5258574875222646,2.638510378440732,1.838716163901894,0.4888433291402425,-0.7366132685945055,28.991801921568307,20.742995078594436,0.7620714465156544,0.1159405707522607,3.2896201051611444,2.667546929416115,0.8316323084162175,-0.0779700915472427
32000.0,1.4883777294952136,1.3204471011139751,0.9812502521446996,-0.1894632445979045,3.1266579612499803,2.0074271878865697,0.2883543927823778,-0.859964205749232,132699.66283390997,104464.12837118826,0.7449543254371797,-0.5150379994564207,2.895171089385547,2.3617214916497224,0.7227277857677309,-0.6718125341448604,27.97460429371075,22.342456457201266,0.719367816533846,-0.5710544896038816,3.607340215408814,3.201761547480636,1.049420261368423,0.0993605113088333
32500.0,1.0272088405832678,0.9131422555777688,0.9401892337641716,-0.2354349006100453,4.784703438166999,3.0694462906899598,0.1597818687296455,-1.130822258786207,133108.50037762854,113272.84789892955,0.9383659894107592,-0.0865260277381958,2.8363775355569407,2.5481653197105896,0.9469119603288046,-0.080259152703205,32.53643265027823,25.602737501524214,0.7264964535430133,-0.4329087581100297,2.088212495504128,1.957445005054845,1.4311252953707796,1.6909917262522018
33000.0,0.9513939939210896,0.734335409795369,0.8061748792397055,-0.2061719244465498,4.208195395989978,3.2806028089679207,0.6993891391770641,-0.6119539434555685,118238.80861573704,95177.01468089374,0.7479072562979602,-0.5105131055527683,2.676003250437537,2.15587977046089,0.6720566482454358,-0.612166427663102,30.878781766497365,24.646315833401022,0.7816416490730415,-0.3240089477662944,1.444173117074428,1.09105382047742,0.9511985267185576,0.338350373421723
33500.0,1.1493993052335163,0.724277635106241,0.1753090633525385,-1.1323040230484698,2.650090982197704,2.0021718574167635,0.8955320750099047,0.0686332588978322,99869.27063981952,69724.81127565546,0.7416913074788978,-0.0624795759090428,2.7741983745842425,1.9879034221858551,0.8681500195281763,0.4858760652540086,29.392897096112485,20.67716662056359,0.5032647528025378,-0.752550158749596,1.403579345002142,1.0845516104538833,0.8801431995786996,0.0647292486437867
34000.0,0.989357524200508,0.8009588573292189,0.8001430429864186,-0.3650034372451021,2.1298483997110185,1.6049577288767527,0.8361008965487313,0.1772746598126779,101313.91303467123,72909.43770861228,0.8877870675866542,0.5388995254736169,2.6831188920638955,2.418065628166711,1.1846331645068229,0.7307443944814818,22.73690521916136,16.568635703053868,0.9143017737333692,0.2868454263737012,1.8033478415156647,1.2025545090428316,0.4456629647234046,-0.2931980278843915
34500.0,0.9042747248723888,0.8168503146883841,1.2702627155357626,1.196513791506085,2.277942724077629,1.7890902736973,1.5767076657852888,3.3837841115676444,76857.8915082187,63457.15278451149,1.331316697264566,1.733587221290109,2.8867649267561872,2.464208111340552,0.982154481592832,0.0771042260634891,20.6726520175096,17.75864021502499,1.1214448342253112,0.569111388032534,1.3182900484796276,1.0019574253468722,1.2717169744027927,2.1560852534910118
35000.0,1.0656401763672698,0.7386472316856669,0.5927915609868731,-0.3445583412222381,2.356976398492066,1.854963673709727,1.4649842720616566,3.349315438538518,95506.14315646814,56289.72138546598,0.229857570874167,-0.792024213914643,3.356531412249079,2.369420427550192,0.5803811876168445,-0.5173911772019513,24.648030765610947,16.174370777007937,0.3623015606240187,-0.7234689361623556,1.6088747964610188,1.2708802236070662,1.4989501554397713,2.7534099948519906
35500.0,1.3432866935412329,0.8620891231135601,0.4332729725968977,-0.5545787440027672,2.9134763463795488,1.793172765205751,0.4004369736513282,-0.4283689837193156,86683.05005606724,60012.719016751886,0.761649790853758,0.1212388864526294,4.1079270489520745,2.6778705284400486,0.3161849649985515,-0.8735493646581638,30.25477212976136,20.280075325408024,0.3508444163850581,-1.0284685186469882,1.3988731157472194,1.21659610320691,1.7517235183520905,3.790268239930864
36000.0,1.122003585162856,0.7199109483616989,0.4276895803026955,-0.6914357314807607,4.16638280312606,2.4944586925571888,0.4378455247185474,-0.3937609661335997,110109.7640002884,88772.08041280368,0.989298233031951,0.2530049691988751,4.084664494521226,2.374905441483244,-0.0302548771390062,-1.0777454827233572,26.800270347006634,16.17520231145891,0.2228360757485902,-0.925996194548058,1.8143789731044169,1.5153884041994194,1.2967626686780829,1.5454727061791091
36500.0,0.9293586742723614,0.703092204822812,0.6938582164907539,-0.393214996490693,5.502562584985649,3.634754226876552,0.2309254031425215,-0.9281850653689294,116281.51546525906,111087.56579395846,1.3122686163597124,0.7816711102646408,3.0473569861139524,2.126307238259025,0.6804495263903662,-0.3594051775498341,21.5996846166529,16.00472750796702,0.5512051811972144,-0.6941365460204247,1.8699302093960384,1.6212529521740358,1.172509321190185,0.8571897894445062
37000.0,0.9939210707931084,0.7954515942278279,0.8678813682182844,-0.0164630036194934,6.678547999441836,3.987057228465591,0.122881481231428,-1.133024626021331,127218.3217330929,104434.845912611,1.3573842634083026,1.753432282190288,3.2963190259642032,2.810065688270187,0.9963511791261792,0.4009082321680153,24.433093447447757,20.558376181719947,1.0145178977584024,0.4712459424776725,1.2149826693136505,1.152292790010832,1.3309863138817268,1.3294301989838075
37500.0,1.315880192229474,1.1943988495324271,0.9817728679923348,-0.1819235314742515,5.606719091052566,3.9954258886417615,0.5102764638455496,-0.6201395856179492,157877.34177533392,118928.56710040256,1.1116212681021638,0.888843622102673,4.685664295015629,4.030522200904177,1.0201969749899655,-0.0268564863106339,36.380432914244174,29.44768280050861,0.9737735311673836,0.02860797441194,1.5944291280891791,1.3597310851845998,1.3446602269527117,1.3721183175516574
38000.0,0.936241874312263,0.8649150049286181,1.4640724239342238,1.6252623648965905,5.391908103056943,3.529249660932749,0.6290275906636741,0.629669058013735,144025.06702515035,122326.4513920017,1.005619268557549,0.3456740684237855,4.636346954545223,3.1140506585497536,0.6805784693629012,0.1964695322502918,35.45774795166007,23.25046533925644,0.6042808351109397,0.1303662774234482,1.2956792799261967,1.092578737620672,1.0859152543740125,0.5516959090828997
38500.0,0.9179629666563012,0.585684121517918,0.6811150196870328,0.4240460557378229,4.452744094727946,3.439518557773038,0.8027955720534596,0.2421427710900823,151374.9185618908,109174.62313127716,0.7462562733981879,-0.0727070974482742,3.92513216473959,2.7726628837774085,0.5620540710537221,-0.5556622829677154,29.911039989114897,19.74285607714213,0.4187502380636804,-0.6570694887937334,0.9938516161385516,0.8923711062447419,1.1223666412742117,0.8271743742384592
39000.0,0.578556822483052,0.4264376926340116,0.8521785704720766,0.2091355833799415,4.757630873068987,3.473453810697836,0.6711571595871626,-0.429598056623659,127986.94720793644,83304.98455520232,0.4222403332302751,-0.6820241991949363,3.0685178082133007,2.364423493874132,1.0340611167416365,0.454321242917004,20.596956407551893,15.86980094979115,0.91807990965223,0.1403615936552711,1.1280019113880753,0.7572205909774793,0.5080708235869354,-0.6959679569519746
39500.0,0.4940671658000503,0.4497540352825793,1.336484223919394,1.4825075767732203,6.568649818607206,5.604421846897446,0.9984506939140524,-0.1476505359498374,180085.2280650131,123217.21673089062,0.3419338264964049,-1.041523964165718,4.594956767368215,3.770388001086219,0.909109741362952,-0.0472230764108494,30.294092687687787,24.855253497532686,0.8944182433656033,-0.0924459642562105,0.8414801103842288,0.5687861536500773,0.3621455124570275,-0.8864248204771608
40000.0,0.5069722841879687,0.4967493571706722,1.943455958007945,4.389854164916309,7.239812987111029,4.907100331631106,0.4198182368042236,-0.8531893693480832,201457.60019749452,152860.5850973708,0.3822577702669232,-1.217852222851394,4.112524416833425,3.0119334154681194,0.9274692736818536,1.0107579593906202,26.31565781538565,21.250955776065176,1.3423953570747758,2.231403771076584,0.7671118948187821,0.5973897423633712,0.9732343958958278,0.5577358129917322
40500.0,0.6763320867353343,0.5583003354678594,1.1365778678432488,1.1033318368094551,8.155428342727433,6.810411693717966,0.7806833263759514,-0.5399375300988267,251204.3455689763,208940.44431948024,0.5878976640000866,-0.9574987524819588,4.815729474093572,4.177488389573656,1.2854317291596624,1.0588431066253978,29.305622103092205,26.305794482095987,1.4068878857010412,1.6584196330754803,0.9066257314148128,0.69373444083615,1.2670990839312417,1.765609256435611
41000.0,0.957154783577453,0.7447865751945146,1.1460803000890134,0.9259959786559104,5.563964010148084,4.761612783356145,0.9326252568997296,0.0565135013211559,251198.68461279155,224542.843546655,1.3408432373786447,1.3189272603598603,4.709385651041369,4.265704846959882,1.396688920864737,1.2686458024952234,33.94656587589476,29.94978833962912,1.3627160026856429,1.140199651970642,0.9507403368915972,0.7757477012553063,1.387461163708949,1.7789424142654688
41500.0,1.1422507528363437,0.7047135958062563,0.1477927237237125,-0.9465753102119452,4.218957262746863,3.789040835462934,1.8588197945764693,4.208256273489925,330324.7007070506,247419.42112371247,0.6340479126041453,-0.4607387612271414,5.273179380973239,3.574680671001956,0.5915598832812344,-0.1211272615254741,35.79373291014114,24.15554245660176,0.5626477563686271,-0.3757667509545457,0.9235903963422176,0.7182090910133841,1.27581373474776,1.8479587754883484
42000.0,1.3645591365827323,0.9521297487400268,0.3537092139456846,-1.191698433351464,3.854459183870661,3.0090129256494964,0.689722546682593,-0.4888194532346803,382511.9422547319,321355.2896461373,0.3899372695920764,-1.4380586648611062,6.803562277340087,4.900710500067627,0.3169492579323704,-1.2540862728705853,48.96295646665139,34.994840580068896,0.3378453125535076,-1.186698815123705,1.280279338188278,0.8519369139858962,0.4734468621867232,-0.4692520079949958
42500.0,1.1430067562265904,0.8696221359672814,0.6190177532453973,-0.5789621813264247,3.8285627833861,2.8541832431389125,0.8042162498755852,-0.0542874971130129,330649.8436227702,250425.83400303795,0.568906040866114,-0.8145724284488325,6.682869390654294,4.9186678926385765,0.6962540879148192,-0.3692661239288144,49.84314434636783,34.67454214802541,0.5001355672638349,-0.5876940891585227,1.3268358615914493,0.96261441882872,0.5006613819784403,-0.8735376444413441
43000.0,0.7797414284971744,0.6539916452369454,1.0852649646410069,0.735209790814968,3.792725625823522,2.796321667984812,1.3239509435320076,2.5300177904487398,196808.15112615871,162410.07107762172,1.073297361677138,0.5615269657260309,4.118148136590692,3.501487434043201,1.2259477045435556,1.0513182252324524,29.07245579903695,23.123353609715533,1.0030905903081655,0.5935466548782178,1.3137330969604102,0.9900861072436846,0.5686566550215201,-0.7843718484659536
43500.0,0.6456530613908339,0.4625591717822093,0.6528595309392252,-0.3727339447743087,3.7149462152818544,2.7471273637203977,0.987573884863596,1.0199438442696405,149010.66704691373,107529.59687172918,0.801041033441036,0.2387323010948301,2.9212931378512,2.094749049030533,0.6874202707116748,0.0568390982939193,19.93750165979372,13.277046282822656,0.6504713850275207,0.0655409654368655,1.5867802878425887,1.0341173866694446,0.194106913673754,-0.95174437935982
44000.0,0.6465201463984623,0.4367150043448063,0.4680923869973625,-0.6769475552053055,4.229812949743354,2.8702945693728905,0.4714844992978017,-0.5493335011953375,127977.58458438129,93313.61173907154,0.5998237577897412,-0.6336479560834318,2.5210073824040498,1.8447868602558728,0.6542205706853665,-0.5244198206930024,19.20527515807583,14.315439404622245,0.5779253409395189,-0.8187389731775432,1.412206954594594,1.0129606675563414,0.5730295891174287,-0.6073579370089544
44500.0,0.6042418832608062,0.4169116932733592,0.3845505535275595,-0.966818723581916,6.7727884750492695,5.140613621720924,0.8026176732173058,0.0793783303090411,131343.58167021952,91686.4453821818,0.6012338422548907,-0.371514031042667,2.6323216678076182,1.9515755204531344,0.7327708250966901,-0.3262530422096099,20.65053805374497,14.344165650290126,0.5661072298862698,-0.6387284513073004,1.3471583085765049,1.0760036674531848,0.7578718972527213,-0.3566637426442205
45000.0,0.4860500654788299,0.3172195956020025,0.4622718613863109,-0.6251031655699273,9.991362791347392,8.225459142706448,0.824673463106907,-0.3133448291246825,129776.16950074724,92045.33682637806,0.7573315767274658,0.0236542977622349,2.168166931812903,1.5272528335691906,0.5062088890990701,-0.6967583415478318,17.257117722303594,11.626223950635897,0.4370069445585992,-0.6533283708039512,1.5564528428465083,1.1543935336938502,0.6688343644635703,-0.3778080917948827
45500.0,0.427205550872469,0.3033118298086418,0.6504156244272666,-0.2909908586162761,12.902509564997182,10.660379417977309,0.7965510577879555,-0.4814014456630073,182447.88476769076,146328.54105054497,1.0305260817656718,0.531516720008093,2.2731516016481264,1.6840215266191996,0.7748422413931172,-0.1568343676376309,18.154859221153497,14.211549952447683,0.8994974923284025,0.0798244479858998,1.0700257047729609,0.7331561243112917,0.5601313403902476,-0.1926356106879829
46000.0,0.5002466670776029,0.3265352768486637,0.6062520243828424,-0.0298220066914307,15.776866498124209,11.035919630857167,0.2958818373924217,-1.1455458420076752,219174.1159080751,153819.26589884388,0.7803584656138954,0.1148349724781088,2.413818914549277,1.727093556697082,0.8863563381974715,0.3032926781245031,20.967372330623665,15.488865849138955,0.9172678311567576,0.2066214331721458,0.8196237850208318,0.6035356624384184,0.8085378170044639,0.3791612349704816
46500.0,0.4461412850202151,0.3938118710266233,1.204045464132696,0.6981543842504272,9.12093639666633,6.735973198057724,0.6773372876451714,-0.4622650686188478,149024.3414964704,103144.0923086858,0.5218735122484813,-0.3684373394233455,2.688718304961749,1.844186129992228,0.5428866373305651,-0.2443611487908388,17.36277613394288,13.662511191063002,0.8771824705720729,0.133130783015547,0.7889768771590626,0.7422732384090667,1.4214065243347582,1.5623851779508238
47000.0,0.4106538498521922,0.3514286342947353,0.942007008837893,-0.1308431063461763,3.792733048691249,2.9721963295050298,1.20194609437069,1.42950933609404,115494.028046166,89259.20111653091,0.8979553868970644,0.1208645741853553,2.906900902395165,1.89694378152192,0.5180909352768948,-0.3571593314735461,16.110038897748403,12.16125129930659,0.8237058944222129,-0.0337880955759599,1.130893602696864,1.0744803784655914,1.3435159171132984,1.1563520187516405
47500.0,0.4084059025200239,0.2796073215937839,0.6919070104772387,-0.0430487520907081,2.2739864604875555,1.6682436258332476,0.7529795515357535,-0.1887357357788182,128136.04340706806,103237.65736875884,0.976222301003834,0.1469994939095946,1.9818299341190924,1.5410547735868758,0.737488629164054,-0.3704421024136968,12.921791391869352,10.848923847701936,0.9878668131955148,0.2477061338242903,1.4713102172282344,1.2484414677667983,1.2810642946638595,1.1264702884069369
48000.0,0.365568886134934,0.2732962788664071,0.7205374011470196,-0.2361051097320223,2.930720440238033,2.279420382003184,0.8101429444423792,-0.0772469928068599,107685.71335427856,86628.94329349,1.2301688573486376,1.3265195767129525,1.5250866307866675,1.143019921418194,0.7490409397449701,-0.3006342192222946,12.562450866302902,10.389591485609078,1.169632354292845,0.9080028081225467,1.6028545951545337,1.1281458710547947,0.5555233845282715,-0.3522307687891404
48500.0,0.5109949962965361,0.3388431620007336,0.4638191422492765,-0.5992062442334944,3.973113169233742,2.6689978202436566,0.5561204332789632,-0.558691230215262,139538.2174241301,102125.13876012729,0.871093258674153,0.2815017633884222,1.970571129380228,1.4062505043506477,0.65885551970239,-0.3040548726622107,16.10892412853949,12.491440390254384,1.028840767629772,0.5066161669443976,1.2776146491711062,0.8506562297721081,0.4301305339449565,-0.7605449843055152
49000.0,0.6457565805424936,0.4238747577846815,0.2700569580971233,-1.0859438495919225,3.3385336251153133,2.2238291081800203,0.3957096077978913,-0.7786106936778912,152560.58856195892,104810.8399011626,0.4514910927404102,-0.6627723527042515,2.376139165046737,1.585261911090169,0.6971753321772466,0.1488803605799105,17.49903499009954,12.431065709471776,0.7791798779541836,0.2438209140471712,1.1877787814230305,0.9108654215337648,0.6870136459669872,-0.5765144293610693
49500.0,0.8280516620967846,0.5873300894598652,0.2876649390444867,-1.2528218996615923,3.454006418597615,2.5207190174388105,0.8959057758309943,0.4631052508312239,163457.40990079177,115284.51615546671,0.2451856511864308,-1.211535061860723,2.469855122149908,1.5757617780443314,0.4080496173832045,-0.542144918653483,19.36852139425214,12.50800936900861,0.4913749465599668,-0.3835009618263005,1.1241150064281256,0.8660822256511609,0.708150432854347,-0.5968324076540612
50000.0,1.0035217140810937,0.699608675496469,0.4158659396990824,-0.8050105572978574,2.893009878091548,2.400467379631614,0.986648083957148,0.1282753563441496,177522.58922254387,118441.87514892122,0.4234067659698589,-0.6237529524852738,2.8684925843343616,1.791813412639467,0.3235245955774324,-0.6141158450647892,23.56386922358707,14.846063605664558,0.3838414015525153,-0.4822767439053148,1.087601008521294,0.8312942688271199,0.7269515235339334,-0.5050805936109439
50500.0,0.8047348714840621,0.6109099689971231,0.7786614742686931,-0.0637947961713338,2.3609493522522063,1.8653637234541125,0.925311125480445,0.1824470080463616,135318.0018046215,99376.96412305484,0.654237996146482,-0.3410917384463747,2.113287982015059,1.541053637717283,0.5925685688395226,-0.5352086874906572,19.116572926914174,13.19827832500846,0.5321371128185458,-0.6753595482791743,1.103176507192479,1.021526003235099,1.0963998391179333,0.1367889203061381
51000.0,0.5840324988072033,0.3781071167133208,0.3777033945833652,-0.7344818114045575,3.508745259917925,2.367359081617705,0.5094035559838136,-0.5198434089606931,78963.39407928094,63154.986433447295,1.1313692262025048,0.7949272584425913,1.77889575652232,1.2165467510160195,0.8929304763398231,0.5287315550407299,17.602363973744136,13.835910576209828,1.081840094732764,0.7726538224993695,1.316956331077886,0.9914482393420336,0.7078324663446166,-0.351339686113771
51500.0,0.562761398915297,0.4098485979275884,0.5854851261514163,-0.6099820440810948,4.450159539718646,3.084945625211842,0.4957416548918434,-0.4181508534598981,86091.11251386191,64763.47901322259,0.8575637886198247,0.1121317630932985,1.9577498755853588,1.63450077965571,1.0569743154111515,0.5298700964433358,18.880628785779304,14.317540995515268,1.175191003899889,1.3257531404621314,1.6946035567922415,1.2264700005593645,0.4973970584970101,-0.8514018385230364
52000.0,0.8573996075212427,0.5473408564271779,0.2387925638959104,-0.9615253438874324,4.662217906420395,3.004714727088841,0.4258403873924348,-0.5293673636837717,144418.32196548086,99863.38667017556,0.3633724529631629,-0.6763193222519472,2.958971743369922,2.328603722982288,1.1457577859097263,0.9988332541287795,23.463400073750627,19.08827248607578,1.1082618459339422,0.5839212193795871,1.688602874469692,1.1918629950965545,0.3306592905198775,-1.092705891258729
52500.0,0.9665475343076152,0.6744821466145353,0.3043533110392779,-1.2313672019987258,4.193610512555355,3.106914973710641,0.6676007092638788,-0.6127188600609292,173201.09902266556,128424.64011128792,0.4087836855578036,-1.1720622134158114,4.09688680931629,2.8387480970270604,0.4378865829201129,-0.8007690212138399,32.7933242360624,23.207778308524883,0.4710540234086301,-0.8107629473167783,1.6954550555289372,1.0925841486558323,0.2851737382414888,-0.9869529324003404
53000.0,0.9940427749274348,0.6443228546937201,0.2294488406064056,-1.0683055231214875,6.659274754838463,4.556743683617921,0.4909652930482885,-0.5988713026159878,209927.42720654825,161237.6294285414,0.5383111054442269,-1.0276595602245848,5.098494808251719,3.2844566524153245,0.2229002256424536,-0.9838275646771022,39.84378368926789,26.26101847262185,0.2028628513784335,-1.146604654459048,1.6247321064566855,1.241947456076326,0.6614670460101136,-0.7194298527921439
53500.0,0.8874606745916639,0.6486915401153652,0.6641783949202607,-0.4891019817545778,6.747506871743726,5.34082997608189,0.6795428649817244,-0.6596350441456145,201539.70243189824,145245.7657438989,0.4303497030160997,-0.9813053365986022,3.9599552577852575,2.6761125406484108,0.4380699028110006,-0.7237617119695217,30.60443955322587,20.412884524667238,0.4979289427519305,-0.570672835082775,1.7238118386104464,1.2981357126789803,0.6888357819081325,-0.54737394736651
54000.0,0.7338373092885814,0.5344014779318962,0.6077847752257206,-0.4867256397443231,8.146979033076715,5.533107329093034,0.5151273656529417,-0.5928702171784384,209297.6015793621,144312.15081079747,0.4328290241495355,-0.8493021684717661,3.228689254837145,2.3368255013309143,0.4086009628518091,-1.0588875356080314,24.529652868839456,17.87718006094364,0.4464740507751802,-1.0683087111077374,1.060785284526683,0.8743534791729036,1.051837417620607,0.5500622205072081
54500.0,0.6521174642463969,0.5421626431022734,0.9619228405423964,0.1352467852918049,9.44149528908675,6.222927392022065,0.2382540448271938,-1.1768102789518036,141231.4402635915,112856.79309926904,0.526079895880954,-1.035948063791045,3.0449573821799487,2.098949926297549,0.6016256156599862,-0.3778515163308418,18.10150726283699,13.012266576540664,0.5124514957935146,-0.8683800883065822,1.4403403183824903,1.083792348798271,0.682822235537593,-0.4628589422606519
55000.0,0.888536341831471,0.6436494424544664,0.744417729153181,-0.1323917765446709,8.587431843230128,6.543641796958959,0.5590186654710965,-0.8564829493185342,109543.3512348222,90969.53140154872,1.0044991162461552,0.2933118918915944,3.2301845692924696,2.5310970507703083,0.6872392544427078,-0.4528841063011271,20.58779921845494,14.582393167381465,0.5418618190296041,-0.7822954763678043,1.5023140695254322,1.0140848793455124,0.2505603953336646,-1.0396249305510594
55500.0,1.0955030265626908,0.745518201939738,0.4621293021355053,-0.6276667436564956,7.60746924582681,6.190166721094436,0.9081128595182786,0.0173718954482202,129708.73385816056,104246.10748985207,1.0465596848051422,0.7433078130865556,3.550583133653177,2.4036967692203883,0.4085618977082526,-0.6577071015706335,24.633364211472998,16.405887468494115,0.3479768263768839,-0.8186590633621922,1.6826870178577351,1.2050258151029627,0.554938077981476,-0.6875658911048466
56000.0,1.5582023188704437,0.9611756163438476,0.0787016354625298,-1.1067345184648307,7.08157625288821,5.9125956162375095,0.8373021214095459,-0.2622176270793015,187064.43640956687,129245.07357876684,0.4845167200841571,-0.5368470914093528,4.9382548129820965,3.218207643909785,0.1847969256545996,-1.2399831211194816,34.86361992326839,22.201351656149093,0.1010079327126331,-1.3442685351065962,1.759470425633766,1.4057679590927612,0.9326514886734846,-0.0270654836050585
56500.0,1.4316842954111897,0.8943103129520861,0.1272867669469178,-1.1462371133300209,5.9239879799133845,4.774594201705554,0.786695822820554,-0.3481570737001904,189047.48143220815,121513.60276606288,0.4220709821061587,-0.5792712280682855,5.26801024167727,3.1795036005233923,0.0467217421360983,-0.9685014804632356,36.784548134029706,21.93457899252092,-0.0034690352227842,-1.111133215516086,1.615637006012653,1.4402626313547962,0.911801861581326,-0.2541853725525662
57000.0,0.8587959067709728,0.709807147520297,0.9518266041068776,0.0841564626385338,5.725651625597751,4.0524808718283785,0.7487889463780734,0.1923131505455568,102882.25539807769,81078.62961112922,1.020677715490925,0.6256504471167652,3.2964401155658973,2.482152902420783,0.8290951361818022,0.1659048565836811,22.991075988503013,16.56127249709369,0.6387130237035945,-0.4368026064465216,1.6987650017754798,1.2389612391963425,0.5880712612262349,-0.9113098914005984
57500.0,0.9704342339581222,0.8026099936807708,1.043180002231861,0.6841861345666067,7.010771903357069,5.761119518319197,0.6236794914549781,-0.8917288487164861,78713.94602395067,51914.82674651423,0.485724730463862,-0.5211269347169853,4.118309118241076,3.350352246068702,0.903050885600198,0.2046892196276859,26.951829881449484,20.689528390790525,0.7073102448007953,-0.2962791308472474,1.416767033121318,1.0567430717607944,0.693481447055049,-0.4369556680144164
58000.0,1.3558741326205774,0.916287169935384,0.2486562393725859,-1.1866042426497212,10.386433133729952,7.912824331933076,0.4529428419965979,-1.06121953289313,77303.47010155064,56422.27322333238,0.7697503285976324,-0.0426664841454065,5.387301766206005,3.5737038769346543,0.2108276080567594,-1.1242831674344635,33.945116312831324,23.042009270675035,0.2552530328609094,-1.084868114527269,1.166889756309264,0.9545991794178712,0.8366913555846954,-0.3528868295539733
58500.0,1.59223799758323,1.1849126509058856,0.1946664543347152,-1.41886953925064,12.367583926579044,8.816942938062462,0.2287776230083722,-1.270101189702568,74477.28189886083,53057.1907560252,0.709351355724037,0.0333462896091578,6.039319203904149,4.560265152299559,0.3213834966033423,-1.1941255643825457,36.86353107485933,28.119992629129317,0.384515060073318,-1.1362284418707376,1.398340064470733,0.97425007017529,0.4586309925180819,-0.7923635824283917
59000.0,1.0974472030813935,0.9128674978969664,0.7419754820702007,-0.7119039498709729,7.67615921769943,6.522340932967293,0.7083803690275712,-0.5381497954228474,63648.19588432112,45750.107736483245,0.5495715581814699,-0.7381228355121618,4.615138087292984,3.7892988797647806,0.6734633051357761,-0.8908617070848761,29.58927762882548,23.24578696028458,0.5843854704388981,-0.9444527955424687,1.347306313824426,0.9275270409642922,0.3362974614824521,-1.0360288150952597
59500.0,0.6763044629841489,0.5656947318127995,0.9539895266910614,-0.0274349988298956,4.010092105491062,3.944800846407773,1.0752076306769485,0.2134314076966075,68738.28638452433,47131.48825225756,0.5444139808730593,-0.5408692250102396,3.148482305393251,2.32987617640586,0.5264521613952086,-0.9555772913610272,22.258191839309053,15.599725255773311,0.4690695087748092,-0.7595382914973303,1.2931515158201594,0.860006016319696,0.1050322036129742,-1.248916347309039
60000.0,0.4221303931480107,0.3534649915565175,0.9310978330456,-0.118660501322489,2.5494475239768937,2.021862952457843,0.8915408841592433,0.2512833172965338,67386.59188017965,57276.33094456649,0.9593936510359768,-0.1109786536847603,2.0505198784848218,1.3610388694323114,0.3420015592241399,-0.8231305784243759,15.651290814162529,10.829990907508282,0.5168585924615333,-0.7007387401302911,0.9296796764075116,0.5905352264248213,0.3240989660077783,-0.8864402284149664
60500.0,0.4149420499890253,0.3320240122458978,1.0175675159631266,0.6830339985299894,1.9229115163952477,1.2254656576270793,0.2270254940693757,-1.0551660376233276,90579.97880018472,63809.054078859306,0.5195664510093047,-0.7972672925092286,1.6313991528369685,1.4212417810749454,1.648257913919044,2.8055816016295347,13.039006383737023,10.36008075319126,1.0774442548977987,0.9342255632149348,0.728246664431645,0.5262287428688753,1.004437797441487,0.591201197131515
61000.0,0.4390801874080522,0.3783089867486033,1.574260543567957,2.56923369374388,1.6008522014854225,1.0927720844263673,0.5837351393737382,-0.4028040115339126,92514.47270208628,62046.46109697304,0.2232133418220017,-1.076492491795486,1.923379618366042,1.79286496976277,1.6450521086701009,2.5470930928059428,14.471036263672758,13.222176288497328,1.5879075873161734,2.5479525892139163,0.5835915767015383,0.5113466124134799,1.266257839466338,1.1402332245008155
61500.0,0.4742311697564776,0.347254720977027,0.9981598926932962,0.7997826422347099,1.8685137321016332,1.142024314544813,0.4141862104420274,-0.6959402887625776,81704.96412965083,51678.343395257565,0.2847638087903272,-0.8286485219108672,2.5815934953476125,1.7693206133490418,0.4742224171820613,-0.5962017070519732,19.067473162121477,14.276328647165387,0.818279811270509,0.0990459030233532,0.5575213986889449,0.4195088501518008,1.0253628908555117,0.7706304522756726
62000.0,0.4700365834757268,0.3478674868942634,0.9982546457973472,1.1623652700650258,2.313105499782217,1.6002304195084651,0.5267528950337675,-0.525017535770691,60005.53079717091,48906.86601848109,0.930390138463754,0.2048696064485407,2.218289250199307,1.9002623957647504,1.339704947282926,1.6435120664873972,16.008939119788575,12.813794277177625,1.1176476537055893,0.8913798039006284,0.6943507900619839,0.628663254659326,1.4720317630942776,1.9315232411558731
62500.0,0.8193346798678078,0.576097400828901,0.2741606512452907,-1.09530638895531,2.742738154253493,2.551290322314473,1.6035403253055471,2.552094171194605,81166.64445954685,64240.90643778673,1.0277644251492,0.3844566780367584,3.407030440674866,2.3484542720840977,0.3552985903165832,-0.8282133798025648,23.305383750626163,15.77844304373961,0.18853613780798,-1.1575756633951566,1.4143937912442073,0.9618606889618768,0.7443640226176294,-0.096309658598197
63000.0,1.2930266520687368,0.8955584690615798,0.1667376325097475,-1.3089125202788463,3.3474146071844446,3.480858882766229,1.66571189320666,2.2700421018179275,132154.98152845542,92388.72353285251,0.3933527780587995,-0.8941082685201627,4.968690813783304,3.414228074544944,0.2225961566664353,-1.297014308280249,36.424066807074354,24.065221948774614,0.1413749423486946,-1.3072078072907218,1.3148225307627353,0.9012689175215626,0.6784928431875216,-0.1692862045927565
63500.0,1.1387179984171203,0.920151663110606,0.6133294547891005,-0.8405259774361564,2.9785232402782342,2.560654100230642,1.5607410608357108,2.7325318925425712,121852.96583062263,98595.51837671964,0.6959532837286136,-0.6829643764795672,4.288893336582601,3.4040591296495037,0.5801294236513079,-1.0537917567404178,30.978723547673145,24.254772847368518,0.5830376705279404,-0.9460526547045496,0.9951250502188472,0.7454803351305309,0.9497311822815592,0.7634593861763501
64000.0,0.9402355382676458,0.7485722521835956,0.7208488499031859,-0.6281720463252718,2.9345658604004043,1.886581077908124,0.5961853199401583,-0.1668754116691149,101045.51748049168,81839.53946929149,0.7755600401825754,-0.4337598669060929,3.687010217644685,2.59934073770351,0.4453748308698279,-0.927318411046496,25.54729621858123,19.64772648639765,0.6389427373151186,-0.7697203938170194,0.8921610516209186,0.6012224030579127,0.3725324738068683,-0.8049304603102736
64500.0,0.8156549325660907,0.6002699934608599,0.473684973998055,-0.7955093987568582,3.572112618121728,2.9908505193746944,0.9656341387957176,0.0402204001630885,108834.1443356244,71486.416756371,0.3657869453580736,-0.8744092164344095,2.967128944012937,2.1568546679952885,0.6067650049476627,-0.5957362381580715,22.200858592217436,15.61796119185022,0.4544227216255909,-0.8857323405601547,1.2225716006669278,0.8251103190410121,0.4709880261517599,-0.6387922897059539
65000.0,0.757417059469366,0.5504097039950546,0.559563560705478,-0.6518030694790986,5.385002261045836,3.6348469693140735,0.3377587803361194,-0.9608623949948308,114509.16618097288,80932.3302081889,0.4422902739595987,-0.9496882906383745,2.501670588886497,1.7799323793942892,0.7477245327262217,0.1843919222754642,19.66755072961492,12.979976965060953,0.2908773434662095,-0.8865841743255105,2.028470370016376,1.350396148110328,0.4581341773806702,-0.5245076325144864
65500.0,0.6371405802827295,0.5097816929301096,0.9532124208502564,0.4162808870874088,7.640800356048862,6.602999818839758,0.7519583205084859,-0.5863234889683837,88960.27078921735,59633.19954436214,0.5145048578428146,-0.6420655230912944,2.3286902682647925,2.226095128562154,1.2152589401779637,0.5034379337425219,15.178562029966768,12.288380133752694,0.6786450317814116,-0.6505459178248842,2.3303931924487498,1.5028989743632954,0.1498992076024712,-1.0940033323914362
66000.0,1.1745301179145853,1.0367950795772207,0.9882990165381028,-0.1211650128405561,8.885104180894468,9.760250902060903,1.3603963322385744,0.6132963204069761,63048.6976310969,47329.25250139363,0.9490727733807232,0.480225908911025,4.570188023673167,4.755146433208326,1.4460118379263276,0.8929454484565476,29.10669959519799,28.12195815004733,1.3277439675436824,0.7951532944879047,1.8699514078613384,1.3077861713901309,0.2516824941326873,-1.1640580372395275
66500.0,1.7300199793986173,1.290778756775775,0.5792459001572284,-0.5432881936941794,10.76557419075178,9.48017416188432,1.028837934389843,0.0404306949297597,101504.01638926662,82110.63744211617,1.054941982756191,0.6147087701720899,6.375299973202933,5.404034503160203,0.9995067612705436,0.3302851502955319,41.42821391283316,32.96661047568092,0.802270323448199,-0.119524517666044,1.3658619010661674,0.9230674689593388,0.4151893591557293,-0.8511717802126442
67000.0,1.9784650486912163,1.6889250300753065,0.7044115770268969,-0.8254366806012201,11.192958213507127,10.805505680912358,1.014992217516244,-0.122546233723324,145257.45506026573,95649.9320595671,0.2708457959436439,-1.2000066281572863,7.825627298460523,6.700838986473503,0.7458373663811594,-0.7434711347061396,52.1288629128276,42.79096133051878,0.6745999167022712,-0.8424794392214929,1.281248951690101,0.8429886406184959,0.2876629591814769,-1.0701478255535326
67500.0,1.7801001452990537,1.6421011358305273,0.6901050224992015,-1.0055000085620518,10.36903135277348,10.63681800860638,0.932806597201667,-0.5380301100506584,181319.3160894329,126769.91807680584,0.1163396397787063,-1.3505171376120135,8.082344421951673,6.692956578731764,0.6006984014642549,-0.9322543001945784,55.59360799919321,41.14034669453336,0.2803687863935031,-1.232025540361045,1.567047475893362,1.1206271441003406,0.7929464284464347,0.4103200043126676
68000.0,0.9712515638117136,0.9128042201465134,1.084612206586069,0.1777592284860625,7.7108183201187135,7.66041528013062,1.2045801234859737,0.5504585817476624,117800.04748897454,102050.43615187625,0.7702560241419218,-0.4296412416570887,4.907506485035613,4.791876257966341,1.1595653554372272,0.3771030630263916,33.48511987242862,27.92530933610577,0.7860999929053297,-0.4700207882036271,1.213962615004985,0.9619736004120754,0.8941513972144836,0.1236390440142618
68500.0,1.1533576521244464,0.7918638968200873,0.4251499836773793,-0.7554847897252697,7.644610406145578,7.234417418758046,1.227651711164491,0.6767789158790434,117115.06195734664,77886.42184610381,0.331149508986204,-0.9374003565585128,5.955143998064742,4.44819792540924,0.6154327647086152,-0.5950467679695266,42.07147564781051,29.06397635084394,0.3303308065239748,-1.0720925805489203,2.0911056065967624,1.4117663857730338,0.1772716275892785,-1.224031452263241
69000.0,1.0287453620574374,0.8580139123038101,0.7864450403112437,-0.4934367403454804,7.351336257539873,7.205912981366931,1.1872290554510785,0.3383791484524541,114462.01962297378,94685.77217192698,0.9993224213836444,0.319309414928119,5.502068608762425,5.042837932700103,0.9930565925743752,-0.1920415283504133,37.93563645206598,34.23424446059225,0.9563635554046602,-0.2136248608597406,2.137906399440464,1.7398328684706472,0.7645269341569094,-0.4456106934147446
69500.0,1.0781131712541034,0.6997797608289851,0.3060995218089128,-1.0007916114866366,6.962613477477733,5.836965865442144,0.7818520381171871,-0.5826603938243582,161525.07636345853,158450.83842021317,1.1878776852530657,0.3160364985580415,5.727342302176663,4.420922916539544,0.6942441387423266,-0.6087088015643856,43.64833257247407,31.644462605815693,0.5728178826317649,-0.6997561418983222,2.5709306830796743,2.018392617470869,0.6931900691883707,-0.5814875295776938
70000.0,0.9865136340201484,0.6206620847667981,0.1223716498879472,-1.101378497322564,5.097945906751572,3.5424330049467536,0.7983006265110881,0.9457978140026316,248666.5128211637,185432.70004643907,0.3818636355598321,-0.8888151118022929,4.686443482748493,3.238611249810555,0.2788429409025792,-1.132678142177844,40.07905128485079,28.674088169521703,0.3048014466615423,-1.1684688505116636,2.950615180758948,2.201548448912732,0.502294918053226,-0.9115073045654576
70500.0,0.5822887272065702,0.4241374301337756,0.562436577062123,-0.6322057854472232,3.915625273494319,2.9514883871519544,0.8300139467135238,-0.1946832021514684,359656.7268506673,216493.4736813301,-0.026500918122441,-1.2785697870918924,3.493253614578893,2.5101119647090666,0.6763974259823144,-0.3219544829578433,29.46471139846026,20.468966072084587,0.4721650939925016,-0.7369845954054242,2.3943704059653967,1.8217904172140047,0.8670676133939211,0.1034765882274855
71000.0,0.4899837828372805,0.4147627621549412,0.8001141733011043,-0.4816346187488989,2.9384051525261548,2.2246573212240235,0.528477781269599,-0.9166171682512584,310777.64857883804,219029.9273790625,0.1050511704098806,-1.3681996637234384,3.5767302199406914,2.787307845885985,0.355992671328076,-1.2345332015515558,31.50232464494288,24.51889974803596,0.4135466522382451,-1.1658155514649415,2.086214199798884,2.1318802377861994,1.3337372048070308,0.7602141513652452
71500.0,0.5772305036404506,0.3848573700382008,0.5199740278470945,-0.3499540118078617,4.432921746792087,3.049128223296971,0.9456664718725336,1.0738814297785133,242729.8272458468,163893.60572210746,0.2019250057565368,-1.16150397308521,4.135407382951066,2.56006040244658,0.2653180804079414,-0.7606317206738678,36.436790066215146,21.989036577564363,0.0919438270217099,-0.9781320865205888,2.4915906017129075,2.2116303583351957,0.9809762009459704,-0.078505498437158
72000.0,0.4791034319232876,0.3801647330618944,0.9412262368816984,0.3780149397060754,5.293075157090995,4.512659701683778,0.7553648239900845,-0.4980606551951791,189187.89860290597,144760.97994975155,0.5651612825480351,-0.8257397956359682,2.916789200757592,2.3674629232858173,1.132949685201226,1.037511374498485,25.390309801919003,19.202868703272387,1.0175108183355397,0.8568067007237299,1.9222740900388984,1.6197622932221882,1.36547922595397,1.8960349971189732
72500.0,0.7375137102546938,0.5905543013702682,1.2041506162486977,1.453472152734963,8.8790307705681,7.455438602588928,0.8924431087301126,-0.2749275879580604,155102.98026200896,107516.5011295528,0.523142988643095,-0.584439424855713,3.647513180836708,3.3425320077468115,1.4930027816535394,2.213750244630483,27.22365407714968,25.57380737078326,1.5257292655664771,2.230327412007667,2.411737285162829,1.8340181491636725,0.8736929577799605,0.2920888724761328
73000.0,1.3643627707446242,1.1271921781810024,0.8750785459434371,-0.0820410655929717,15.31785656304248,11.540594811518792,0.8354523336154355,0.1931656794160021,173240.73556385373,107796.85485597784,0.1938012365217902,-1.0864051237404246,6.830833902265481,5.952148618949576,1.1646896593370653,0.5228528588306558,48.48966269879604,44.17967753256434,1.254202853671388,0.6656801126044369,3.2651620127638563,2.4938031031557726,0.4246593846658163,-1.1950631751982768
73500.0,1.736842296789007,1.3106558723671158,0.7243158259080289,-0.2634516849979382,18.85684140694716,14.51122271017156,0.5397499293259692,-0.933856631852533,213292.93555698785,136111.3572466004,0.1966908550044139,-1.035791875122275,8.749819107820715,6.420226052861991,0.7410509341477908,-0.1773145778039557,62.48388852736039,44.27075829103511,0.7802843430075775,-0.0732201116822524,4.118124225379877,2.9946478799456395,0.3764033122547592,-0.959822513961066
74000.0,1.9195406803192885,1.5842809444877872,0.7163942415532013,-0.683525148058405,29.0216550070892,23.173568411617648,0.3168924564267945,-1.4701493052573478,220902.6170921344,163155.615598655,0.5640335195061534,-0.6844472959050285,8.58853638156895,7.218811928152946,0.7178183485068506,-0.6895685730969712,58.9086139756157,48.05863801078329,0.661753198770664,-0.7003557734804895,3.143715640423552,2.486271792288568,0.6786520899889293,-0.4383779185654894
74500.0,1.8783973428793517,1.4806334574823148,0.7199781974204897,-0.3058263253434989,19.62487324069266,21.18542049308049,1.0694478044759512,-0.2187639741009133,233717.316078279,163969.9544120748,0.4420898785996052,-0.8481777235829542,8.461289124212419,6.508329274455221,0.6457567996966661,-0.4373770773607859,59.3007866277778,44.58209381033899,0.5050376176975957,-0.7273288481772511,3.644975249276124,3.16682099040825,0.842952968917114,-0.4497213353456382
75000.0,2.059544143038067,1.4204111941498534,0.2513916399823685,-0.9974157670701156,20.277503077421564,16.91548339374436,0.7885590708259682,-0.4794821788278778,232426.8885442742,182371.2631592434,0.7672047137880411,-0.3946662979368724,8.850104030867042,6.097346977799632,0.1959741947534189,-1.1190797278306823,61.90303145549733,41.34917136213202,0.0828805369769986,-1.2505277126891037,3.008915231634382,2.4231281996232448,0.9484065869497084,-0.0195507787950282
75500.0,1.424150689615243,1.0966209751179363,0.5129576909610564,-0.9647310796521724,15.812216474736127,13.273309755135951,0.8304533582258626,-0.3187112139565098,267313.0498256994,219966.63407624056,0.8425561574910233,-0.2831117450073024,6.290426780648684,4.542179806394686,0.6978772417419625,-0.1301424568637776,45.17267196928029,30.244460680587423,0.4264340811344611,-0.6344416136922697,2.978857654620101,2.192415399223464,0.5410949982660522,-0.7437778095386314
76000.0,1.280103273301392,0.884822607658957,0.5955694090384073,-0.419930097483455,15.336258348170324,11.495993971775192,0.4791645433657329,-1.0292372712900557,379726.5790206473,245491.336956238,0.1511351978352684,-1.0842945177401917,6.077340140728882,4.936640903515719,1.0165791088438467,0.3858484539002744,43.66776886921261,35.070813826028235,0.9494861108777276,0.1113595401003233,2.9018513128119805,1.974127860281864,0.4352928022310084,-0.6882471538421986
76500.0,1.5202260713499138,1.114778007641904,0.7281748347962637,-0.0680392782921015,13.79926328805559,10.739299596867069,0.859405072027044,0.0415708355837756,304762.9919336388,209592.80189474655,0.36314821246923,-0.9464519171830544,6.155144949425376,4.751873424366799,0.9243988888318476,0.2503659266198461,42.58081146482567,32.770812097445415,0.8659198206626022,-0.0234572676803672,2.10380884804358,1.873293583674952,1.5037403894887127,2.4593055236561243
77000.0,1.892706438159852,1.3963596601839945,0.5407761392570474,-0.7532507126217936,12.381692457386018,9.607336486844194,0.8681097844282782,0.236819927614222,223927.34036062344,177568.9556369329,0.751446110992061,-0.3283192275641799,6.199729964555706,4.60205923260379,0.6771460728906616,-0.2774479994033538,38.70340071375641,27.1444278686701,0.5022702341759528,-0.5984042349581786,3.0073730842140614,2.177497845904098,0.5113475972396853,-0.7287754336535972
77500.0,1.9341996484478128,1.3917406141701971,0.339397706412988,-1.159797643910755,13.878246931696,10.865393351956811,0.9285038831758397,0.3367952329055006,197199.36401514543,149545.60807909587,0.5925831393881981,-0.6631375316640828,5.773529073923243,4.407079108690922,0.744932909953482,-0.2758371521283393,35.72781315261992,26.965268195052985,0.7562523291839389,-0.2538146333007676,3.6600267689177137,2.726989080321906,0.519641229317037,-0.8971405757301065
78000.0,1.0586256810910473,0.8757210851695694,1.0354419621427062,0.3446782135487831,7.862104014797754,6.55899873946697,1.36344426824998,1.945753031361706,121695.450659451,95954.11457889323,0.9474471792283888,0.3434526544527791,3.5323068099306965,3.6009373722298013,1.3411767588738823,0.9280827170332082,26.72295949761062,24.795831201926823,1.2192777866984077,0.588585064280736,2.415091404544943,1.790667937557883,0.7126636646537878,-0.3937877001562029
78500.0,0.6203300757427246,0.543084518280639,1.1335196712034894,0.6429744388050871,6.374877813939914,5.005424406157331,0.8864673943736495,0.1526981630164101,102613.65480927024,70878.41575290111,0.6490053608981339,-0.0079517265511688,3.026663536223483,2.5456498842175512,0.9968766924335464,0.2990399888552124,28.86302496716766,23.3852674917301,0.7021249905767352,-0.5530522079865183,1.243762871829499,0.8619085452238329,0.7867717782738318,0.4048513878446216
79000.0,1.1501892659473747,1.0123608554693633,1.160485461967164,0.6582277455108558,4.949514014635871,4.2398863369782,1.3115528127317306,1.488067409440096,153920.13472307363,131874.5061948515,0.9678439590974656,-0.035561288726992,4.821957128868341,4.264633113874307,1.173882106843581,0.7202276933883462,32.730830136496586,30.207489682396165,1.1194381343397448,0.3915772254147147,1.242313131953691,0.9139639020055688,0.6129589889664778,-0.329582438088758
79500.0,0.4782915558508936,0.4215014022269396,1.860484278207379,5.046020684142723,5.861587718531067,4.342421210672269,0.8042380653080625,0.0427436162333583,98233.59872920714,73971.15061632435,1.3851670045445514,2.899349130330907,2.285532494431553,1.856416772733951,1.2423994454873677,1.863539424059799,16.055117362796988,13.013020307074177,1.2354330834904712,1.4795524814737897,1.2558417025873958,0.8941184918340779,0.771778834540963,0.1606824275031027
80000.0,0.3434255960609831,0.2460255948142242,0.6439105343061783,-0.3523027583344076,4.6339417235007305,3.389908358588281,0.802285727477984,0.1401857278019078,79796.37360643997,60725.72412734736,0.7118995250443974,-0.3111621983644128,1.9542450688175097,1.4846881308330413,0.7776289604406447,-0.184269498858316,14.187592577185198,10.889205829663467,0.8521161133361494,0.1580802805915326,1.3528785862714383,0.9122532513430034,0.4729177827130984,-0.6499111615809232
80500.0,0.4360988344013983,0.2849282217544976,0.2772522074776491,-0.948222800579924,5.44151696427502,3.791803927275154,0.7015237269675078,-0.1001858178898866,129647.6112303676,86184.9477737819,0.4453316390413064,-0.6388653854404311,2.5089549504789184,1.8836148889545417,0.6647474859394168,-0.4423151105928298,18.840293491503743,14.126265998746264,0.7628236312484492,-0.1715964116506434,1.680845505616782,1.2739599880536383,0.6303618026895569,-0.6504089161202784
81000.0,0.5732411030768875,0.4118335639636472,0.4562771481000457,-0.8469139351445949,5.955614440452823,5.446682361615479,1.432368062519984,1.7815942750521918,177926.14855038587,128410.4488583378,0.576523084440507,-0.6783985684002851,2.183470192538477,1.477990749552606,0.6027192917316987,-0.2432520052965858,19.12339433701333,13.180247637996551,0.6706138665377386,-0.0834376459593939,1.720695315504267,1.2907662001130813,0.6856528026396186,-0.4072979417765117
81500.0,0.5746227477143537,0.4252177564364581,0.5950230771230592,-0.6795157355077102,6.865626147563964,5.594720806074467,1.0366321637601488,0.4290653736115399,145036.93588247753,111266.35061787764,0.7940239543402171,-0.293660154742962,2.2810319291358923,1.925698379040346,0.8437128117541618,-0.3933290510644878,21.25138714339016,17.24361011326868,0.7811667752854212,-0.5146127669767018,1.2869389143424184,0.9316931725984576,0.6968111644772268,-0.2275707372896822
82000.0,0.5960032496931478,0.4217236814207603,0.5310133319907657,-0.6285784118804365,7.661893843843589,5.509900063084647,0.8398188452333339,0.1260556196048847,146647.69283518754,102502.37891034508,0.6894116421531076,0.0840108717013188,2.325197199994564,1.527496081024756,0.3643084098820349,-0.8795132890334254,22.32248233864228,14.644423420508856,0.3284386130798192,-0.9411459862991562,1.0260356383478864,0.683940682721921,0.5367976081608645,-0.2863378081827092
82500.0,0.917900817486218,0.6788694514895013,0.5511715696165682,-0.641045574058348,11.08382529069115,7.173398925473708,0.4687185655576811,-0.3563289216019139,203453.44586098517,159610.94616128533,1.3724069104812897,2.4715570800312188,3.289144133202428,2.320240218279012,0.7246584461258391,0.2802544199841108,31.424776149796653,21.993448342368545,0.5298490218630372,-0.3850980587229404,1.090044053311844,0.7797093858496629,0.7499159547108711,-0.085461071905748
83000.0,0.8167067461712633,0.6606918334452575,0.8718916133517638,-0.0882007629824683,9.70405429299533,6.723900052771416,0.5711677233840088,-0.4533284725149613,225607.582096326,178520.6115685584,0.838783278219151,0.0353859456987497,2.684960237883799,2.192436615492839,0.9797054034878294,0.6161548413239073,26.10099644371533,21.23433305183041,0.7942145920279211,-0.3259834130017816,1.5052490740572533,1.068325809769865,0.46909894374181,-0.8349840616001734
83500.0,0.6638950293881897,0.4422530130604899,0.540487219472791,-0.2830207345125699,5.70731890142486,4.11057155273444,0.7093431009934782,-0.1188943449120558,201564.98904103076,139437.19944328623,0.5729087208053532,-0.2122103150706045,1.6284377245242407,1.3426703470428325,1.1480106091295823,1.2099715101792825,16.73741352707928,13.740415230619504,1.100048791905405,0.7711744516869579,1.2509355941085645,1.078385524026526,1.1786389602660765,0.6669294295700308
84000.0,0.4078136817585802,0.3099179909800242,0.8212253974965148,-0.0868939598960412,5.868964244345521,3.738440049699277,0.2316217402546305,-0.9870532795897776,128017.1083242667,97891.43038364884,0.8560535586876609,0.0948269795446026,1.4153302411474242,0.9589114793590724,0.6423029714539717,-0.1359759898383061,14.17010188683956,10.329808815606391,0.8848912159360595,0.4690381055840906,1.6888309135448836,1.191358836928388,0.4561876673606191,-0.9418300811875526
84500.0,0.4191495768923619,0.3016258714992398,0.7321539176900528,-0.1474944017940247,7.798099846035622,4.97799939491263,0.3319967163869243,-0.7790379995047347,149834.71489012675,100545.42274433083,0.4347330215846374,-0.7051226078569446,1.5532468232607566,1.1482745014094358,1.0095597533914056,1.0940484472611738,13.26297486386682,9.501299000845425,0.6852587330623827,-0.1263059607090384,1.270254868266688,0.8746903354293526,0.475436991864174,-0.6792207348029788
85000.0,0.5275368224339383,0.4611328956734316,1.075119460560991,0.3295595490211362,6.8668367963685695,4.607055989287993,0.5722489247372756,-0.4277464982539749,149802.02786525444,100653.88120567298,0.4568733420106821,-0.7349022426240253,2.2520346580453188,1.6504264994558495,0.5682128799396081,-0.7028563877999874,19.368822671001947,14.005065023249598,0.4753365859394904,-0.8759868140233653,0.7705522447919079,0.5917390991796756,1.02937039104215,0.7038587992844474
85500.0,0.5103358884659788,0.4479583420894048,1.0448983705410344,0.2714921718279162,4.629752768459446,3.723616737083805,0.8339253191232076,-0.1623746375326917,104528.27300687536,72300.46229099027,0.5768367444191743,-0.4562904141756503,1.905284956946604,1.7021339717228177,1.2142134665167097,0.6994500633013407,14.340601412617398,12.086330758092853,1.0529843800328664,0.2471019412424806,0.87746718677966,0.6777908925045131,0.9447338520849046,0.4518355807473115
86000.0,0.4465896052691676,0.3411302189365856,0.867224258571944,0.0161090866185431,5.448350382452742,4.261246295361861,1.007309967396273,0.7873776266848069,100248.32781835148,69356.01684654612,0.5979947740301744,-0.3782586067163995,2.169285816038899,1.8434070540218728,1.1905171898597768,0.9505546596066689,16.35204239774528,12.980202641108772,0.9410603555236908,0.2304552819553293,1.5632777923503216,1.0659751841242946,0.3912840267401318,-0.8112871484536948
86500.0,0.3816888652371887,0.2660039003011499,0.6124972297138188,-0.2767845142181531,7.541488942680719,5.297374739729963,0.6532817138053855,-0.3062144371819228,87643.65883781585,63447.92691433264,0.7285940817992116,-0.0879944776209771,1.8421428557925827,1.4394649855096415,1.1261683377070648,0.9344044762522464,13.303219358689084,10.916256393984622,1.062195746467652,0.6248955224581474,1.1703409539969998,0.8858369666164561,0.7629560890617091,-0.1725751407173374
87000.0,0.341238681972612,0.2471311644249818,0.7472698282886502,-0.0550888574057988,7.28181006676754,5.640736729760405,0.7960659641320201,-0.1458135454237847,108730.06463125657,78062.32664116552,0.7221970321496859,-0.0090018801708184,1.644373144302555,1.4209176234285488,1.3840367870801988,2.5331096752276787,15.67599054291306,13.126632841062843,1.4801640037182209,3.0637631428312693,1.3778273291400205,0.9590080392718896,0.4528517820729684,-0.8533985630759502
87500.0,0.4505792057247798,0.3250887460957354,0.6771079605282623,-0.273605668939187,8.604759974814707,6.529029344576773,0.7741618694215674,-0.136177441777797,121251.42732346329,88259.87416462922,0.6609269005221587,-0.3265608124216856,2.5115318768317247,2.068796815695689,1.2510157435587597,1.5616959222585851,23.272478932148772,18.878706413577603,1.1810540576560904,1.2445089039451345,1.253538606619855,0.8499709522830586,0.3793878561689016,-0.8715492830700398
88000.0,0.4158592855243509,0.295225027576089,0.5977404138396294,-0.4192261805718993,6.663098667022096,4.839708346217683,0.6618795251998295,-0.3384412683674394,63059.73640000341,46692.237312530015,0.883779643863221,0.856743069581761,1.6754459017256318,1.233676719880273,0.7629091113163512,-0.0781377869762391,14.597814171425734,9.94914938600419,0.6645346744519095,-0.0393590613279171,1.241525638949354,0.9359341528133904,0.6641856635313638,-0.5473141931544503
88500.0,0.3450791260686288,0.2638713753406702,1.0134501444051696,0.9657813597814648,5.536897482328438,4.565048698576236,1.1960194155015895,1.054086967612248,86398.77005253435,67235.82899895159,0.8073401894520514,-0.1771031603513226,1.666231567178211,1.2905899261154676,0.9715992272316302,0.5619030454343874,12.661528057474284,10.385560527997672,1.263081321862499,1.579047005670894,1.2742367993807089,0.941214496200798,0.7198341861022854,-0.2582295432107195
89000.0,0.3570476577199746,0.301749212074299,1.1178552183289463,0.7429407645315753,4.419250062195039,3.398159819069642,1.0854956406157,1.194522212698188,80694.3931023599,64369.586110248376,0.9693837730074112,0.3509285291740953,1.864142931447627,1.493707225100739,0.8341992734205772,-0.187851228771124,16.916072344889283,12.911257449697905,0.7289213423766232,-0.387055336030278,0.9948646280236132,0.806350618241651,1.09640391279772,0.7016660356615243
89500.0,0.5271181402371174,0.4756618466407166,1.216596812532469,0.824654674418527,5.043824890510171,3.518151057143029,0.9075910148644302,1.4899300669034456,97589.20228271646,88649.00634271679,1.5754046736151317,2.6124801368643533,2.1398472341800514,1.5505652244110335,0.6458605873348128,-0.4805705680940515,16.202312117788974,12.545731538513412,0.8569723161465191,-0.0527032549204311,1.2444006351077197,0.9023614560092468,0.5987918149905271,-0.5708049696405482
90000.0,0.5999513281220744,0.4883051665422833,0.8975397063767634,-0.025353537259674,5.4344915791882045,4.994226376562356,1.398410510580207,2.022471174474398,141458.01487282533,115879.33277041998,0.8207594258088114,-0.2159965880381347,2.488697909953652,1.8484438252629205,0.7202902296467996,-0.242805222537517,20.66319585869942,14.867525786731928,0.6300794566481218,-0.4570767763954801,1.256129089398265,0.9113452869438552,0.6706172092364251,-0.4412845072069657
90500.0,0.4355687874194204,0.374058668658662,1.0870213128691588,0.4850485231695534,7.035311886467336,5.9127959929942095,0.9350545151960564,-0.1152159389300888,100298.92204474074,80239.71542278933,0.932866382725478,0.2812296969281336,1.2754442562097836,1.0497074268343072,1.3460336991423174,2.1939860270854243,11.241463754062035,9.02672358168837,1.343556974982594,2.419783047221977,1.1163468616522043,0.8301618298406755,0.9896343309282438,0.9786160323985192
91000.0,0.4342799579684288,0.3084479200400035,0.7208262158142554,-0.0838856502730149,6.835194397010564,4.967598511922167,0.6273751916987398,-0.4602021837400145,68266.34999255562,51679.27803815778,1.066348252292607,1.087831941074528,1.6507983957901784,1.103864840291291,0.542138990709209,-0.3627435942749542,11.863724813150675,8.269388027792457,0.789109680493527,0.2658193454973077,1.3398787284689735,1.0251080132439625,0.7813420401194792,-0.2192615905569308
91500.0,0.4211195585294002,0.2948362243352428,0.6230751961647528,-0.2727907599941037,5.600197213447378,4.153029197646351,0.6320511336408746,-0.5196068453974338,86482.04002566049,58397.07555855566,0.4800281609616662,-0.5975231507680028,1.691390085710593,1.2141734390002925,0.7309022919653374,0.0812878693400369,11.625853431028837,8.762852041104066,0.8023420711686768,0.0214102133750291,1.0375959062152704,0.8643070281602561,1.0846252701880486,0.5904885116373033
92000.0,0.3390694106041534,0.2777434312395834,0.9128906597470726,0.1361094998030636,6.708750315239349,5.387237967569185,1.0712104454041986,0.9586001911577248,61313.00545295274,50972.2652691367,1.1756134437461003,1.1364089486386335,1.6453127886041947,1.3510958107391855,1.394427122024786,2.325859090197297,11.804693170683503,9.920507330687718,1.445664217784861,2.3658886432271533,1.424356980743722,1.2120593744237884,1.3757743136125014,1.9293398874083485
92500.0,0.3845080852397963,0.3022328209862686,0.8847733497257096,0.05901369839134,4.693654154924355,3.653427090188842,1.0354143212580291,0.7199467642350914,66303.53440243831,48687.05744937491,0.7301436141028468,-0.1776954999892286,1.8331171639980648,1.311418707932136,0.5562137258290412,-0.6705539986705049,12.451533883256316,8.56180161080925,0.6203836388616476,-0.2307701033294038,1.7594273609810205,1.4824874251054851,0.9452787927031598,0.1131492051012523
93000.0,0.380292466334469,0.2842236925217402,0.7671396839341161,-0.1415965905606286,5.152371972118628,3.8728445252942376,1.049076155247847,1.1263832053129272,75918.13786894604,59721.92811375735,0.7821137327334886,-0.2130948922070916,1.725290828780098,1.3196568366500954,0.8231913282651001,0.0069274841719306,13.757791191975445,9.863783259834234,0.6441780619664079,-0.3343149355562071,0.8777297301095033,0.7017233378798163,1.1896500799644067,1.4356710223788856
93500.0,0.3214371427844429,0.2538603668207549,1.051771981875755,0.7949376412620319,6.451240793001809,4.9434021929151175,0.8002130962334083,-0.1248109590420929,73576.51473556733,66790.24185631427,1.1170725984049334,0.5055158833202418,1.296353879030148,0.9322627242438916,0.7618692231566293,0.1473733716348793,11.199541545503244,7.280146498421844,0.3861739007272253,-0.7286556700000744,1.087141811414228,0.8340439853780123,0.8313210972778439,0.0100195741169675
94000.0,0.2422338853503696,0.2077495202577874,1.7835890816448052,4.669437467497343,5.99259128457522,4.324397785232272,0.7106657100846698,-0.2593676669477904,85725.62809006547,80673.06884689817,1.2453042400170269,0.7911341781564909,1.2220946072408716,0.923354441492298,0.9760547841088528,1.012301061617059,9.347285681571313,7.296142241303634,1.295339970170462,2.310580771922818,1.2465861699944043,0.905188887159219,0.6614957395441108,-0.3935127280532753
94500.0,0.4031610727406215,0.3253265916131323,1.2785123432599088,2.6156405229907493,7.046441690891409,4.818275186192687,0.467583491393667,-0.7562946833021851,124860.2109461178,107051.47157108288,0.9332304073984992,0.0355176611585505,2.1582024051577395,1.61456873599832,0.822988313674604,0.1187150826155951,16.597645226501946,12.041887823943826,0.697802002103982,-0.3075265238078475,0.9707576322461864,0.8022340525884811,1.62425859961156,3.351718043429206
95000.0,0.5419385617852389,0.4056036349497047,0.914206305649829,0.8711517891215728,7.385226217898666,5.681254341498683,0.7352397064502864,-0.3804206990374896,172612.6650300228,139704.47623710023,0.7000644055962144,-0.4917753197330605,2.7575553875390826,2.084921339823701,0.673418682391927,-0.47901708646196,19.382948343068083,14.332301817069968,0.6607446933616078,-0.5065820659953397,1.033033650759698,0.8963033104980793,1.0540983644406083,0.3145375302644577
95500.0,0.3038270631718401,0.2446549058498265,0.8571120956651864,0.0524211961752394,6.807549870420317,5.524641790909907,1.0570563381536893,0.5586559896172036,103329.80306370294,79047.62241283408,0.6978176166342072,-0.415152443147778,2.09381395989523,1.8199661850824749,1.217870268393778,0.9201014887622988,14.703779226623764,12.73860470806644,1.2003042169297684,0.9476180281908672,1.2886979610027414,0.8666627882906426,0.4769935050250815,-0.5266430127261623
96000.0,0.4943570774063462,0.3836850294108281,0.8926606793742187,0.095876430685021,8.24870570326255,6.040269613269531,0.5744010721178329,-0.679144736950354,85728.63010224911,56997.22056666325,0.4093252063032883,-0.669489299117362,2.239715130088088,1.7686024257152642,0.706025482864451,-0.5949084757989778,20.61394754910024,17.718580269965024,0.9214513162134894,-0.1846722537761636,1.800634265761883,1.4998164697730283,0.9037918946375426,-0.0755446867702214
96500.0,0.6719553804104001,0.5392702054142989,0.9288439584549676,0.3560083993115661,5.489331229343047,4.718049069382969,0.9439791178028546,0.1669335318824156,130831.58141177372,107788.6100624642,1.0783453517261885,0.6375757604754275,2.8209609588210958,2.025145534074,0.7690801309244245,0.1666445716731313,23.079798673393583,17.46469944371191,0.78234070211152,-0.0929929811202034,1.3034875678645754,1.0100333196756468,0.8743323653781783,0.0327189042182398
97000.0,0.9890603666737644,0.7369764664002979,0.5827620445233406,-0.5079341123623444,8.457127158235801,6.263508481220432,0.6393827234592405,-0.4668613137667718,178950.1767107096,141567.42166891944,0.6895477586112655,-0.5432577914132821,3.6910893072503153,2.6862223163326697,0.6705245851912685,-0.3091541792931291,26.381076609423022,19.290597822564493,0.6754060562316019,-0.3411852337308225,0.9761701916136574,0.7173583119184717,0.8135647073026395,0.0774028848791981
97500.0,1.081676363679896,0.798180150664763,0.5746686932475913,-0.6826090210710456,5.408484184617243,3.7736460848885702,0.6946637812808873,-0.0794062149078622,149205.37210374002,109535.43007445478,0.6068021411350248,-0.5375472887923349,3.91346848454568,2.8391828556607983,0.5118889995539476,-0.7967515800618923,24.927085220515355,17.91595038703499,0.5047805740563779,-0.7430483103360919,1.253381045642716,0.9840031671956548,0.8964172060340962,0.1015453477886616
98000.0,0.4310515385103404,0.3367171601216088,0.9414907683592628,0.4404256274692435,6.361144611444838,4.095780273433863,0.2835240639264323,-0.92872346941434,107345.74819372424,83372.67299412076,0.7473476727338162,-0.3238970212333409,2.5328066847602497,1.7093355263073369,0.4861560640377963,-0.6656655236116236,17.88517647953848,11.95247201742314,0.5093526864080431,-0.5909843349361323,1.4759674515210726,1.1259588701972534,0.7960726004841406,-0.2205101822374513
98500.0,0.6316294737189537,0.5118890737645723,0.8576609479622311,-0.1270255972055518,5.474951449280594,4.405650650353924,0.99951832651782,0.3872310498284155,101692.31138344122,76564.13787438936,0.7941448457851354,-0.1471144355788478,2.7769525821933514,2.12104088886898,0.6688029595755741,-0.5383342069250343,21.692329663113487,16.2384541124858,0.6943324658812768,-0.397926839658393,1.1762586343780508,0.7962089262190097,0.5639686191250072,-0.4299482054085848
99000.0,0.8786972579116168,0.6515140945978444,0.7702210209751239,-0.0035815225216722,6.168264778062033,4.128744974289192,0.570918968014852,-0.1826265942600797,125138.04253733804,86135.52695127107,0.5975952951308382,-0.4325328976382159,3.0762656565414543,2.478645192729057,0.8831700798440535,0.0771440967702981,21.594736225329857,16.352391488373,0.6001687738613596,-0.7094228616880325,1.9263946378117085,1.4000005047036383,0.5141275981593723,-0.7921418888476874
99500.0,1.0657000369064975,0.8352750878469912,0.8626677754943828,0.0223088755637843,5.962979879604583,4.316358150407245,0.6743213106024972,-0.2523990960207216,199086.67147109608,136958.9339115952,0.4207312287148499,-0.7622081316255156,4.105035512099169,3.2037765261743947,0.8293949874197514,-0.1361518159546157,27.73888296254184,19.94112150154547,0.5811277218528126,-0.5998002847253301,1.3227490368475288,0.9731312015464356,0.651287389582842,-0.3980565469356314
100000.0,0.6843078794680876,0.544937180938099,1.0382317736739932,0.6998504983534946,7.643727641662672,5.503895707027183,0.59942356029551,-0.5655879961257742,129219.65604423264,105581.09003447594,0.9873991407795314,0.5041711818687471,2.813877122714132,2.2467393363487766,0.9547945313227976,0.4716975284007252,21.849315837234524,17.516965198040978,1.0875902006159688,1.1234455265159546,1.4175338130394284,0.9861460588411022,0.4301959418203438,-0.8108507579837574
100500.0,0.8564947040127836,0.6817569699080979,0.720139563679407,-0.3536202162460249,5.691066529936352,4.305966240721283,0.9105448090950632,0.2758344783687647,168184.8650913394,125734.9014127261,0.6293851960835897,-0.5045024507035594,3.5158054640115792,2.8670781304783457,0.736580543195932,-0.4829722882988174,26.66647696154011,21.06478351281848,0.7459617209424864,-0.4231353952329217,1.6174925693150783,1.4278057410875535,0.9042072166075932,-0.3376025538174909
101000.0,0.9128227310499554,0.8418292682112425,1.2007336503007748,0.6076641845855177,4.219604142561181,3.2148094401497818,0.9172323685064604,0.2875639595481711,249870.6194979784,187365.1975314505,0.5051097883599545,-0.8622720890426132,4.2042659365148864,4.052738709551987,1.238743368713488,0.5941817042004685,29.89607799875597,27.07510168186348,1.209369949006801,0.6918096402242351,0.9582829172357534,0.7659177240376446,1.0636246116180197,0.8475017365473407
101500.0,0.8797547882471759,0.8943104005662894,1.367411824283583,0.8701976093949768,4.251389120427546,2.8452023455259785,0.5074888519244468,-0.489513651428183,168076.6176664063,173657.6635788285,1.4550512208908706,1.069029531170938,3.967266799710363,4.151820546930358,1.4339574633947532,0.9894743900053348,30.242588517062668,30.62332334480024,1.3524124340911707,0.7006153722712889,0.7894390540212807,0.5597711502365631,0.7032222213156568,-0.1554983543888379
102000.0,0.8198821884567532,0.660373613899543,0.7741298815313679,-0.446923648717163,6.657665254859735,4.527768833994667,0.5209296492852443,-0.4590570306110897,173295.1325095005,128555.36730251806,0.7045521702231502,-0.3653951497646339,2.901211481249303,2.2485222838532137,0.7530673996118485,-0.4385569585300142,24.08070156951679,19.362323586774284,0.8565638970056048,-0.257011067572447,1.143065520643903,0.7917691413301186,0.481983199647876,-0.845146784030903
102500.0,1.122267128378552,0.8989756573383622,0.9001311722472034,0.0339945844374409,8.693295665519495,6.416742422323655,0.7732764567047578,-0.1965159289409288,154452.5576801138,107726.49897655856,0.3475666131072759,-0.922650294148859,3.663809103455476,2.931863906666335,0.8596994844376054,-0.1673921844095924,28.58050745089745,22.9712898399719,0.8983817046587784,-0.0393093731418021,1.3163995308658214,0.9747317718409944,0.6287117602676823,-0.6463387306720225
103000.0,1.1153449464262095,0.9596526253170832,1.0311460074401282,0.2805829966949731,11.453698953833886,9.367859121413076,0.8973130261293222,0.0056273810070992,164774.7628655049,115591.50929745064,0.6353138052002145,-0.2537577718415709,4.833939530022811,4.202678957840536,1.0079750531571117,0.0408617405465951,34.92994544717344,30.343677577801667,1.0330433514314237,0.2057710094045104,1.0092988457965515,0.7590435282662461,0.7427620723011219,-0.275252552929881
103500.0,1.0847466995248314,0.9024936114540772,1.147939901266422,0.845849444532349,13.546731759207985,11.909163469501422,0.9417584532392792,-0.099333192391692,172971.09389271968,134387.56773181714,0.6272179020233709,-0.5547876268187357,4.901845301061599,4.401875687919275,1.2687560529630035,0.9399712463764524,35.11236889534531,31.04916681558796,1.2305566752184838,0.8209295296689474,0.9139136079770356,0.760081250030363,1.119908017693311,0.929270377902368
104000.0,1.1290975207497729,0.9724731834184832,1.1973182664291877,0.852723022701162,10.602444833867018,9.559858244625664,1.2189229862356847,0.7380480253917074,128633.3096106271,96370.24525118528,0.8059724628432338,-0.1401777119658191,5.089854366717787,4.056069609581535,1.038158640809476,0.5662487017115088,33.38684011173738,27.66065188618099,1.1481424284493045,0.8219873698022169,0.7896806850333608,0.5283662489240512,0.4894038157894635,-0.5186824871974403
104500.0,1.1429180809742487,1.0172470486647165,1.3291371023069452,1.1073903203539484,8.470065028887202,7.368880360797063,1.3259602241441872,1.2256013261201932,129319.22694725028,93965.64102240776,0.6684155996134571,-0.3644978494995752,4.794068941838711,4.160198278744176,1.1928061183657004,0.7702886024840785,31.424466338323896,27.770635287432007,1.2272063603284995,0.7897581528846951,0.8002919825614663,0.5804201510550839,0.8137187072844735,0.0295907874869194
105000.0,1.0984576381508762,0.9101348882553554,0.9158704026870722,0.0316087563861682,8.155645956021834,6.1336241509449,0.6127443833078473,-0.4289741123919741,121059.56522256254,101951.5108668823,0.9478552389344884,-0.0998419868937046,4.5051398440086174,3.690051124849386,0.9115932004094732,0.0273392433015167,28.08022896289191,22.891470105754752,0.901223531791636,0.0795732568569076,1.2103588747387897,0.893531905556278,0.5954738586140111,-0.5288761770368278
105500.0,1.2471521254519575,1.075720993752423,0.8411473697905931,-0.4819028109431404,11.810603073463268,9.3205396080573,0.5268018817342289,-1.007306330236381,160746.93348941737,135827.57998619077,1.0176531704741971,0.2393464494087749,4.594149619803714,3.517569610809105,0.648596616029753,-0.7250183249680209,28.81180601120228,21.579936160446568,0.7263836086112619,-0.4386692379741199,1.500568867206723,1.2370467169738113,0.9565481868499782,0.1519850993156564
106000.0,1.4945049836784488,1.103152102693996,0.3301117360528702,-1.165579726209462,9.544383819772964,6.783456196112602,0.5473193043228903,-0.6797174423639842,214145.27125220705,157996.33991178533,0.4902596631394634,-0.8102863722333469,4.871622787104752,3.452370437108665,0.3819760946688426,-0.9096497844225944,32.73716179994216,22.49551436660115,0.4341138934011709,-0.6863475702504767,1.7001200503537603,1.3594424436930688,0.993583224399443,0.2619034421861048
106500.0,1.2239302080271888,1.0135862160422282,1.14815587234885,0.9116954811167663,6.239315391165002,4.368655215880897,0.7947341952410436,0.4300141450542605,151405.00809135303,119426.64860912872,0.6819794286676593,-0.570518728114926,4.031684676605171,3.753022620565425,1.3033470182391014,0.9792764404796506,26.575111960686325,24.09567389007707,1.3172540497944498,1.0567194568748706,2.1813273355852454,1.6031682787765054,0.5724783101098996,-0.707411194145454
107000.0,0.8555487542405743,0.6912858638099347,0.9424630713189556,0.2201410305350011,5.8288649657180285,3.6762302927760873,0.4275796910800757,-0.5839479513262451,96371.90766546488,77717.47404548171,0.7646483377644535,-0.3249759342847955,3.1954222886061125,2.3779078288507454,0.8436606442550382,0.1975779027853441,22.99324072607132,15.688510599916986,0.4838513465587202,-0.5151047397809632,1.8906324879281944,1.3327172151516302,0.5112469540307246,-0.7991696656836504
107500.0,1.1881952528033637,0.7903553275235847,0.4624489970584711,-0.6681549053653346,8.759483640465344,5.819033449872885,0.3012064238365264,-1.0305335268682585,166688.49490494432,143044.6943490777,0.8655013518954032,-0.2139179144564882,4.180963083039182,2.4512384680236154,0.1032010072604571,-0.8482540692657534,31.56288702682822,18.5954942938528,-0.0008178478953009,-1.1315320580940584,1.6083741275070969,1.1592477101860923,0.6262809733923724,-0.4977541594716324
108000.0,0.8929756352847783,0.7059640320386149,0.7400606477949631,-0.363209517643142,6.832532893827104,5.227119460549753,0.6992359650440028,-0.537593136879281,239593.67548839425,169160.95159065412,0.4615043481555881,-0.7642258224302401,2.425420853730824,1.6719305088535612,0.4634419615613008,-0.8542519031847879,18.27654693620046,13.821074970467356,0.6345203002229355,-0.6522855074696952,1.865966207211862,1.2724755733325324,0.4989421697782861,-0.6408216658020263
108500.0,0.7573789103728946,0.5503958396624765,0.8638095177470534,0.6896222641802403,5.500167488649932,4.464806468039562,0.8933965335812402,0.0024256591416,115722.29196094048,105203.0305209536,1.1554704418912165,0.6478666886637732,2.373002046574193,2.0337795777248324,1.4874254311003765,2.6551896400884543,16.95990754207634,12.52654338562497,1.1231113676943811,1.8907020283149196,1.7976862825866886,1.4692433486646757,0.8334693513018949,-0.3153373025415984
109000.0,0.8373841427473713,0.6395188794682413,1.1586290448488237,1.6545462666159931,6.167211312071823,4.075976828593629,0.4229034080147266,-0.6308680345678663,82951.8223409788,67463.24540256994,1.0637065471295075,0.5501677000172367,3.0869704627190577,2.52471961955013,1.5273687829606433,2.9210131568370006,21.37087709961039,15.819123924976338,1.17533808577902,2.0046834298391927,1.5425422867184353,1.2598633964612382,0.9922178542255324,0.2572136907919358
109500.0,0.7853743601844444,0.5878701300088179,0.6517027135910423,-0.6016255722635999,4.343612780074085,3.050333957281021,0.6967731088305028,-0.014292611793425,96482.69664450244,74125.84393224542,0.6890690261123695,-0.551471318546946,2.862471093477736,2.047777509985734,0.6133197359778189,-0.356818769251678,23.2097557094059,16.824708965019887,0.6596347300650881,-0.4362922229661978,1.3716033680794752,1.0197287510822148,0.7647153977830256,-0.2640794443518879
110000.0,0.8210048210997994,0.5956120403724464,0.4802364702412575,-0.9324626308087124,6.652664312138954,4.45080785832449,0.6097744551454831,-0.0717592805584552,114056.22317434728,75964.44093650521,0.3540840510462261,-0.9034288138195704,2.6517087289272867,1.8772961087179871,0.7676724770523592,0.1007873387979678,23.37087643437024,17.17409115559426,0.7029749398652136,-0.110269945698644,1.9949402096025672,1.4922882184027262,0.7641300031284625,-0.3074619212317109
110500.0,0.6866680680506095,0.7268951903942881,1.6348167800962383,2.1195714337188694,8.084243722537753,5.090195451083576,0.2692117022678654,-0.8718109719436304,95385.88887569812,79490.6731465471,1.021287234259787,0.3903926352032538,2.4661833977672427,1.824310495041408,0.8329782301311685,0.2718307462224829,21.29728742436431,15.799269836173348,0.8253026109559217,0.0961983467252212,2.873917382459381,2.040180839089015,0.3588400688385801,-1.014895991014707
111000.0,0.9398438260309988,0.7085072071839101,0.9945418447451784,0.6714569365223806,7.66963792082745,5.591205460229861,0.5543810406230951,-0.737108685901501,183681.1668250659,123033.97799029032,0.2051575059745274,-1.123718083444189,3.671810857535159,2.5013640713713303,0.6213148503993267,-0.1960691800005403,23.503846421515068,18.541400971790864,0.9462449496788456,0.1751393332655482,2.854502398180621,2.0271421926154787,0.455601404632723,-0.8651191418693598
111500.0,0.6296193893335643,0.5028644551966864,0.7246311993774495,-0.5426037274966169,5.2040524705316535,3.6495550582694567,0.627689794723578,-0.4745494292674848,87258.232860419,75736.11367567207,1.0921694092333878,0.4185513582707463,1.9116218056972083,1.489992211685536,0.9600120286588544,0.4568888086364238,12.790158626008337,10.075634278992297,0.8016756256381431,-0.1649375727306861,1.564880371688893,1.1604756206429034,0.7077749301263386,-0.2764091719108652
112000.0,0.5925843067252632,0.4807327286669116,0.8902235665981911,0.0259386785063462,3.4528871307042825,2.632804653379864,1.0466909146292784,1.0084163039642933,124692.13030950504,110529.34324410248,1.1301371356008945,0.6670103535386604,2.442762710899059,1.77686823723402,0.7188192412621608,-0.1596674877604971,17.59021614018822,12.91514648909354,0.7321024015053264,-0.1578691427376259,1.4866121859651442,1.2105112797096254,0.8409433328260836,-0.2588668231518127
112500.0,1.022725994011817,0.7228310069404442,0.2700626065370389,-1.1429329250068505,4.942588373325292,3.421402571707317,0.7342834178335673,0.0252953706690468,249815.1913825665,176031.08161072567,0.3644077170122104,-0.9410849087084308,4.708634092916426,3.305446138299625,0.4180100486089195,-0.8391058109158411,33.757205887566485,23.22544209676027,0.4192261047788431,-0.7816486040042996,1.9272957295373776,1.5958002050985227,0.9003377657772016,-0.1330406867902591
113000.0,0.4867513871469535,0.4003865503031616,0.9878223018246178,0.320179891611005,6.758938811605228,5.072201460742385,0.7613461240131272,-0.2762634407419639,96929.4635004238,88655.65735393575,1.268851340870355,1.1007635366257311,2.3550067233548853,1.950888918937174,1.1543093459211793,1.2037543736323348,15.421049810047506,12.443743608018911,1.3391999092606113,2.1972954429449603,2.3351275970380905,1.8075265537876928,0.6392633737276497,-0.6527275624640478
113500.0,0.7607287645813429,0.6089619988988761,0.7954889213968378,-0.2821741393873336,4.820152042678253,3.3193277957719967,0.5244946891489961,-0.6172874413081604,111214.17069996444,87123.01524472462,0.6740778308253017,-0.5039844225186378,3.086803954701117,2.5471667594740004,0.9357942851322671,0.0311843028963405,23.46828012552022,18.76978604945944,0.893650138811301,0.0434514086520421,1.3299767733987824,1.0018287070798997,0.8955409148560314,0.2522762786278001
114000.0,0.4947640511713684,0.3897374236687489,0.972684686625057,0.4914111934423402,5.521676836673344,4.303160475613006,0.9182252108067868,0.5231917024849655,83842.75979905459,68499.07816900178,0.9188369147272654,0.1762352584481701,2.405959961135129,1.9652086792036525,1.1215868315934874,0.9098421455868246,17.75773699214321,15.30385813473159,1.1844066848612915,0.9609418320245328,1.4918030698667126,1.109223183381352,0.5705935649422427,-0.7288829954113853
114500.0,0.5391039196414955,0.4023375861932828,0.5847076694010844,-0.648412368048882,4.942905087406655,3.695957525239605,0.8562841891338935,0.3127563808176923,140234.64359436158,112064.59648661358,0.5967954425199348,-0.8546203334968983,2.7355251238120397,2.0864307052704727,0.5908545090291066,-0.7262747995621082,18.53796579106426,13.299153060435527,0.49273732354837,-0.881043958102909,1.5565636820684257,1.2433935356221515,0.9693356044586476,0.4020306335062757
115000.0,0.5814134041439926,0.4298129167648444,0.6394172993776124,-0.5667039835665246,3.540344920617681,2.728538971033731,0.9586398486936653,0.7006826222578719,71534.29274894296,52846.70580076023,0.8400657594822293,0.273455827961504,2.0185011999020346,1.4600193420829433,0.8132278842421498,0.3845228697943166,13.092130728180708,9.500961269174311,0.7256163845325714,-0.0045043034421512,1.2466728452519589,0.9935214044702588,1.0793601472920171,1.015750118206567
115500.0,0.3909064831298077,0.3212580460525912,1.2120750895011967,1.286642914968092,4.6477766601647135,3.3527450020658462,0.8986939677836435,0.8790602532786669,90228.77293230048,88144.34568746256,1.2456235319801698,0.8637288131517646,1.7125020886784443,1.4606192388056265,1.490309019667198,2.568901383348796,13.950464923479569,11.21840414297903,1.1993847900996972,1.6632163031298155,1.174099002638579,0.7956003621058078,0.5500005725615801,-0.3122905546586643
116000.0,0.3644832431019622,0.272789886942737,0.9105434175187432,0.2567377935397505,4.698043682100948,3.89182575215314,1.397028903867496,2.1838621208593114,89513.00518174464,65185.22311573156,0.9389689133066024,0.7435571161975512,1.4062626643752034,1.1765839309878354,1.3643391524892612,2.204848495662679,11.747341257906726,9.30069550727748,1.2689698575185897,2.269582546874595,1.4393422780742868,1.032895010206459,0.7436916614458722,0.2922440733349409
116500.0,0.4338280543326789,0.3458250427646578,0.9987417058941798,0.4588050243070709,4.259106031539222,3.2076870054560027,1.1170530804941805,1.5168985672361923,91995.47367013358,69786.72404317804,0.9476533915057724,0.9081786104994533,1.8123710342410289,1.5118628302111334,1.465803266581165,2.651138476594644,12.673470060699852,10.494000470491926,1.5678959446978622,3.436123006930905,1.1020180163085989,0.809897945863191,0.7888769416082583,-0.0446110997211786
117000.0,0.7681844542065493,0.6463511857636056,0.8838078547660472,-0.1461904332913959,3.4057958301232385,2.638179497427968,0.9351628017878506,0.3578149557940842,188006.47099848895,155917.8538935958,0.8039790445906363,-0.3816657223671322,3.209860658009239,2.510195088733457,0.711349639255043,-0.4828003164617089,22.103480450821827,16.308615489194768,0.6015671236486725,-0.6065468105027523,1.3471508941842474,1.050140197582515,0.8063630808869823,-0.1669708633490891
117500.0,0.6071517918158702,0.5132230861068828,1.20433169040384,1.120658167912353,4.961046141974971,4.052684385827437,1.0954390523457904,0.7803664526707852,127181.41622453122,104937.91879900864,1.0182731139409096,0.3681766993382638,2.5626163088993303,2.158136718527146,1.097689630915618,0.5648433910911637,19.517663794936468,15.25480691921659,0.9388884244746254,0.2500805301894044,1.1596117487914204,0.8464794123939942,0.7131434551120699,-0.2517208315329911
118000.0,0.4442405750994109,0.3448577619806533,0.9473935945979736,0.3922293695546841,4.141511113815502,3.19652668593393,0.953263868211697,0.4341553925318586,114756.74686096724,83290.37337333699,0.7355772304585648,-0.0435987732137546,2.1584667327668665,1.6118542580434023,0.8634398981481151,0.1710448314058266,17.023383493565017,12.37006176627038,0.7405499302994819,-0.1009750197999723,1.5577586637782352,1.2967102488574176,0.9725599428227172,0.161624270654042
118500.0,0.370645651122056,0.2847853797582811,0.8195617297769636,-0.0980091975165668,5.07377534784117,3.654387313566531,0.6417609712154405,-0.373052348578609,88229.6657321764,72414.74633068679,0.9010218121713855,-0.0110708302286881,1.605248446289907,1.2458090551653598,0.8808406832299367,0.107774045219922,12.581541094174089,10.731861816043333,0.9956254227735856,0.2193816771873136,1.5543690081498434,1.1781210101899109,0.9672903029845684,0.4830403101971665
119000.0,0.3144076217179415,0.22322416129857,0.7777594552809816,0.3664661200898886,4.43809242905952,3.5811551212831185,1.1431273266495023,0.9703696624443784,43797.85407109444,31782.531269073585,0.9378673930310784,1.0704431943584014,1.4569906694106511,1.0937994621485652,0.9605181001111592,0.6949399746688698,12.69246068199041,10.550146903109498,1.0817008352567254,0.6262982975052958,1.5683908797467616,1.0755224184391203,0.5895720617603137,-0.2906826673009202
119500.0,0.3944090488058091,0.2836917514732345,0.6244049270949619,-0.4341016353981981,5.004117036507711,3.87495798008958,0.8724715922706183,0.046698266380138,53016.63110889435,40079.248099313205,0.8533099984127045,0.2167337926779109,2.0929180346870155,1.6489230601106912,0.8335698186343115,-0.1192628158597255,18.159949745368586,13.699162771253825,0.7045849471090357,-0.3262512799069443,1.3411287055303844,1.1671470566582347,1.5475581838486108,2.793236819515833
120000.0,0.4575939266685984,0.3166559830450872,0.4375783747470442,-0.7820424482592832,4.782236933602795,3.600631131240522,1.0430604086081812,1.0415808155284996,56362.02773638795,41834.99690880095,0.7636787308286461,-0.1195045380750436,2.1351707369001818,1.5042193106166388,0.5807053272783077,-0.4272832409353837,16.37573139286407,12.02094795300065,0.6423538305735317,-0.3521548312130389,3.1232213857231828,2.875945285056914,0.9324082883716328,-0.2339357307467731
120500.0,0.5246635707914225,0.3643719641553983,0.5599144162798201,-0.4806814039575862,4.661079416084765,3.484488530806286,1.1543902434375326,1.7114565837699611,64528.389236963085,46260.68630491597,0.4878358827540039,-0.7717079357440362,2.323550901706594,1.7142393306533663,0.62724229342701,-0.4249029479257542,16.688911377843144,11.730193420434128,0.5289729937310452,-0.5948371980793516,1.4980401414859148,1.1020647056391553,0.8581288265620151,0.3635602102959927
121000.0,0.5403822231982941,0.5004353893153448,1.411647650639811,1.6205081726764377,6.495135441328944,4.954332607639198,0.773896886660495,-0.2128164470937665,39940.29651082127,33769.178885341746,1.17823096999961,0.8781949142451206,2.3890848905660267,2.102719706049242,1.2778844349591625,1.0667520478325248,16.622941870670708,13.42896806375406,1.106090278993309,0.7402393035174071,1.6090885622375517,1.291565334288601,1.0751021167538066,0.7522667947346466
121500.0,0.5296557347141841,0.4671841206002581,1.393068017973423,1.977273328115646,8.603777502969681,6.451838906835612,0.7088040824451785,-0.3666488781133061,73814.57606652704,69741.57910749398,1.393605412602241,1.9705470890749623,2.884753844957135,2.235056674520916,0.8293172253338683,-0.0997480383889133,18.61904208784765,14.097285882002058,0.8408503012903198,-0.0335026764609973,1.4561779658014744,1.5030345094113662,1.6182848607284694,2.0533750314750643
122000.0,0.4416237398007492,0.340830041713059,0.7691585051410367,-0.2817017802769364,8.013724191277865,6.72395855620514,0.979239037811982,0.1220219703910832,68783.1539036036,82021.78483493859,2.1018714284039763,4.49913190644932,3.146540343024817,2.5365465241746987,0.7908102205527515,-0.2735774378313778,21.5195324888186,16.673620636358464,0.6906387831793964,-0.4396021856686056,1.2152415887648689,0.9538488778937484,0.8727291609739767,0.0810895218464318
122500.0,0.4497610641500157,0.3682815609518362,0.940652669541266,0.0001962246349975,6.466363275209563,5.15620692763205,0.9360053982357384,0.1928860156731757,88514.59277802617,71837.10001352,0.9785228672392776,0.4106950824646054,2.1931083155086544,1.8988420420595555,1.125037234512872,0.4760412600608288,13.456469034333065,10.565634183207225,0.9929738539150924,0.5415256114647642,1.085431449797592,0.7864358809695974,0.752698825841612,0.1619721908465212
123000.0,0.4926599775188267,0.3399599575805628,0.4864227918886015,-0.7144648553478725,7.048397641734503,5.081435580959122,0.6321958743334722,-0.4434226212894745,70479.22125830143,65461.93506391453,1.441250852479442,1.7755443467544874,2.2106955780127158,1.7085205372590415,0.7120710268378214,-0.4095014803764756,15.208939987607035,11.018927817519502,0.5940670498600975,-0.5460634968505396,0.971181480730528,0.8015974386846578,1.385559298683452,2.581112850154492
123500.0,0.4174518594299367,0.361186744731008,1.209494810568699,1.1089406140246574,4.866513682688229,3.744992255876168,1.2615728555643653,2.0879024491187543,40020.34136998637,43128.83280980246,2.6341100099435204,9.408780370371804,2.537122641866916,2.185204404131856,1.1272682336083553,0.6256197854245209,17.2745985715362,13.796444247304208,1.037882600231416,0.575340282996982,1.4298754139611471,1.272899420012919,1.4029544355565469,1.5966988425514057
124000.0,0.5514770124692608,0.3928273357368931,0.5169029701921098,-0.7341417821464935,5.740289362518275,4.410139472568926,1.0169038740297298,0.8634682510181504,62013.226947832976,52768.64796775517,0.9921373474501596,0.2382729085381725,2.859077181139533,1.9905211549347464,0.4135878460926137,-0.8655031590312592,21.66242025686519,15.075676607300323,0.4676146420699292,-0.7895617258005334,0.9435591277857198,0.7750684189628304,1.149849602015282,1.079480383795275
124500.0,0.529521123196135,0.3767455836257145,0.5479270573202834,-0.6761836210797489,6.760918754482691,4.831705136243546,0.6656850497187823,-0.3500106461362922,76391.60585664041,61565.34719826701,0.8893040490995919,0.0238069635846858,1.9874025491326477,1.5894872874428314,1.1640977672980828,1.0240213600681916,18.744776705986133,16.195866522234752,1.2165932205987988,0.829857420678267,1.143849725334194,0.9545053923818696,1.3716365737190694,2.079903391191295
125000.0,0.5842440137582161,0.3968964867361347,0.4674915399761158,-0.6158465967712923,7.768475411005691,5.618382683782602,0.5879951347956904,-0.582398352056289,185916.96666611105,135292.95343085768,0.6394618705144792,-0.4198083283499101,3.1882309960341484,2.2497355807762887,0.4763288473028552,-0.767999798404376,22.4211795864178,17.111094175478172,0.7853237554976565,-0.1594206528490862,1.2055127929652003,1.0249188316074536,1.0244679161035162,0.1871853259567539
125500.0,0.46715022272972,0.3709164612260304,1.0228016314248105,0.8088434764223753,4.386616477390489,3.652652505412602,1.0538900876444768,0.6433890116475034,222829.1144362724,182071.13090899464,0.7568372230752027,-0.3590556629630752,1.826945337035432,1.3451672389738905,0.9857915429251164,0.9417637987335006,14.000158196529467,11.442113157380694,1.0204717712749916,0.4708287284503294,1.0582980053466735,0.7820907337312506,0.732635730103828,-0.1995237252663599
126000.0,0.9414378516768296,0.7982209750532622,0.8608416535434071,-0.3061570723865388,6.074079659206889,4.47598179756891,0.6450306739772463,-0.46550411099083,390484.4333836672,323172.0800870468,0.7470236542478197,-0.3987540142703478,3.842459354233306,3.09940782604516,0.8558968938116462,-0.1840490335501643,28.151809720666336,23.091510908104297,0.8326870449434274,-0.2961161082958647,1.4182727067124206,1.055092912511172,0.5809015840781292,-0.7473302776905726
126500.0,0.7212666618985801,0.5958822495544573,0.7490126621932494,-0.3867964327745929,5.213490510994452,3.647293456288696,0.6571964681814464,-0.2194471308140819,261565.88103288048,228891.0780287948,1.0577608594049666,0.6399241140606473,2.652055966969663,1.9849010932157736,0.8569067950003526,0.2758595276377593,18.0548981675772,12.973982206916077,0.7020517580167503,-0.2643286049194318,1.533092964906991,1.1058102427978356,0.5497060421756578,-0.6119139256437687
127000.0,0.6669828557159939,0.546463114553835,1.000081595724547,0.4594997654519366,4.942560895090223,3.48325528823429,0.6791629626922764,0.0051659776391463,249872.1157828468,243831.33572306763,1.2277277023800983,0.7916382958605732,2.695361353914963,2.028911474328491,0.7429333769420592,-0.2176686014045055,20.666263996113624,15.871766871590015,0.7247342804659487,-0.3569837721391589,1.6689935074798976,1.3920684469893383,0.8453725384179482,-0.281490371104057
127500.0,0.817980640083046,0.6227564757713323,0.616039437634313,-0.5866484906968403,5.085255931904869,3.6886688809923487,0.6370518300030428,-0.4381354961448545,579855.9271393814,497331.6829475232,0.764838186448778,-0.5417919905179618,2.421311076452807,1.960246895608773,0.8164190288042008,-0.3200892216907842,18.55596294201816,14.882615027820837,0.8050725196892217,-0.2223279722718154,1.7022839553453026,1.3049478724081325,0.6471661020240679,-0.5484369139867757
128000.0,0.5058118503545819,0.4006295223960321,1.0873690615640614,0.9886244578964928,3.775779028484727,2.6332343410536554,0.6794429778137202,-0.115506421134707,247306.6884642497,325677.7001019758,1.865218797553205,2.754369985772887,1.8326495876480915,1.2976613301217006,0.646395215201469,-0.1374766666631455,15.589885684611769,10.80703642384416,0.5776964068131708,-0.3689900313383685,1.434891248912002,1.1313515788353636,0.9894389915733476,0.292784785080022
128500.0,0.4106175674539953,0.2834856410663541,0.6347805594097493,-0.0948377200514238,5.946569476468437,4.374766195156364,0.5565098072703626,-0.6560785111652465,34823.68758751832,26685.710752623607,0.9819449192100744,0.651420050797066,1.6558501336015,1.1599945138891194,0.5656000341804861,-0.5308840384141047,13.37908709667694,10.288751454010129,0.8534399710596553,0.0863051644734178,1.2719199073661338,0.9803506119709952,0.9081799898318368,0.2441263337989143
129000.0,0.4579288297010106,0.3420955421154303,0.5760749660926487,-0.7567285957774939,5.38282434640715,4.814591994543373,1.2092442991751875,0.7353579443722045,54559.19793699975,47175.15801559886,1.3143767170905425,1.650235870450163,0.8684327466637708,0.6346304023203011,1.0258073851722234,1.33001917434708,9.317350146326,6.955452016649105,0.9438871314226098,0.7550852556204681,1.076936721062636,0.9809272018082776,1.1990246144817291,0.8439498047987462
129500.0,0.5859101619406603,0.407871419579549,0.5929649403088358,-0.1710211274571653,7.086677864615531,5.121729936957238,0.6141775557434533,-0.5455907330827161,116243.1494034398,93929.57903839213,1.084632007753523,0.8601741346734597,2.2709861242274947,1.8456245925012245,0.8893142697809764,-0.0858870049830464,16.545621552268948,13.583107101243437,1.083310832396443,0.6735749443549146,1.2237113608121917,0.8815558721276853,0.6437310315574443,-0.2127448060878145
130000.0,0.5014505078985855,0.3826114626948554,0.8893327335284689,0.3958347691055972,5.292576094620134,3.602752152467189,0.4673801851550762,-0.7691162281477291,141818.73436175156,98441.65864222046,0.5188064620511871,-0.5332921853490009,1.9311510113663048,1.658237039169917,1.0211323673108097,0.2963793421813738,15.916872101013723,12.494710114153833,0.859133897135934,0.0942201858749376,1.2626053918554818,0.8878508932022253,0.5275183830910509,-0.5137803864749162
130500.0,0.381038662925394,0.3200305759435694,1.5804733636669133,3.359116307085104,6.080008136408797,4.428999491825829,0.7178505366581807,-0.2223764898643008,77845.0698324406,57285.74631404808,0.9068440723762724,0.7949479379657145,1.1532607828365375,0.8739286534795332,1.3719353540502162,3.014523893569807,11.173189451459784,8.60414843934143,0.9489937088547252,0.4861276251849604,1.2160094017055088,0.9965049434705778,1.329030603341938,2.058815044922384
131000.0,0.4099340793043872,0.2684117663694171,0.5822543646127294,-0.0171486306732617,6.166633177824154,4.257452023707324,0.5076412668244166,-0.6169355605195102,187358.04844392967,174955.76525300636,1.352856265454632,1.4277888802263092,1.4735127126768035,1.0312076720373249,0.9628259500664808,1.5161233359047932,12.694180945410867,8.740992478851071,0.8688216116305233,0.5841156653422361,1.5430176057136709,1.206590649227132,0.8690078523354335,0.0647391398128856
131500.0,0.3560614399375745,0.2424512970560367,0.6179867671277482,-0.0280148925202019,6.3244109050204695,4.608766902459303,0.7059537199400671,-0.2391547771132338,275504.99371578003,234973.2561416227,0.8726753586183253,-0.2289926963841644,1.0996585529486558,1.0027028886156026,1.5547161809321304,2.457810125538935,9.005230661407865,8.35537256422606,1.2058951442757182,0.7377033108116535,1.240594590575077,0.9855294952182666,0.909940450659177,0.1614058520246355
132000.0,0.5138402126514167,0.4348708980833963,1.057385451519526,0.4747533223248013,4.347797721774583,3.3377646590616195,0.9403230308085956,0.485839091868264,174095.35264215196,145853.08112288776,0.7699743281955463,-0.1371844020227182,1.9326305427661783,1.3752665345622253,0.6233869049307915,-0.4048563755995769,12.675907738432716,8.88669859049852,0.6778495981195851,-0.1284971845835376,1.2829186900401488,0.9023424673752888,0.5709682985120068,-0.5408106170462417
132500.0,0.5854230822606773,0.4426170938284912,0.8126687513950602,0.0367717701712138,3.933858021916636,2.975559576518643,0.8302165835353607,0.0079112491566881,233104.21760059395,178856.43799334182,0.6724325300051134,-0.2826799007586826,1.9627781387143144,1.4895591873012186,0.9632060904133576,1.0464264133521457,14.181947582257411,10.493066535200494,1.112879165748985,1.8166953165956503,1.2315205286169095,0.927461464697616,0.7404122477249436,-0.3209349700834778
133000.0,0.4810883632612791,0.3792649767269372,1.0207966326072244,0.5005807618890157,3.620553115688842,2.948182329893769,1.1890034664777125,1.1124518275676216,188514.63977483008,135562.8529624234,0.4724464217175445,-0.8481274382407085,1.9594640269518149,1.4832074399024515,0.8734226553521213,0.2158704145589274,15.470557976110488,11.504073996707344,0.8202286804144031,0.0743113174267415,1.6254768572265827,1.3055441429043104,1.049220443184588,0.9548711959498544
133500.0,0.4320283707705252,0.3204759465992532,0.6948484477109167,-0.2990334183746115,6.0749808541016685,4.168231367668811,0.5791962483099748,-0.4427743801003858,58635.78515643233,54402.75848448796,1.3429972452514078,1.5774704888675375,1.5361221963701226,1.083767122251025,0.8177998493506048,0.3906531263315282,13.2752743908018,9.110187597014592,0.7160661211335171,0.1351244032087621,1.7595014039238308,1.4201762035553367,1.1145208987791482,1.068671945963719
134000.0,0.4232858853784139,0.2940323549995062,0.4908212262605086,-0.69736290274539,5.99347472146856,4.750899104552174,0.6674779630464267,-0.6667423101363354,70788.83643871463,51761.197337332414,0.8180839710959807,0.2183674058490732,1.69630693435406,1.2865313242255692,0.8372548933798138,0.1854105127403906,13.786353848564834,10.34911903209824,0.854325111862479,0.2186508830161146,1.5226008974933625,1.1478536415271097,0.7293166378748072,-0.1337336472375887
134500.0,0.4839202466872418,0.3490700859308951,0.678026178641093,-0.2937134719054071,4.2493872965837,3.1700106412198905,0.6567054892112073,-0.4165132721167848,82025.67386891342,63807.809989930654,0.7375226810802512,-0.3895338401656207,2.182216106047836,1.526969050109768,0.4911218860357098,-0.7194176270934944,16.730096323275806,11.817810809512489,0.5099305156128463,-0.6904377997981865,1.2405924807776778,0.8208217968523696,0.4146830769535478,-0.7503582420439305
135000.0,0.5771414695332285,0.5135847920524308,1.2212157600121214,0.6878694319763454,3.707708902675253,2.76224516450925,0.7070517640195141,-0.229087963910509,83908.6160664243,66792.53970685684,0.963786847607987,0.5671042613278927,2.0744235713343784,1.4838732650976436,0.7054452798630197,-0.0889444647929056,19.54458600653187,15.021225714326318,0.7771852258145924,-0.145196954220601,1.5084429670251402,1.0920561208418984,0.6613652644377414,-0.3150873484269021
135500.0,0.688497134443403,0.6023891150098347,0.966880268412136,-0.0832727252564109,4.703879978915448,3.888925096858284,0.8880885493828762,-0.0798502863450285,93771.40188828032,67941.5711240059,1.2824155445020329,3.2039804148815536,2.188400852812953,1.8459420213088225,0.993159554542024,0.1612130366584185,18.55898734965817,16.121287835037545,1.1767739959792236,0.6812489225769323,1.2381957680535425,1.021061869859721,0.8600092953784315,-0.0959892874778214
136000.0,0.8141277094605684,0.6169101413465764,0.5557023409478381,-0.8072705018594064,4.48690222555171,3.368094650249135,0.6440905792482201,-0.357786656119508,95275.6041147578,67195.23082120481,0.3951199801499274,-0.8530944663479598,2.492178840796252,1.8065490486496567,0.5341980733826881,-0.7483809561184023,17.56700471489199,12.594412468929852,0.5681960207151463,-0.6737721618160868,2.33841646993896,1.7035788577791635,0.542373392354783,-0.5174997392025635
136500.0,0.6738063948126177,0.4881381505388262,0.5632195485983327,-0.7657433240210452,5.424767674966846,4.152892801134766,0.9139760325458808,0.3589057501820316,98922.66025739368,73116.69516206693,0.6532468766161258,-0.5117056787241561,1.8345175990598208,1.2977151684352848,0.5610375282613219,-0.636469310259137,15.021021023566744,10.789518398098478,0.5117082760678607,-0.7766778613998784,2.263062432770393,1.8414718370326464,0.98331709359503,0.179264832357306
137000.0,0.5890693997660761,0.4462804150911526,0.7239819842473939,-0.4045167785842607,7.633455260999196,5.265247470564571,0.443914040020155,-0.7670745309528275,97514.35809229594,65062.5734975981,0.9456893654399215,1.5763142590312054,1.7560006250406366,1.280040083963046,0.5888474230430664,-0.6141941659851295,15.985235316174998,11.60300716250172,0.5094130903452375,-0.706618993154875,2.673854740615057,1.996470733900392,0.4680988842630332,-1.0262242133009771
137500.0,0.7612248103845052,0.4898042094879311,0.2747151843876256,-0.9599321685715724,7.353567861187611,5.566124515908284,0.7637257962974213,-0.2804613799574564,95732.7352649556,80866.36159918617,1.3092075270163188,1.6805738092938372,2.2234390118835914,1.4897033100876005,0.4591640047917162,-0.6142491201716496,18.122773728428736,12.76969513466424,0.5208020045008751,-0.6638264136829686,1.647448792532756,1.2110464253011413,0.7641249628209533,-0.1579652238220497
138000.0,0.710784428528468,0.535107856446506,0.6026794206162487,-0.6816383681713267,7.37895731607072,5.23532943784754,0.6081109769170793,-0.5185214464905732,195785.40874165524,147979.5823949699,0.7895023123868611,0.0448242373320906,3.1635965205069776,2.3031224191778925,0.5325786567999141,-0.6584063755500518,24.82131667483984,17.86652770735194,0.4829510856754065,-0.745171763847023,1.350564339001182,0.9136126510657736,0.3847317480204035,-0.915852935183814
138500.0,0.7950757291390215,0.5186350844659661,0.4631652031611964,-0.5913414451225352,5.461082068523687,4.454565104875703,1.2308945030667382,1.3147483113446023,258495.7257712716,180657.84510016665,0.4100236208733209,-0.7092170424767295,3.233301059410909,2.378118048336052,0.6614768366480939,-0.5740702637685349,24.15147366920976,17.399391886984333,0.5697646831693062,-0.727797704620456,1.6965579540957665,1.1580685345087542,0.5671005326945051,-0.3776619526595124
139000.0,0.6223120102700406,0.4436134418361441,0.5931166732710406,-0.554538420046315,5.706394151962545,4.771384211320398,1.419964886532077,1.9138263536554476,136834.99330584603,106811.71013279272,0.8015623887463635,-0.2788682493449568,2.434317815967167,1.840710985206229,0.8349301448033496,0.031208670912183,17.788476397647095,13.10756697086624,0.8080689627799262,-0.0312181559464339,2.5243446472372755,1.6523638117108927,0.2880873320308671,-0.9897803722629964
139500.0,0.5559812887291217,0.3753712759596135,0.4567189465391696,-0.7433439632738579,6.74702116949463,5.499031652319187,1.139296830871214,0.9414277699627512,96013.07008613631,74605.61654441303,0.9232308451088465,0.1399099389457343,2.6299425274562944,1.6402676163751386,0.1904619346185762,-1.0272932090515947,21.00909636392133,12.981070520110684,0.1452235498230634,-0.9616883849522488,2.746798045205055,2.1946364099236244,0.8671257399316042,-0.1494440057899333
140000.0,0.5651231391324092,0.3448118779504436,0.1532843411084191,-1.130453864699317,6.340890177476198,5.416957223747906,1.2709415108155997,1.261931965306749,86987.3826277493,64119.66088243992,1.0624740301985685,1.4952848992327334,1.5569204041059328,1.0880657137867058,0.5646489055688811,-0.2808650432812483,13.3770462261427,9.373854111409456,0.6459519085589419,-0.0299046170148904,4.105960205403508,2.985959510023541,0.4635889018294453,-0.9102600212281748
140500.0,0.4909565069700037,0.3554730286288636,0.7653869488119963,0.1604802554437197,6.825074104543669,5.21181026471305,0.5334158651802616,-0.9137347292682132,88770.54869625015,56526.350443315925,0.3950528267765898,-0.5704331911767939,1.058323333137635,0.9069342829254206,1.3851548194412249,2.017834761608952,8.712367390475777,6.855782657609128,0.9444584016272836,0.6475755911787724,2.964297785757303,2.37896450324474,0.7898621660695179,-0.2982790017358518
141000.0,0.6202709962533538,0.4289355894525595,0.6254620054111332,-0.2462997726673559,5.375550773485311,3.427390250001193,0.4053327114393621,-0.5066006558119605,82553.64692212112,61564.674972958805,0.8415187341234031,0.3834406698775705,1.7116824565966535,1.3443501028729228,1.130600612098333,0.877379924967344,13.450704976053242,10.657457786886075,0.9847467617645068,0.3197386899081476,2.0837165246050247,1.569508500803943,0.7285870672270615,-0.294294618378744
141500.0,0.5650784628979452,0.4054045990817345,0.567213744371116,-0.587248764988622,7.75558183659926,6.337567142651204,1.429614837356672,3.175056224403087,134592.25827905632,89641.91963747147,0.4222024593782481,-0.7085513854386356,1.7049317619590896,1.2986204173907638,0.9305109448450656,0.519432628218004,16.23262210965466,11.072737934492686,0.5114857948513903,-0.6032523330340167,2.1112844452217225,1.682975899672949,0.8418156691705475,0.0302499061922563
142000.0,0.563691301304381,0.3961685829359583,0.5601070157986311,-0.5947759567336486,9.41070790503967,6.427619484761533,0.3349203046793546,-0.9730863675203912,98793.76396375388,84169.76890119447,0.9890695169247052,0.1261534210634178,1.9308707009565835,1.2465596036179385,0.5032457869258382,-0.3763876373162094,19.264360613544696,12.724982030011056,0.3349649186595501,-0.9871609629441616,2.965654245696769,2.096509540006178,0.3933189941932188,-0.9821413814475122
142500.0,0.5433897342352215,0.3625100857871998,0.4777627599512637,-0.6352282638474112,8.286733414563965,5.896972613617828,0.6403963800155154,-0.41173122182464,111023.41312979787,101537.28531623546,1.4127892030028348,1.3454112757535333,1.8832696381740968,1.265368537318028,0.5657568346418556,-0.3026708031904408,18.38270884879397,12.962159572157196,0.583932619416183,-0.5235401423849986,2.4185271756055657,1.8227934806462407,0.6576674658530105,-0.4977827459189634
143000.0,0.4257870084490857,0.330236606889289,0.821109651367221,-0.199764604351607,8.797681937806301,7.036413599681739,0.836736461983949,-0.1658125353525155,138245.161096536,127489.96715610164,1.317423780747221,1.0860738890210273,2.3652154193223653,1.5856390712421644,0.4378316762562309,-0.6492039829322689,20.745850710775454,14.805036802262746,0.6257302219809644,-0.4023690707131506,2.333348850479344,2.0058540981796456,0.9768870720550846,0.0886611692331427
143500.0,0.3768780654814259,0.3047609008734876,1.1805683951363375,0.9828401045218152,9.20850285718547,8.38602481991942,1.2622018547002574,0.7937133755588133,162029.8104591137,120703.829243248,0.6750088629343326,-0.4137459787765025,1.9787252217043887,1.4784158283741486,0.71983955502696,-0.1192012831261353,16.793407643056273,12.61151322900272,0.821613189472875,0.1327904182105013,2.1558232457861948,2.039054127175912,1.3003605541225902,0.8265384556144042
144000.0,0.6341376351072491,0.425506819384081,0.5870320084401025,-0.397792630560505,10.053752616575055,9.177547209844814,1.0392981870330322,0.0732619787517534,121512.45831778228,90914.72077704758,0.8459499598128225,0.2489633421637047,1.875735382846789,1.2524132247700976,0.5219016172690952,-0.5871419650854057,16.107919926956722,11.133186022034772,0.568128462788736,-0.5294932175095557,1.897703693379163,1.5266488471445354,1.0006818632334054,0.3794891950577086
144500.0,0.7901354888113453,0.524056339268749,0.4856950332782309,-0.3040310491229574,10.720540118797809,7.593577876997402,0.6200601644785032,-0.3967141231196285,158104.29079978366,121548.9682226388,0.8825377579697531,0.030188337813668,2.043997991667516,1.5295919921698051,0.8469139476517481,0.266089901688145,18.525657321597347,13.684598428757166,0.616030103015849,-0.4638924210138833,2.7772328593731164,1.976697808382532,0.6071071813882496,-0.4247675860424404
145000.0,0.54104227965316,0.3764999842172018,0.6174575181538444,-0.4686729553129551,6.774784819488106,5.022677830611358,0.8133521634162002,0.0870688342708061,120329.84079700994,95220.83741044356,0.9520814493579376,0.3362680268252549,2.185696505085335,1.355518406116826,0.3498516894067846,-0.6486601303265696,22.008573623433715,13.78276005275899,0.1208842511130304,-1.214609013205985,2.2108551808943946,1.7133914878535554,1.050782789797305,0.7742241043616875
145500.0,0.5640542109891451,0.4688031176879675,1.192586006271157,1.0190463276025792,5.0038717183527295,3.910079694520214,0.8812223595311449,-0.1166832870790117,77058.87480261507,50931.999091392194,0.5562889075384765,-0.2164413582549036,1.7815340005638205,1.3339607896436465,0.6450565412808298,-0.3692106419610192,15.177151288245048,11.240033392264367,0.5719382313352429,-0.7374819022530148,1.663820288905929,1.207125596738755,0.5796872253363781,-0.4815956865515347
146000.0,0.9276321974794208,0.8005806783950881,1.0817843193349348,0.427052400809889,5.553012950163941,3.703752510615341,0.400278348738539,-0.701483099602918,89472.43183296562,65942.80975860478,0.796093933472396,-0.1082269565383815,3.0041961267141755,2.3124024067404534,0.7057858191415128,-0.4075385256736261,19.650763578452437,14.173363413987431,0.6036900907266892,-0.5219489882130772,1.3250559478843449,1.030430991240859,0.9584750262243368,0.3413435623654837
146500.0,0.7156188722484723,0.5799199242644393,1.2186641289274855,1.2768480685841954,5.89760129976587,4.101758679577163,0.5138931735956722,-0.6384208832737994,86236.24709447467,63684.8861551856,0.7525858320287353,-0.1626264471408864,2.40883334658186,1.801501266758779,0.7715251529143353,-0.1139200128350585,19.10263130868231,13.974803083120737,0.7283170340016691,-0.3224938371009584,1.366253433770122,0.96858860181351,0.6489094186275474,-0.2204328303242833
147000.0,0.4923744847664206,0.3445828911255635,0.7749313578387016,0.1357851724424965,5.26519988754866,3.555279896623994,0.5088290606288672,-0.5506722882650417,93892.05015613684,76560.87088259077,1.253022561019986,1.4980015130805162,2.098489225663792,1.8115327757174715,1.349875212151508,1.6184102947234322,16.92044365337721,14.300945544391997,1.3998263843188388,1.9781755482315004,1.1489309823179985,0.8496347425035187,1.0984118862221175,1.8570161475913036
147500.0,0.4671275892285106,0.3622778570662028,0.7978733261305562,-0.16466703904754,5.448737394324129,3.6603805010993113,0.5062990523355113,-0.1963173414442831,107034.43836581476,75632.90772263666,0.6327390855970701,-0.3434207463287491,2.030764938906211,1.7461927987587753,1.337486267347729,1.647911843062973,17.75826874640064,15.314898183550028,1.3064500974953792,1.4050501181011104,1.4733124520297207,1.0064335846708554,0.4412501007448345,-0.6645723000914101
148000.0,0.3888918962339458,0.2894934029341383,0.7555593452090763,-0.0941797156846933,5.126703492582005,3.4608148722691583,0.4165528594321283,-0.836005254952414,90672.89848414237,66768.1572121079,0.979541024819332,1.0857643045040728,1.3471761681920391,1.066745782707594,1.1254360599607844,0.9840651501294144,13.20511540088466,9.266741289574334,0.6403177207498093,-0.2845094190399706,1.103823697382671,0.7290124756504861,0.4330211534595753,-0.667127958057776
148500.0,0.5298133738623997,0.381141054620104,0.7307467118057277,-0.0663380189833087,4.440634072772981,3.3679615807354693,1.0230844017550982,0.7946393193230468,219058.52041679813,159958.5454177776,0.7508950421864622,-0.0903460654160688,1.987423291311788,1.397204498168532,0.6740106654299073,-0.2082835487245034,16.286617529955787,11.778569608509576,0.7641935892316282,0.164427864982644,1.3924261666643316,1.1164380426853482,0.9417693608712648,0.293442621583396
149000.0,0.4610447862905312,0.3390703779109414,0.9026487658199488,0.7998015665250078,4.923268169272683,3.7263998472083166,0.8850517590241511,0.1010297993588533,188506.3903486896,157987.38308247842,1.1004544107337666,0.520194818286694,2.2368553412460743,1.564096516154996,0.6312337161703422,-0.3252399407942761,17.56712634484766,12.144364257575036,0.5559507207425252,-0.4866712497485981,1.3499292082355474,1.0651110716442012,0.9594040706217516,0.4225563338817912
149500.0,0.5627662045658427,0.3504844858392011,0.2610435175178437,-0.8458722115033885,5.28623362975915,4.025468741868216,0.8139253032002886,-0.1323495852632916,144520.3431945208,111012.5018470146,0.9580010305570896,0.627934026716134,1.844769182637385,1.2383644226245272,0.4233037756861645,-0.7005538653499914,13.176014010993384,8.663613652572112,0.4717181806298417,-0.5073510959661927,1.3134925633989374,0.9876630729002543,0.7395163407612537,-0.2071314601983505
150000.0,0.5708573922905055,0.4114516722808634,0.7336583071582398,-0.1017673503801384,4.526540474685905,3.358412178026656,0.7529242252759105,-0.0950324892372913,110724.785174439,94122.64109528072,1.447924500737864,2.074250873961036,2.8429735739250948,2.101611478556229,0.8020575913422884,-0.082553360508498,20.06892620093499,14.897335151596677,0.7386278435759657,-0.2397421641091384,2.756052390505856,2.289004721865432,0.9925596988682198,0.3626769539846459
150500.0,0.4767259109401742,0.3319365949654819,0.785763528561578,0.5191677247551012,7.008151578472651,5.540079864502901,0.8628124770393346,0.0667167234062962,124228.6818151154,88205.57758325904,0.6679656349470845,-0.010787575918489,2.197249298680488,1.7291328026755424,1.0841255650197508,0.941512597783726,20.887827116286637,16.420239747185615,1.0832105990626997,0.9116936656206388,3.1486174687385198,2.7208611257999773,0.929370172571202,-0.0836605393699936
151000.0,0.4477081417334191,0.3423752614986333,1.1945613365533974,1.8580972797745876,7.319256373899718,5.418432375313777,0.7267076066429816,-0.2771539267259797,181523.7420853246,127579.96197489486,0.6627531230060812,-0.1406540368527813,2.6162824983397592,1.963830865394438,0.9019341967944668,0.5220336514646973,22.81824756069789,18.42724137609863,1.0974537511791884,0.9256792408255284,1.7342547256236072,1.3779967749776358,1.107726369748525,1.255805733043415
151500.0,0.4741239599684853,0.3470529460116236,0.7961223071406899,0.4509962905172542,6.480981402066611,5.555721393520881,1.1807787802829557,1.1727354825388376,170686.70169639148,135513.96419573814,0.8538582424555541,-0.0473972594390645,2.6933775117961853,2.1767364566455942,0.8622004973410463,0.0013878472163324,24.75697982047766,20.375499664295532,1.0017131051268362,0.4687322259438296,1.7541300592162674,1.249501871621558,0.545676790984936,-0.4770446055345192
152000.0,0.6078571616548365,0.4696318970876967,0.9087384769814566,0.3167936686113011,7.288408240069464,5.512182882280839,0.7433505231284138,-0.3030387076674872,146517.6770234608,119203.69364064836,1.186197890651424,1.1206541235345169,3.350039041459955,2.47973804478238,0.7244100980910586,-0.1297183735413543,27.8766928959527,20.33825471110661,0.6959738738993112,-0.2037433279891072,1.9853591152662888,1.8040291324787456,1.386458714317363,1.438681908180504
152500.0,0.4498968920747256,0.3350648411886196,0.8848694005200813,0.5099598827391314,6.629568869301716,4.9817962383086005,0.844945818659531,0.0742698306083586,111067.63302065464,89833.48672472355,1.120767115708741,1.0549302371524494,2.112104910166579,1.563744441717201,0.8760450778825043,0.4119074139374277,19.635721809278472,14.05977357227198,0.7649975124344495,0.1821709515653227,1.5839874350469882,1.3128606805708485,1.1707226017346604,1.16762064401553
153000.0,0.4916892286818852,0.3868401322765645,0.83677126447752,-0.0819916197505703,6.133513344277513,4.885954349187979,1.2996058480319328,2.0808652428708454,130236.43238830028,96939.5534349586,0.7580587008531543,-0.0003112120043535,2.9391583143008786,2.23713887350765,0.6786294139888681,-0.4746266869289139,24.93737370378696,19.121311472809,0.7211664647791087,-0.3815407141851685,2.0454805548824546,1.660535093056054,0.8504492928910555,-0.1678189002481249
153500.0,0.4473474863782764,0.3127652642288798,0.5814896930027081,-0.3875180884498728,7.283141454697328,5.434725350141728,0.914819433720355,0.5973587407442684,157134.259986929,112816.1199025476,0.6890103745372136,-0.1745131879226105,1.848064107212133,1.3982482523118571,0.655506007481406,-0.5165112134692436,14.690303465905632,11.581667735296948,0.8023382174640583,-0.1920612163242747,1.4233263134594345,0.9943565935005206,0.5621284548784634,-0.5264958029241718
154000.0,0.4735243396904708,0.3382395512778623,0.6961314573229164,-0.207550905291785,7.077662480751383,5.199628559779242,0.6321237502370087,-0.4679871733468315,88190.69286184384,69988.91868721359,1.2046932063221518,1.6020789022857531,1.7787626263893268,1.2514072177204172,0.5630050959326859,-0.4951208376493001,17.086495619459253,13.144244226868103,0.8471607666933685,-0.0394945147002414,1.2214957442827634,1.014542977701546,1.0894742183511847,0.6105536314124924
154500.0,0.4430823876602276,0.2958080443679847,0.51950721275471,-0.4688469153732173,5.355955787660896,3.753364499149782,0.6943132256095421,-0.1066128730413233,123913.11052337012,107328.17641562948,1.5046806586892254,2.6828939233217497,1.757606429986509,1.252231455262299,0.7797430243980292,0.2309442355404196,13.359409266524844,9.950126382791328,0.9892426373079356,1.0563518378044945,1.0740247384624322,0.7460427988805369,0.5407320563473609,-0.5539319772539399
155000.0,0.3944534557384282,0.3185055354827375,0.9408694564451816,0.5537641517994913,5.898821977377603,4.113672763029406,0.6659238998228795,-0.139094873858157,208462.06789859265,164941.3156667345,1.0034235557413886,0.5230429725020538,1.8220243857894276,1.3684058818465283,1.0598844886618368,1.806921316239536,14.199601616332531,10.104282449691494,1.1819614140050445,3.4003217216223733,1.2178580236954182,0.882315485602876,0.8624721614518298,0.4717065644988083
155500.0,0.595850983697388,0.4115871059417844,0.5008935605254273,-0.7094615303889507,7.974332955065058,5.535092196473802,0.552548144218075,-0.5306578536832345,351743.76445289835,300224.2232972282,1.185881592305276,1.1314283092854414,2.2171518622434783,1.5905090866449052,0.5742782032594987,-0.5243235985668679,19.290959026406213,13.857929577060895,0.6616307218019645,-0.2339711733445888,1.4031315411151843,1.026873402359381,0.7244331667946057,-0.2823912209667849
156000.0,0.6360738057178513,0.4943670222933061,0.7912486900534086,-0.215968199112623,5.434592032405878,3.950397564844255,1.114118628870909,2.009704141262443,331572.52354051464,278200.95095551247,1.0456621756001787,0.5033756842602228,2.744777495626903,2.16697713113716,0.8031019748831545,-0.2888816370911757,22.418442639853367,18.12166697963885,0.8337577468973326,-0.182613400858365,1.0068172621397795,0.7809548079657449,1.027338880617808,0.6865380615345495
156500.0,0.4386708529673384,0.3202148317777962,0.7066740529837909,-0.2216440712201475,5.750933799215835,4.132525665614595,0.7526957474534061,-0.0258495471246527,238892.44135030973,178212.83981573654,0.8161120537802481,0.1242835464945195,2.069661592544486,1.6410825379438192,1.0471754281948304,0.8150236174650543,16.049640478199294,12.416519910277604,0.9129116338113824,0.350148033990584,1.119814462268166,0.8288739712159444,0.8670979339896263,0.3872403181436623
157000.0,0.3802524925237895,0.2947407580129753,0.901826003035094,0.1792890961088997,6.03130459760264,4.536791386831162,0.9700856194660754,0.939505796164248,264441.46650376817,199220.7054532104,0.7489841760481949,-0.0534788887847992,1.7186659168204823,1.2901993885370533,0.900965247522338,0.3829615968591033,14.358262587087143,10.694350142659532,0.9281575705436648,0.6071285005791824,1.089873104409797,0.811892780908131,0.815602694849229,-0.0703064966528876
157500.0,0.4006208744406008,0.2840013896599523,0.7000558102245752,-0.1442529653417583,7.133292358902676,5.671701187501605,1.0995718933366083,0.8580691523935631,216302.161518351,159166.33234340008,0.7196332621861155,-0.1137070538259723,1.525022300148141,1.2213281839057104,1.157669947297822,1.440829237918206,12.983540878568771,10.458292099529038,1.3146624166246343,2.25998049717146,0.8504214519362764,0.6582034331817965,0.9909080816849524,0.53408781932596
158000.0,0.4279544317809916,0.3003164781366509,0.6342999919743866,-0.2274865891150379,4.942685617742132,4.048734128176391,1.5042252509985174,2.996581096772076,349205.25410317985,289942.3274888935,1.0499900711596677,0.5718982235688324,2.3101474208933066,1.6654748546086668,0.8675297253832295,0.7812278809298965,17.33817304184006,12.9652161975164,0.965771963766658,0.989344563078698,1.3476482574953097,0.9715657236367724,0.6223867347694223,-0.4885146312291226
158500.0,0.3787105381154462,0.2798546078119985,0.7103105087652204,-0.2864864570111081,4.097917104751957,3.247766962646406,1.092481968288264,1.2423683639934966,299900.3607652112,225281.10861693084,0.7741306183344355,-0.1171445918857534,1.6277944541362883,1.229490646432857,0.9357248437806563,0.5904085033164566,13.22847564435122,10.123713880644178,0.8718071547642628,0.254640921441188,1.552859961840935,1.231219394543229,0.9839749327733674,0.423315889360961
159000.0,0.468955398841696,0.3448981083032253,0.868562272070915,0.5399170067164727,6.298607906523973,4.855798951981582,0.7652976768879922,-0.2569983435192986,319188.2275307512,256264.0475582028,0.9434954945380872,0.2373461069177826,2.0408529679104648,1.7681128677179143,1.877703286725524,5.448808109828155,17.818277552743982,14.877999897850684,1.6659451678726596,4.469875422125761,1.711676996559525,1.240238771367279,0.5088248777768138,-0.7782451858326507
159500.0,0.643048947260624,0.5801984637247485,1.5384107536914116,2.254059266813642,9.628488654764777,7.149709405335968,0.6508390613606924,-0.4704898331040339,204900.79242399693,150978.94522924384,0.6649149405540768,-0.3852113612489747,3.364211937141406,2.9941983461040333,1.3823697439260108,1.601059964408936,27.46934398804565,24.50935268702756,1.418609206753315,1.770639969193577,1.4275081363515545,1.0064041787375062,0.4819166986247528,-0.72520522007266
160000.0,0.5673593018298659,0.4236893809478126,0.824859255225963,0.2310443464493548,7.282390947217368,5.633981844490518,0.7972308856874815,-0.2247077448733021,199483.99247373763,138224.96906724732,0.6212015088588374,-0.1334719676230427,2.1421344235249755,1.5733883234482795,0.6901254992135485,-0.2598916315704094,15.193224825215571,11.372924579011398,0.8806891477988371,0.390149571569947,1.2432404387067342,1.0108181297386103,1.0913433106891175,0.9033643671573643
160500.0,0.4561577552370735,0.331339772725709,0.7308841526787859,-0.14575911641061,4.503288998555406,3.3511396785130216,1.030560167172974,1.1327234129439845,250378.3047923875,177934.199387287,0.7053077057229552,0.5452123968744003,1.9764513660637388,1.37893385860181,0.6101665275233094,-0.3271519184021301,15.092802931502344,10.38630588958509,0.5111214205494264,-0.621750183639715,1.7228898959830388,1.444647512312142,1.035163285271795,0.3349177885497663
161000.0,0.4272649826807245,0.3196632078279087,0.8595398641708502,0.2999161789526741,5.501686369274204,4.136190222583052,0.9528379162187042,0.7503730758939327,154861.45805540815,124907.00179059754,1.0942140505251798,0.9334274288752784,1.8707616600496164,1.338819435463951,0.729486822956506,-0.0846914848938782,15.156123671816294,10.9776914719046,0.7770435545635502,0.0587404602697319,1.3945433262665134,1.242036501836305,1.2118195634951217,1.0022378772804688
161500.0,0.4409237546026386,0.3757110311876928,1.3147239276781746,1.634365263344951,7.5594588566356435,6.0271372701091614,0.9905142049182566,0.4189123824240788,198308.92919287065,149126.45326125776,0.6667081049369623,-0.4594242744641521,1.6261951841280151,1.309128386528562,1.1969934587301625,1.333004513553786,11.783079776727234,9.621435655905389,1.2523977349048925,1.4653228587836231,0.9718067240116968,0.811196554347479,1.0800574670125855,0.5954886380035034
162000.0,0.5618907704702406,0.4154051940617165,0.785924231123468,0.0362130881493354,5.712351182647661,4.597639331250057,0.9315009499624316,0.2431345398809767,104171.41404477353,82238.92535723656,1.0669875663116488,0.928622321875722,1.924866501287519,1.5724446243208845,1.312784999747885,1.6960428843995192,13.25142780735884,11.5891800163527,1.5453852267238375,2.6284750688715786,1.0978834087312297,0.8792778623310608,1.021889887305734,0.5124688540393216
162500.0,0.8880742640017697,0.7542252812417781,1.1223471755735126,0.768978933984453,9.041251264800918,6.517927351293675,0.6946785619907687,-0.15958973089564,209788.55466802968,168348.60497694724,0.830804367047375,-0.1284707162936147,3.123925848535482,2.386951246287761,0.8676079726723079,0.2277117770687278,22.00350975981795,16.840656876156107,0.953307015924312,0.6337089119504724,1.4325673573690532,1.1297118460610118,0.9232778900517948,0.1869204523855252
163000.0,0.5419453504203702,0.3914363452164081,0.6025991862400975,-0.5235373439397684,5.769564833767612,5.658860913192441,2.3592065535878515,7.638565119396615,235673.3989416081,174341.2069913894,0.685868974061545,-0.233952965192338,2.1644191565134365,1.5168378735396493,0.4607829185446479,-0.7225474746225085,17.24174463503118,11.789245018643411,0.483753717183915,-0.6306152209867766,1.562609994871652,1.1759655279201238,0.8192006150101849,0.0782711441771044
163500.0,0.5907611338385697,0.4632011892508806,0.951918083131404,0.3545355691704932,5.426600117379972,3.786204796642685,0.5209503492335084,-0.6599593658154208,203807.70644231004,165859.46242500175,1.2452384147716828,1.5447812594114405,2.585667223209368,2.056152239708158,1.0473974864132658,0.6843977847032487,19.53284398165276,15.03031313865162,0.8963847700335431,0.3011890543057078,1.3391912233932228,0.9118927293215096,0.3892013391173141,-0.8985283068450243
164000.0,0.924808096218944,0.7817485105881062,0.8532509030478804,-0.3215335346721084,5.581711275448593,4.216307719902495,1.0883109381132583,1.553821938975385,215082.7168834452,166009.80723616193,0.9461124153685906,0.3766621563281163,3.530803324026936,2.830273870216251,0.750290732746055,-0.4208601663381368,25.914263846830845,20.01664312121784,0.6967166431367828,-0.4771108589511224,2.4134470655255407,1.8038476163502528,0.6214245494267273,-0.5202549638056353
164500.0,0.6555573787463583,0.5789673695594414,1.26224005167134,1.4062812735858978,7.159026636159368,5.512790783433788,0.9321689311945124,0.2583727875544817,165163.63358863155,147338.206104579,1.5443870170974296,2.370432172162541,2.935592322522488,2.579878695303058,1.2907916718050338,1.5926141683551729,21.13332802161647,18.91994571503797,1.4072768361973331,1.9161524379983292,1.5604055615054415,1.141085852843233,0.6961189539522812,-0.0750631129242109
165000.0,1.3877693632157877,1.0992495362622092,0.6962125277424135,-0.5439093921359848,6.561610693326863,4.60539014100131,0.6454780934003401,-0.2176901808744711,249619.0270508209,193721.47355025445,0.626577085134867,-0.7364117089991966,5.691427296189711,4.398939211378373,0.6195870114794462,-0.6954792844044357,43.54725399677346,33.52403853713319,0.616008767927566,-0.7124367722195131,1.771399014940621,1.389729512825994,1.2861996915330232,1.8767100196820827
165500.0,0.8420013929080804,0.6971974205879369,1.0636814833389576,0.6229572581094689,5.825738326155077,4.434671413566991,0.875087846938153,0.127703945311159,196082.15997777504,168381.06703360257,1.1881418711726328,0.9855898974902524,3.208631335831269,2.7039137967697555,1.2239576969577972,1.2506424845611228,24.110152432496275,20.739666366855424,1.2545682338790975,1.315078145625599,1.7688602843813126,1.55143524146612,1.120030446912068,0.6648138218677775
166000.0,0.7437262196933414,0.6472241400192438,1.321892700195565,1.4438431101866085,3.98435805172789,3.264406605777312,1.0417018067791397,0.4478962001637794,218746.53687534135,174107.37580410446,0.9765752120022722,0.4696202583464188,3.0378879376543577,2.6615493069944294,1.1462615857984282,0.7487771228959148,23.502601640636623,20.928501138688944,1.1427026935987707,0.706051392661617,1.9152150451898864,1.6460912702892274,1.267740493595438,1.2694995975387764
166500.0,0.5347945470540268,0.4495764269925856,1.2734527569134813,1.7181733247225743,5.007602135018908,4.004418084443915,1.1320325055611784,1.1545814384351711,193228.7225482811,145234.09963957206,0.6705620339574747,-0.4257512770965479,1.5917750901038994,1.4801210299566392,1.5069185586314942,2.596544200851034,12.863401431595523,11.43215126865107,1.587280067628883,2.95930820733217,1.2963644569959158,0.9736610718454758,0.8246495833573985,0.1608716084789163
167000.0,0.744171323489704,0.4967432886238031,0.4452026569029524,-0.7035405266606531,5.174552348851574,3.545100151932156,0.5263057597089624,-0.4313572262636587,253006.62773535648,192531.1823128301,0.6963714751152561,-0.5075391915402916,2.632591738631021,1.7073866689424937,0.4092689082733697,-0.6516496857228207,20.86370530239807,13.35493614725779,0.3442337608669126,-0.6839149951994736,2.4975089827144745,2.0375384870560067,0.8206804669389133,-0.2470317385487854
167500.0,0.8038175970299435,0.5574995233267167,0.6891865115204702,-0.1683592910767748,4.53323027106193,3.193117392349207,0.5429648478480499,-0.641806284704086,187718.05751817176,162632.0335084165,1.1839878526821288,0.8139037453160984,2.5251978921880105,1.914453587698024,0.7909567610636864,-0.1110736519712141,18.66579993404161,14.568562717178734,0.881003230803564,0.0744006614713241,2.1218712258172103,1.911630667292079,1.260052034939554,1.0733850901062247
168000.0,0.9734547807344138,0.7834616093225403,1.1238829008606328,1.1324435596403966,4.0719093312571895,3.013186524303149,0.9358886600537424,0.6022539986365554,188676.3866283768,136882.1744829405,0.5720051686602329,-0.7105543032409236,3.1595053712465058,2.405848887502375,1.0792022277112308,1.1476141702328082,23.028616797946317,17.955261540239633,1.1162111062444366,1.0766134610808429,2.1042142466380884,1.494379147954708,0.5003189378488092,-0.6327868772447918
168500.0,1.096500017936782,0.9695429422097532,1.2202878838499,0.8841299595498993,5.446788686998929,4.004840983853875,0.7283155565181815,-0.1918800449798992,200192.8715427414,145191.2258814437,0.7574803987482778,-0.0242348571627868,3.837820464072242,3.249894117980458,1.058861382329696,0.3897328781424956,25.503718730910936,22.96728277601952,1.208924734180571,0.8049587884945235,2.140055035067079,1.52183172265816,0.6452890027786631,-0.2696712729266486
169000.0,0.5806405822071933,0.4769154221968588,1.1799726650797393,1.0036056835127267,5.276884667930896,4.333112527952881,1.0816814025000672,0.7053137332788473,159831.00084025803,121971.61816624118,0.6364507330930438,-0.5169872305439815,2.3060446283248663,1.679453914245517,0.7882774881813894,0.0040330549135867,18.247755951064114,13.4663954317503,0.7102737332186038,-0.2977293878323821,1.2712014694504865,1.0740357129200917,1.215897423634554,1.3508424653814357
169500.0,0.4809275469254665,0.3557807428681597,0.8862614744876094,0.4381196867796002,5.104708879990057,3.8722432759259617,1.0418349454210205,0.8461355841931812,163907.6940644746,127738.51348805452,0.9095067784416736,0.2501577195263471,2.017244337131013,1.5194708221738584,1.062316665168748,1.059606754628314,17.486761823062455,12.251732105295616,0.5668738101807916,-0.4294524533380071,1.37658513124532,1.1615362907155362,1.185826161519728,0.9393786282244374
170000.0,0.7776335810047967,0.6793399048020093,1.0943485241383906,0.561179291952643,5.83237122032553,4.0786041554064685,0.5616309227506328,-0.5870769271540501,223396.3014695968,202693.8240417818,1.3162920335561852,1.278059986885772,3.6017985718649785,2.947087251631914,0.8154009948282374,-0.3035264241511148,27.73364630029324,22.766508550397493,0.931865129615858,0.066991453907514,1.8463788043940708,1.410363590424304,0.7568596432513712,-0.2598262411480174
170500.0,1.165857629505189,1.162528905373183,2.0965222078501977,6.941801878297532,4.249024521215919,2.960819600051822,0.7038476557915609,0.1267817091426799,311721.4711077514,256559.30829289788,0.830274025832083,-0.3682763566018634,4.121369022849834,3.547930506552816,1.0573079518695538,0.4270740568847904,32.44686160449059,28.95780178618509,1.0951238924739248,0.4655933036377928,2.0852072298805586,1.651902057748674,0.9614958473649756,0.8807528395792348
171000.0,17.457831364870405,21.906898931330808,1.3860187962357564,0.998401668057475,21.56174710802078,24.733212129141965,1.404270487133538,1.062294700931771,795322.4925158754,816068.1676363932,1.3349002770343996,1.0160710677382712,19.31045590984103,21.47639858646704,1.338708522208656,0.8990051402120813,154.0804445378001,173.03091506186666,1.332965942413832,0.8686375153391017,14.331952334574485,17.219095114446876,1.3226296834569593,0.6630617719694389
