iter,acc,nmi,ari,L,Lc,Lr
0,0.61081,0.52636,0.42432,0,0,0
140,0.63333,0.55979,0.45946,0.03179,0.09029,0.02276
